model,system,issue_id,title,package,type,priority,predicted_assignee,confidence,reason,true_assignee,correct
qwen2.5:14b,A,12919,[Bug]: GenFw emits wrong relocation addend,basetools,bug,medium,AshrafAliS,0.95,"The bug is related to BaseTools and involves a specific issue with GenFw, matching AshrafAliS's historical pattern of handling BaseTools issues.",,False
qwen2.5:14b,A,12887,[Bug]: F2/ESC hotkeys do not work when a virtio device is present (202502+),ovmfpkg,bug,medium,mikebeaton,0.95,"The bug involves OvmfPkg and hotkey functionality related to virtio devices, matching MikeBeaton's expertise with OVMF and similar issues.",,False
qwen2.5:14b,A,12882,[Bug]: DNSDxe doesn't accept all type of DNS response as per RFC,networkpkg,bug,medium,BritChesley,0.95,DNSDxe is part of NetworkPkg and the bug involves a specific RFC compliance issue which matches historical CodeQl/static analysis error patterns for this component.,,False
qwen2.5:14b,A,12766,[Bug]: Row/column arguments in Console Out are transposed,emulatorpkg,bug,low,Damien-Chen,0.85,The bug is related to Console Out in EmulatorPkg and no specific historical pattern matches precisely.,,False
qwen2.5:14b,A,12708,[Bug]: Incompatible change at UEFI 2.11 type field at ARM Processor Error Information table,ueficpupkg,bug,high,Vogtinator,0.95,UEFI CPU package bugs typically handled by Vogtinator.,,False
qwen2.5:14b,A,12693,[Bug]: ManageabilityPkg CLANGDWARF CI failure (BaseManageabilityTransportHelper),manageabilitypkg,bug,medium,AshrafAliS,0.95,The bug is related to CI failure in ManageabilityPkg which has no specific historical pattern but matches BaseTools FMMT case handling issue previously reported by AshrafAliS.,,False
qwen2.5:14b,A,12689,[Bug]: UEFI Shell layout is messed up in DEBUG mode when no mapping is found,shellpkg,bug,low,YangGangUEFI,0.85,The bug is related to UEFI Shell layout and DEBUG mode issues within the ShellPkg.,,False
qwen2.5:14b,A,12680,[Bug]: ECC not generate enough 5 fields in UefiCpuPkg/Library/BaseRiscV64CpuTimerLib,ueficpupkg,bug,medium,zevorn,0.95,The bug is related to BaseRiscV64CpuTimerLib in UefiCpuPkg which matches the pattern of CPU timer library issues.,,False
qwen2.5:14b,A,12678,"[Bug]: 057a611ae6 (""SecurityPkg: Added basic DxeImageVerificationLib tests"", 2025-06-22) DxeImageVerificationHandler Sanity Check",securitypkg,bug,high,HunterChang030,0.9,"The bug is related to SecurityPkg and involves DxeImageVerificationLib tests, matching HunterChang030's historical pattern of handling OpalPassword issues in the same package.",,False
qwen2.5:14b,A,12675,[Bug]: Commit a9c9cfa0790c3fce6957db603488b85306c37385 causes crash on Ampere Altra systems,armpkg,bug,high,YangGangUEFI,0.85,"The bug is related to a specific commit causing issues on Ampere Altra systems, which aligns with historical patterns of form and driver health issues in MdeModulePkg.",,False
qwen2.5:14b,A,12658,[Bug]: Update CryptoPkg OpenSSL submodule to OpenSSL 3.5.5 for CVE-2025-69419,cryptopkg,bug,low,liyi77,1.0,"The bug is about updating the OpenSSL submodule in CryptoPkg for a CVE fix, which matches previous updates handled by liyi77.",,False
qwen2.5:14b,A,12651,"[Bug]: Booting netboot.xyz over HTTPS fails with ""EE certificate key too weak""",cryptopkg,bug,medium,liyi77,0.95,"The bug is related to certificate key strength during HTTPS booting, matching the OpenSSL update pattern for security vulnerabilities.",,False
qwen2.5:14b,A,12646,[Bug]: ArmStandaloneMmCoreEntryPoint DelegatedEventLoop infinite loop on error path,armpkg,bug,medium,YangGangUEFI,0.85,The bug is related to ArmStandaloneMmCoreEntryPoint in Armpkg and matches historical patterns of YangGangUEFI handling similar issues.,,False
qwen2.5:14b,A,12644,[Bug]: Discover Nvme Namespaces function is called multiple times in NvmExpressDriverBindingStart,mdemodulepkg,bug,low,YangGangUEFI,0.85,"The bug is related to MdeModulePkg and involves a driver binding function, matching historical patterns for this assignee.",,False
qwen2.5:14b,A,12617,[Bug]: FWTS Authenticated variable test fails,mdemodulepkg,bug,high,wenbhou,0.95,The bug is related to authenticated variables in MdeModulePkg which matches previous high priority issues handled by wenbhou.,,False
qwen2.5:14b,A,12588,[Bug]: HDMI ports need changed during boot process,other,bug,medium,Damien-Chen,0.75,The bug is related to hardware configuration during boot process which does not match any specific package or rare assignee exactly.,,False
qwen2.5:14b,A,12587,[Bug]: TPM table offset to LAML and LASL are incorrect,securitypkg,bug,medium,HunterChang030,0.9,The bug is related to the SecurityPkg and specifically mentions TPM table offset issues.,,False
qwen2.5:14b,A,12566,[Bug]: Allocator: Some Logic Checks the Special Field Some Uses a List of Memory Types,mdemodulepkg,bug,medium,lgao4,0.75,The bug is related to MdeModulePkg and involves logic checks which matches previous assignments by lgao4.,,False
qwen2.5:14b,A,12547,[Bug]: __stack_chk_guard definition is wrong,other,bug,high,mdkinney,0.95,"The bug is related to a build error with the CLANG compiler in an unspecified package, matching mdkinney's historical pattern for handling such issues in Cryptopkg.",,False
qwen2.5:14b,A,12517,[Bug]: Base.h IA32 GCC _AlignOf,mdepkg,bug,low,os-d,0.95,"The bug is related to MdePkg and involves a GCC alignment issue, which aligns with os-d's expertise in handling low-level issues within the package.",,False
qwen2.5:14b,A,12498,"[Bug]: For the ManageabilityPkg, move the internal use C header file to under PrivateInclude.",other,bug,medium,YangGangUEFI,0.85,ManageabilityPkg is a common package for UEFI manageability features and the bug type involves moving header files to PrivateInclude which aligns with previous work by YangGangUEFI.,,False
qwen2.5:14b,A,12463,"[Bug]: ProcessCommunicationBuffer() in MmCommunicationDxe is not reentrant-safe, leading to ReturnBufferSize corruption and page fault.",standalonemmpkg,bug,medium,lgao4,0.75,The bug is related to MmCommunicationDxe in StandaloneMmPkg and does not match any specific rare assignees or historical patterns closely.,,False
qwen2.5:14b,A,12437,[Bug]: Noise in build process if toolchain is GCC or CLANGDWARF,basetools,bug,low,makubacki,0.95,"The bug is related to BaseTools and involves noise in the build process with GCC or CLANGDWARF toolchains, matching previous patterns for makubacki.",,False
qwen2.5:14b,A,12419,[Bug]: Build fails without a reason,mdemodulepkg,bug,low,lgao4,0.75,"The bug is in MdeModulePkg and lacks specific details, matching previous lgao4 assignments for similar vague issues.",,False
qwen2.5:14b,A,12399,[Bug]: NvmeDxe:: Incomplete cleanup on failure case resulting in memory leak and protocol tracking,mdemodulepkg,bug,low,lgao4,0.75,"The bug is related to memory management and protocol handling in MdeModulePkg, which lgao4 has handled before.",,False
qwen2.5:14b,A,12397,[Bug]: NvmeDxe:: NvmExpressMediaClear: Incorrect buffersize for write command,mdemodulepkg,bug,high,lgao4,0.85,The bug is related to MdeModulePkg and does not match any specific rare assignees or historical patterns closely.,,False
qwen2.5:14b,A,12396,[Bug]: NvmeDxe::NvmExpressMediaClear: off-by-one skips last LBA,mdemodulepkg,bug,medium,YangGangUEFI,0.85,"The bug is related to MdeModulePkg and involves a specific driver (NvmeDxe), matching historical patterns for this assignee.",,False
qwen2.5:14b,A,12394,[Bug]: Remove [DEPEX] section from RedfishConfigHandler driver,redfishpkg,bug,medium,mikebeaton,0.95,The bug is related to RedfishPkg and involves a driver component.,,False
qwen2.5:14b,A,12390,[Bug]:PXE crash in NetworkPkg when link disconnects during NBP download (NULL/invalid Private access),networkpkg,bug,medium,SaloniKasbekar,0.9,"The bug involves a NULL/invalid access issue in NetworkPkg, matching SaloniKasbekar's pattern of handling issues related to replacing hardcoded values with #define constants.",,False
qwen2.5:14b,A,12363,[Bug]: OVMF crashes when exiting from aarch64 GRUB,armvirtpkg,bug,low,os-d,0.95,"The bug is related to OVMF crashing on aarch64 GRUB exit, which falls under the MdePkg or OvmfPkg category dealing with core functionality and stability issues.",,False
qwen2.5:14b,A,12359,[Bug]: <title>/PageTbl.c(340): PageDirectoryEntry != ((void *) 0),ueficpupkg,bug,low,os-d,0.95,"The bug is related to a memory or page table issue in UefiCpuPkg, which matches os-d's expertise on OVMF build and memory management issues.",,False
qwen2.5:14b,A,12348,[Bug]: BaseTools build fails due to racy cpp file generation,basetools,bug,high,AshrafAliS,0.95,Historical pattern shows AshrafAliS handles BaseTools related issues.,,False
qwen2.5:14b,A,12333,[Bug]: Remove -I from OvmfPkg reset vectors,ovmfpkg,bug,low,os-d,0.95,The bug is related to OvmfPkg reset vectors which falls under the default build and memory management of OVMF.,,False
qwen2.5:14b,A,12320,[Bug]: Issue triage workflow does not auto-assign for feature and documentation requests due to inconsistent field IDs,build-or-ci-code,bug,low,AshrafAliS,0.95,The bug is related to the issue triage workflow in BaseTools.,,False
qwen2.5:14b,A,12293,[Bug]: GenFw Missing option on VS2026,basetools,bug,medium,AshrafAliS,0.95,"The bug is related to BaseTools and VS2026, matching the pattern of previous BaseTools issues.",,False
qwen2.5:14b,A,12281,[Bug]: TerminalDxe ignores shift state when calling notification functions,mdemodulepkg,bug,medium,YangGangUEFI,0.95,The bug is related to TerminalDxe in MdeModulePkg and matches historical patterns of UI-related bugs assigned to YangGangUEFI.,,False
qwen2.5:14b,A,12276,[Bug]:  [Depex]  sections exist in the INF files of UEFI_DRIVER or UEFI_APPLICATION,shellpkg,bug,low,YangGangUEFI,0.85,"The bug is related to INF files in the ShellPkg package, which historically has been handled by YangGangUEFI.",,False
qwen2.5:14b,A,12275,[Bug]:  EFIDebug runtime log level change fails to take effect,mdemodulepkg,bug,medium,vit9696,0.85,"The bug is related to EFIDebug runtime log level change not taking effect, which falls under the category of UEFI runtime driver issues.",,False
qwen2.5:14b,A,12245,"[Bug]: PE/COFF image hashes (SHA‑384/SHA‑512)  can’t be queried in the DB, but work in the DBX",securitypkg,bug,low,HunterChang030,0.9,The bug is related to PE/COFF image hashes in SecurityPkg and HunterChang030 has handled similar issues before.,,False
qwen2.5:14b,A,12206,[Bug]: OVMF crashes early with RISCVVIRT_PEI_BOOTING,ovmfpkg,bug,medium,yechao-w,0.95,"The bug is related to OVMF crashing early with RISCVVIRT_PEI_BOOTING, which matches historical patterns for RISC-V specific issues in OvmfPkg.",,False
qwen2.5:14b,A,12183,[Bug]: Broken source-level debugging of OVMF caused by improper SEC-phase PCD access (BasePcdLibNull referenced),ovmfpkg,bug,low,os-d,0.95,The bug is related to improper SEC-phase PCD access in OVMF which falls under memory management and debugging issues handled by os-d.,,False
qwen2.5:14b,A,12179,[Bug]: FMMT config file argument does not work,basetools,bug,low,AshrafAliS,0.95,"The bug is related to BaseTools and FMMT configuration, matching AshrafAliS's historical pattern of handling BaseTools issues.",,False
qwen2.5:14b,A,12178,[Bug]: FMMT always exits with status 0 (success),basetools,bug,low,AshrafAliS,0.95,"The bug is related to BaseTools and FMMT, matching the historical pattern of AshrafAliS handling BaseTools issues.",,False
qwen2.5:14b,A,12176,[Bug]: Cannot run posix wrappers without setup,basetools,bug,low,AshrafAliS,0.95,The bug is related to BaseTools and involves setup issues with posix wrappers.,,False
qwen2.5:14b,A,12172,[Bug]: Error Dumping ESRT Table using CapsuleApp.efi -E,mdemodulepkg,bug,medium,YangGangUEFI,0.85,"The bug is related to MdeModulePkg and involves a specific tool (CapsuleApp.efi), matching historical patterns for this assignee.",,False
qwen2.5:14b,A,12141,[Bug]: KeyBoard Backspace is not work in UEFI shell when launch QEMU with -nographic mode,ovmfpkg,bug,low,lgao4,0.9,"The bug is related to UEFI shell functionality in QEMU, which falls under MdeModulePkg and has been previously handled by lgao4.",Damien-Chen,False
qwen2.5:14b,A,12136,[Bug]: Incremental build issue of Structure PCD,basetools,bug,low,AshrafAliS,0.95,The bug is related to BaseTools and incremental build issues.,,False
qwen2.5:14b,A,12120,[Bug]: Ramfb default resolutions available are very low,ovmfpkg,bug,low,Vogtinator,0.75,The bug is related to OVMF package and involves default settings which Vogtinator has handled before.,,False
qwen2.5:14b,A,12095,[Bug]: The PXE boot option is missing on RISCV64,ovmfpkg,bug,medium,yechao-w,0.95,The bug is related to PXE boot on RISCV64 which matches historical patterns for OvmfPkg issues handled by yechao-w.,,False
qwen2.5:14b,A,12081,[Bug]: SCT Failure in SerialIo on Arm platforms with PL011UartLib,armplatformpkg,bug,low,Vogtinator,0.85,"The bug is related to SCT Failure in SerialIo on Arm platforms with PL011UartLib, which Vogtinator has handled similar issues before.",,False
qwen2.5:14b,A,12077,[Bug]: Uncrustify configuration formats DEBUG macros incorrectly (contradicts Coding Standard 5.2.2.4),other,bug,low,AshrafAliS,0.95,The bug is related to BaseTools and coding standards.,,False
qwen2.5:14b,A,12073,[Bug]: UsbMassStorageDxe: UsbMassReadBlocks lacks retry mechanism for transient USB failures,mdemodulepkg,bug,medium,YangGangUEFI,0.85,The bug is related to UsbMassStorageDxe in MdeModulePkg and matches historical patterns for this package.,,False
qwen2.5:14b,A,12067,[Bug]: MdeModulePkg/HiiDatabaseDxe: Parser issue in GetNameElement(),mdemodulepkg,bug,medium,lgao4,0.95,The bug is related to MdeModulePkg/HiiDatabaseDxe and a previous similar issue was assigned to lgao4.,YangGangUEFI,False
qwen2.5:14b,A,12065,[Bug]: Code issue in SetupBrowserDxe introduce from  https://github.com/tianocore/edk2/pull/11686,mdemodulepkg,bug,low,lgao4,0.95,The bug is related to SetupBrowserDxe in MdeModulePkg and lgao4 has previously handled similar issues.,YangGangUEFI,False
qwen2.5:14b,A,12043,[Bug]: edk2:Shell won't build with GCC 16 with -Werror,shellpkg,bug,low,AshrafAliS,0.95,"The bug is related to ShellPkg build issues with GCC 16 and -Werror flag, matching historical patterns of AshrafAliS handling such build-related issues in ShellPkg.",,False
qwen2.5:14b,A,11991,[Bug]: Failed to start Intel Trust Domain on the new OVMF version,ovmfpkg,bug,medium,Vogtinator,0.85,Intel Trust Domain issues are typically handled by Vogtinator in OvmfPkg.,,False
qwen2.5:14b,A,11965,[Bug]: qemu-kvm GUEST start failed on RISC-V,ovmfpkg,bug,medium,yechao-w,0.95,"The bug is related to qemu-kvm guest start failure on RISC-V, matching yechao-w's expertise in handling such issues.",yechao-w,True
qwen2.5:14b,A,11962,[Bug]: LPA2 support regresses emulated boot w/ -cpu max,armvirtpkg,bug,medium,Vogtinator,0.85,Historical pattern shows Vogtinator handles TPM2/TCG2 issues on RISC-V.,,False
qwen2.5:14b,A,11948,[Bug]: Mismatch in the value of LAST_ATTEMPT_STATUS_ERROR_UNSUCCESSFUL_VENDOR_RANGE_MAX,mdepkg,bug,low,lgao4,0.75,"The bug is related to MdePkg and involves a mismatch in status values, which aligns with previous lgao4 assignments for similar issues.",,False
qwen2.5:14b,A,11934,[Bug]: UefiPayload 202511 bootloops on ThinkPad X230 (coreboot),uefipayloadpkg,bug,low,r1chard-lyu,0.8,"The bug is related to UefiPayloadPkg and a specific hardware configuration, matching r1chard-lyu's historical pattern of handling such issues.",,False
qwen2.5:14b,A,11900,[Bug]: Usage of PcdPostCodePropertyMask is not clear,mdepkg,bug,low,lgao4,0.75,The bug is related to MdePkg and involves a PCD usage issue which has been handled by lgao4 in the past.,,False
qwen2.5:14b,A,11895,[Bug]: /EmulatorPkg/Unix/Host/Host.h:69:12: fatal error: termio.h: No such file or directory,emulatorpkg,bug,low,AshrafAliS,0.95,"The bug is related to a missing header file in EmulatorPkg, which matches historical patterns of AshrafAliS handling such build environment issues.",,False
qwen2.5:14b,A,11882,[Bug]: RedfishPkg fails to build with 'lld-link: error: undefined symbol: _memcpy' in CLANGPDB (IA32 NOOPT),redfishpkg,bug,medium,mikebeaton,1.0,"The bug is related to RedfishPkg build failure with CLANGPDB, matching previous RedfishPkg CLANGPDB issues.",mikebeaton,True
qwen2.5:14b,A,11881,[Bug]: RedfishPkg fails to build with 'lld-link: error: undefined symbol: _fltused' in CLANGPDB (DEBUG RELEASE),redfishpkg,bug,medium,mikebeaton,1.0,"The bug is related to RedfishPkg build failure with CLANGPDB, matching previous RedfishPkg CLANGPDB issues.",mikebeaton,True
qwen2.5:14b,A,11878,[Bug]: CLANGDWARF cannot build RELEASE AARCH64 StandaloneMmPkg,standalonemmpkg,bug,medium,deeglaze,0.95,The bug is related to CLANGDWARF build issues which matches historical patterns of deeglaze handling such warnings and build errors.,,False
qwen2.5:14b,A,11846,[Bug]: <title> The character caused build error.,uefipayloadpkg,bug,low,AshrafAliS,0.95,"The bug is related to a build error in UefiPayloadPkg and no specific assignee for this package exists, AshrafAliS has handled similar issues before.",,False
qwen2.5:14b,A,11842,[Bug]: Update mu_nasm nuget release to 2.16.01 to resolve IA32 CLANGDWARF link issues,basetools,bug,high,makubacki,0.95,"The bug is related to updating a nuget package in BaseTools, which matches makubacki's historical pattern of handling build or CI code issues.",makubacki,True
qwen2.5:14b,A,11814,[Bug]: 901c4e3 breaks response to Enter key in Arm platform firmware menus,mdemodulepkg,bug,high,lgao4,0.95,"The bug is related to a specific commit breaking functionality in Arm platform firmware menus, which matches the pattern of lgao4 handling similar issues.",mikebeaton,False
qwen2.5:14b,A,11800,[Bug]: non-x86 Option Rom never be reached if multiple Option Rom images are found on non-x86 platform.,mdemodulepkg,bug,medium,YangGangUEFI,0.85,The bug is related to MDKModulePkg and involves Option Rom handling on non-x86 platforms.,,False
qwen2.5:14b,A,11797,[Bug]: Build error when STATIC Stack check is enabled on X86 Architectures on GCC Build,mdepkg,bug,medium,mdkinney,0.95,"The bug is related to a build error with the GCC compiler on X86 architectures in MdePkg, matching mdkinney's historical pattern of handling CLANG and GCC build errors.",,False
qwen2.5:14b,A,11793,[Bug]: BdsDxe build fails with CLANGPDB,mdemodulepkg,bug,high,mikebeaton,0.95,BdsDxe is part of MdeModulePkg and CLANGPDB build issues typically fall under MikeBeaton's expertise.,,False
qwen2.5:14b,A,11792,[Bug]: UefiPayloadPkg cannot be built with VS2022,uefipayloadpkg,bug,medium,ardbiesheuvel,0.95,UefiPayloadPkg build issues with VS2022 match the pattern of similar issues in other packages handled by ardbiesheuvel.,,False
qwen2.5:14b,A,11791,[Bug]: SignedCapsulePkg cannot be built with VS2022,signedcapsulepkg,bug,medium,ardbiesheuvel,0.95,The bug is related to VS2022 build issues similar to those handled by ardbiesheuvel for other packages.,,False
qwen2.5:14b,A,11790,[Bug]: CryptoPkg cannot be built with VS2022,cryptopkg,bug,medium,ardbiesheuvel,1.0,"The bug is specifically about building CryptoPkg with VS2022, which matches the rare assignee for VS2022 build issues in CryptoPkg.",ardbiesheuvel,True
qwen2.5:14b,A,11787,[Bug]: HiiDatabaseDxe build fails with CLANGPDB,mdemodulepkg,bug,high,YangGangUEFI,0.95,HiiDatabaseDxe is a component of MdeModulePkg and previous similar issues were assigned to YangGangUEFI.,,False
qwen2.5:14b,A,11786,[Bug]: SetupBrowserDxe build fails with CLANGPDB,mdemodulepkg,bug,high,YangGangUEFI,0.95,Historical pattern shows YangGangUEFI handles SetupBrowserDxe issues in MdeModulePkg.,,False
qwen2.5:14b,A,11772,[Bug]: FdfParser parse include statement before conditional statement,basetools,bug,low,AshrafAliS,0.95,"The bug is related to BaseTools and FdfParser, which matches historical patterns for AshrafAliS.",,False
qwen2.5:14b,A,11765,[Bug]: ConSplitterDxe Default Output Mode (MaxMode) Causes Shell Console Display Corruption,mdemodulepkg,bug,low,YangGangUEFI,0.95,The bug is related to ConSplitterDxe in MdeModulePkg and matches previous issues handled by YangGangUEFI.,,False
qwen2.5:14b,A,11764,[Bug]: SmiHandlerUnRegister  is pended forever when an unregistered SMI get called,mdemodulepkg,bug,high,lgao4,0.75,The bug is related to MdeModulePkg and involves a registration/unregistration issue which matches previous lgao4 assignments.,,False
qwen2.5:14b,A,11755,[Bug]: Firmware update failing on headless systems,mdemodulepkg,bug,medium,EricGao2015,0.8,The bug is related to firmware update on headless systems which falls under the Device Manager form category previously handled by EricGao2015.,,False
qwen2.5:14b,A,11754,[Bug]: 32-bit Windows 10 fails to boot on VMs with 32-bit edk2-ovmf firmware,ovmfpkg,bug,high,os-d,0.95,"The bug is related to OvmfPkg and involves boot issues with Windows 10 on VMs, which aligns with previous memory management and compatibility bugs handled by os-d.",,False
qwen2.5:14b,A,11747,"[Bug]: BaseRiscV64CpuTimerLib is not safe for OS-runtime, crashes RealTimeClockRuntimeDxe in gRT->GetTime",ovmfpkg,bug,high,zevorn,0.95,"The bug is related to BaseRiscV64CpuTimerLib crashing in OS-runtime, matching the pattern for OS-runtime safety issues.",zevorn,True
qwen2.5:14b,A,11744,[Bug]: toolsetup.bat is trying to use delayed expansion incorrectly.,basetools,bug,low,AshrafAliS,0.95,The bug is related to BaseTools and involves a script issue.,,False
qwen2.5:14b,A,11739,[Bug]: VariablePei allocates runtime memory fragmenting memory buckets,mdemodulepkg,bug,medium,os-d,0.95,"The bug is related to memory allocation and fragmentation in VariablePei of MdeModulePkg, which falls under the DXE core memory protection feature.",,False
qwen2.5:14b,A,11737,[Bug]: EmbeddedPkg cannot be built with VS2022,embeddedpkg,bug,medium,ardbiesheuvel,0.95,Historical pattern shows VS2022 build issues are often handled by this assignee for specific packages.,,False
qwen2.5:14b,A,11715,[Bug]: RISC-V OVMF firmware built with CLANGDWARF fails to load in QEMU,ovmfpkg,bug,medium,yechao-w,0.95,"The bug is related to RISC-V OVMF firmware built with CLANGDWARF failing in QEMU, matching yechao-w's expertise on RISC-V issues.",,False
qwen2.5:14b,A,11702,[Bug]: Warning information displayed during Basetools building proccess,basetools,bug,low,bexcran,0.95,"The bug is related to BaseTools building process warnings, matching bexcran's historical pattern of handling BaseTools issues.",,False
qwen2.5:14b,A,11673,[Bug]: EFI Shell map command modifies the multi instance device path of block device handle,shellpkg,bug,low,YangGangUEFI,0.85,The bug is related to EFI Shell command behavior and matches historical patterns for UEFI shell issues.,,False
qwen2.5:14b,A,11670,[Bug]: UnitTestUefiBootServicesTableLib prints warnings when used outside Framework,unittestframeworkpkg,bug,low,lgao4,0.75,"The bug is related to a specific package (UnitTestFrameworkPkg) and prints warnings when used outside the Framework, which does not match any rare assignees but seems similar to previous issues handled by lgao4.",,False
qwen2.5:14b,A,11630,[Bug]: genffs crashed,emulatorpkg,bug,low,AshrafAliS,0.95,The bug is related to BaseTools and involves a crash in genffs.,,False
qwen2.5:14b,A,11605,[Bug]: Need to upgrade MbedTLS to latest 3.6.4 for the latest CVE fix.,cryptopkg,bug,low,liyi77,0.95,The bug is about upgrading MbedTLS for a CVE fix in the cryptopkg package.,,False
qwen2.5:14b,A,11578,[Bug]: Pre-OS graphics fail to load when deleting GPIO driver using FMMT tool,basetools,bug,medium,AshrafAliS,0.95,The bug involves BaseTools and FMMT tool interaction with pre-OS graphics.,,False
qwen2.5:14b,A,11554,[Bug]: <title> Pci command -i can't display PCIe Designated Vendor Specific Extended Capability correctly.,shellpkg,bug,medium,YangGangUEFI,0.85,"The bug is related to ShellPkg and involves a command issue, matching previous assignments for similar issues in the package.",,False
qwen2.5:14b,A,11538,[Bug]: LoadImage causes a store access fault on RISCV64,ovmfpkg,bug,high,yechao-w,0.95,"The bug is related to RISCV64 and LoadImage causing a store access fault, which matches the historical pattern of yechao-w handling RISC-V specific issues in OvmfPkg.",,False
qwen2.5:14b,A,11528,[Bug]: Use flexible array members consistently,shellpkg,bug,low,SaloniKasbekar,0.9,The bug is about replacing hardcoded values with existing constants in ShellPkg.,,False
qwen2.5:14b,A,11524,[Bug]: Duplicate field print in dmem,shellpkg,bug,low,YangGangUEFI,0.85,"The bug is related to ShellPkg and involves a print issue, matching previous assignments for similar UI or display issues in this package.",,False
qwen2.5:14b,A,11509,[Bug]: TCG2/TPM2 support on aarch64 does not work,ovmfpkg,bug,medium,Vogtinator,0.95,TCG2/TPM2 support issue matches Vogtinator's previous work on similar issues.,,False
qwen2.5:14b,A,11491,[Bug]: ECC Check Silently Fails in edk2 CI for Windows and Linux,basetools,bug,low,bexcran,0.95,The bug is related to ECC Check in edk2 CI which matches the pattern of build or CI issues handled by bexcran.,bexcran,True
qwen2.5:14b,A,11480,[Bug]: boot stuck in aarch64 uefi,armplatformpkg,bug,medium,mikebeaton,0.85,The bug is related to aarch64 uefi boot issue which typically falls under OVMF or platform-specific issues handled by MikeBeaton.,,False
qwen2.5:14b,A,11479,[Bug]: BaseLib  Function SetJump()  Build with AARCH64 VS2022 Hangs   in file SetJumpLongJump.asm but Works with CLANG compile using file SetJumpLongJump.S,mdepkg,bug,high,ardbiesheuvel,0.95,"The bug involves a build issue with VS2022 on AARCH64 in BaseLib, matching the pattern of CLANG compiler issues within MdePkg.",,False
qwen2.5:14b,A,11462,[Bug]: LAST_ATTEMPT_STATUS_ERROR_UNSUCCESSFUL_VENDOR_RANGE_MAX value does not match the UEFI specification,mdepkg,bug,low,wenbhou,0.95,"The bug is related to MdePkg and involves a specification mismatch, which matches historical patterns of bugs assigned to wenbhou.",,False
qwen2.5:14b,A,11460,[Bug]: OVMF secure boot settings unusable with serial console,ovmfpkg,bug,low,os-d,0.95,"The bug is related to OVMF secure boot settings and console interaction, which falls under the DXE core memory protection feature or similar critical system functionality.",,False
qwen2.5:14b,A,11453,[Bug]: AsciiSPrint does not handle %s correctly,ovmfpkg,bug,low,os-d,0.85,The bug is related to OvmfPkg and involves a printing function issue which could be linked to memory or string handling problems.,,False
qwen2.5:14b,A,11449,[Bug]: ShellPkg: add MRDIMM support in MemoryDeviceMemoryTechnologyTable to satisfy smbios v3.8,shellpkg,bug,medium,NingFengGit,0.95,The bug is related to ShellPkg and requires MRDIMM support in MemoryDeviceMemoryTechnologyTable.,NingFengGit,True
qwen2.5:14b,A,11445,[Bug]: Potential Infinite Loop in DumpCapsuleStatusVariable() due to Unbounded Error Handling of EFI_ERROR,mdemodulepkg,bug,medium,YangGangUEFI,0.85,"The bug is in MdeModulePkg and involves potential infinite loop handling, matching previous assignments to YangGangUEFI for similar issues.",,False
qwen2.5:14b,A,11428,[Bug]: Terminal layout issue in Boot Manager when running qemu-system-x86_64 with -nographic,ovmfpkg,bug,medium,Damien-Chen,0.85,"The bug is related to terminal layout in Boot Manager when using QEMU with -nographic option, which seems specific to OVMF package and UI rendering issues.",,False
qwen2.5:14b,A,11424,[Bug]: Find en-US string if x-uefi-redfish language is not found,redfishpkg,bug,medium,YangGangUEFI,0.85,"The bug is related to RedfishPkg and language string handling, which aligns with previous assignments in this package.",,False
qwen2.5:14b,A,11421,[Bug]: Redfish RedfishPlatformConfigProtocolGetValue function should consider REDFISH_PLATFORM_CONFIG_ALLOW_SUPPRESSED option,redfishpkg,bug,medium,mikebeaton,0.95,The bug is related to RedfishPkg and matches the pattern of previous RedfishPkg issues handled by mikebeaton.,,False
qwen2.5:14b,A,11417,[Bug]: Redfish interface remains open when it is no longer needed,redfishpkg,bug,low,mikebeaton,0.95,The bug is related to RedfishPkg and matches historical patterns of MikeBeaton handling RedfishPkg issues.,,False
qwen2.5:14b,A,11408,[Bug]: Shell pci command no longer prints BAR information,shellpkg,bug,medium,YangGangUEFI,0.85,The bug is related to the Shell pkg and affects a specific command functionality.,,False
qwen2.5:14b,A,11394,[Bug]: BSP could free AP reset vector buffer even though AP wake up is in process,ueficpupkg,bug,medium,philnoh2,0.95,The bug is related to UEFI CPU package and involves AP reset vector buffer handling.,philnoh2,True
qwen2.5:14b,A,11391,[Bug]: Encountering a build error with the CLANG compiler.,cryptopkg,bug,high,mdkinney,0.95,The bug is related to a CLANG compiler build error in the cryptopkg package.,mdkinney,True
qwen2.5:14b,A,11374,[Bug]: UEFI runtime drivers loaded after EndOfDxe are not executable by OS,mdemodulepkg,bug,medium,vit9696,0.95,"The bug is related to runtime drivers loaded after EndOfDxe and their executability by OS, which falls under memory protection and execution control post-DXE phase.",vit9696,True
qwen2.5:14b,A,11364,[Bug]: Incorrect behavior when switching language in Front Page and Driver Health Manager,mdemodulepkg,bug,medium,YangGangUEFI,0.95,The bug is related to incorrect behavior in the Front Page and Driver Health Manager within MdeModulePkg.,,False
qwen2.5:14b,A,11363,[Bug]: Hit LNK1237 when using IntrinsicLib.inf,mdepkg,bug,medium,os-d,0.95,"The bug is related to MdePkg and involves a linker issue, matching os-d's expertise with MdePkg memory management and protection features.",,False
qwen2.5:14b,A,11360,[Bug]: TCG2/TPM2 support on RISC-V does not work,ovmfpkg,bug,medium,yechao-w,0.95,TCG2/TPM2 support issues on RISC-V match previous TPM and security-related bugs in OvmfPkg.,Vogtinator,False
qwen2.5:14b,A,11338,"[Bug]: System assertion failure occurs upon restart after OS installation using WHPX, or when the 'Reset' option is triggered from the QEMU application",ovmfpkg,bug,medium,os-d,0.95,"The bug involves a system assertion failure related to OVMF functionality upon restart or reset, matching os-d's expertise in handling such issues within the OVMF package.",,False
qwen2.5:14b,A,11336,[Bug]: Potential infinite loop and incorrect DeviceList handling in OpalPassword,securitypkg,bug,medium,HunterChang030,0.9,The bug is related to OpalPassword in SecurityPkg and HunterChang030 handles similar issues within the SecurityPkg.,HunterChang030,True
qwen2.5:14b,A,11323,[Bug]: Xen libvirt HVM crash when using more than 64 vcpus,ovmfpkg,bug,medium,AndreasBBS,0.95,The bug involves Xen libvirt HVM crash related to OvmfPkg and network protocol drivers.,,False
qwen2.5:14b,A,11299,[Bug]: Wide character display is truncated on BIOS Setup.,mdemodulepkg,bug,low,YangGangUEFI,0.95,The bug is related to BIOS Setup display issue within MdeModulePkg.,,False
qwen2.5:14b,A,11292,"[Bug]: UEFI-SCT BBTestGetImageConformanceTestCheckpoint4 expects the GetImage() function to return an EFI_SECURITY_VIOLATION error, which deviates from the expected behavior defined in the UEFI specification.",other,bug,medium,YangGangUEFI,0.85,The bug is related to UEFI-SCT conformance testing and does not fit the specific criteria of any other package or rare assignees.,,False
qwen2.5:14b,A,11269,"[Bug]: System assert, When UEFI-Freed Memory Guard is enabled",mdemodulepkg,bug,medium,os-d,0.95,"The bug is related to memory management and asserts when UEFI-Freed Memory Guard is enabled, which falls under the responsibility of MdeModulePkg's DXE core memory protection feature.",,False
qwen2.5:14b,A,11258,[Bug] Secure Boot Bypass Through UEFI Shell,securitypkg,bug,medium,HunterChang030,0.9,The bug is related to Secure Boot bypass through UEFI Shell in SecurityPkg.,,False
qwen2.5:14b,A,11256,[Bug]: Assert if default string id is 0.,mdemodulepkg,bug,low,lgao4,0.95,The bug is related to MdeModulePkg and involves a specific assertion issue.,EricGao2015,False
qwen2.5:14b,A,11234,[Bug]: VS2022-built Host test executable can't find clang_rt.asan_dynamic-x86_64.dll,unittestframeworkpkg,bug,low,ardbiesheuvel,0.95,"The bug is related to VS2022 build issues with a specific DLL, matching the pattern of CLANG compiler and linker issues handled by ardbiesheuvel for Cryptopkg.",,False
qwen2.5:14b,A,11224,[Bug]: An assertion occurred: ASSERT [DxeCore] edk2/MdeModulePkg/Core/Dxe/Mem/Pool.c(730): Tail->Signature == ((('p') | ('t' << 8)) | ((('a') | ('l' << 8)) << 16)),mdemodulepkg,bug,high,os-d,0.95,"The bug is related to memory management and assertion in DxeCore, which falls under MdeModulePkg's core components.",,False
qwen2.5:14b,A,11218,[Bug]: ovmf writes terminal escapes to all virtio-console ports,ovmfpkg,bug,low,AndreasBBS,0.95,"The bug involves QEMU_EFI and network protocol drivers, matching AndreasBBS's historical pattern.",,False
qwen2.5:14b,A,11216,[Bug]: [ArmVirtPkg] Missing EFI Internal Shell in Boot Menu,armvirtpkg,bug,low,mikebeaton,0.85,The bug is related to ArmVirtPkg and involves a boot menu issue which aligns with mikebeaton's expertise in handling such specific package issues.,,False
qwen2.5:14b,A,11194,[Bug]: FMMT increasing the Binary size after replacing FFS,basetools,bug,high,AshrafAliS,0.95,The bug is related to BaseTools and specifically FMMT functionality.,,False
qwen2.5:14b,A,11193,[Bug]: HashLibTpm2 hash algorithm selection logic flawed,securitypkg,bug,low,HunterChang030,0.9,The bug is related to HashLibTpm2 in SecurityPkg and HunterChang030 has previously handled similar issues in this package.,,False
qwen2.5:14b,A,11190,[Bug]: CodeQl error reported in NetBuffer.c,networkpkg,bug,low,BritChesley,0.95,CodeQl error in NetworkPkg matches the pattern for CodeQl issues within that package.,BritChesley,True
qwen2.5:14b,A,11188,[Bug]: MSR_IA32_FEATURE_CONTROL on CPU hotplug,ovmfpkg,bug,medium,os-d,0.95,"The bug is related to CPU hotplug and MSR_IA32_FEATURE_CONTROL in OvmfPkg, which falls under memory management and core functionality issues typically handled by os-d.",,False
qwen2.5:14b,A,11140,[Bug]: Replace hardcoded value with existing #define constant,networkpkg,bug,low,SaloniKasbekar,0.9,"The bug is about replacing a hardcoded value with an existing define constant in the NetworkPkg, which matches SaloniKasbekar's historical pattern for handling such issues.",SaloniKasbekar,True
qwen2.5:14b,A,11128,[Bug]: Incorrect array length for pcd values in auto-generated code,basetools,bug,low,AshrafAliS,0.95,The bug is related to BaseTools and involves auto-generated code issues.,,False
qwen2.5:14b,A,11119,[Bug]: Looking for non-existent OpenSSL `ssl_err.c` which is now `ssl_err_legacy.c`,armvirtpkg,bug,medium,liyi77,0.95,The bug is related to OpenSSL file path changes for a CVE update.,,False
qwen2.5:14b,A,11118,[Bug]: Var Store Fails to Recover from FTW Spare Block After Corruption,mdemodulepkg,bug,high,lgao4,0.9,"The bug is related to MdeModulePkg and involves a specific issue with variable store recovery, matching lgao4's previous work on similar issues.",wenbhou,False
qwen2.5:14b,A,11114,[Bug]: UninstallMultipleProtocolInterfaces() can fail to reinstall protocols on failure,mdemodulepkg,bug,low,lgao4,0.95,"The bug is related to MdeModulePkg and specifically deals with protocol handling, matching previous assignments by lgao4.",,False
qwen2.5:14b,A,11113,[Bug]: InstallProtocolInterface() does not update the key of an existing handle,mdemodulepkg,bug,low,YangGangUEFI,0.95,"The bug is related to MdeModulePkg and involves a protocol interface issue, which matches historical patterns for this assignee.",lgao4,False
qwen2.5:14b,A,11112,[Bug]: RegisterProtocolNotify() accepts invalid events,mdemodulepkg,bug,low,lgao4,0.95,The bug is related to MdeModulePkg and involves a protocol interface issue.,,False
qwen2.5:14b,A,11110,[Bug]: InstallProtocolInterface() creates spurious open protocol data,mdemodulepkg,bug,low,lgao4,0.95,"The bug is related to InstallProtocolInterface() in MdeModulePkg, which lgao4 has previously handled.",,False
qwen2.5:14b,A,11088,[Bug]: <title>Add Ask deepwiki entry,other,bug,low,lgao4,0.85,The bug is related to a protocol interface issue which lgao4 has handled before.,lgao4,True
qwen2.5:14b,A,11084,[Bug]: Image type X64 can't be loaded on AARCH64 UEFI system,armvirtpkg,bug,medium,YangGangUEFI,0.85,The bug is related to loading an X64 image on AARCH64 UEFI system which falls under the Device Manager or similar setup issues typically handled by YangGangUEFI.,,False
qwen2.5:14b,A,11074,[Bug]: default OVMF build overwrites memory on FreePages() causing page fault if pages are not writable,mdepkg,bug,low,os-d,0.95,"The bug is related to memory management and page faults in OVMF build, which falls under the responsibility of handling GCD internal data structure consistency with CPU page table.",os-d,True
qwen2.5:14b,A,11046,[Bug]: [Regression] OVMF Page-Fault on Xen HVM since 202411 release,ovmfpkg,bug,medium,os-d,0.95,"The bug is related to OVMF and involves a page-fault issue since a specific release, indicating a memory management or protection feature problem.",,False
qwen2.5:14b,A,11038,[Bug]: <title>Smm data might get leaked via S3SaveState Protocol,mdepkg,bug,medium,os-d,0.95,"The bug is related to Smm data leakage via S3SaveState Protocol in MdePkg, which falls under memory protection and security features handled by os-d.",,False
qwen2.5:14b,A,11035,"[Bug]: [OvmfPkg] Got ""Invalid MMIO opcode (0)"" in ovmf  when installing a sev guest from CD-ROM",ovmfpkg,bug,medium,jxu023,0.9,The bug involves SEV guest installation issues which matches jxu023's expertise with SEV and SEV-ES VM boot problems.,,False
qwen2.5:14b,A,10973,[Bug]: <title> Build target [DEBUG] is not supported by the platform for RK3566,other,bug,high,AshrafAliS,0.95,"The bug is related to a build target issue for a specific platform, matching historical patterns of AshrafAliS handling such issues.",,False
qwen2.5:14b,A,10947,[Bug]: UsbBotResetDevice will be using stale pointer after UsbPortReset,mdemodulepkg,bug,low,YangGangUEFI,0.85,The bug is related to USB functionality within MdeModulePkg and matches historical patterns for this type of issue.,,False
qwen2.5:14b,A,10942,[Bug]: 202502 Release builds do not boot kernel images on qemu arm or aarch64,ovmfpkg,bug,medium,AndreasBBS,0.95,The bug is related to QEMU builds for ARM and AARCH64 which matches previous issues handled by AndreasBBS involving QEMU_EFI and network protocol drivers.,,False
qwen2.5:14b,A,10925,[Bug]: Raid card option rom is not displayed in Device Manager form after repairing in Driver Health form.,mdemodulepkg,bug,low,lgao4,0.95,"The bug is related to MdeModulePkg and involves a specific issue with device manager form display after repair, matching lgao4's previous work on similar issues.",EricGao2015,False
qwen2.5:14b,A,10922,[Bug]: edksetup.sh doesn't handle spaces in directory name,basetools,bug,low,AshrafAliS,0.95,The bug is related to edksetup.sh in BaseTools which previously had a similar issue reported.,,False
qwen2.5:14b,A,10918,[Bug]: X64 Exception Type - 0E(#PF - Page-Fault),ovmfpkg,bug,high,os-d,0.95,The bug is related to a page fault in OVMF build which matches previous issues handled by os-d.,,False
qwen2.5:14b,A,10910,[Bug]: EmbeddedPkg/VirtualRealTimeClockLib fails to build due to SOURCE_DATE_EPOCH changes,embeddedpkg,bug,low,AshrafAliS,0.95,"The bug is related to BaseTools and SOURCE_DATE_EPOCH changes, matching AshrafAliS's historical pattern of handling such issues.",,False
qwen2.5:14b,A,10896,[Bug]: UefiPayloadPkg: Image Section Alignment does not match Required Alignment,uefipayloadpkg,bug,low,lgao4,0.75,The bug is related to alignment issues in UefiPayloadPkg and lgao4 has handled similar alignment or configuration issues before.,,False
qwen2.5:14b,A,10894,[Bug]: EDK2 unable to initialize xHCI controller with multiple endpoints,mdemodulepkg,bug,high,BritChesley,0.85,The bug is related to xHCI controller initialization which falls under the USB stack in MdeModulePkg and matches historical patterns for BritChesley.,,False
qwen2.5:14b,A,10892,[Bug]: SEV and SEV-ES VM boot is broken due to faulty check in AmdSvsmIsSvsmPresent(),ovmfpkg,bug,high,jxu023,0.95,"The bug is related to SEV and SEV-ES VM boot in OvmfPkg, matching jxu023's expertise with AMD SVM checks.",jxu023,True
qwen2.5:14b,A,10881,[Bug]: AAVMF direct kernel boot broken,armvirtpkg,bug,medium,Vogtinator,0.85,Historical pattern shows Vogtinator handles TPM/TCG2 issues on RISC-V.,,False
qwen2.5:14b,A,10876,[Bug]: PRM package build fails with GCC compiler for X64,prmpkg,bug,high,AshrafAliS,0.95,Historical pattern shows AshrafAliS handles BaseTools and build issues.,,False
qwen2.5:14b,A,10872,[Bug]: Remove Visual Studio ARM 32-bit Host Support,basetools,bug,low,AshrafAliS,0.95,"The bug is related to BaseTools and involves removing ARM 32-bit Host Support in Visual Studio, which aligns with previous high-priority issues handled by AshrafAliS.",,False
qwen2.5:14b,A,10866,[Bug]: An unexpected black box appears at Setup Hotkey Region.,mdemodulepkg,bug,low,YangGangUEFI,0.95,"The bug is related to the Setup Hotkey Region in MdeModulePkg, which matches previous assignments to YangGangUEFI for similar UI issues.",EricGao2015,False
qwen2.5:14b,A,10839,[Bug]: [OvmfPkg] Build fails due to insufficient FV size in edk2-stable202502,ovmfpkg,bug,medium,lgao4,0.95,The bug is related to OvmfPkg build issues which lgao4 has handled before.,r1chard-lyu,False
qwen2.5:14b,A,10834,[Bug]: compile edk2 on Ubuntu 24.04 using stable/202011 fails due to /usr/bin/ld: ../bin/BrotliCompress: hidden symbol kBrotliCopyExtra' isn't defined`,basetools,bug,low,AshrafAliS,0.95,"The bug is related to BaseTools and involves a linker issue on Ubuntu, matching AshrafAliS's historical pattern of handling BaseTools issues.",,False
qwen2.5:14b,A,10804,[Bug]: System will hang exception if Locate and use gPeiIpmiTransportPpiGuid in Post Mem phase,other,bug,medium,YangGangUEFI,0.85,"The bug is related to a specific package and phase (Post Mem phase), which aligns with previous assignments for similar issues in the mdemodulepkg.",,False
qwen2.5:14b,A,10802,[Bug]: <title>error LNK2001: unresolved external symbol __security_pop_cookie Compile for AARCH64  in SafeString.obj,mdepkg,bug,medium,os-d,0.95,"The bug is related to MdePkg and involves a linker error with memory protection features, matching os-d's expertise in handling such issues.",os-d,True
qwen2.5:14b,A,10786,"[Bug]: Unable to boot edk2-stable202502 in QEMU 32-bit environment, edk2-stable202411 works fine",other,bug,low,yechao-w,0.95,"The bug is related to booting in a QEMU environment, which typically involves OvmfPkg issues.",,False
qwen2.5:14b,A,10773,[Bug]: Configuring TemporaryRamSize using FSP-T arch UPD (added as part of Spec 2.5) is not working as expected.,intelfsp2pkg,bug,medium,praravin,0.9,"The bug is related to FSP-T arch UPD configuration, matching praravin's historical pattern.",praravin,True
qwen2.5:14b,A,10771,[Bug]: DXE core memory protection feature might cause inconsistency between GCD internal data structure with CPU page table,mdemodulepkg,bug,high,os-d,0.95,"The bug involves memory protection and page table consistency in DXE core, which aligns with os-d's expertise on OVMF build issues related to memory management.",os-d,True
qwen2.5:14b,A,10765,"[Bug]: After edk2-ovmf update(s), VM boots slowly and spends a lot of time in edk2, until a NVRAM reset",ovmfpkg,bug,low,os-d,0.95,"The bug is related to OVMF performance issues after updates, which aligns with os-d's expertise in handling OVMF build and memory management issues.",,False
qwen2.5:14b,A,10742,[Bug]: Misleading RFC 5970 Reference in Boot File URL Comment,networkpkg,bug,low,SaloniKasbekar,0.9,"The bug involves a misleading reference in a comment, which falls under replacing hardcoded values or references with existing constants.",,False
qwen2.5:14b,A,10741,[Bug]: Out-of-Bounds Memory Access in Percent-Decoding Routine,networkpkg,bug,high,SaloniKasbekar,0.9,"The bug involves a routine in the NetworkPkg and is related to memory access issues, which aligns with previous assignments for fixing hardcoded values or improving constants within this package.",,False
qwen2.5:14b,A,10740,[Bug]: CLANGDWARF Fails to Trigger Recompilation When Header Files Are Modified,build-or-ci-code,bug,low,deeglaze,0.95,The bug is related to CLANGDWARF build issues which matches previous CLANGPDB linker warning patterns.,,False
qwen2.5:14b,A,10739,[Bug]: CLANGDWARF Fails to Trigger Recompilation When Header Files Are Modified,build-or-ci-code,bug,low,deeglaze,0.95,The bug is related to CLANGDWARF build issues and matches historical patterns of deeglaze handling similar build or CI code problems.,,False
qwen2.5:14b,A,10727,[Bug]: Unclosed BlockIo2 Protocol during DiskIoDriverBindingStart Error Handling.,mdemodulepkg,bug,medium,YangGangUEFI,0.85,The bug is related to MDKModulePkg and involves error handling in a driver binding start function.,,False
qwen2.5:14b,A,10723,[Bug]: ShellPkg: ARMV9 support should be added to SmbioView command based on Type 4 processor information.,shellpkg,bug,medium,praveensankarn,0.95,The bug is related to adding ARMV9 support in SmbioView command for Type 4 processor information in ShellPkg.,praveensankarn,True
qwen2.5:14b,A,10719,[Bug]: distutils is deprecated,basetools,bug,medium,AshrafAliS,0.95,"The bug is related to BaseTools and deprecation of distutils, which aligns with previous high-priority issues handled by AshrafAliS.",,False
qwen2.5:14b,A,10701,[Bug]: AMD SEV-SNP: SVSM-populated secrets fields not respected,ovmfpkg,bug,medium,jxu023,0.9,The bug is related to AMD SEV-SNP which matches previous high-confidence assignments for similar SEV issues.,,False
qwen2.5:14b,A,10664,[Bug]: Should update openssl to 3.4.1 for CVE-2024-13176,cryptopkg,bug,low,liyi77,0.95,"The bug is related to updating OpenSSL in the CryptoPkg, which matches historical patterns for security updates.",liyi77,True
qwen2.5:14b,A,10663,[Bug]: [QEMU_EFI] Not Loading Network Protocol Drivers and http efi command,ovmfpkg,bug,low,AndreasBBS,0.95,"The bug involves QEMU_EFI and network protocol drivers, matching the pattern of issues related to combined OVMF and Network functionality.",AndreasBBS,True
qwen2.5:14b,A,10656,"[Bug]: [aarch64][QEMU_EFI] After CoreExitBootServices execution, the following error occurred:  Instruction abort: Translation fault, third level",armvirtpkg,bug,high,AndreasBBS,0.95,"The bug involves QEMU_EFI and network protocol drivers on aarch64, matching AndreasBBS's expertise with similar issues.",,False
qwen2.5:14b,A,10652,[Bug]: EmulatorPkg Page Allocation Failure,emulatorpkg,bug,medium,AshrafAliS,0.85,EmulatorPkg issues are typically handled by AshrafAliS based on historical patterns.,,False
qwen2.5:14b,A,10637,[Bug]: CLANGPDB linker warning /align without /driver,build-or-ci-code,bug,low,deeglaze,0.95,The warning is related to build or CI code and not specific to any package component.,deeglaze,True
qwen2.5:14b,A,10626,[Bug]: <title> DXE_ASSERT when issuing drvcfg command in UEFI Shell,shellpkg,bug,low,lgao4,0.95,"The bug is related to DXE core and involves an assertion in the UEFI Shell, matching lgao4's previous work on similar issues.",zhurui22,False
qwen2.5:14b,A,10605,[Bug]: Build parsing non target architecture PcdsFeatureFlag configuration,armvirtpkg,bug,medium,AshrafAliS,0.95,The bug is related to build configuration and parsing issues which aligns with AshrafAliS's historical pattern of handling BaseTools and similar build-related bugs.,,False
qwen2.5:14b,A,10583,[Bug]: BaseTools build failed on MinGW GCC on Windows,basetools,bug,medium,AshrafAliS,0.95,Historical pattern shows AshrafAliS handles BaseTools issues on Windows.,,False
qwen2.5:14b,A,10579,[Bug]: <Mismatch of EFI Conformance Profile Table GUID when UEFI application reads from EFI System Table>,mdepkg,bug,high,os-d,0.95,"The bug is related to MdePkg and involves EFI System Table GUID mismatch, which aligns with os-d's expertise in handling memory protection and consistency issues.",,False
qwen2.5:14b,A,10576,[Bug]: VirtioSerialDxe doesn't interface properly with Serial Consoles attached to Virtualization Framework VMs,ovmfpkg,bug,medium,AndreasBBS,0.95,"The bug involves VirtioSerialDxe and network protocol drivers in OvmfPkg, matching AndreasBBS's historical pattern for handling QEMU_EFI related issues.",,False
qwen2.5:14b,A,10557,BaseTools FMMT handle case where Parent.Data is none (previously easier bug report?),-,bug,high,bexcran,0.85,"The bug is related to BaseTools and FMMT, which matches the historical pattern of build or CI code issues.",AshrafAliS,False
qwen2.5:14b,A,10553,After openssl is upgraded facing __GNUC__  safe_math.h not found issue (Bugzilla Bug 4880),cryptopkg,bug,low,liyi77,0.95,The bug is related to openssl upgrade and safe_math.h issue in cryptopkg.,,False
qwen2.5:14b,A,10552,FMMT PEIM rebased FV feature Support (Bugzilla Bug 4879),basetools,bug,low,AshrafAliS,0.95,The bug is related to BaseTools and specifically mentions FMMT PEIM rebased FV feature Support.,,False
qwen2.5:14b,A,10551,Multi-workspace failure when sources outside $WORKSPACE (Bugzilla Bug 4878),-,bug,low,AshrafAliS,0.95,"The bug is related to BaseTools and involves handling of workspace sources, matching AshrafAliS's historical pattern for BaseTools issues.",,False
qwen2.5:14b,A,9550,BrotliCustomDecompressLib is not buildable (Bugzilla Bug 4877),mdemodulepkg,bug,high,lgao4,0.75,The bug is related to MdeModulePkg and does not match any specific rare assignees or historical patterns closely.,,False
qwen2.5:14b,A,10550,gBS->ExitBootServices  signals events more than once (Bugzilla Bug 4876),mdemodulepkg,bug,low,vit9696,0.85,"The bug involves ExitBootServices signaling events multiple times, which is related to memory protection and event handling in DXE core.",,False
qwen2.5:14b,A,9549,[HiiDatabase] Don't get default value correctly for Questions in BIT VarStore (Bugzilla Bug 4874),mdemodulepkg,bug,low,YangGangUEFI,0.95,The bug is related to HiiDatabase in MdeModulePkg and involves default value retrieval for Questions in BIT VarStore.,,False
qwen2.5:14b,A,9548,[MdeModulePkg|UEFIPayLoadPkg] Func SetPageTablePoolReadOnly not covering the 5-level-Paging case (Bugzilla Bug 4873),mdemodulepkg,bug,high,os-d,0.95,"The bug involves memory management and page table handling in MdeModulePkg, which aligns with os-d's expertise on OVMF build issues and memory protection features.",,False
qwen2.5:14b,A,10549,Handling of ShellOpt variable during initialization shouldn't imply null termination (Bugzilla Bug 4872),shellpkg,bug,low,YangGangUEFI,0.85,The bug is related to ShellOpt variable handling in UEFI shell initialization.,,False
qwen2.5:14b,A,10548,unresolved external symbol gettimeofday (Bugzilla Bug 4871),cryptopkg,bug,low,mdkinney,0.95,The bug is related to a build error with the CLANG compiler in cryptopkg.,,False
qwen2.5:14b,A,10547,"Revert ""BaseTools: Add Stack Cookie Support to MSVC and GCC IA32/X64/… (Bugzilla Bug 4870)",mdemodulepkg,bug,high,AshrafAliS,0.95,"The bug involves BaseTools and MSVC/GCC support, matching AshrafAliS's historical pattern of handling BaseTools issues.",,False
qwen2.5:14b,A,9547,MdePkg:Update Return Error Macro in Base.h to reduce potential code size increasing (Bugzilla Bug 4869),mdepkg,bug,high,os-d,0.95,"The bug is related to MdePkg and aims to reduce code size in Base.h, which aligns with common optimizations and internal data structure consistency issues handled by os-d.",,False
qwen2.5:14b,A,9546,CryptoPkg: Add MM_STANDALONE support in Driver and BaseCryptLibOnProtocolPpi (Bugzilla Bug 4867),cryptopkg,bug,low,ardbiesheuvel,0.95,"The bug is related to CryptoPkg and involves adding MM_STANDALONE support, which matches historical patterns for CLANG compiler build errors in this package.",,False
qwen2.5:14b,A,10544,MdePkg: Support more mock object for MockUefiBootServicesTableLib and MockUefiRuntimeServicesTableLib (Bugzilla Bug 4864),mdepkg,bug,low,AshrafAliS,0.95,"The bug is related to MdePkg and involves mock objects for UEFI services tables, which aligns with previous work by AshrafAliS on similar issues in BaseTools.",,False
qwen2.5:14b,A,9545,TDVF: TD_HOB is measured into both MRTD and RTMR0 (Bugzilla Bug 4863),ovmfpkg,bug,low,Vogtinator,0.95,The bug involves TCG2/TPM2 support on RISC-V which matches Vogtinator's expertise based on previous assignments.,,False
qwen2.5:14b,A,10543,Add support for SMBIOS spec 3.8.0  to Smbios.h (Bugzilla Bug 4861),mdepkg,bug,low,NingFengGit,0.95,"The bug is related to SMBIOS spec update in MdePkg, matching NingFengGit's previous work on similar issues.",,False
qwen2.5:14b,A,9544,FatPkg/FatPei: Simplify the GPT Header Check to Align with PartitionDxe Module (Bugzilla Bug 4860),fatpkg,bug,low,YangGangUEFI,0.85,"The bug is related to FatPkg and involves simplifying the GPT header check, which aligns with previous work on similar module issues.",,False
qwen2.5:14b,A,9543,StrSize() cannot return 0 (Bugzilla Bug 4859),-,bug,low,YangGangUEFI,0.85,The bug is related to a function in MdePkg and matches historical patterns for this assignee.,,False
qwen2.5:14b,A,10542,MdeModulePkg: SataController binding driver can check for DevicePath Protocol before starting (Bugzilla Bug 4858),mdemodulepkg,bug,low,YangGangUEFI,0.85,"The bug is related to MdeModulePkg and involves a binding driver issue, which matches historical patterns for YangGangUEFI.",,False
qwen2.5:14b,A,10541,Bios Setup knobs not able to retain the default value (Bugzilla Bug 4857),mdemodulepkg,bug,high,lgao4,0.85,"The bug is related to MdeModulePkg and involves setup knobs retaining default values, which matches previous lgao4 assignments for similar issues.",,False
qwen2.5:14b,A,9542,Fixing Descriptor Misalignment in USB Configuration Handling (Bugzilla Bug 4856),mdemodulepkg,bug,high,YangGangUEFI,0.85,The bug is related to USB configuration handling within MdeModulePkg and matches historical patterns for this type of issue.,,False
qwen2.5:14b,A,9541,HttpBootCallbackProtocol uninstall code in HttpBootImpl.c is bugged and fails to uninstall (Bugzilla Bug 4852),networkpkg,bug,low,SaloniKasbekar,0.9,The bug is related to the HttpBootCallbackProtocol in NetworkPkg and involves replacing a hardcoded value with an existing define constant.,,False
qwen2.5:14b,A,9540,ShellPkg: missing linefeed in reset message (Bugzilla Bug 4850),shellpkg,bug,low,YangGangUEFI,0.95,The bug is related to ShellPkg and involves a UI issue with the reset message.,,False
qwen2.5:14b,A,10539,add arm64 UEFI UPL support (Bugzilla Bug 4849),uefipayloadpkg,bug,high,AshrafAliS,0.95,The bug is related to UEFI payload package and involves adding support for arm64 architecture which aligns with AshrafAliS's historical pattern of handling such high-priority architectural feature requests.,,False
qwen2.5:14b,A,9539,Add VTUTF8 to Putty function key map (Bugzilla Bug 4848),mdemodulepkg,bug,low,YangGangUEFI,0.95,"The bug is related to Putty function key map in MdeModulePkg, which matches previous assignments to YangGangUEFI for similar UI and input handling issues.",,False
qwen2.5:14b,A,10538,Exception in Intel GCC platform with OpensslFullAccel library (Bugzilla Bug 4846),cryptopkg,bug,high,liyi77,0.95,"The bug involves an exception with OpensslFullAccel library in Intel GCC platform, matching the pattern of updating OpenSSL for CVEs.",,False
qwen2.5:14b,A,10537,OvmfPkg/Byhve has incomplete SMM support (Bugzilla Bug 4845),ovmfpkg,bug,low,Vogtinator,0.85,"The bug is related to SMM support in OvmfPkg, which Vogtinator has handled before.",,False
qwen2.5:14b,A,9538,CryptoPkg: should update openssl to 3.0.15 due to CVE-2024-6119 (Bugzilla Bug 4842),cryptopkg,bug,high,liyi77,1.0,"The bug is about updating openssl in CryptoPkg for a CVE, which matches the historical pattern of liyi77 handling such updates.",,False
qwen2.5:14b,A,10535,Add Reset Reason structure added in ACPI 6.5 (Bugzilla Bug 4839),mdepkg,bug,low,AshrafAliS,0.95,"The bug is related to MdePkg and involves adding a new structure for ACPI, which aligns with AshrafAliS's previous work on similar issues in BaseTools.",,False
qwen2.5:14b,A,9537,In BaseCryptLib has PeiCryptLib.inf file in that Valid Architectures is mentioned as IA32 X64. Whether AARCH64 is supported or not. (Bugzilla Bug 4838),cryptopkg,bug,low,mdkinney,0.95,"The bug is related to architecture support in BaseCryptLib, which falls under build configuration and compiler issues for CryptPkg.",,False
qwen2.5:14b,A,9536,Add BrainpoolP512r1 definition (Bugzilla Bug 4837),mdepkg,bug,low,lgao4,0.85,The bug is related to MdePkg and does not match any specific rare assignees or historical patterns closely.,,False
qwen2.5:14b,A,9535,Add error log messages if RngDxe/Hash2CryptoDxe not being installed causes Network failures (Bugzilla Bug 4836),networkpkg,bug,low,SaloniKasbekar,0.9,"The bug involves adding error log messages for missing dependencies in NetworkPkg, which matches the pattern of replacing hardcoded values with existing constants previously handled by SaloniKasbekar.",,False
qwen2.5:14b,A,10534,OVMF SEC firmware volume (FV) is not measured and PEI/DXE FVs are measured in the decompressed state (Bugzilla Bug 4835),ovmfpkg,bug,low,os-d,0.95,"The bug is related to firmware volume measurement in OVMF, which falls under memory protection and integrity verification.",,False
qwen2.5:14b,A,10533,index of array out of bound when debug (Bugzilla Bug 4834),securitypkg,bug,low,HunterChang030,0.9,"The bug is related to SecurityPkg and involves an array out of bound issue during debug, matching HunterChang030's historical pattern for handling OpalPassword issues in SecurityPkg.",,False
qwen2.5:14b,A,9534,New MAT logic causes some EfiRuntimeServicesCode regions to not have attributes set because they are not part of loaded images (Bugzilla Bug 4832),mdemodulepkg,bug,medium,vit9696,0.95,"The bug involves runtime services code regions not having attributes set after MAT logic changes, which relates to runtime driver execution and loading policies.",,False
qwen2.5:14b,A,9533,MdeModulePkg/Library/DxeCapsuleLibFmp: Module Variable of ESRT Table Might be Failed to Initialize due to Order of Event (Bugzilla Bug 4831),mdemodulepkg,bug,low,lgao4,0.85,The bug is related to MdeModulePkg and involves initialization order issues which matches previous lgao4 assignments.,,False
qwen2.5:14b,A,9532,Expose BrainpoolP512r1 support (Bugzilla Bug 4830),cryptopkg,bug,low,liyi77,0.95,"The bug is related to exposing BrainpoolP512r1 support in the CryptoPKG, which matches historical patterns of OpenSSL updates and security feature additions.",,False
qwen2.5:14b,A,9531,7f17a15 (2024/02/22) breaks building OVMF with -D NETWORK_ENABLE=0 (Bugzilla Bug 4829),ovmfpkg,bug,low,AndreasBBS,0.95,"The bug is related to building OVMF with NETWORK_ENABLE disabled, matching historical pattern of network protocol driver issues.",,False
qwen2.5:14b,A,9530,edk2-stable202405 breaks OVMF network boot support (Bugzilla Bug 4827),ovmfpkg,bug,low,AndreasBBS,0.95,The bug involves OVMF network boot support which matches historical pattern of QEMU_EFI and network protocol driver issues.,,False
qwen2.5:14b,A,9529,Some string and code logical are incorrect for SMBIOS Type9 (Bugzilla Bug 4826),shellpkg,bug,low,NingFengGit,0.95,The bug is related to SMBIOS Type9 in ShellPkg and matches the pattern of previous SMBIOS-related issues assigned to NingFengGit.,,False
qwen2.5:14b,A,9528,NetworkPkg: Improve GetBootFile() code flow (Bugzilla Bug 4825),networkpkg,bug,low,SaloniKasbekar,0.9,Improving code flow aligns with previous work on replacing hardcoded values with constants in NetworkPkg.,,False
qwen2.5:14b,A,9527,EAP Authentication Method will change to default value after fill in Identity ID (Bugzilla Bug 4824),networkpkg,bug,low,SaloniKasbekar,0.9,"The bug involves a change in default value after inputting Identity ID, which is likely related to hardcoded values or constants within the NetworkPkg.",,False
qwen2.5:14b,A,10532,Disable PR Gate Code Coverage (Bugzilla Bug 4819),-,bug,low,AshrafAliS,0.95,The bug is related to BaseTools and involves handling a specific case in FMMT.,,False
qwen2.5:14b,A,10531,Acpiview: Add support for parsing ACPI SPMI table (Bugzilla Bug 4818),shellpkg,bug,low,praveensankarn,0.95,"The bug is related to ShellPkg and specifically requests support for parsing an ACPI table in Acpiview, matching previous assignments of similar nature.",,False
qwen2.5:14b,A,10530,BDS boot time significantly increased due to CoreValidateHandle function on latest 8S server platform (Bugzilla Bug 4817),mdemodulepkg,bug,high,lgao4,0.85,"The bug is related to MdeModulePkg and involves a function affecting boot time, which aligns with previous lgao4 assignments for similar issues.",,False
qwen2.5:14b,A,9524,Support HTTP CONNECT message in Tx path. (Bugzilla Bug 4816),networkpkg,bug,low,SaloniKasbekar,0.9,"The bug is related to NetworkPkg and involves supporting a new feature in the Tx path, which aligns with previous assignments for modifying or enhancing network protocol drivers.",,False
qwen2.5:14b,A,9523,Some strings do not match SMBIOS Type0 spec (Bugzilla Bug 4813),shellpkg,bug,low,NingFengGit,0.95,The bug is related to SMBIOS Type0 strings in ShellPkg.,,False
qwen2.5:14b,A,9522,MdePkg/BaseLib: Optimize LOONGARCH64 csr usage (Bugzilla Bug 4812),mdepkg,bug,low,AshrafAliS,0.95,The bug is related to MdePkg/BaseLib optimization and matches historical patterns of AshrafAliS handling BaseTools or MdePkg optimizations.,,False
qwen2.5:14b,A,10528,UefiPayloadPkg:Modify the PCD PcieResizableBar to dynamic PCD (Bugzilla Bug 4808),uefipayloadpkg,bug,low,lgao4,0.75,The bug is related to UefiPayloadPkg and does not match any specific rare assignees or common patterns listed.,,False
qwen2.5:14b,A,10527,"The OVMF packages can not work properly when it was compiled with ""-D SECURE_BOOT_ENABLE=TRUE"" (Bugzilla Bug 4807)",ovmfpkg,bug,medium,os-d,0.95,"The bug is related to OVMF package and secure boot compilation issue, matching os-d's expertise in handling OVMF build issues.",,False
qwen2.5:14b,A,9521,Track HttpInstance URL buffer length (Bugzilla Bug 4806),networkpkg,bug,low,SaloniKasbekar,0.9,The bug involves tracking URL buffer length in HttpInstance which aligns with previous issues related to replacing hardcoded values with #define constants in NetworkPkg.,,False
qwen2.5:14b,A,10526,PcdDxeNxMemoryProtectionPolicy makes NX bit is not expected in EfiBootServicesCode (Bugzilla Bug 4805),mdemodulepkg,bug,low,os-d,0.95,The bug is related to memory protection policy in EfiBootServicesCode within MdeModulePkg.,,False
qwen2.5:14b,A,10525,calculation of len is not correct (Bugzilla Bug 4804),networkpkg,bug,low,SaloniKasbekar,0.9,The bug is related to incorrect calculation of len which matches the pattern of replacing hardcoded values with existing define constants in NetworkPkg.,,False
qwen2.5:14b,A,10523,BaseTools\Plugin\HostBasedUnitTestRunner: Reduce the number of unit test executions (Bugzilla Bug 4801),basetools,bug,low,AshrafAliS,0.95,"The bug is related to BaseTools and specifically mentions reducing unit test executions, which aligns with previous work by AshrafAliS on BaseTools improvements.",,False
qwen2.5:14b,A,9520,Enable Tcg2Acpi and Tcg2StandaloneMm in incoming x86 standalone mm (Bugzilla Bug 4799),securitypkg,bug,low,HunterChang030,0.9,"The bug is related to SecurityPkg and involves Tcg2Acpi and Tcg2StandaloneMm, matching HunterChang030's historical pattern of handling SecurityPkg issues.",,False
qwen2.5:14b,A,10521,Compilation error with GCC  when we set Compiler flag Wunused-but-set-variable (Bugzilla Bug 4798),basetools,bug,low,AshrafAliS,0.95,"The bug is related to BaseTools and involves a compilation error with GCC, matching AshrafAliS's historical pattern of handling such issues in BaseTools.",,False
qwen2.5:14b,A,9519,MdePkg/BaseLib: Fix an instruction write width error in LoongArch64 (Bugzilla Bug 4797),mdepkg,bug,low,os-d,0.95,"The bug is related to MdePkg and involves a specific architecture (LoongArch64), which aligns with os-d's expertise in handling such low-level issues within the package.",,False
qwen2.5:14b,A,9518,UefiCpuPkg/ExceptionHandler: Fix a context error in LoongArch64 (Bugzilla Bug 4796),ueficpupkg,bug,low,philnoh2,0.95,"The bug is related to UefiCpuPkg and specifically mentions a context error in LoongArch64, matching the pattern of previous CPU-related bugs assigned to philnoh2.",,False
qwen2.5:14b,A,10520,TCG platform level libaray (Bugzilla Bug 4795),securitypkg,bug,medium,HunterChang030,0.9,"The bug is related to SecurityPkg and involves TCG platform level library, matching HunterChang030's expertise in handling OpalPassword issues within SecurityPkg.",,False
qwen2.5:14b,A,9517,MCUD section data length is incorrect for 64-bit (Bugzilla Bug 4793),intelfsp2pkg,bug,low,praravin,0.95,The bug is related to IntelFsp2Pkg and specifically deals with configuration issues similar to previously handled bugs by praravin.,,False
qwen2.5:14b,A,9516,"HII display engine supports ""^"" and ""V"" for the up/down selection in pop up form (Bugzilla Bug 4790)",mdemodulepkg,bug,low,YangGangUEFI,0.95,"The bug is related to HII display engine and form handling, which falls under the common responsibilities of YangGangUEFI in MdeModulePkg.",,False
qwen2.5:14b,A,9515,MdeModulePkg/ACPI/AcpiTableDxe: Consume SOC related ACPI table from ACPI Silicon HOB. (Bugzilla Bug 4787),mdemodulepkg,bug,low,YangGangUEFI,0.95,"The bug is related to MdeModulePkg and involves ACPI table handling, matching previous assignments for similar issues in this package.",,False
qwen2.5:14b,A,10519,"PreProcess asl,nasm,etc files before Trim operation (Bugzilla Bug 4785)",basetools,bug,low,AshrafAliS,0.95,"The bug is related to BaseTools and involves preprocessing files before a Trim operation, matching AshrafAliS's historical pattern of handling BaseTools issues.",,False
qwen2.5:14b,A,10518,deleted certificate still in x509store (Bugzilla Bug 4784),networkpkg,bug,medium,SaloniKasbekar,0.9,The bug is related to the x590store in NetworkPkg and involves a hardcoded value issue.,,False
qwen2.5:14b,A,9513,GitHub CI PatchCheck.py false positive (Bugzilla Bug 4782),-,bug,low,AshrafAliS,0.95,"The bug is related to GitHub CI and PatchCheck.py, which matches the historical pattern of AshrafAliS handling BaseTools issues.",,False
qwen2.5:14b,A,10516,Add ACPI FADT table generator for X64 architecture (Bugzilla Bug 4781),dynamictablespkg,bug,low,AshrafAliS,0.95,"The bug is related to adding an ACPI FADT table generator for X64 architecture in DynamicTablePkg, which aligns with AshrafAliS's previous work on similar BaseTools issues.",,False
qwen2.5:14b,A,10515,Need to update outdated AMD SEV-SNP related data (Bugzilla Bug 4780),mdepkg,bug,low,jxu023,0.9,The bug involves updating AMD SEV-SNP data which is related to OvmfPkg and previous similar issues were handled by jxu023.,,False
qwen2.5:14b,A,9512,Shell command 'pci' for gen6 device show incorrect speed information (Bugzilla Bug 4779),shellpkg,bug,low,praveensankarn,0.95,"The bug is related to ShellPkg and incorrect speed information for a pci command, matching the pattern of previous issues handled by praveensankarn in ShellPkg.",,False
qwen2.5:14b,A,9511,MPlib have wrong expectation that bsp should be 0. (Bugzilla Bug 4778),ueficpupkg,bug,low,philnoh2,0.95,The bug is related to UEFI CPUPkg and specifically deals with BSP/AP issues.,,False
qwen2.5:14b,A,9510,non-ASCII characters from header file causing build error under specific scenario (Bugzilla Bug 4775),mdepkg,bug,low,os-d,0.95,"The bug is related to MdePkg and involves build errors due to non-ASCII characters, which aligns with previous issues handled by os-d.",,False
qwen2.5:14b,A,10513,"Tool build fail with ""VS2015"" (let ""TOOL_CHAIN_TAG = VS2015"" in Target.txt) (Bugzilla Bug 4774)",basetools,bug,low,bexcran,0.85,Historical pattern shows bexcran handles BaseTools related issues.,,False
qwen2.5:14b,A,10512,UEFIPayloadPkg: COREBOOT on Intel's x86_64 platform with UEFIPayload leads to ASSERTION (Bugzilla Bug 4772),uefipayloadpkg,bug,high,Vogtinator,0.95,UEFIPayloadPkg issues on Intel's x86_64 platform match Vogtinator's expertise with similar critical bugs.,,False
qwen2.5:14b,A,9509,Add FdtNorFlashQemuLib without hard code version in OmvfPkg (Bugzilla Bug 4770),ovmfpkg,bug,low,SaloniKasbekar,0.9,"The bug involves removing hardcoded version in OmvfPkg, matching the pattern of replacing hardcoded values with existing constants.",,False
qwen2.5:14b,A,9508,Undefined behavior in SmiManage() - reading uninitialized variable (Bugzilla Bug 4769),mdemodulepkg,bug,low,YangGangUEFI,0.85,"The bug is in MdeModulePkg and involves undefined behavior, matching historical patterns for this assignee.",,False
qwen2.5:14b,A,9507,Re-define GCC*_IA32_X64_DLINK_COMMON common-page-size=0x1000 (Bugzilla Bug 4767),-,bug,low,deeglaze,0.95,The bug involves re-defining a common-page-size in GCC*_IA32_X64_DLINK_COMMON which is related to linker settings and warnings.,,False
qwen2.5:14b,A,10510,Null Pointer dereference in Private Data Macros (Bugzilla Bug 4766),mdemodulepkg,bug,low,YangGangUEFI,0.85,"The bug is in MdeModulePkg and involves a null pointer dereference, which aligns with previous bugs assigned to YangGangUEFI.",,False
qwen2.5:14b,A,10509,SEGV at edk2/OvmfPkg/Library/VirtioLib/VirtioLib.c in VirtioRingUninit (Bugzilla Bug 4765),ovmfpkg,bug,low,jxu023,0.9,"The bug is related to SEGV in VirtioLib which likely involves virtualization and secure virtual environments (SEV), matching jxu023's expertise with similar issues.",,False
qwen2.5:14b,A,10508,SEGV  at edk2/MdeModulePkg/Universal/Variable/RuntimeDxe/Variable.c in FindVariable (Bugzilla Bug 4764),mdemodulepkg,bug,low,os-d,0.95,"The bug is related to a segmentation fault in the Variable module of MdeModulePkg, which falls under memory management and runtime issues typically handled by os-d.",,False
qwen2.5:14b,A,9506,PatchFv.py unable to find Symbols from Map file for 32 BIT GCC Builds (Bugzilla Bug 4762),intelfsp2pkg,bug,low,AshrafAliS,0.95,The bug is related to BaseTools and specifically involves handling of Map files for GCC builds.,,False
qwen2.5:14b,A,10507,SBOM support (Bugzilla Bug 4758),-,bug,medium,AshrafAliS,0.95,SBOM support is a new feature request that does not fit into existing package-specific bug types and likely requires cross-package coordination.,,False
qwen2.5:14b,A,9504,[TDVF] TDVF README is a bit outdated (Bugzilla Bug 4756),ovmfpkg,bug,low,AshrafAliS,0.95,"The bug is related to updating the TDVF README in OvmfPkg, which aligns with previous high-priority BaseTools updates handled by AshrafAliS.",,False
qwen2.5:14b,A,9503,QemuFwCfgLibMmio needs PEI version. (Bugzilla Bug 4755),ovmfpkg,bug,low,AndreasBBS,0.95,"The bug is related to QEMU_EFI and network protocol drivers, matching AndreasBBS's historical pattern of handling such issues.",,False
qwen2.5:14b,A,10506,EfiDhcp6Stop() may loop indefinitely (Bugzilla Bug 4754),networkpkg,bug,low,SaloniKasbekar,0.9,"The bug is related to NetworkPkg and involves a potential infinite loop in EfiDhcp6Stop(), which matches the pattern of previous bugs handled by SaloniKasbekar for replacing hardcoded values with constants or similar issues.",,False
qwen2.5:14b,A,9502,[TDVF] Move TdTcg2Dxe and HashLibTdx from SecurityPkg to OvmfPkg (Bugzilla Bug 4752),securitypkg,bug,low,HunterChang030,0.9,The bug involves moving components from SecurityPkg to OvmfPkg and HunterChang030 has previously handled similar issues in SecurityPkg.,,False
qwen2.5:14b,A,10504,"After enable TXT & DMA & Opt-In Flag & Secure boot, enter into Windows Server, SUT will reset (Bugzilla Bug 4751)",mdemodulepkg,bug,high,wenbhou,0.95,The bug involves TXT and secure boot features which are typically handled in MdeModulePkg with high priority.,,False
qwen2.5:14b,A,10502,NULL pointer de-reference (Bugzilla Bug 4748),mdemodulepkg,bug,low,EricGao2015,0.8,Historical pattern shows EricGao2015 handles NULL pointer de-reference bugs in MdeModulePkg.,,False
qwen2.5:14b,A,10501,USB Mouse Support missing in OvmfPkg and ArmVirtPkg (Bugzilla Bug 4747),armpkg,bug,low,YangGangUEFI,0.85,The bug is related to OvmfPkg and ArmVirtPkg which are common in UEFI setup issues handled by YangGangUEFI.,,False
qwen2.5:14b,A,9501,Basetools recurses NULL includes when collecting library instances for modules (Bugzilla Bug 4744),mdemodulepkg,bug,low,AshrafAliS,0.95,The bug is related to BaseTools and involves a specific issue with NULL includes when collecting library instances for modules.,,False
qwen2.5:14b,A,10500,No error handling for LocateProtocol failure in FirmwarePerformanceCommonEntryPoint() for RELEASE build (Bugzilla Bug 4743),mdemodulepkg,bug,low,YangGangUEFI,0.95,The bug is related to MdeModulePkg and lacks error handling for LocateProtocol failure in a specific function.,,False
qwen2.5:14b,A,9500,Rsapss implementation has cross dependency with other apis in CryptoPkg/BaseCryptLibMbedTls (Bugzilla Bug 4742),cryptopkg,bug,low,mdkinney,0.95,The bug is related to a build error with the CLANG compiler in CryptoPkg.,,False
qwen2.5:14b,A,9499,Update Md5/Sha1/Sha2 by using the new API from Mbedtls in BasecryptoMbedtls (Bugzilla Bug 4741),cryptopkg,bug,low,liyi77,0.95,"The bug involves updating OpenSSL APIs in BasecryptoMbedtls, matching liyi77's historical pattern of handling OpenSSL updates and security patches.",,False
qwen2.5:14b,A,9498,Need update OPTIONAL location in CryptoPkg/BasecryptLibMbedtls (Bugzilla Bug 4740),cryptopkg,bug,low,liyi77,0.95,The bug is related to updating a location in CryptoPkg/BasecryptLibMbedtls for CVE-2024-13176.,,False
qwen2.5:14b,A,9497,TLS HandShake Error in KMIP server. (Bugzilla Bug 4739),cryptopkg,bug,low,liyi77,0.95,TLS HandShake Error in KMIP server is related to OpenSSL update and security issues within the cryptopkg.,,False
qwen2.5:14b,A,9496,Update smbiosview type4 with SMBIOS 3.6 fields (Bugzilla Bug 4737),shellpkg,bug,low,praveensankarn,0.95,The bug is related to updating SMBIOS Type 4 fields in SmbioView command within ShellPkg.,,False
qwen2.5:14b,A,10498,NetworkPkg/WifiConnectionManagerDxe: Should not call HiiGetBrowserData() in FORM_OPEN action callback (Bugzilla Bug 4736),networkpkg,bug,low,SaloniKasbekar,0.9,The bug involves replacing a hardcoded value with an existing define constant in NetworkPkg.,,False
qwen2.5:14b,A,9495,SecurityPkg\OpalPasswordDxe: BrowserCallback() cannot be used within FORM_OPEN browser action (Bugzilla Bug 4735),securitypkg,bug,low,HunterChang030,0.95,The bug is related to SecurityPkg and involves incorrect DeviceList handling in OpalPassword.,,False
qwen2.5:14b,A,9494,Add LoongArch libraries and drivers into UefiCpuPkg (Bugzilla Bug 4734),ueficpupkg,bug,low,AshrafAliS,0.95,"The bug is related to adding LoongArch libraries and drivers into UefiCpuPkg, which does not match any specific historical pattern but requires expertise in handling new architectures within the package.",,False
qwen2.5:14b,A,9492,Tcg2Pei: Assert issue in SyncPcrAllocationsAndPcrMask() with a specific configuration (Bugzilla Bug 4731),securitypkg,bug,low,HunterChang030,0.9,"The bug is related to SecurityPkg and specifically mentions an assert issue in a component (Tcg2Pei), matching HunterChang030's previous work on similar issues within the SecurityPkg.",,False
qwen2.5:14b,A,10496,Private package dec sections not available when overriding component EFI_GUID (Bugzilla Bug 4730),basetools,bug,low,AshrafAliS,0.95,"The bug is related to BaseTools and involves handling of package dec sections, matching AshrafAliS's historical pattern for BaseTools issues.",,False
qwen2.5:14b,A,10495,EFI_SIMPLE_NETWORK_PROTOCOL.Reset() returns incorrect status code (Bugzilla Bug 4729),networkpkg,bug,low,SaloniKasbekar,0.9,The bug involves a protocol status code issue in EFI_SIMPLE_NETWORK_PROTOCOL which falls under the NetworkPkg and matches historical patterns of replacing hardcoded values with existing constants.,,False
qwen2.5:14b,A,10494,MdeModulePkg: Increase 1ms extra delay for xHCI register accesses after it issues HCRST. (Bugzilla Bug 4727),mdemodulepkg,bug,low,YangGangUEFI,0.95,"The bug is related to MdeModulePkg and involves a specific delay for xHCI register accesses, matching historical patterns of YangGangUEFI handling such hardware-related issues in this package.",,False
qwen2.5:14b,A,9491,There are a lot of file names in the INF that are not in alphabetical order (Bugzilla Bug 4726),ueficpupkg,bug,low,YangGangUEFI,0.95,"The bug is related to file naming conventions in INF files within UefiCpuPkg, which aligns with previous assignments of YangGangUEFI for similar issues.",,False
qwen2.5:14b,A,10493,PcdFspMeasurementConfig should be dynamic PCD and support update in runtime (Bugzilla Bug 4725),intelfsp2wrapperpkg,bug,low,praravin,0.95,"The bug is related to IntelFsp2WrapperPkg and specifically mentions PcdFspMeasurementConfig, which matches the historical pattern of praravin handling similar issues in Intelfsp2pkg.",,False
qwen2.5:14b,A,10492,FSPm binary measurement uses TcgPpiNotify which will measure binary by flash address (Bugzilla Bug 4716),intelfsp2wrapperpkg,bug,low,Vogtinator,0.95,"The bug involves TCG PPI Notify and FSPm binary measurement, matching Vogtinator's expertise with TCG2/TPM2 support on RISC-V.",,False
qwen2.5:14b,A,9490,SecurityPkg/SecureBootConfigDxe: Should not call HiiGetBrowserData() in FORM_OPEN action callback (Bugzilla Bug 4713),securitypkg,bug,low,HunterChang030,0.9,"The bug is related to SecurityPkg and involves incorrect handling of HiiGetBrowserData(), matching HunterChang030's pattern for similar issues in the same package.",,False
qwen2.5:14b,A,9489,Refine REST JSON C Structure DXE driver (Bugzilla Bug 4711),redfishpkg,bug,medium,mikebeaton,0.95,"The bug is related to RedfishPkg and refining a C structure driver, which matches the pattern of common RedfishPkg tasks handled by mikebeaton.",,False
qwen2.5:14b,A,10491,PeiFspMemoryInit SourceData is untrusted (Bugzilla Bug 4705),intelfsp2wrapperpkg,bug,low,Vogtinator,0.75,The bug is related to Intel FSP2 Wrapper Package which has been handled by Vogtinator in the past for similar issues.,,False
qwen2.5:14b,A,10490,MeasureFspFirmwareBlobWithCfg possibility of overflow/wraparound on HashBase and HashSize (Bugzilla Bug 4704),intelfsp2wrapperpkg,bug,low,Vogtinator,0.95,"The bug is related to Intel FSP2 Wrapper Package and involves a potential overflow issue in firmware measurement, matching Vogtinator's expertise with TCG/TPM on RISC-V.",,False
qwen2.5:14b,A,10489,MeasureFspFirmwareBlob does not check input parameters (Bugzilla Bug 4703),-,bug,low,lgao4,0.75,"The bug is related to input parameter checking in a firmware blob measurement function, which does not match any specific rare assignees but aligns with general MdePkg or DXE core issues handled by lgao4.",,False
qwen2.5:14b,A,10488,PeiFspMemoryInit lacks error handling for release builds (Bugzilla Bug 4702),intelfsp2wrapperpkg,bug,low,Vogtinator,0.85,IntelFsp2WrapperPkg is related to FSP (Fast Startup Pack) which Vogtinator has handled before.,,False
qwen2.5:14b,A,9488,FspmWrapperInit lacks error handling for release builds (Bugzilla Bug 4701),intelfsp2wrapperpkg,bug,low,praravin,0.95,The bug is related to IntelFsp2WrapperPkg which matches the pattern of a specific sub-component (Configuring TemporaryRamSize) handled by praravin in Intelfsp2pkg.,,False
qwen2.5:14b,A,9487,No check on return value for TpmMeasureAndLogDataWithFlags() (Bugzilla Bug 4700),intelfsp2wrapperpkg,bug,low,Vogtinator,0.85,The bug is related to TpmMeasureAndLogDataWithFlags() which Vogtinator has previously handled TPM2 issues on RISC-V.,,False
qwen2.5:14b,A,9486,Delete PK is failing (Bugzilla Bug 4699),securitypkg,bug,low,HunterChang030,0.9,"The bug is related to SecurityPKG and involves PK deletion, matching HunterChang030's historical pattern of handling OpalPassword issues in SecurityPKG.",,False
qwen2.5:14b,A,9485,Deprecated Crypto Algorithm Used for PRNG (Bugzilla Bug 4698),cryptopkg,bug,low,liyi77,0.95,The bug is related to a deprecated crypto algorithm in the PRNG of cryptopkg.,,False
qwen2.5:14b,A,9483,[TDVF] RBP register shall be cleared in TDVMCALL (Bugzilla Bug 4696),ovmfpkg,bug,low,yechao-w,0.95,The bug is related to OvmfPkg and involves a TDVF issue which matches yechao-w's historical pattern of handling such bugs.,,False
qwen2.5:14b,A,9482,PatchCheck does not generate an error if there are no Cc lines present in commit message (Bugzilla Bug 4694),basetools,bug,low,AshrafAliS,0.95,"The bug is related to BaseTools and PatchCheck functionality, matching AshrafAliS's historical pattern of handling BaseTools issues.",,False
qwen2.5:14b,A,9481,PatchCheck silently ignores commit message signature check errors (Bugzilla Bug 4693),basetools,bug,low,AshrafAliS,0.95,"The bug is related to BaseTools and involves a specific feature (PatchCheck), matching AshrafAliS's historical pattern of handling BaseTools issues.",,False
qwen2.5:14b,A,9480,PatchCheck silently ignores commit message signature check errors (Bugzilla Bug 4692),basetools,bug,low,AshrafAliS,0.95,"The bug is related to BaseTools and involves a specific feature (PatchCheck), matching AshrafAliS's historical pattern of handling BaseTools issues.",,False
qwen2.5:14b,A,10487,Bit width of gEventPending is larger than gEventQueue[] array size (Bugzilla Bug 4691),mdemodulepkg,bug,low,YangGangUEFI,0.95,"The bug is related to MdeModulePkg and involves a specific component or array size issue, matching historical patterns for YangGangUEFI.",,False
qwen2.5:14b,A,10486,UsbBusDxe SetConfig Failure (Bugzilla Bug 4690),mdemodulepkg,bug,low,YangGangUEFI,0.85,The bug is related to UsbBusDxe in MdeModulePkg and matches historical patterns for this package.,,False
qwen2.5:14b,A,10485,GetInfo() of Adapter Information Protocol should have a provision for IHV to return no data for UEFI Spec compliance 2.9 (Bugzilla Bug 4688),mdepkg,bug,low,YangGangUEFI,0.95,"The bug is related to MdePkg and Adapter Information Protocol, matching historical patterns for this assignee.",,False
qwen2.5:14b,A,10484,Form Browser doesn't handle all EFI_BROWSER_ACTION_REQUEST correctly (Bugzilla Bug 4687),mdemodulepkg,bug,low,YangGangUEFI,0.95,The bug is related to Form Browser in MdeModulePkg and matches historical patterns of similar issues assigned to YangGangUEFI.,,False
qwen2.5:14b,A,10483,VFR `password` element doesn't work without the INTERACTIVE flag (Bugzilla Bug 4686),mdemodulepkg,bug,low,YangGangUEFI,0.95,The bug is related to VFR password element in MdeModulePkg which matches previous assignments to YangGangUEFI for similar issues.,,False
qwen2.5:14b,A,10482,NULL Pointer dereference in file lookup (Bugzilla Bug 4685),shellpkg,bug,low,zhurui22,0.85,The bug involves a NULL Pointer dereference in file lookup within ShellPkg.,,False
qwen2.5:14b,A,10481,Buffer Underflow when performing shell command lookup (Bugzilla Bug 4684),shellpkg,bug,low,praveensankarn,0.85,"The bug is related to ShellPkg and involves a buffer underflow in command lookup, which aligns with previous issues handled by praveensankarn within the same package.",,False
qwen2.5:14b,A,9479,Unit tests that generate an exception may be seen as passing unit test (Bugzilla Bug 4683),mdepkg,bug,low,os-d,0.95,"The bug is related to MdePkg and involves unit tests generating exceptions, which aligns with os-d's expertise in handling MdePkg issues.",,False
qwen2.5:14b,A,9478,"regression from commit 725acd0b9cc0 when ""gSmmBaseHobGuid"" GUID HOB is absent -- NULL ptr deref in PiSmmCpuDxeSmm (Bugzilla Bug 4682)",ueficpupkg,bug,low,philnoh2,0.95,"The bug is related to a regression in PiSmmCpuDxeSmm within UefiCpuPkg, matching the specific expertise of philnoh2.",,False
qwen2.5:14b,A,9477,Packet->Length is not updated before being used by Dhcp6AppendIaAddrOption to safely know it can append. (Bugzilla Bug 4681),networkpkg,bug,low,SaloniKasbekar,0.9,"The bug involves updating a value before use, which matches the pattern of replacing hardcoded values with existing constants in NetworkPkg.",,False
qwen2.5:14b,A,9476,BaseTools/Scripts/PatchCheck: Validate author email (Bugzilla Bug 4680),basetools,bug,low,AshrafAliS,0.95,The bug is related to BaseTools and involves a script validation issue.,,False
qwen2.5:14b,A,9475,BaseTools/Scripts/PatchCheck: Check for commits spanning package boundaries (Bugzilla Bug 4679),basetools,bug,low,AshrafAliS,0.95,"The bug is related to BaseTools and involves a script issue, matching AshrafAliS's historical pattern of handling BaseTools scripts.",,False
qwen2.5:14b,A,10480,Form browser incorrectly handles changing element data to the same value (Bugzilla Bug 4678),mdemodulepkg,bug,low,YangGangUEFI,0.95,"The bug is related to form browser handling in MdeModulePkg, which matches previous assignments to YangGangUEFI for similar issues.",,False
qwen2.5:14b,A,9474,Potential UINT32 overflow and subsequent divide by 0 (Bugzilla Bug 4677),mdemodulepkg,bug,low,lgao4,0.75,The bug is related to MdeModulePkg and involves a potential overflow issue which matches previous lgao4 assignments.,,False
qwen2.5:14b,A,10479,SychonizationLib mapping missing from FmpDevicePkg and NetworkPkg (Bugzilla Bug 4675),mdepkg,bug,low,SaloniKasbekar,0.9,The bug involves replacing hardcoded values with existing #define constants in NetworkPkg.,,False
qwen2.5:14b,A,10478,FreePages of runtime memory fails when HeapGuard is enabled (allocation is wrongly aligned) (Bugzilla Bug 4674),-,bug,low,os-d,0.95,"The bug is related to FreePages and runtime memory allocation issues in the context of HeapGuard, which aligns with os-d's expertise on OVMF build and memory management.",,False
qwen2.5:14b,A,9473,edk2/NetworkPkg: Out-of-bounds read when processing IA_NA/IA_TA options in a DHCPv6 Advertise message (Bugzilla Bug 4673),networkpkg,bug,low,BritChesley,0.95,The bug involves a code quality issue related to out-of-bounds read in NetworkPkg.,,False
qwen2.5:14b,A,10476,edk2 - compilation errors due to implicit type conversions on EmbeddedPkg (Bugzilla Bug 4669),embeddedpkg,bug,low,AshrafAliS,0.95,The bug is related to compilation errors in EmbeddedPkg which has been historically handled by AshrafAliS.,,False
qwen2.5:14b,A,9472,edk2 - Compilation error due to arithmetic operation on void pointer in EmbeddedPkg (Bugzilla Bug 4668),embeddedpkg,bug,low,AshrafAliS,0.95,The bug is related to BaseTools and involves a compilation error in EmbeddedPkg.,,False
qwen2.5:14b,A,9471,edk2 - Basetools SyntaxWarning: invalid escape sequence '\C' while building EmbeddedPkg (Bugzilla Bug 4666),basetools,bug,low,AshrafAliS,0.95,"The bug is related to Basetools syntax warning during EmbeddedPkg build, matching AshrafAliS's historical pattern of handling BaseTools issues.",,False
qwen2.5:14b,A,9470,Add LoongArch help functions and defines in MdePkg and move some ArmVirtPkg libraries and PCDs to OvmfPkg (Bugzilla Bug 4663),mdepkg,bug,low,os-d,0.95,"The bug involves adding LoongArch help functions and moving PCDs to OvmfPkg, which is related to MdePkg and architecture-specific changes.",,False
qwen2.5:14b,A,9469,Refine Crypto macro define for CRYPTO_PROTOCOL_SUPPORT (Bugzilla Bug 4661),uefipayloadpkg,bug,low,ardbiesheuvel,0.85,The bug is related to Crypto macro define in UefiPayloadPkg which falls under the Cryptography package and requires handling specific to compiler or build macros.,,False
qwen2.5:14b,A,10475,Update return value of *GET_IMAGE_INFO/GET_IMAGE to align with UEFI spec 2.10 (Bugzilla Bug 4660),fmpdevicepkg,bug,low,YangGangUEFI,0.85,"The bug is related to FMPDevicePkg and aligning with UEFI spec, which matches historical patterns for YangGangUEFI.",,False
qwen2.5:14b,A,9468,DXE Core system time runs faster than expected when using PcAtChipsetPkg/HpetTimerDxe (Bugzilla Bug 4659),pcatchipsetpkg,bug,low,Vogtinator,0.95,"The bug is related to system time in PcAtChipsetPkg/HpetTimerDxe, matching Vogtinator's expertise with TCG2/TPM2 support on RISC-V.",,False
qwen2.5:14b,A,9467,edk2 - Basetools invalid escape sequence warning from Trim.py during edk2 builds (Bugzilla Bug 4657),basetools,bug,low,AshrafAliS,0.95,"The bug is related to BaseTools and Trim.py, which matches the historical pattern of AshrafAliS handling BaseTools issues.",,False
qwen2.5:14b,A,9466,New fields have been added in SPCR structure based on Revision 4 SPCR table. (Bugzilla Bug 4656),mdepkg,bug,low,NingFengGit,0.95,"The bug involves changes to the SPCR structure in MdePkg, matching NingFengGit's previous work on similar issues in ShellPkg and Var Store.",,False
qwen2.5:14b,A,9465,UFS device Init fail in PEI phase. (Bugzilla Bug 4655),mdemodulepkg,bug,low,YangGangUEFI,0.85,The bug is related to UFS device initialization in PEI phase within MdeModulePkg.,,False
qwen2.5:14b,A,9463,MdeModulePkg/Core/DxeIplPeim: Enhance the Code in DxeIplFindDxeCore Function (Bugzilla Bug 4653),mdemodulepkg,bug,low,YangGangUEFI,0.85,"The bug is related to MdeModulePkg and involves code enhancement in a specific function, matching historical patterns for this package.",,False
qwen2.5:14b,A,9462,PciIoMap does not return status from mIoMmuProtocol->SetAttribute (Bugzilla Bug 4652),mdemodulepkg,bug,low,YangGangUEFI,0.85,The bug is related to MdeModulePkg and does not match any specific rare assignees or unique patterns.,,False
qwen2.5:14b,A,10473,FirmwarePerformaceCommonEntryPoint code improvement (Bugzilla Bug 4651),-,bug,low,AshrafAliS,0.95,"The bug is related to BaseTools and involves code improvement, matching AshrafAliS's historical pattern of handling BaseTools issues.",,False
qwen2.5:14b,A,10472,Link error would not stop building because of the linker option -Wno-error (Bugzilla Bug 4643),-,bug,low,deeglaze,0.95,"The bug involves a linker option and warning behavior, matching the historical pattern of deeglaze handling CLANGPDB linker issues.",,False
qwen2.5:14b,A,9461,CryptoPkg: Clang build error: inttypes.h not found (Bugzilla Bug 4642),cryptopkg,bug,low,mdkinney,0.95,"The bug is related to a Clang build error in CryptoPkg, matching the historical pattern of mdkinney handling such issues.",,False
qwen2.5:14b,A,10471,OvmfPkg: UEFI Shell shouldn't be available when Secure Boot is enabled (Bugzilla Bug 4641),ovmfpkg,bug,low,vit9696,0.85,The bug is related to UEFI Shell availability under Secure Boot which falls under runtime driver execution policies post EndOfDxe phase.,,False
qwen2.5:14b,A,10470,EFI_HII_CONFIG_ROUTING_PROTOCOL.ExportConfig() doesn't show efivarstore (Bugzilla Bug 4639),mdemodulepkg,bug,low,YangGangUEFI,0.95,The bug is related to EFI_HII_CONFIG_ROUTING_PROTOCOL in MdeModulePkg and matches historical patterns for this component.,,False
qwen2.5:14b,A,9460,Enable config editor tool to have a new feature that can load and view the configuration data of compiled VFR or HFR in form of YAML. (Bugzilla Bug 4638),intelfsp2pkg,bug,low,YangGangUEFI,0.85,"The bug is related to a feature in the config editor tool for VFR or HFR files, which falls under UI and form handling within MdeModulePkg.",,False
qwen2.5:14b,A,10469,[MdePkg/BaseCacheMaintenanceLib][RiscVCache] Assert when CMO is disabled. (Bugzilla Bug 4637),mdepkg,bug,low,yechao-w,0.95,"The bug is related to MdePkg and RiscVCache, matching yechao-w's expertise in OvmfPkg and RISC-V issues.",,False
qwen2.5:14b,A,9459,No need to check SCI status in UPL (Bugzilla Bug 4636),uefipayloadpkg,bug,low,lgao4,0.85,The bug is related to UPL package which does not match any specific historical pattern but lgao4 has handled similar low priority bugs before.,,False
qwen2.5:14b,A,9458,Add a PCD to be able to skip microcode patch load (Bugzilla Bug 4635),intelfsp2pkg,bug,low,Vogtinator,0.85,"The bug is related to Intel FSP2PKG and involves adding a PCD for microcode patch load control, which matches Vogtinator's expertise in handling such specific configurations.",,False
qwen2.5:14b,A,9457,CryptoPkg: SmmCryptLib consumed RngLib but not add it to [LibraryClasses] (Bugzilla Bug 4634),cryptopkg,bug,low,ardbiesheuvel,0.95,The bug is related to CryptoPkg and involves a build or library class issue.,,False
qwen2.5:14b,A,9456,Capsule.py does not handle OEM_CAPSULE_FLAGS parsed by FdfParser.py (Bugzilla Bug 4633),basetools,bug,low,AshrafAliS,0.95,The bug is related to BaseTools and specifically involves Capsule.py and FdfParser.py interaction.,,False
qwen2.5:14b,A,9455,CryptoPkg: stdint.h included multiple times error (Bugzilla Bug 4632),cryptopkg,bug,high,ardbiesheuvel,0.95,The bug is related to a build error in CryptoPkg which matches the pattern of CLANG compiler errors handled by ardbiesheuvel.,,False
qwen2.5:14b,A,9454,Fix the hardcoded TLS cofiguration data in Httpsupport.c when initial TLS sesssion for HTTPs (Bugzilla Bug 4631),networkpkg,bug,high,SaloniKasbekar,0.9,The bug involves replacing hardcoded TLS configuration data with existing #define constants in Httpsupport.c.,,False
qwen2.5:14b,A,9453,CryptoPkg: Gcc build error of MbedtlsLib Rsa (Bugzilla Bug 4630),cryptopkg,bug,high,mdkinney,0.95,"The bug is related to a GCC build error in CryptoPkg, matching the pattern of previous high-priority CLANG compiler errors assigned to mdkinney.",,False
qwen2.5:14b,A,10467,No debug log output into serial port in mRscHandlerProtocol->Register() function if the DebugLib|MdeModulePkg/Library/PeiDxeDebugLibReportStatusCode/PeiDxeDebugLibReportStatusCode.inf is invoked (Bugzilla Bug 4628),mdemodulepkg,bug,high,os-d,0.95,The bug is related to DebugLib in MdeModulePkg and involves memory protection or logging issues.,,False
qwen2.5:14b,A,10466,Subtle potential buffer overrun in file SafeString.c (Bugzilla Bug 4627),mdepkg,bug,low,os-d,0.95,"The bug is related to MdePkg and involves a potential buffer overrun in SafeString.c, which aligns with os-d's expertise in handling memory protection and consistency issues.",,False
qwen2.5:14b,A,10465,Incorrect HEST Revision Number for APCI 6.5 (Bugzilla Bug 4626),-,bug,low,Vogtinator,0.85,HEST Revision Number issue is related to TCG2/TPM2 support on RISC-V which Vogtinator handled previously.,,False
qwen2.5:14b,A,10464,Missing NULL pointer check on allocating memory for Redfish discovered information fields (Bugzilla Bug 4625),redfishpkg,bug,low,mikebeaton,0.95,The bug is related to RedfishPkg and involves a NULL pointer check issue.,,False
qwen2.5:14b,A,10463,Python FMMT tool does not support automatically select FMMTConf.ini file which saves GuidTool settings. (Bugzilla Bug 4624),basetools,bug,low,AshrafAliS,0.95,"The bug is related to BaseTools and FMMT functionality, matching AshrafAliS's historical pattern of handling BaseTools issues.",,False
qwen2.5:14b,A,9452,RELEASE CLANGPDB OVMF will not compile (Bugzilla Bug 4620),ovmfpkg,bug,medium,os-d,0.95,"The bug is related to OVMF compilation issues with CLANGPDB, matching historical patterns of memory protection and build failures within OvmfPkg.",,False
qwen2.5:14b,A,10462,edk2-stable202311 has been added but cannot yet be selected in this bugtracker (Bugzilla Bug 4618),-,bug,low,AshrafAliS,0.95,"The bug is related to BaseTools and specifically mentions FMMT, matching AshrafAliS's historical pattern of handling such issues.",,False
qwen2.5:14b,A,9451,CLANGDWARF OVMF package builds but will not run since commit 140e4422b16482f0bcafdc20d42141434d450450 (Bugzilla Bug 4617),ovmfpkg,bug,low,os-d,0.95,"The bug is related to OVMF package build issues and runtime failures since a specific commit, matching os-d's expertise in handling memory protection and FreePages() issues.",,False
qwen2.5:14b,A,9450,mbedtls crypto SHA384 buffer misuse (Bugzilla Bug 4616),cryptopkg,bug,high,liyi77,0.95,"The bug is related to mbedtls crypto SHA384 buffer misuse in the cryptopkg package, which matches historical patterns for security and update issues within this package.",,False
qwen2.5:14b,A,10461,Assert in PageTableMap function (Bugzilla Bug 4614),ueficpupkg,bug,low,os-d,0.95,"The bug is related to a memory management function in UEFI Core Package, which falls under the responsibility of handling memory protection and consistency issues.",,False
qwen2.5:14b,A,9448,[BaseLib][RiscV64]InternalSwitchStack has a bug that cannot pass context to EntryPoint (Bugzilla Bug 4611),mdepkg,bug,high,yechao-w,0.95,The bug is related to RiscV64 in BaseLib which falls under MdePkg and previous similar issues were handled by yechao-w.,,False
qwen2.5:14b,A,9447,Google Test tests don't support multiple source files (Bugzilla Bug 4610),unittestframeworkpkg,bug,low,lgao4,0.85,The bug is related to the UnitTestFrameworkPkg and there's no specific historical pattern or rare assignee that matches this package exactly.,,False
qwen2.5:14b,A,9446,CalculateCrc16Ansi miscalculates the checksum (Bugzilla Bug 4609),mdepkg,bug,low,os-d,0.95,"The bug is related to MdePkg and involves a calculation error in a checksum function, which aligns with os-d's expertise in handling low-level issues within MdePkg.",,False
qwen2.5:14b,A,9445,edk2-redfish-client: Enhance the implementation of getting etag and @Redfish.Settings anootation URI (Bugzilla Bug 4608),-,bug,low,mikebeaton,0.95,"The bug is related to edk2-redfish-client and involves enhancing the implementation of getting etag and @Redfish.Settings annotation URI, which aligns with RedfishPkg work.",,False
qwen2.5:14b,A,9444,Add PCD to assign Redfish service port (Bugzilla Bug 4607),redfishpkg,bug,low,mikebeaton,0.95,"The bug is related to RedfishPkg and involves adding a PCD for the service port, which aligns with previous RedfishPkg tasks handled by mikebeaton.",,False
qwen2.5:14b,A,10460,edk2-redfish-client: Enhance RedfishClientPkg debug capability (Bugzilla Bug 4606),-,bug,medium,mikebeaton,0.95,"The bug is related to RedfishClientPkg debug capability enhancement in edk2-redfish-client, which falls under the RedfishPkg scope.",,False
qwen2.5:14b,A,9443,WifiConnectionManager: Not trigger scan when UEFI Wi-Fi is in BSS connected state (Bugzilla Bug 4605),networkpkg,bug,low,SaloniKasbekar,0.9,The bug is related to the NetworkPkg and involves replacing a hardcoded value with an existing define constant.,,False
qwen2.5:14b,A,10459,SecurityPkg/DxeTpm2MeasureBootLib: TDVF should check the overflow of UINT32 * UINT32 (Bugzilla Bug 4604),securitypkg,bug,low,HunterChang030,0.9,"The bug is related to SecurityPkg and involves overflow checking in DxeTpm2MeasureBootLib, matching HunterChang030's previous work on similar issues in SecurityPkg.",,False
qwen2.5:14b,A,9441,Redfish communication between BIOS and BMC does not happen if IPv4 installed after RestEx (Bugzilla Bug 4602),redfishpkg,bug,low,mikebeaton,0.95,The bug is related to RedfishPkg and involves communication issues between BIOS and BMC.,,False
qwen2.5:14b,A,9440,UIDs for ETE nodes must be unique (Bugzilla Bug 4600),dynamictablespkg,bug,low,YangGangUEFI,0.85,The bug is related to Dynamictablespkg and does not match any specific rare assignees or common patterns for other packages.,,False
qwen2.5:14b,A,10457,StandaloneMmPkg/Core needs to restart MmDispacher once MmEntryPoint is registered (Bugzilla Bug 4599),standalonemmpkg,bug,low,lgao4,0.75,The bug is related to StandaloneMmPkg/Core and there's no exact match in the historical patterns provided.,,False
qwen2.5:14b,A,9439,Got ASSERT BaseXApicX2ApicLib.c(1478): (Index != 0) || (LevelType == 0x01) when booting (Bugzilla Bug 4598),ovmfpkg,bug,low,os-d,0.95,The bug is related to OvmfPkg and involves a memory protection or consistency issue during booting.,,False
qwen2.5:14b,A,10456,[Variable]Merge variable header + data update into one step for performance improvement (Bugzilla Bug 4597),mdemodulepkg,bug,medium,wenbhou,0.95,"The bug is related to variable handling and performance improvement in MdeModulePkg, which matches previous high-priority bugs handled by wenbhou.",,False
qwen2.5:14b,A,9438,"Fix build error when remove ""-Wno-sometimes-uninitialized"" option (Bugzilla Bug 4595)",intelfsp2wrapperpkg,bug,low,AshrafAliS,0.95,"The bug is related to BaseTools and involves a build error, matching AshrafAliS's historical pattern of handling BaseTools issues.",,False
qwen2.5:14b,A,9437,[edk2-stable202311] Update GetMaintainer to handle case where a package has only reviewers and no maintainers (Bugzilla Bug 4593),basetools,bug,low,AshrafAliS,0.95,The bug is related to BaseTools and involves handling a specific case in GetMaintainer.,,False
qwen2.5:14b,A,9436,[MdePkg] Add NVMe Sanitize command support to Nvme.h (Bugzilla Bug 4591),mdepkg,bug,low,AshrafAliS,0.95,"The bug is related to MdePkg and involves adding support for a new command in an existing header file, which aligns with previous work on handling similar issues in BaseTools.",,False
qwen2.5:14b,A,10452,Consider moving SourceLevelDebugPkg to from edk2 to edk2-platforms (Bugzilla Bug 4590),sourceleveldebugpkg,bug,low,AshrafAliS,0.95,The bug is about moving a package to another repository which aligns with AshrafAliS's historical pattern of handling such issues in BaseTools.,,False
qwen2.5:14b,A,10451,Consider removing SignedCapsulePkg from edk2 repository (Bugzilla Bug 4589),signedcapsulepkg,bug,low,AshrafAliS,0.95,The bug is about repository management and does not fit into any specific package's typical issues.,,False
qwen2.5:14b,A,10450,Memory leak in PxeBcArpCacheUpdate@PxeBcSupport.c? (Bugzilla Bug 4585),networkpkg,bug,low,SaloniKasbekar,0.9,"The bug is related to a memory leak in the network package, which matches SaloniKasbekar's pattern of handling issues involving hardcoded values and constants within NetworkPkg.",,False
qwen2.5:14b,A,10449,potentially invalid elapsed tick count calculation from commit 43dcf453fc15 (Bugzilla Bug 4578),mdemodulepkg,bug,low,lgao4,0.85,"The bug is related to MdeModulePkg and involves a specific commit, matching historical patterns of lgao4 handling such issues.",,False
qwen2.5:14b,A,9432,Memory leak in MeasureSmbiosTable@SmbiosMeasurementDxe.c ? (Bugzilla Bug 4575),mdemodulepkg,bug,low,wenbhou,0.95,The bug is related to memory management in MdeModulePkg and matches the pattern of previous high-priority memory-related bugs assigned to wenbhou.,,False
qwen2.5:14b,A,10448,.deps file is not created on Windows during silent build for source file with same basename (Bugzilla Bug 4573),basetools,bug,low,AshrafAliS,0.95,The bug is related to BaseTools and involves a silent build issue.,,False
qwen2.5:14b,A,9431,TDVF: TdVmCall needs handle the retry results for MapGPA (Bugzilla Bug 4572),ovmfpkg,bug,low,Vogtinator,0.95,The bug is related to TCG2/TPM2 support on RISC-V which Vogtinator has previously handled.,,False
qwen2.5:14b,A,10447,[Recovery] FatPei should use both BlockIo and BlockIo2 PPI while searching for recovery capsule (Bugzilla Bug 4571),fatpkg,bug,low,YangGangUEFI,0.85,"The bug is related to FatPei and recovery capsule search, which aligns with previous work by YangGangUEFI on similar issues in the package.",,False
qwen2.5:14b,A,10446,gBS->FreePages() is not validating the input parameter 'Pages' before freeing the allocated pages. (Bugzilla Bug 4569),mdemodulepkg,bug,low,os-d,0.95,"The bug is related to gBS->FreePages() validation in MdeModulePkg, which matches historical patterns of memory management and protection issues handled by os-d.",,False
qwen2.5:14b,A,9430,OvmfPkg/AcpiPlatformDxe: Coverity scan flags FORWARD_NULL and UNUSED_VALUE issues (Bugzilla Bug 4568),ovmfpkg,bug,low,BritChesley,0.95,Coverity scan issues in OvmfPkg match historical pattern of static analysis errors handled by BritChesley.,,False
qwen2.5:14b,A,9429,Add 0x0B/Platform Runtime Mechanism (PRM) in Address Space ID of Generic Address Structure (GAS) (Bugzilla Bug 4567),mdepkg,bug,low,os-d,0.95,"The bug is related to MdePkg and involves modifying the Address Space ID in Generic Address Structure, which aligns with os-d's expertise in handling memory protection and structure consistency issues.",,False
qwen2.5:14b,A,9428,Use the base SortLib for Redfish modules only (Bugzilla Bug 4566),redfishpkg,bug,medium,mikebeaton,0.95,The bug is related to RedfishPkg and involves a specific module usage issue.,,False
qwen2.5:14b,A,9427,duplicate installation of EFI_REAL_TIME_CLOCK_ARCH_PROTOCOL in RealTimeClockLib instances (Bugzilla Bug 4565),armplatformpkg,bug,low,YangGangUEFI,0.85,The bug is related to RealTimeClockLib in ARMPlatformPkg and matches historical patterns of YangGangUEFI handling similar issues.,,False
qwen2.5:14b,A,9426,bogus RealTimeClockLib class interface: LibRtcVirtualNotifyEvent (Bugzilla Bug 4564),embeddedpkg,bug,low,AshrafAliS,0.95,"The bug is related to BaseTools and FMMT, matching the historical pattern of AshrafAliS handling such issues.",,False
qwen2.5:14b,A,10445,Add support for SMBIOS spec 3.7.0 to SmBios.h (Bugzilla Bug 4563),mdepkg,bug,low,NingFengGit,0.95,"The bug is related to SMBIOS spec support in SmBios.h, which matches previous assignments for similar SMBIOS-related issues.",,False
qwen2.5:14b,A,9425,[Xhci] Skip size round up for TRB when getting PCI device/host memory address (Bugzilla Bug 4560),mdemodulepkg,bug,high,YangGangUEFI,0.85,"The bug is related to MDKModulePkg and involves a PCI device/host memory address issue, which aligns with previous assignments to YangGangUEFI for similar issues in this package.",,False
qwen2.5:14b,A,9424,BaseTools: Add support for LOONGARCH64  R_LARCH_RELAX relocation (Bugzilla Bug 4559),basetools,bug,low,AshrafAliS,0.95,The bug is related to BaseTools and requires support for a specific architecture relocation.,,False
qwen2.5:14b,A,10444,Potential conflict on MpProtectedModeWakeupCommand definition (Bugzilla Bug 4558),ovmfpkg,bug,low,lgao4,0.75,The bug is related to OvmfPkg and involves a potential conflict in definition which matches previous lgao4 assignments for similar issues.,,False
qwen2.5:14b,A,10443,Transaction error observed for some USB3.2 Gen2x2 devices (Bugzilla Bug 4556),mdemodulepkg,bug,high,YangGangUEFI,0.85,"The bug is related to USB3.2 Gen2x2 devices and falls under the MdeModulePkg package, matching historical patterns for this assignee.",,False
qwen2.5:14b,A,9422,UefiDevicePathLib DevPathToTextAcpiEx overflows the device path node when searching for optional strings (Bugzilla Bug 4555),mdepkg,bug,low,YangGangUEFI,0.85,The bug is related to UefiDevicePathLib in MdePkg and matches historical patterns for YangGangUEFI.,,False
qwen2.5:14b,A,10442,UEFI Spec version Support is not udpated latest tianocore Edk2 support (Bugzilla Bug 4554),mdepkg,bug,high,os-d,0.95,"The bug is related to MdePkg and UEFI Spec version support, which aligns with os-d's expertise in handling MdePkg issues.",,False
qwen2.5:14b,A,9421,MdeModulePkg/Bus/Pci/XhciDxe: Need to abort the command for command timeout (Bugzilla Bug 4552),mdemodulepkg,bug,high,YangGangUEFI,0.85,"The bug is related to MdeModulePkg and involves a specific sub-component (XhciDxe), which historically has been handled by YangGangUEFI.",,False
qwen2.5:14b,A,10440,DumpCpuContext() should dump the 15 data bytes for the PC (Bugzilla Bug 4551),ueficpupkg,bug,low,philnoh2,0.95,"The bug is related to UEFI CPU package and involves a specific function DumpCpuContext(), which matches the expertise of philnoh2 as indicated by previous similar assignments.",,False
qwen2.5:14b,A,10439,TAB key should not be accepted as a valid character in password input window (Bugzilla Bug 4550),mdemodulepkg,bug,low,YangGangUEFI,0.95,The bug is related to a UI input validation issue in the password input window within MdeModulePkg.,,False
qwen2.5:14b,A,9420,Add New Intel Processor family for SMBIOS Type 4 from SMBIOS 3.7.0 (Bugzilla Bug 4547),mdepkg,bug,low,NingFengGit,0.95,"The bug is related to adding new processor family for SMBIOS Type 4 in MdePkg, which matches NingFengGit's previous work on similar SMBIOS updates.",,False
qwen2.5:14b,A,10437,ifconfig uses RouteTableSize as a count (Bugzilla Bug 4546),shellpkg,bug,low,NingFengGit,0.95,"The bug is related to ShellPkg and involves a specific command (ifconfig), matching NingFengGit's pattern of handling SmbioView and other ShellPkg issues.",,False
qwen2.5:14b,A,9419,ek2-libc: socket module of python UEFI interpreter fails to compile with GCC tool chain (Bugzilla Bug 4545),-,bug,low,AshrafAliS,0.95,The bug is related to BaseTools and the GCC toolchain compilation issue.,,False
qwen2.5:14b,A,9418,SMBIOS BCD revision is not match SMBIOS version (Bugzilla Bug 4544),mdemodulepkg,bug,low,SaloniKasbekar,0.9,"The bug involves SMBIOS version and revision matching, which falls under the NetworkPkg or similar component's responsibility for handling such constants.",,False
qwen2.5:14b,A,9417,"In some cases, LocateHandleBuffer() may allocate a callee freed buffer when an error occurs (Bugzilla Bug 4543)",mdemodulepkg,bug,low,lgao4,0.95,"The bug is related to MdeModulePkg and involves a specific function (LocateHandleBuffer), matching historical patterns of lgao4's assignments.",,False
qwen2.5:14b,A,9416,Bug 09 - edk2/NetworkPkg: Use of a Weak PseudoRandom Number Generator (Bugzilla Bug 4542),networkpkg,bug,low,BritChesley,0.95,"The bug involves a weak pseudo-random number generator in NetworkPkg, which matches the historical pattern of CodeQl errors and security-related issues handled by BritChesley.",,False
qwen2.5:14b,A,9415,Bug 08 - edk2/NetworkPkg: Predictable TCP ISNs (Bugzilla Bug 4541),networkpkg,bug,low,SaloniKasbekar,0.9,The bug is related to predictable TCP ISNs in NetworkPkg and matches the pattern of replacing hardcoded values with existing #define constants.,,False
qwen2.5:14b,A,10436,Unnecessary FV migration should be avoided in EvacuateTempRam to benefit boot performance (Bugzilla Bug 4533),mdemodulepkg,bug,low,os-d,0.95,"The bug is related to OVMF build and memory management within DXE core, matching os-d's expertise in MdeModulePkg issues.",,False
qwen2.5:14b,A,9414,UefiPayloadPkg:Enhance the build processing for Universalpayload (Bugzilla Bug 4532),uefipayloadpkg,bug,low,lgao4,0.75,The bug is related to build processing and there's no exact match in the historical patterns provided.,,False
qwen2.5:14b,A,10435,Use of Architectural modifiers in a [Define] section when specifications state it is not supported. (Bugzilla Bug 4530),basetools,bug,low,AshrafAliS,0.95,The bug is related to BaseTools and involves a specification issue with Architectural modifiers in [Define] sections.,,False
qwen2.5:14b,A,9413,Recent OVMF build.sh change breaks useful functionality (Bugzilla Bug 4528),ovmfpkg,bug,low,r1chard-lyu,0.9,The bug is related to OVMF build script changes and previous similar issues were handled by r1chard-lyu.,,False
qwen2.5:14b,A,9412,MadtMpWk->MailBoxVersion = 1;  should be 0 according to the ACPI spec 6.5 (Bugzilla Bug 4527),ovmfpkg,bug,low,Vogtinator,0.95,"The bug is related to ACPI spec compliance in OvmfPkg, matching Vogtinator's historical pattern of handling such issues.",,False
qwen2.5:14b,A,9407,ArmVirtQemu Has Access Flag Fault When Booting with HeapGuard GuardAlignedToTail (Bugzilla Bug 4521),mdemodulepkg,bug,high,os-d,0.95,"The bug involves ArmVirtQemu booting issues with HeapGuard, which is related to memory protection and page table consistency.",,False
qwen2.5:14b,A,10434,"Unable to disconnect the handles with disconnect <HandleNumber> command, since handle pointer variables are not initialized properly. (Bugzilla Bug 4520)",shellpkg,bug,low,YangGangUEFI,0.85,The bug is related to handle management in ShellPkg and matches previous issues handled by YangGangUEFI.,,False
qwen2.5:14b,A,10433,The safe check of AsciiStrCpyS failed (Bugzilla Bug 4519),mdepkg,bug,low,os-d,0.95,"The bug is related to MdePkg and involves a safe check failure in AsciiStrCpyS, which aligns with os-d's expertise in handling memory protection and consistency issues.",,False
qwen2.5:14b,A,10432,Vulns in NetworkPkg IP stack (Bugzilla Bug 4518),networkpkg,bug,high,SaloniKasbekar,0.9,"The bug is related to vulnerabilities in the NetworkPkg IP stack, which matches the pattern of replacing hardcoded values with existing define constants as a security measure.",,False
qwen2.5:14b,A,10431,CXL 3.0 Base Specification Register definitions (Bugzilla Bug 4516),mdepkg,bug,low,lgao4,0.75,The bug is related to MdePkg and does not match any specific historical patterns for other assignees.,,False
qwen2.5:14b,A,10430,Need add PCI_EXPRESS_EXTENDED_CAPABILITIES_DESIGNATED_VENDOR_SPECIFIC_ID 0x0023 in PciExpress40.h (Bugzilla Bug 4515),mdepkg,bug,low,AshrafAliS,0.95,"The bug is related to MdePkg and involves adding a new ID in a header file, which aligns with previous work on handling similar issues in BaseTools.",,False
qwen2.5:14b,A,9405,MdePkg is missing some spec defined status codes (Bugzilla Bug 4514),mdepkg,bug,low,os-d,0.95,"The bug is related to MdePkg missing spec defined status codes, which falls under the core package maintenance and consistency checks handled by os-d.",,False
qwen2.5:14b,A,9404,Enhance LoadStorage implementation in SetupBrowserDxe for varstore of EFI_HII_VARSTORE_EFI_VARIABLE_BUFFER (Bugzilla Bug 4513),mdemodulepkg,bug,low,YangGangUEFI,0.95,The bug is related to SetupBrowserDxe in MdeModulePkg and previous similar issues were assigned to YangGangUEFI.,,False
qwen2.5:14b,A,10429,All the MD5 and SHA1 in CryptoPkg such as RsaPkcs1Sign should be under the deprecated define (Bugzilla Bug 4512),cryptopkg,bug,low,liyi77,0.95,"The bug is about updating deprecated defines in CryptoPkg, matching liyi77's pattern of handling OpenSSL updates and deprecations.",,False
qwen2.5:14b,A,9403,Cache Disable should not be set by default in CR0 after ResetVector in x64 build (Bugzilla Bug 4511),ueficpupkg,bug,high,philnoh2,0.95,The bug is related to CPU reset vector and CR0 settings in UEFI CPUPkg.,,False
qwen2.5:14b,A,10428,BaseRngLib functionality for ARM/AARCH64 in Standalone MM (Bugzilla Bug 4510),armpkg,bug,low,YangGangUEFI,0.75,The bug is related to ARM/AARCH64 and Standalone MM which are typically handled by YangGangUEFI in similar contexts.,,False
qwen2.5:14b,A,9402,ASN1_get_object() return value not checked (Bugzilla Bug 4509),cryptopkg,bug,low,mdkinney,0.95,The bug is related to a build error with the CLANG compiler in cryptopkg.,,False
qwen2.5:14b,A,10427,MdeModulePkg: AllocatePages for TranslateBmpToGopBlt (Bugzilla Bug 4507),mdemodulepkg,bug,low,YangGangUEFI,0.85,The bug is related to MdeModulePkg and does not match specific patterns for other assignees.,,False
qwen2.5:14b,A,9401,NetworkPkg: HTTP protocol throughput too small (Bugzilla Bug 4505),networkpkg,bug,low,SaloniKasbekar,0.9,The bug is related to NetworkPkg performance and matches the pattern of replacing hardcoded values with constants.,,False
qwen2.5:14b,A,9400,Move RngLibTimer from MdePkg to MdeModulePkg (Bugzilla Bug 4504),mdepkg,bug,low,AshrafAliS,0.95,The bug is related to BaseTools and involves a specific component (Parent.Data) handling issue.,,False
qwen2.5:14b,A,9399,SplitFspBin.py cannot support FSP binary with child FV included (Bugzilla Bug 4502),intelfsp2pkg,bug,low,praravin,0.95,"The bug is related to IntelFsp2Pkg and specifically mentions SplitFspBin.py, which matches the historical pattern of praravin handling FSP-related issues.",,False
qwen2.5:14b,A,10426,SetAttribute for wide char failed (Bugzilla Bug 4499),mdemodulepkg,bug,medium,YangGangUEFI,0.85,"The bug is related to MdeModulePkg and involves a specific function failure, matching historical patterns for this package.",,False
qwen2.5:14b,A,10424,MdePkg should not have gEdkiiMemoryAcceptProtocolGuid (Bugzilla Bug 4497),mdepkg,bug,low,os-d,0.95,"The bug is related to MdePkg and involves a protocol GUID issue, which aligns with os-d's expertise in handling MdePkg-related bugs.",,False
qwen2.5:14b,A,10422,XhciDxe: Timeout event does not occur in the function called during ExitBootServices (Bugzilla Bug 4495),mdemodulepkg,bug,low,YangGangUEFI,0.85,The bug is related to MdeModulePkg and does not match specific patterns for rare assignees or unique sub-components.,,False
qwen2.5:14b,A,9398,Remove assembly/tool logic that creates AP waking vector in 4G-20h (Bugzilla Bug 4494),basetools,bug,low,AshrafAliS,0.95,"The bug is related to BaseTools and involves assembly logic, matching AshrafAliS's historical pattern of handling BaseTools issues.",,False
qwen2.5:14b,A,9396,"RngDxe assert at ""ASSERT (Index != mAvailableAlgoArrayCount);"" (Bugzilla Bug 4491)",securitypkg,bug,low,HunterChang030,0.9,The bug is related to SecurityPkg and involves potential issues with DeviceList handling.,,False
qwen2.5:14b,A,9395,"In UFS PEI driver, we are not seeing any PPI to link the platform specific code as same like in DXE UFS driver (Bugzilla Bug 4490)",mdemodulepkg,bug,low,YangGangUEFI,0.85,The bug is related to UFS PEI driver in MdeModulePkg and matches historical pattern of similar issues being handled by YangGangUEFI.,,False
qwen2.5:14b,A,9394,Update edk2-pytools (Bugzilla Bug 4489),basetools,bug,low,AshrafAliS,0.95,"The bug is related to BaseTools and involves updating a tool, matching historical patterns of AshrafAliS handling BaseTools issues.",,False
qwen2.5:14b,A,10421,ARM Generic Watchdog Missing support for 64 bit Watchdog offset register (WOR) introduced in Generic Watchdog v1. (Bugzilla Bug 4488),armpkg,bug,low,YangGangUEFI,0.85,The bug is related to ARM package and watchdog support which aligns with historical patterns of YangGangUEFI handling similar issues.,,False
qwen2.5:14b,A,9393,[BaseTools] GenFw: Set NXCOMPAT in DllCharacteristics if requirements met (Bugzilla Bug 4487),basetools,bug,low,AshrafAliS,0.95,The bug is related to BaseTools and involves a specific feature request for GenFw.,,False
qwen2.5:14b,A,9392,MdePkg: Move gTraceHubDebugInfoHobGuid to MdePkg (Bugzilla Bug 4486),mdepkg,bug,low,os-d,0.95,"The bug is related to MdePkg and involves a change in debug information handling, which aligns with os-d's expertise in core EDK2 components.",,False
qwen2.5:14b,A,9391,Google Mock Library (UefiBootServicesTableLib) support from Edk2 (Bugzilla Bug 4485),mdemodulepkg,bug,low,YangGangUEFI,0.95,"The bug is related to MdeModulePkg and involves support for a library, matching previous assignments in this package.",,False
qwen2.5:14b,A,10420,Print HTTP Request header for better debuggability (Bugzilla Bug 4484),networkpkg,bug,low,SaloniKasbekar,0.9,"The bug is related to NetworkPkg and involves improving debuggability by printing HTTP Request headers, which aligns with previous work on code quality and constants in the same package.",,False
qwen2.5:14b,A,10417,FspHobListPtr should be available before calling the FspWrapperMultiPhaseHandler in the FSPS (Bugzilla Bug 4480),intelfsp2wrapperpkg,bug,low,praravin,0.95,The bug is related to FSPS and TemporaryRamSize configuration in IntelFsp2WrapperPkg.,,False
qwen2.5:14b,A,9389,UefiPayloadPkg: To change CapsuleLib instance to null lib for CapsuleRuntimeDxe driver (Bugzilla Bug 4479),uefipayloadpkg,bug,low,lgao4,0.75,The bug is related to UefiPayloadPkg and does not match any specific rare assignees or common patterns exactly.,,False
qwen2.5:14b,A,9387,NetworkPkg: Incorrect length of EAP Identity from AMT (Bugzilla Bug 4477),networkpkg,bug,low,SaloniKasbekar,0.9,The bug involves replacing a hardcoded value with an existing define constant in NetworkPkg.,,False
qwen2.5:14b,A,10416,UefiCpuPkg: SmmS3 page table set GuardPage in smm normal stack as not-present instead of Smm S3 Stack (Bugzilla Bug 4476),ueficpupkg,bug,low,philnoh2,0.95,"The bug is related to UefiCpuPkg and specifically deals with SmmS3 page table settings, matching the expertise of philnoh2 who has handled similar issues in UefiCpuPkg before.",,False
qwen2.5:14b,A,10415,Incorrect MADT Revision for ACPI 6.5 (Bugzilla Bug 4474),mdepkg,bug,low,Vogtinator,0.95,"The bug is related to ACPI and TCG2/TPM2 support on RISC-V, matching Vogtinator's expertise in similar issues.",,False
qwen2.5:14b,A,9384,Add SPI NOR FLash Serial Flash Discoverable Parameters (SFDP) Header file (Bugzilla Bug 4472),mdepkg,bug,high,AshrafAliS,0.95,The bug is related to adding a header file in MdePkg which aligns with AshrafAliS's previous work on handling similar issues in BaseTools.,,False
qwen2.5:14b,A,9382,SMM perf record is copied multiple times to FPDT table if multiple ReadyToBoot events are signaled (Bugzilla Bug 4470),mdemodulepkg,bug,low,lgao4,0.75,"The bug is related to MDK module package and involves protocol handling, matching previous lgao4 assignments.",,False
qwen2.5:14b,A,10414,SmBiosView does not print correct Slot ID information (Bugzilla Bug 4469),shellpkg,bug,low,praveensankarn,0.95,The bug is related to SmBiosView in ShellPkg and involves printing correct Slot ID information.,,False
qwen2.5:14b,A,9380,Add support for running shell test application in an immutable volume (Bugzilla Bug 4467),unittestframeworkpkg,bug,low,lgao4,0.75,"The bug is related to the UnitTestFrameworkPkg and there's no exact match in historical patterns, but lgao4 has handled similar low priority bugs before.",,False
qwen2.5:14b,A,10413,Adding support for sending SGI and handling interrupts on GIC v3 (Bugzilla Bug 4466),armpkg,bug,low,YangGangUEFI,0.85,The bug is related to ARM package and handling interrupts which aligns with previous assignments for similar issues in the ARM package.,,False
qwen2.5:14b,A,9378,AARCH64 MMU Interface Reports Every Page as EFI_MEMORY_RP (Bugzilla Bug 4463),armpkg,bug,high,AshrafAliS,0.95,The bug is related to AARCH64 MMU interface in ARMpkg which does not match any specific historical pattern but aligns with handling complex architecture issues.,,False
qwen2.5:14b,A,10412,Tcg2UserConfirm Enhancement to Display the User Information (Bugzilla Bug 4462),securitypkg,bug,high,HunterChang030,0.9,"The bug is related to SecurityPkg and involves Tcg2UserConfirm enhancement, matching HunterChang030's previous work on OpalPassword in the same package.",,False
qwen2.5:14b,A,9377,BIOS ASSERT failed when Fv FSP-S use FFS3 (Bugzilla Bug 4458),intelfsp2wrapperpkg,bug,medium,Vogtinator,0.85,"The bug is related to FSP-S and TCG2/TPM2 support on RISC-V, matching Vogtinator's expertise in similar issues.",,False
qwen2.5:14b,A,9376,Edk2ToolsBuild.py does not mark compiler errors as python's logging.ERROR (Bugzilla Bug 4457),basetools,bug,low,AshrafAliS,0.95,The bug is related to BaseTools and involves a Python script issue.,,False
qwen2.5:14b,A,10411,Rebuild Descriptor table in UsbIoPortReset (Bugzilla Bug 4456),mdemodulepkg,bug,low,YangGangUEFI,0.85,"The bug is related to MdeModulePkg and involves a specific function (UsbIoPortReset), matching historical patterns for this package.",,False
qwen2.5:14b,A,10410,MdePkg BaseLib use _mm_pause() instead of inline asm or NASM for VS20xx toolchains IA32/X64 (Bugzilla Bug 4453),mdepkg,bug,low,os-d,0.95,"The bug is related to MdePkg BaseLib and toolchain-specific optimizations, which aligns with os-d's expertise in handling such issues.",,False
qwen2.5:14b,A,9373,Introduce EDKII Redfish Platform Config Protocol (Bugzilla Bug 4449),redfishpkg,bug,medium,mikebeaton,0.95,"The bug is related to RedfishPkg and introduces a new protocol, matching historical patterns for RedfishPkg bugs.",,False
qwen2.5:14b,A,9372,Add quotes arounbd OBJCOPY_ADDDEBUGFLAG file targets for Windows compatibility (Bugzilla Bug 4448),basetools,bug,low,AshrafAliS,0.95,"The bug is related to BaseTools and involves Windows compatibility, matching AshrafAliS's historical pattern of handling BaseTools issues.",,False
qwen2.5:14b,A,9371,Update CLANGPDB_WARNING_OVERRIDES in tools_def.txt to match CLANGDWARF_WARNING_OVERRIDES (Bugzilla Bug 4447),basetools,bug,low,deeglaze,0.95,"The bug is related to CLANGPDB_WARNING_OVERRIDES in BaseTools, matching the historical pattern of deeglaze handling similar warnings.",,False
qwen2.5:14b,A,9370,MdeModulePkg CpasuleApp is missing EFIAPI in function that is passed as parameter (Bugzilla Bug 4446),mdemodulepkg,bug,low,YangGangUEFI,0.95,"The bug is related to MdeModulePkg and involves a missing EFIAPI in function parameters, which matches historical patterns for this assignee.",,False
qwen2.5:14b,A,10408,UefiPayloadPkg:Add YAML support version configuration (Bugzilla Bug 4445),-,bug,low,lgao4,0.75,"The bug is related to UefiPayloadPkg and there's no exact match in the historical patterns, but lgao4 has handled similar low priority bugs before.",,False
qwen2.5:14b,A,9367,"Depex unsatisfied PEIM dispatched, but it isn't in Apriori file (Bugzilla Bug 4438)",mdemodulepkg,bug,low,lgao4,0.85,"The bug is related to MdeModulePkg and involves a dispatch issue with PEIM, matching lgao4's previous work on similar issues in this package.",,False
qwen2.5:14b,A,10406,Surprised power events cause NVRAM corruption which leads to a system boot (VariableSmm) hang (Bugzilla Bug 4437),mdemodulepkg,bug,medium,wenbhou,0.95,"The bug involves NVRAM corruption and system boot hang in VariableSmm, which matches the high priority historical pattern of similar issues.",,False
qwen2.5:14b,A,10405,AARCH64 LD Can Misinterpret Multiple common-page-size parameters (Bugzilla Bug 4436),basetools,bug,high,AshrafAliS,0.95,The bug is related to BaseTools and involves a high priority issue with AARCH64 LD parameters.,,False
qwen2.5:14b,A,9366,Add IPMI SSIF definitions (Bugzilla Bug 4434),mdepkg,bug,medium,AshrafAliS,0.95,The bug is related to MdePkg and involves adding definitions which aligns with AshrafAliS's historical pattern of handling such generic MdePkg issues.,,False
qwen2.5:14b,A,10403,Probably it returns wrong values in RISC-V SyncIncrement and SyncDecrement functions (Bugzilla Bug 4433),mdepkg,bug,low,yechao-w,0.95,"The bug is related to RISC-V functions in MdePkg, matching yechao-w's expertise with RISC-V issues.",,False
qwen2.5:14b,A,9365,There is a return value bug in LoongArch synchronization operation (Bugzilla Bug 4432),mdepkg,bug,low,os-d,0.95,"The bug is related to MdePkg and synchronization operation, matching os-d's expertise in handling such issues within MdePkg.",,False
qwen2.5:14b,A,10402,SmmCpuRendezvous() need to check cpu sync mode before calling SmmWaitForApArrival() (Bugzilla Bug 4431),ueficpupkg,bug,low,philnoh2,0.95,"The bug is related to SmmCpuRendezvous() and cpu sync mode in UefiCpuPkg, matching the pattern of bugs assigned to philnoh2.",,False
qwen2.5:14b,A,10401,Memory leak in function RsaPssVerify (Bugzilla Bug 4430),cryptopkg,bug,low,mdkinney,0.95,"The bug is related to a memory leak in the cryptopkg package, which matches previous CLANG compiler build error patterns handled by mdkinney.",,False
qwen2.5:14b,A,10400,SmmVariableSetVariable() need  Ap rendezvous  in Ap-Relaxed mode (Bugzilla Bug 4429),mdemodulepkg,bug,low,lgao4,0.85,"The bug is related to MdeModulePkg and involves a specific function (SmmVariableSetVariable), but no exact match in history; lgao4 has handled similar issues in this package before.",,False
qwen2.5:14b,A,9364,UefiPayloadPkg: Fix issues when MULTIPLE_DEBUG_PORT_SUPPORT is true (Bugzilla Bug 4427),uefipayloadpkg,bug,low,lgao4,0.75,The bug is related to UefiPayloadPkg and does not match any specific rare assignees or common patterns exactly.,,False
qwen2.5:14b,A,9363,UefiPayloadPkg: remove llvm-objcopy dependency when replace multiple FV (Bugzilla Bug 4426),uefipayloadpkg,bug,low,AshrafAliS,0.95,"The bug is related to BaseTools and FMMT, matching AshrafAliS's historical pattern of handling such issues.",,False
qwen2.5:14b,A,9362,Unable to run acpidump.efi in UEFI Shell (Bugzilla Bug 4425),mdepkg,bug,low,os-d,0.95,"The bug is related to MdePkg and involves an issue with running a UEFI Shell command, which matches historical patterns of os-d handling issues within MdePkg.",,False
qwen2.5:14b,A,10399,PerformRemainingTasks() needs to wait for ap arrive once when smm ready to lock in aprelaxed flow (Bugzilla Bug 4424),ueficpupkg,bug,low,philnoh2,0.95,The bug is related to UEFI core package and specifically deals with AP handling during SMM flow.,,False
qwen2.5:14b,A,9361,"UefiCpuPkg: Update ProcTrace feature code to support enable ProcTrace only on BSP and support enable generating  CYC, TSC  timing packets (Bugzilla Bug 4423)",ueficpupkg,bug,low,philnoh2,0.95,"The bug is related to UefiCpuPkg and ProcTrace feature code, matching the historical pattern of philnoh2 handling bugs in this area.",,False
qwen2.5:14b,A,9360,CVE-2023-0464 - OpenSSL vulnerability (Bugzilla Bug 4422),cryptopkg,bug,high,liyi77,1.0,The bug is related to an OpenSSL vulnerability and requires updating OpenSSL for CVE compliance.,,False
qwen2.5:14b,A,9359,RedfishPkg uses DEBUG_MANAGEABILITY debug error level (Bugzilla Bug 4420),redfishpkg,bug,medium,mikebeaton,1.0,The bug is specific to RedfishPkg and matches the pattern of previous RedfishPkg issues.,,False
qwen2.5:14b,A,9358,Use Highest Python version on Linux edksetup.sh (Bugzilla Bug 4418),-,bug,medium,AshrafAliS,0.95,"The bug is related to BaseTools and edksetup.sh, matching AshrafAliS's historical pattern of handling BaseTools issues.",,False
qwen2.5:14b,A,9357,Move Network modules from Dxe firmware volume to Network firmware volume in the universal payload elf (Bugzilla Bug 4417),uefipayloadpkg,bug,low,AndreasBBS,0.95,"The bug involves moving Network modules to a specific firmware volume, which aligns with previous work on QEMU_EFI and network protocol drivers.",,False
qwen2.5:14b,A,10398,[TDVF] Kernel command line and initrd shall be measured to RTMR (Bugzilla Bug 4416),ovmfpkg,bug,low,Vogtinator,0.95,The bug is related to TCG2/TPM2 support on RISC-V which Vogtinator has previously handled.,,False
qwen2.5:14b,A,10397,[TDVF] TDVF shall measure the data downloaded from QEMU via FW_CFG (Bugzilla Bug 4415),ovmfpkg,bug,low,Vogtinator,0.95,The bug involves TCG2/TPM2 support on RISC-V which matches Vogtinator's expertise based on previous assignments.,,False
qwen2.5:14b,A,9356,Create DEBUG_MANAGEABILITY error report level (Bugzilla Bug 4414),-,bug,high,YangGangUEFI,0.85,The bug is related to creating an error report level which aligns with previous work on similar issues in the mdemodulepkg.,,False
qwen2.5:14b,A,9355,CryptoPkg: Enable DXE_CORE support in BaseCryptLibOnProtocolPpi\DxeCryptLib.inf (Bugzilla Bug 4413),cryptopkg,bug,low,ardbiesheuvel,0.95,"The bug is related to CryptoPkg and involves enabling DXE_CORE support, which matches the common pattern for handling CryptoPkg issues with build or configuration changes.",,False
qwen2.5:14b,A,10396,Enhance PathFv.py to patch Flash device files directly (Bugzilla Bug 4412),intelfsp2pkg,bug,low,AshrafAliS,0.95,"The bug is related to BaseTools and PathFv.py, matching historical patterns for AshrafAliS.",,False
qwen2.5:14b,A,9354,TcgMorLockSmm: Key Mismatch doesn't update the MorLock Variable Value. (Bugzilla Bug 4410),mdemodulepkg,bug,low,HunterChang030,0.9,"The bug is related to SecurityPkg and specifically deals with variable handling and key mismatch, matching HunterChang030's expertise in OpalPassword and similar issues.",,False
qwen2.5:14b,A,9353,[MTL] HDDPassword driver must transition from Variable Lock to Variable Policy (Bugzilla Bug 4408),securitypkg,bug,low,HunterChang030,0.9,The bug is related to the HDDPassword driver in SecurityPkg and HunterChang030 has handled similar issues before.,,False
qwen2.5:14b,A,9351,Add header file for PLDM SMBIOS Transfer specification (Bugzilla Bug 4397),mdepkg,bug,medium,AshrafAliS,0.95,The bug is related to adding a header file in MdePkg which aligns with AshrafAliS's previous work on BaseTools FMMT.,,False
qwen2.5:14b,A,9350,Add header file for PLDM specification (Bugzilla Bug 4396),mdepkg,bug,medium,AshrafAliS,0.95,The bug is related to adding a header file in MdePkg which aligns with AshrafAliS's historical pattern of handling BaseTools and similar infrastructure tasks.,,False
qwen2.5:14b,A,9349,IntelFsp2Pkg: TempRamInit API should preserve EBX/RBX register. (Bugzilla Bug 4395),intelfsp2pkg,bug,low,praravin,1.0,The bug is specific to IntelFsp2Pkg and matches the pattern of previous bugs assigned to praravin.,,False
qwen2.5:14b,A,9348,MdeModulePkg SdMmcPciHcDxe: SD/MMC capability debug print is incorrect (Bugzilla Bug 4394),mdemodulepkg,bug,low,YangGangUEFI,0.95,"The bug is in MdeModulePkg and involves a debug print issue, matching previous assignments to YangGangUEFI for similar issues within this package.",,False
qwen2.5:14b,A,10395,Update SMBIOS Misc Slot Information Definition with the specific prefix to avoid the name conflict (Bugzilla Bug 4393),mdepkg,bug,low,NingFengGit,0.95,The bug is related to SMBIOS definitions and historical patterns indicate NingFengGit handles such issues in ShellPkg.,,False
qwen2.5:14b,A,9346,IntelFsp2Pkg: LoadMicrocodeDefault() causing unnecessary delay. (Bugzilla Bug 4391),intelfsp2pkg,bug,low,praravin,1.0,The bug is specific to IntelFsp2Pkg and matches the pattern of previous bugs assigned to praravin within this package.,,False
qwen2.5:14b,A,9344,UefiPayloadPkg: Support input data in UniversalPayloadBuild.py (Bugzilla Bug 4386),uefipayloadpkg,bug,low,lgao4,0.85,The bug is related to UefiPayloadPkg and does not match any specific rare assignees or common patterns listed.,,False
qwen2.5:14b,A,10394,Linux PXE Boot failure in Complex Network Environment (Bugzilla Bug 4385),networkpkg,bug,high,SaloniKasbekar,0.9,"The bug involves a network issue in a complex environment, matching SaloniKasbekar's expertise in handling NetworkPkg bugs.",,False
qwen2.5:14b,A,10393,"Assert only, no in code check for MAX_ENDPOINT in UsbPeim.c (Bugzilla Bug 4383)",mdemodulepkg,bug,low,YangGangUEFI,0.95,"The bug is in MdeModulePkg and involves a code check issue, matching previous assignments to YangGangUEFI for similar issues.",,False
qwen2.5:14b,A,10392,Got NvVarStore FV headers were invalid when using OVMF with AMD SEV (Bugzilla Bug 4379),ovmfpkg,bug,low,jxu023,0.9,"The bug involves OVMF with AMD SEV and NVVarStore issues, matching jxu023's expertise in handling SEV-related bugs.",,False
qwen2.5:14b,A,9342,VU#892082: Tiancore EDK2 UEFI TCG2 reference implementation vulnerable to memory (Bugzilla Bug 4378),securitypkg,bug,high,HunterChang030,0.9,"The bug is related to SecurityPkg and involves a vulnerability in TCG2 implementation, matching HunterChang030's pattern of handling security-related bugs in OpalPassword.",,False
qwen2.5:14b,A,9341,IntelFsp2Pkg: Fix NASM X64 build warning. (Bugzilla Bug 4377),intelfsp2pkg,bug,low,mdkinney,0.95,The bug is related to NASM X64 build warning in IntelFsp2Pkg which matches the historical pattern of CLANG compiler build errors handled by mdkinney.,,False
qwen2.5:14b,A,10391,System hangs when executing ping6 command cross network segment in EFI shell (Bugzilla Bug 4376),shellpkg,bug,low,AndreasBBS,0.95,"The bug involves network protocol drivers and EFI shell commands, matching AndreasBBS's historical pattern for handling QEMU_EFI related issues with Network Protocol Drivers.",,False
qwen2.5:14b,A,10390,UefiPayloadPkg:Add new build commands for Universalpayload (Bugzilla Bug 4375),uefipayloadpkg,bug,low,lgao4,0.85,"The bug is related to UefiPayloadPkg and does not match any specific rare assignees or common patterns exactly, but lgao4 has handled similar low priority issues before.",,False
qwen2.5:14b,A,9340,Got Page-Fault in CpuIo2Dxe.dll when using edk2-stable202211 ovmf with qemi-kvm (Bugzilla Bug 4373),ovmfpkg,bug,low,os-d,0.95,The bug involves a page fault in CpuIo2Dxe.dll which is related to memory management and FreePages() issues previously handled by os-d.,,False
qwen2.5:14b,A,9339,Correct-MAX_LOGICAL_PROCESSORS-value (Bugzilla Bug 4372),uefipayloadpkg,bug,low,lgao4,0.75,The bug is related to a package not listed in the common patterns and does not match specific rare assignees exactly.,,False
qwen2.5:14b,A,10389,OVMF Source level debug hang (Bugzilla Bug 4370),ovmfpkg,bug,low,os-d,0.95,The bug is related to OVMF source level debug hang which falls under memory management or debugging issues within OVMF package.,,False
qwen2.5:14b,A,10387,S3 failed in SmmRestoreCpu (Bugzilla Bug 4368),ueficpupkg,bug,low,philnoh2,0.95,"The bug is related to UEFI CPU package and involves SMM functionality, matching the expertise of philnoh2.",,False
qwen2.5:14b,A,9338,UefiPayloadPkg: Startup IPI exception in DXE phase caused by wrong MAX_LOGICAL_PROCESSORS value in UefiPayloadPkg.dsc (Bugzilla Bug 4367),uefipayloadpkg,bug,medium,philnoh2,0.95,"The bug involves IPI exceptions and processor counts in DXE phase, matching the expertise of philnoh2 on UEFI runtime drivers and processor handling issues.",,False
qwen2.5:14b,A,9337,Display of Loaded Image Protocol in ShellPkg uses incorrect format string data types in UNI files (Bugzilla Bug 4366),shellpkg,bug,low,YangGangUEFI,0.95,"The bug is related to ShellPkg and involves incorrect format string data types in UNI files, which matches previous assignments to YangGangUEFI for similar issues within the ShellPkg package.",,False
qwen2.5:14b,A,10386,Trust Anchors for Private Authenticated Variables Implementation Incorrect (Bugzilla Bug 4365),securitypkg,bug,low,HunterChang030,0.9,"The bug is related to SecurityPkg and specifically mentions Trust Anchors for Private Authenticated Variables, which matches HunterChang030's previous work on similar issues in the SecurityPkg.",,False
qwen2.5:14b,A,10385,TDVF shall check the EFI_HOB_GUID_TYPE in TD_HOB (Bugzilla Bug 4364),ovmfpkg,bug,low,Vogtinator,0.85,The bug is related to TCG2/TPM2 support on RISC-V which Vogtinator has previously handled.,,False
qwen2.5:14b,A,10384,"TDVF shall check the TDX_METADATA to ensure if only accepts the AUG(unaccpeted) page, not ADD(private) page. (Bugzilla Bug 4363)",ovmfpkg,bug,low,jxu023,0.85,"The bug involves TDX_METADATA and page acceptance checks, which is related to SEV/SEV-ES VM boot issues handled by jxu023.",,False
qwen2.5:14b,A,9336,Add BIT23 - Redfish debug message in PcdDebugPrintErrorLevel (Bugzilla Bug 4362),mdepkg,bug,low,YangGangUEFI,0.85,"The bug is related to MdePkg and involves a debug message configuration, which aligns with previous assignments for similar issues in this package.",,False
qwen2.5:14b,A,9335,Add RedfishPkg version of PcdDebugPrintErrorLevel (Bugzilla Bug 4361),redfishpkg,bug,low,mikebeaton,1.0,The bug is related to RedfishPkg and matches historical patterns for this package.,,False
qwen2.5:14b,A,9334,Fix CPU exception in MicrocodeMeasurementDxe.inf (Bugzilla Bug 4360),ueficpupkg,bug,low,philnoh2,0.95,"The bug is related to CPU exception in MicrocodeMeasurementDxe.inf within UefiCpuPkg, matching the pattern of previous bugs assigned to philnoh2.",,False
qwen2.5:14b,A,10383,UniversalPayload doesn't run (Bugzilla Bug 4357),uefipayloadpkg,bug,high,AshrafAliS,0.95,The bug is related to UniversalPayload in UefiPayloadPkg and there's no specific historical pattern or rare assignee listed for this package.,,False
qwen2.5:14b,A,10382,UniversalPayload doesn't build (Bugzilla Bug 4356),uefipayloadpkg,bug,high,AshrafAliS,0.95,The bug is related to UniversalPayload in UefiPayloadPkg which does not match any specific historical pattern but aligns with high priority BaseTools issues handled by AshrafAliS.,,False
qwen2.5:14b,A,9333,Add header file for MCTP spec (Bugzilla Bug 4355),mdepkg,bug,medium,AshrafAliS,0.95,The bug is related to adding a header file in MdePkg which aligns with AshrafAliS's historical pattern of handling such issues.,,False
qwen2.5:14b,A,9332,Add definition for IPMI KCS (Bugzilla Bug 4354),mdepkg,bug,high,AshrafAliS,0.95,"The bug is related to MdePkg and involves defining a new IPMI KCS component, which aligns with previous high-priority MdePkg issues handled by AshrafAliS.",,False
qwen2.5:14b,A,9331,SEV-SNP AP creation fixes (Bugzilla Bug 4353),ueficpupkg,bug,low,jxu023,0.9,The bug is related to SEV-SNP AP creation which matches previous high priority bugs assigned to jxu023 in the UefiCpuPkg.,,False
qwen2.5:14b,A,10380,BuildMemoryAllocationHob is not checking it's Length parameter for bad / zero input (Bugzilla Bug 4351),mdepkg,bug,low,os-d,0.95,"The bug is related to MdePkg and involves a memory allocation issue, matching os-d's expertise in handling such issues within MdePkg.",,False
qwen2.5:14b,A,9330,Random stack corruption in RiscVVirtQemu firmware (Bugzilla Bug 4350),ovmfpkg,bug,high,yechao-w,0.95,The bug is related to RiscVVirtQemu firmware in OvmfPkg and involves stack corruption.,,False
qwen2.5:14b,A,9329,MdeModulePkg/FtwMisc: Ftw may fail to recover variable in corner case. (Bugzilla Bug 4349),mdemodulepkg,bug,low,wenbhou,0.95,"The bug is related to FtwMisc in MdeModulePkg and involves variable recovery failure, matching the high priority historical pattern of similar issues assigned to wenbhou.",,False
qwen2.5:14b,A,9328,Calculate DisplayFamily correctly (Bugzilla Bug 4348),ueficpupkg,bug,low,lgao4,0.75,The bug is related to UEFI core package and does not match specific patterns for other rare assignees.,,False
qwen2.5:14b,A,9327,Integrate UiApp and BootManagerMenuApp into MultiFv BdsFv (Bugzilla Bug 4347),uefipayloadpkg,bug,low,YangGangUEFI,0.85,"The bug is related to integrating UI applications into a specific FV in UEFI payload package, which aligns with previous work by YangGangUEFI on similar integration tasks.",,False
qwen2.5:14b,A,10378,remove outdated cod for i486 and pentium processors (Bugzilla Bug 4345),ueficpupkg,bug,low,lgao4,0.85,The bug is related to outdated code for specific processors and does not match any rare assignees or common patterns precisely.,,False
qwen2.5:14b,A,10376,support crypto agile (Bugzilla Bug 4343),securitypkg,bug,low,HunterChang030,0.9,"The bug is related to SecurityPkg and involves crypto agile support, matching HunterChang030's expertise in handling security-related bugs.",,False
qwen2.5:14b,A,10375,Bug in SetVariable causes 2 failures in AuthVar_Conf test in edk2-test (Bugzilla Bug 4341),-,bug,low,wenbhou,0.95,"The bug is related to SetVariable and AuthVar_Conf test in edk2-test, which falls under the MdeModulePkg based on previous patterns.",,False
qwen2.5:14b,A,10374,Running windows 2k22 on OvmfXen got ASSERT /root/source-git/edk2/MdeModulePkg/Core/Dxe/Event/Tpl.c(66): ((BOOLEAN)(0==1)) (Bugzilla Bug 4340),ovmfpkg,bug,low,os-d,0.95,"The bug is related to OvmfPkg and involves a runtime assertion in Dxe/Event/Tpl.c, which aligns with os-d's expertise on memory management and consistency issues.",,False
qwen2.5:14b,A,9325,EmulatorPkg PeiTimerLib calls Thunk->Sleep() with value that is 100x larger than required (Bugzilla Bug 4339),emulatorpkg,bug,low,AshrafAliS,0.95,"The bug is related to EmulatorPkg and involves a specific issue with PeiTimerLib, which does not match any previously listed common or rare assignees.",,False
qwen2.5:14b,A,9324,Fix invalid InitializeMpSyncData call in PiSmmCpuDxeSmm (Bugzilla Bug 4338),ueficpupkg,bug,low,philnoh2,0.95,"The bug is related to PiSmmCpuDxeSmm in UefiCpuPkg and involves an invalid InitializeMpSyncData call, matching the historical pattern of philnoh2 handling issues related to CPU package synchronization.",,False
qwen2.5:14b,A,9323,Add SMM Base HOB for SmBase relocation (Bugzilla Bug 4337),ueficpupkg,bug,low,philnoh2,0.95,"The bug is related to UEFI CPUPkg and specifically involves SMM Base HOB for SmBase relocation, matching the expertise of philnoh2 in handling such issues within UEFI CPUPkg.",,False
qwen2.5:14b,A,9322,Td guest shall halt when CcMeasurement failed to be installed (Bugzilla Bug 4335),securitypkg,bug,low,HunterChang030,0.9,"The bug is related to SecurityPkg and involves potential issues with OpalPassword, matching HunterChang030's historical pattern.",,False
qwen2.5:14b,A,9321,[openssl] GCC build warning from openssl (Bugzilla Bug 4334),-,bug,low,liyi77,0.95,"The bug is related to openssl and involves a GCC build warning, matching the pattern of updating openssl for CVEs handled by liyi77.",,False
qwen2.5:14b,A,9320,Update edk2-pytool-library and edk2-pytool-extensions (Bugzilla Bug 4333),basetools,bug,low,AshrafAliS,0.95,"The bug is related to BaseTools and involves updating libraries, which matches historical patterns of AshrafAliS handling such issues.",,False
qwen2.5:14b,A,9319,Potential DoS triggering CI (Bugzilla Bug 4332),-,bug,low,AshrafAliS,0.95,"The bug is related to CI and BaseTools, matching AshrafAliS's historical pattern of handling such issues.",,False
qwen2.5:14b,A,10373,PcdAcpiS3Enable set to FALSE will cause Debug Mode Assert. (Bugzilla Bug 4331),mdemodulepkg,bug,low,lgao4,0.85,"The bug is related to a PCD setting causing an assert in MdeModulePkg, which lgao4 has handled similar issues before.",,False
qwen2.5:14b,A,9318,LoongArch64 UINT64 and INT64 are not strictly defined (Bugzilla Bug 4330),mdepkg,bug,low,os-d,0.95,"The bug is related to MdePkg and involves strict definition of data types on LoongArch64, which aligns with os-d's expertise in handling such low-level architecture issues.",,False
qwen2.5:14b,A,9317,EccCheck tries to copy packages only from WORKSPACE (Bugzilla Bug 4326),-,bug,low,bexcran,0.95,"The bug is related to EccCheck and BaseTools, matching the pattern of previous BaseTools-related bugs.",,False
qwen2.5:14b,A,9316,Update edk2 CI to QEMU v8 (Bugzilla Bug 4324),ovmfpkg,bug,low,r1chard-lyu,0.9,The bug is related to updating CI infrastructure for QEMU in OvmfPkg.,,False
qwen2.5:14b,A,10372,NetworkPkg/Library/DxeHttpLib: Coverity scan flags MISSING_BREAK issue (Bugzilla Bug 4323),networkpkg,bug,high,BritChesley,0.95,"The bug is related to a Coverity scan issue in NetworkPkg, which matches the historical pattern of BritChesley handling CodeQl and similar static analysis issues for this package.",,False
qwen2.5:14b,A,9315,NetworkPkg/HttpBootDxe: Coverity scan flags REVERSE_INULL issue (Bugzilla Bug 4322),networkpkg,bug,high,BritChesley,0.95,"The bug is related to a Coverity scan issue in NetworkPkg/HttpBootDxe, matching the historical pattern of BritChesley handling CodeQl and similar static analysis issues for NetworkPkg.",,False
qwen2.5:14b,A,10371,NetworkPkg/DnsDxe: Coverity scan flags FORWARD_NULL issues (Bugzilla Bug 4321),networkpkg,bug,high,BritChesley,0.95,Coverity scan issues in NetworkPkg/DnsDxe match historical CodeQl errors assigned to BritChesley.,,False
qwen2.5:14b,A,10370,MdePkg/Library/UefiLib: Coverity scan flags FORWARD_NULL issues (Bugzilla Bug 4320),mdepkg,bug,high,os-d,0.95,"The bug is related to MdePkg and involves a memory-related issue flagged by Coverity scan, matching os-d's expertise in handling such issues within MdePkg.",,False
qwen2.5:14b,A,10369,MdePkg/Library/BasePrintLib: Coverity scan flags MISSING_BREAK issue (Bugzilla Bug 4319),mdepkg,bug,high,os-d,0.95,"The bug is related to MdePkg and involves a Coverity scan issue, which aligns with os-d's expertise in handling such issues within the core packages.",,False
qwen2.5:14b,A,10368,MdeModulePkg/Universal/Acpi/AcpiTableDxe: Coverity scan flags REVERSE_INULL issue (Bugzilla Bug 4318),mdemodulepkg,bug,high,BritChesley,0.95,"The bug is related to Coverity scan flags in MdeModulePkg, which matches historical pattern of code quality and static analysis issues handled by BritChesley.",,False
qwen2.5:14b,A,10367,MdeModulePkg/Library/SmmLockBoxLib: Coverity scan flags DEADCODE issue (Bugzilla Bug 4317),mdemodulepkg,bug,low,YangGangUEFI,0.85,"The bug is related to MdeModulePkg and a Coverity scan issue, matching previous assignments for similar issues in this package.",,False
qwen2.5:14b,A,10366,MdeModulePkg/Library/UefiBootManagerLib: Coverity scan flags ARRAY_VS_SINGLETON issues (Bugzilla Bug 4316),mdemodulepkg,bug,high,YangGangUEFI,0.95,"The bug is related to MdeModulePkg and Coverity scan issues, matching previous assignments for similar library bugs in this package.",,False
qwen2.5:14b,A,10365,EfiUnacceptedMemoryType can be allocated by gBS->AllocatePool (Bugzilla Bug 4315),mdemodulepkg,bug,low,lgao4,0.85,"The bug is related to MdeModulePkg and involves a specific function (gBS->AllocatePool), matching previous assignments for similar issues in this package.",,False
qwen2.5:14b,A,10364,Add LPDDR5X Support in MEMORY_DEVICE_TYPE (Bugzilla Bug 4314),mdepkg,bug,low,NingFengGit,0.95,The bug is related to MEMORY_DEVICE_TYPE which falls under the ShellPkg category for adding support for new memory types as indicated by similar historical patterns.,,False
qwen2.5:14b,A,10363,MdeModulePkg/Core/DxeIplPeim: Coverity scan flag UNUSED_VALUE issue (Bugzilla Bug 4313),mdemodulepkg,bug,low,YangGangUEFI,0.85,"The bug is related to MdeModulePkg and a Coverity scan issue, matching previous assignments for similar issues in this package.",,False
qwen2.5:14b,A,9314,MdeModulePkg/Bus/Scsi/ScsiDiskDxe: Coverity scan flag UNUSED_VALUE issues (Bugzilla Bug 4312),mdemodulepkg,bug,low,YangGangUEFI,0.85,"The bug is related to MdeModulePkg and Coverity scan issues, matching previous assignments for similar code quality issues in this package.",,False
qwen2.5:14b,A,10362,MdeModulePkg/Bus/I2c/I2cDxe: Coverity scan flag UNUSED_VALUE issue (Bugzilla Bug 4311),mdemodulepkg,bug,low,YangGangUEFI,0.95,"The bug is related to MdeModulePkg and a specific sub-component (I2cDxe), matching historical patterns for this assignee.",,False
qwen2.5:14b,A,10361,FmpDevicePkg/FmpDxe: Coverity scan flags DEADCODE issue (Bugzilla Bug 4310),fmpdevicepkg,bug,low,AshrafAliS,0.95,"The bug is related to Coverity scan flags and FmpDevicePkg/FmpDxe, which does not match any specific common assignees but fits the pattern of a code quality or build issue handled by AshrafAliS.",,False
qwen2.5:14b,A,10360,MdeModulePkg/Universal/Variable/RuntimeDxe: Coverity scan flag DEADCODE issues (Bugzilla Bug 4309),mdemodulepkg,bug,low,YangGangUEFI,0.85,"The bug is related to MdeModulePkg and Coverity scan issues, matching previous assignments for similar code quality issues in this package.",,False
qwen2.5:14b,A,10359,CryptoPkg/Library/TlsLib: Coverity scan flags multiple issues (Bugzilla Bug 4308),cryptopkg,bug,high,ardbiesheuvel,0.95,"The bug is related to Coverity scan issues in CryptoPkg, which matches the high priority build error with CLANG compiler handled by ardbiesheuvel.",,False
qwen2.5:14b,A,10358,CryptoPkg/Library/BaseCryptLib: Coverity scan flags multiple issues (Bugzilla Bug 4307),cryptopkg,bug,high,ardbiesheuvel,0.95,"The bug is related to Coverity scan issues in CryptoPkg, which matches the high priority CLANG compiler build errors handled by ardbiesheuvel.",,False
qwen2.5:14b,A,9313,Add ACPI 6.5 header (Bugzilla Bug 4306),mdepkg,bug,low,AshrafAliS,0.95,"The bug is related to MdePkg and involves handling of ACPI headers, which aligns with previous work on BaseTools FMMT.",,False
qwen2.5:14b,A,9312,Authenticated SetVariable with ContentInfo not supported (Bugzilla Bug 4305),securitypkg,bug,low,HunterChang030,0.9,"The bug is related to SecurityPKG and specifically mentions an issue with Authenticated SetVariable, which matches HunterChang030's known work on OpalPassword within SecurityPKG.",,False
qwen2.5:14b,A,10357,BdsDxe BootBootOptions should continue to boot next boot option when exit last boot option (Bugzilla Bug 4302),mdemodulepkg,bug,low,YangGangUEFI,0.85,The bug is related to BdsDxe in MdeModulePkg and matches historical patterns of YangGangUEFI handling similar issues.,,False
qwen2.5:14b,A,10355,MdeModulePkg/Core/Pei: Coverity scan flags multiple issues (Bugzilla Bug 4300),mdemodulepkg,bug,high,YangGangUEFI,0.95,"The bug is related to MdeModulePkg and Coverity scan issues, matching historical patterns for this package and type of issue.",,False
qwen2.5:14b,A,10354,MdeModulePkg/Core/PiSmmCore: Coverity scan flags multiple issues (Bugzilla Bug 4299),mdemodulepkg,bug,high,YangGangUEFI,0.85,Historical pattern shows YangGangUEFI handles issues in MdeModulePkg/Core/PiSmmCore.,,False
qwen2.5:14b,A,10353,MdeModulePkg/Library/FrameBufferBltLib: Coverity scan flags OVERFLOW_BEFORE_WIDEN issue (Bugzilla Bug 4298),mdemodulepkg,bug,high,YangGangUEFI,0.95,"The bug is in MdeModulePkg and involves a Coverity scan issue, matching historical patterns for this assignee.",,False
qwen2.5:14b,A,10352,MdeModulePkg/Universal/CapsuleRuntimeDxe: Coverity scan flags DEADCODE issue (Bugzilla Bug 4297),mdemodulepkg,bug,low,YangGangUEFI,0.85,"The bug is related to MdeModulePkg and a Coverity scan issue, matching previous assignments for similar issues in this package.",,False
qwen2.5:14b,A,10351,MdeModulePkg/Universal/Console/ConSplitterDxe: Coverity scan flags issues (Bugzilla Bug 4296),mdemodulepkg,bug,low,YangGangUEFI,0.95,"The bug is related to MdeModulePkg and specifically ConSplitterDxe, which matches previous assignments to YangGangUEFI for similar issues in this package.",,False
qwen2.5:14b,A,10350,MdeModulePkg/Universal/Acpi/S3SaveStateDxe: Coverity scan flags OVERFLOW_BEFORE_WIDEN issue (Bugzilla Bug 4295),mdemodulepkg,bug,high,BritChesley,0.95,"The bug is related to Coverity scan flags in MdeModulePkg, which matches historical patterns of security or static analysis issues handled by BritChesley.",,False
qwen2.5:14b,A,10349,MdeModulePkg/Universal/Disk/PartitionDxe: Coverity scan flags OVERFLOW_BEFORE_WIDEN issue (Bugzilla Bug 4294),mdemodulepkg,bug,high,BritChesley,0.95,"The bug is related to Coverity scan flags in PartitionDxe, which falls under static code analysis and matches historical patterns for BritChesley.",,False
qwen2.5:14b,A,10348,MdeModulePkg/Universal/FaultTolerantWriteDxe: Coverity scan flags multiple issues (Bugzilla Bug 4293),mdemodulepkg,bug,high,YangGangUEFI,0.85,"The bug is related to MdeModulePkg and Coverity scan issues, which historically are handled by YangGangUEFI.",,False
qwen2.5:14b,A,10347,MdeModulePkg/Universal/DisplayEngineDxe: Coverity scan flags multiple issues (Bugzilla Bug 4292),mdemodulepkg,bug,high,YangGangUEFI,0.95,"The bug is related to MdeModulePkg and Coverity scan issues, matching previous assignments for similar component bugs.",,False
qwen2.5:14b,A,10346,MdeModulePkg/Universal/Console/GraphicsConsoleDxe: Coverity scan flags multiple issues (Bugzilla Bug 4291),mdemodulepkg,bug,high,YangGangUEFI,0.95,"The bug is related to MdeModulePkg and Coverity scan issues, matching previous assignments for similar component bugs.",,False
qwen2.5:14b,A,9309,OvmfTpmSecurityStub.dsc.inc is wrongly controlled by SECURE_BOOT_ENABLE (Bugzilla Bug 4290),ovmfpkg,bug,low,Vogtinator,0.85,The bug is related to TPM security stub in OvmfPkg and Vogtinator has handled similar TPM-related issues before.,,False
qwen2.5:14b,A,9308,please clean up / actualize comments after commit 2a0bd3bffc80 (Bugzilla Bug 4289),ovmfpkg,bug,low,YangGangUEFI,0.85,"The bug is related to OvmfPkg and involves cleaning up comments after a specific commit, which aligns with previous work on similar documentation or comment updates in the package.",,False
qwen2.5:14b,A,10345,MdeModulePkg/Universal/HiiDatabaseDxe: Coverity scan flags multiple issues (Bugzilla Bug 4288),mdemodulepkg,bug,high,YangGangUEFI,0.95,Historical pattern shows YangGangUEFI handles HiiDatabaseDxe issues in MdeModulePkg.,,False
qwen2.5:14b,A,10344,NetworkPkg/TlsAuthConfigDxe: Coverity scan flags multiple issues (Bugzilla Bug 4287),networkpkg,bug,high,BritChesley,0.95,Coverity scan issues in NetworkPkg match historical pattern of CodeQl errors handled by BritChesley.,,False
qwen2.5:14b,A,9307,MdeModulePkg/Universal/SetupBrowserDxe: Coverity scan flags multiple issues (Bugzilla Bug 4286),mdemodulepkg,bug,low,YangGangUEFI,0.95,Historical pattern shows YangGangUEFI handles issues in SetupBrowserDxe.,,False
qwen2.5:14b,A,9306,NetworkPkg/Dhcp4Dxe: Coverity scan flags FORWARD_NULL issue (Bugzilla Bug 4285),networkpkg,bug,high,SaloniKasbekar,0.9,The bug is related to a Coverity scan issue in NetworkPkg/Dhcp4Dxe and involves replacing hardcoded values with existing #define constants.,,False
qwen2.5:14b,A,9305,SecurityPkg/VariableAuthenticated/SecureBootConfigDxe: Coverity scan flags DEADCODE issue (Bugzilla Bug 4284),securitypkg,bug,low,HunterChang030,0.9,"The bug is related to SecurityPkg and specifically mentions a DEADCODE issue, matching HunterChang030's previous work on similar issues in the same package.",,False
qwen2.5:14b,A,10343,SecurityPkg/Tcg/Tcg2Pei: Coverity scan flags UNUSED_VALUE issue (Bugzilla Bug 4283),securitypkg,bug,low,HunterChang030,0.9,"The bug is related to SecurityPkg and specifically mentions a Coverity scan issue, matching HunterChang030's previous work on similar issues in the SecurityPkg.",,False
qwen2.5:14b,A,10342,SecurityPkg/Tcg/Tcg2Config: Coverity scan flags UNUSED_VALUE issue (Bugzilla Bug 4281),securitypkg,bug,low,HunterChang030,0.9,"The bug is related to SecurityPkg and specifically mentions a Coverity scan issue, matching HunterChang030's historical pattern of handling similar issues in the OpalPassword component.",,False
qwen2.5:14b,A,10341,SecurityPkg/Tcg/Opal/OpalPassword: Coverity scan flags DEADCODE issues (Bugzilla Bug 4280),securitypkg,bug,low,HunterChang030,0.9,"The bug is related to SecurityPkg and specifically mentions DEADCODE issues in OpalPassword, matching HunterChang030's previous assignment for similar DeviceList handling issues.",,False
qwen2.5:14b,A,10340,SecurityPkg/Library/Tpm2CommandLib: Coverity scan flags multiple issues (Bugzilla Bug 4279),securitypkg,bug,high,HunterChang030,0.9,"The bug is related to SecurityPkg and Coverity scan issues, matching HunterChang030's historical pattern of handling DeviceList and infinite loop issues in OpalPassword.",,False
qwen2.5:14b,A,10339,SecurityPkg/Library/SecureBootVariableProvisionLib: Coverity scan flags DEADCODE issue (Bugzilla Bug 4278),securitypkg,bug,low,HunterChang030,0.9,"The bug is related to SecurityPkg and involves a DEADCODE issue flagged by Coverity scan, matching HunterChang030's historical pattern of handling similar issues in the SecurityPkg package.",,False
qwen2.5:14b,A,9303,SecurityPkg/Library/HashLibBaseCryptoRouter: Coverity scan flags CHECKED_RETURN issue (Bugzilla Bug 4277),securitypkg,bug,high,HunterChang030,0.9,"The bug is related to SecurityPkg and involves a Coverity scan issue, matching HunterChang030's historical pattern of handling similar issues in the SecurityPkg package.",,False
qwen2.5:14b,A,10338,SecurityPkg/Library/DxeTcg2PhysicalPresenceLib: Coverity scan flags multiple issues (Bugzilla Bug 4276),securitypkg,bug,low,HunterChang030,0.9,"The bug is related to SecurityPkg and Coverity scan issues, matching HunterChang030's historical pattern of handling DeviceList and infinite loop issues in OpalPassword.",,False
qwen2.5:14b,A,10337,NetworkPkg/WifiConnectionManagerDxe: Coverity scan flags issues (Bugzilla Bug 4275),networkpkg,bug,low,BritChesley,0.95,Coverity scan issues in NetworkPkg match historical CodeQl errors assigned to BritChesley.,,False
qwen2.5:14b,A,10336,NetworkPkg/Library/DxeIpIoLib: Coverity scan flags DEADCODE issue (Bugzilla Bug 4274),networkpkg,bug,low,SaloniKasbekar,0.9,The bug is related to replacing a hardcoded value with an existing define constant in NetworkPkg.,,False
qwen2.5:14b,A,10335,NetworkPkg/Ip6Dxe: Coverity scan flags multiple issues (Bugzilla Bug 4273),networkpkg,bug,low,BritChesley,0.95,Coverity scan issues in NetworkPkg match historical CodeQl errors assigned to BritChesley.,,False
qwen2.5:14b,A,10334,NetworkPkg/UefiPxeBcDxe: Coverity scan flags OVERFLOW_BEFORE_WIDEN issue (Bugzilla Bug 4272),networkpkg,bug,high,BritChesley,0.95,"The bug is related to Coverity scan flags in NetworkPkg/UefiPxeBcDxe, matching the historical pattern of BritChesley handling such issues.",,False
qwen2.5:14b,A,10333,NetworkPkg/SnpDxe: Coverity scan flags DEADCODE issue (Bugzilla Bug 4271),networkpkg,bug,low,SaloniKasbekar,0.9,"The bug is related to a DEADCODE issue flagged by Coverity scan in NetworkPkg/SnpDxe, which matches the pattern of replacing hardcoded values with existing #define constants.",,False
qwen2.5:14b,A,10332,NetworkPkg/Library/DxeNetLib: Coverity scan flags UNUSED_VALUE issue (Bugzilla Bug 4270),networkpkg,bug,low,BritChesley,0.95,"The bug is related to a Coverity scan issue in NetworkPkg, which matches the historical pattern of BritChesley handling CodeQl and similar static analysis issues for this package.",,False
qwen2.5:14b,A,10331,NetworkPkg/Ip4Dxe: Coverity scan flags multiple issues (Bugzilla Bug 4269),networkpkg,bug,high,BritChesley,0.95,Coverity scan issues in NetworkPkg/Ip4Dxe match historical CodeQl errors assigned to BritChesley.,,False
qwen2.5:14b,A,10330,OVMF CC need use SpeculationBarrier for VMM input ACPI table in QemuFwCfg (Bugzilla Bug 4268),ovmfpkg,bug,low,yechao-w,0.95,"The bug is related to OVMF and QemuFwCfg, which falls under the RISC-V specific issues handled by yechao-w.",,False
qwen2.5:14b,A,10329,UefiCpuPkg/PiSmmCpuDxeSmm: Coverity scan flags multiple issues (Bugzilla Bug 4267),ueficpupkg,bug,high,philnoh2,0.95,"The bug is related to UefiCpuPkg/PiSmmCpuDxeSmm and Coverity scan issues, matching the pattern of previous high-priority CPU-related bugs assigned to philnoh2.",,False
qwen2.5:14b,A,10328,SecurityPkg/VariableAuthenticated/SecureBootConfigDxe: Coverity scan flags multiple issues (Bugzilla Bug 4266),securitypkg,bug,low,HunterChang030,0.9,"The bug is related to SecurityPkg and Coverity scan issues, matching HunterChang030's historical pattern of handling DeviceList and infinite loop issues in OpalPassword.",,False
qwen2.5:14b,A,10327,NetworkPkg/Library/DxeHttpIoLib: Coverity scan flags NULL_RETURNS issue (Bugzilla Bug 4265),networkpkg,bug,high,BritChesley,0.95,"The bug is related to a Coverity scan issue in NetworkPkg, which matches the historical pattern of BritChesley handling such issues.",,False
qwen2.5:14b,A,9302,[UEFIPayLoad] DebugPrintErrorLevelLibHob with deadcode caused unexpected log print level. (Bugzilla Bug 4264),uefipayloadpkg,bug,low,lgao4,0.75,The bug is related to DebugPrintErrorLevelLibHob in UEFIPayLoadPkg which does not match any specific rare assignees but seems similar to other low priority issues handled by lgao4.,,False
qwen2.5:14b,A,10326,Update Architecture MSR to follow latest SDM (Bugzilla Bug 4263),mdepkg,bug,low,AshrafAliS,0.95,The bug is related to updating Architecture MSR in MdePkg which aligns with previous high priority BaseTools issues handled by AshrafAliS.,,False
qwen2.5:14b,A,10325,Update CPUID Leaf 06H to follow latest SDM (Bugzilla Bug 4262),mdepkg,bug,low,AshrafAliS,0.95,"The bug is related to MdePkg and updating CPUID Leaf, which aligns with BaseTools FMMT handling patterns previously managed by AshrafAliS.",,False
qwen2.5:14b,A,10324,UefiCpuPkg/Library/MpInitLib: Coverity scan flags issues (Bugzilla Bug 4261),ueficpupkg,bug,high,philnoh2,0.95,"The bug is related to UefiCpuPkg and specifically mentions Coverity scan flags issues, matching the historical pattern of philnoh2 handling bugs in this package.",,False
qwen2.5:14b,A,9301,UefiCpuPkg/Universal/Acpi/S3Resume2Pei: Coverity scan flags FORWARD_NULL issue (Bugzilla Bug 4260),ueficpupkg,bug,high,philnoh2,0.9,"The bug is related to UefiCpuPkg and specifically mentions a Coverity scan issue, matching the historical pattern of philnoh2 handling issues within this package.",,False
qwen2.5:14b,A,10323,UefiCpuPkg/Library/RegisterCpuFeaturesLib: Coverity scan flags FORWARD_NULL issue (Bugzilla Bug 4259),ueficpupkg,bug,high,philnoh2,0.95,"The bug is related to UefiCpuPkg and specifically mentions a Coverity scan issue, matching the pattern of previous CPU-related bugs assigned to philnoh2.",,False
qwen2.5:14b,A,10322,UefiCpuPkg/Library/MtrrLib: Coverity scan flags multiple issues (Bugzilla Bug 4258),ueficpupkg,bug,high,philnoh2,0.95,"The bug is related to UefiCpuPkg and specifically mentions Coverity scan issues, matching the pattern of previous CPU-related bugs assigned to philnoh2.",,False
qwen2.5:14b,A,10321,NetworkPkg/Dhcp4Dxe: Coverity scan flags multiple issues (Bugzilla Bug 4257),networkpkg,bug,high,BritChesley,0.95,Coverity scan issues in NetworkPkg/Dhcp4Dxe match historical CodeQl errors assigned to BritChesley.,,False
qwen2.5:14b,A,9300,MdeModulePkg/Universal/SetupBrowserDxe - Part 2: Coverity scan flags issues (Bugzilla Bug 4255),mdemodulepkg,bug,high,YangGangUEFI,0.85,The bug is related to MdeModulePkg/SetupBrowserDxe and previous issues in this component were assigned to YangGangUEFI.,,False
qwen2.5:14b,A,10320,MdeModulePkg/Universal/SetupBrowserDxe: Coverity scan flags multiple issues (Bugzilla Bug 4254),mdemodulepkg,bug,high,YangGangUEFI,0.95,Historical pattern shows YangGangUEFI handles issues in SetupBrowserDxe.,,False
qwen2.5:14b,A,10319,NetworkPkg/HttpDxe: Coverity scan flags multiple issues (Bugzilla Bug 4252),networkpkg,bug,high,BritChesley,0.95,"The bug is related to Coverity scan issues in HttpDxe of NetworkPkg, matching historical CodeQl errors reported in the same package.",,False
qwen2.5:14b,A,9299,"OVMF IA32X64 boot failure on TCG, due to MMIO address space conflict (Bugzilla Bug 4251)",ovmfpkg,bug,low,Vogtinator,0.95,TCG/TPM2 support issues on OVMF are best handled by Vogtinator based on past patterns.,,False
qwen2.5:14b,A,10318,FatPkg/EnhancedFatDxe: Coverity scan flags multiple issues (Bugzilla Bug 4249),fatpkg,bug,low,BritChesley,0.85,"Coverity scan issues typically relate to code quality and security, matching the pattern of BritChesley handling CodeQl errors in NetworkPkg.",,False
qwen2.5:14b,A,9297,FatPkg/EnhancedFatDxe: Coverity scan flags multiple issues (Bugzilla Bug 4248),fatpkg,bug,low,BritChesley,0.85,"Coverity scan issues typically relate to code quality and security, matching the pattern of BritChesley handling CodeQl errors in NetworkPkg.",,False
qwen2.5:14b,A,10317,SMM code hangs when InitPaging (Bugzilla Bug 4246),ueficpupkg,bug,low,philnoh2,0.95,"The bug is related to SMM code and InitPaging in UefiCpuPkg, matching the pattern of a specific sub-component handled by philnoh2.",,False
qwen2.5:14b,A,9296,TDVF need measurement VMM input ACPI table before register (Bugzilla Bug 4245),ovmfpkg,bug,low,Vogtinator,0.85,The bug involves TCG2/TPM2 support on RISC-V which matches Vogtinator's historical pattern for handling such issues.,,False
qwen2.5:14b,A,9295,TDVF need integrate feature in config-B to config-A (Bugzilla Bug 4243),ovmfpkg,bug,low,r1chard-lyu,0.7,"The bug is related to OvmfPkg and involves configuration changes, matching r1chard-lyu's previous work on similar issues in this package.",,False
qwen2.5:14b,A,9294,Remove platform specific logic via protocol for bds (Bugzilla Bug 4241),uefipayloadpkg,bug,low,YangGangUEFI,0.85,"The bug is related to UEFI payload package and involves protocol changes, matching historical patterns for this type of issue.",,False
qwen2.5:14b,A,10316,MdeModulePkg/Bus/Pci/PciBusDxe: Coverity scan flags multiple issues (Bugzilla Bug 4239),mdemodulepkg,bug,medium,YangGangUEFI,0.85,Historical pattern shows YangGangUEFI handles issues in MdeModulePkg.,,False
qwen2.5:14b,A,9293,OvmfPkg commit 9fdc70af6ba8 breaks log analysis and code cohesion (Bugzilla Bug 4237),ovmfpkg,bug,low,YangGangUEFI,0.85,"The bug is related to OvmfPkg and impacts code cohesion, which aligns with previous issues handled by YangGangUEFI in the mdemodulepkg.",,False
qwen2.5:14b,A,9292,please raise DXEFV to 13MB for NOOPT IA32X64 OVMF's sake (Bugzilla Bug 4236),ovmfpkg,bug,low,os-d,0.95,The bug is related to OVMF build size and memory management issues.,,False
qwen2.5:14b,A,9291,"UefiCpuPkg, OvmfPkg: incomplete API removal: SmmCpuFeaturesAllocatePageTableMemory (Bugzilla Bug 4235)",ovmfpkg,bug,low,os-d,0.95,"The bug involves OvmfPkg and API removal, which aligns with os-d's expertise in handling such issues within the package.",,False
qwen2.5:14b,A,9290,UefiCpuPkg reaches a new low by BLATANTLY ignoring 32-bit Intel processors in commit 73ccde8f6d04 (Bugzilla Bug 4234),ueficpupkg,bug,low,philnoh2,0.95,"The bug is related to UefiCpuPkg and involves a specific commit affecting 32-bit Intel processors, matching the pattern of previous CPU-related bugs assigned to philnoh2.",,False
qwen2.5:14b,A,9289,Reduce the size of LoongArch64 cross compiler (Bugzilla Bug 4233),basetools,bug,low,AshrafAliS,0.95,The bug is related to BaseTools and involves reducing the size of a cross compiler.,,False
qwen2.5:14b,A,9286,MdeModulePkg/Bus/Pci/NvmExpressPei: Coverity scan flags DEADCODE issue (Bugzilla Bug 4220),mdemodulepkg,bug,medium,YangGangUEFI,0.85,"The bug is related to MdeModulePkg and Coverity scan flags issue, matching historical pattern for this package.",,False
qwen2.5:14b,A,9285,NetworkPkg/HttpDxe: Coverity scan flags NULL_RETURNS issues (Bugzilla Bug 4218),networkpkg,bug,medium,SaloniKasbekar,0.9,"The bug is related to NULL_RETURNS issues flagged by Coverity scan in NetworkPkg/HttpDxe, which matches the pattern of replacing hardcoded values with existing #define constants handled by SaloniKasbekar.",,False
qwen2.5:14b,A,9284,NetworkPkg: Coverity flagged issues in edk2-stable202208 (Bugzilla Bug 4217),networkpkg,bug,medium,BritChesley,0.95,Coverity flagged issues in NetworkPkg match historical CodeQl/static analysis error patterns assigned to BritChesley.,,False
qwen2.5:14b,A,9283,Not an issue (Bugzilla Bug 4216),mdemodulepkg,bug,medium,lgao4,0.85,The bug is related to MdeModulePkg and previous similar issues have been handled by lgao4.,,False
qwen2.5:14b,A,9282,IPMI Redfish host interface (Bugzilla Bug 4213),mdepkg,bug,high,mikebeaton,0.75,"The bug is related to IPMI Redfish host interface and MdePkg, which does not match any specific historical pattern but MikeBeaton handles general MdePkg issues.",,False
qwen2.5:14b,A,10315,MdeModulePkg/Bus/Pci/PciHostBridgeDxe: Coverity scan flags multiple issues (Bugzilla Bug 4212),mdemodulepkg,bug,medium,YangGangUEFI,0.85,"The bug is related to MdeModulePkg and Coverity scan issues, which historically YangGangUEFI has handled.",,False
qwen2.5:14b,A,9281,MdeModulePkg/Bus/Pci/UhciDxe: Coverity scan flags multiple issues (Bugzilla Bug 4211),mdemodulepkg,bug,high,YangGangUEFI,0.95,"The bug is related to MdeModulePkg and Coverity scan issues, matching previous assignments for similar MdeModulePkg bugs.",,False
qwen2.5:14b,A,9280,MdeModulePkg/Bus/Ata/AtaBusDxe: Coverity scan flags SIGN_EXTENSION issue (Bugzilla Bug 4209),mdemodulepkg,bug,medium,BritChesley,0.95,"The bug is related to Coverity scan flags and SIGN_EXTENSION issue in MdeModulePkg/Bus/Ata/AtaBusDxe, which matches historical pattern of code quality or static analysis issues.",,False
qwen2.5:14b,A,10314,iSCSI Remote Memory Corruption and Denial of Service (Bugzilla Bug 4207),networkpkg,bug,low,SaloniKasbekar,0.9,The bug involves replacing hardcoded values with existing #define constants in the network package.,,False
qwen2.5:14b,A,9279,MdeModulePkg/Bus/Ata/AtaAtapiPassThru: Coverity scan flags multiple issues (Bugzilla Bug 4204),mdemodulepkg,bug,medium,BritChesley,0.85,The bug is related to Coverity scan issues in MdeModulePkg/Bus/Ata/AtaAtapiPassThru which matches historical pattern of CodeQl/static analysis errors.,,False
qwen2.5:14b,A,10313,Integer overflow leading to heap buffer overwrite in FwVolBlock/FwVolBlock.c (Bugzilla Bug 4203),mdemodulepkg,bug,high,wenbhou,0.95,The bug is related to FwVolBlock in MdeModulePkg and matches the pattern of high priority memory corruption issues previously handled by wenbhou.,,False
qwen2.5:14b,A,10312,The strings of the Smbiostype0 BIOS Characteristics field in shell module are inconsistent with the spec (Bugzilla Bug 4202),shellpkg,bug,low,NingFengGit,0.95,The bug is related to SmbiosType0 in the Shell module of ShellPkg.,,False
qwen2.5:14b,A,9278,MdeModulePkg/Bus/Ata/AhciPei: Coverity scan flags DEADCODE issue (Bugzilla Bug 4201),mdemodulepkg,bug,low,YangGangUEFI,0.85,"The bug is related to MdeModulePkg and Coverity scan flags issue, which matches historical patterns for YangGangUEFI.",,False
qwen2.5:14b,A,9277,IntelFsp2Pkg: Coverity scan flags OVERRUN issue (Bugzilla Bug 4200),intelfsp2pkg,bug,low,praravin,0.95,"The bug is related to IntelFsp2Pkg and specifically mentions an OVERRUN issue flagged by Coverity scan, matching the pattern of a previous bug reported for configuring TemporaryRamSize in IntelFsp2Pkg.",,False
qwen2.5:14b,A,9276,FatPkg/EnhancedFatDxe: Coverity scan flags multiple issues (Bugzilla Bug 4199),fatpkg,bug,medium,BritChesley,0.85,Coverity scan issues typically involve code quality and security checks similar to CodeQl errors.,,False
qwen2.5:14b,A,10311,CryptoPkg: Make Protocol Service API backward compatible (Bugzilla Bug 4197),cryptopkg,bug,low,ardbiesheuvel,0.95,"The bug is related to CryptoPkg and involves protocol service API compatibility, matching the CLANG compiler build error pattern for this package.",,False
qwen2.5:14b,A,9275,Move bdsdxe.inf from DXEFV to BDSFV in UefiPayloadPkg (Bugzilla Bug 4196),uefipayloadpkg,bug,low,lgao4,0.85,"The bug involves moving an .inf file within a package, which is likely to be handled by someone who deals with protocol and handle management.",,False
qwen2.5:14b,A,9274,UefiCpuPkg: Supporting S3 in 64bit PEI (Bugzilla Bug 4195),ueficpupkg,bug,low,philnoh2,0.95,"The bug is related to UefiCpuPkg and specifically mentions S3 support in PEI, matching the historical pattern of philnoh2 handling issues within UefiCpuPkg.",,False
qwen2.5:14b,A,9273,TdTcg2Dxe lives in the Ovmfpkg instead of the SecurityPkg. (Bugzilla Bug 4194),ovmfpkg,bug,low,Vogtinator,0.95,TdTcg2Dxe is related to TCG2/TPM2 support on RISC-V which Vogtinator has handled before.,,False
qwen2.5:14b,A,9272,Remove RTC_INDEX/RTC_TARGET from UplBuild macro list (Bugzilla Bug 4193),uefipayloadpkg,bug,low,AshrafAliS,0.95,"The bug is related to BaseTools and involves handling macros, matching AshrafAliS's historical pattern of working on BaseTools issues.",,False
qwen2.5:14b,A,10310,Replace Variable Lock Protocol with Variable Policy in edk2 (Bugzilla Bug 4190),-,bug,low,SaloniKasbekar,0.9,"The bug involves replacing a protocol with another in edk2, which matches the pattern of replacing hardcoded values with existing constants in NetworkPkg.",,False
qwen2.5:14b,A,9271,BinToPcd.py - xdrlib is deprecated in Python 3.11; removal in Python 3.13 (Bugzilla Bug 4188),basetools,bug,low,AshrafAliS,0.95,"The bug is related to BaseTools and Python deprecation, matching historical patterns of AshrafAliS handling similar issues in BaseTools.",,False
qwen2.5:14b,A,9270,Enable TDVF for Cloud Hypervisor to launch an Intel TDX guest (Bugzilla Bug 4187),ovmfpkg,bug,low,Vogtinator,0.95,"The bug is related to enabling TDVF for Cloud Hypervisor and Intel TDX guest in OvmfPkg, matching Vogtinator's expertise with similar TPM/TCG features on RISC-V.",,False
qwen2.5:14b,A,10308,Address/size of SEV launch secret area is overwritten by guest OS (Bugzilla Bug 4186),ovmfpkg,bug,low,jxu023,0.9,"The bug involves SEV launch secret area overwriting by guest OS, matching jxu023's expertise with SEV and SEV-ES VM boot issues in OvmfPkg.",,False
qwen2.5:14b,A,10307,TDVF MP wake up code has hidden assumption. (Bugzilla Bug 4185),ovmfpkg,bug,low,philnoh2,0.95,"The bug is related to OvmfPkg and involves assumptions in MP wake up code, matching the pattern of previous bugs assigned to philnoh2.",,False
qwen2.5:14b,A,9269,Incorrect protocol and structure version in the TDX CC measurement driver (Bugzilla Bug 4184),ovmfpkg,bug,low,Vogtinator,0.95,The bug is related to TDX CC measurement driver in OvmfPkg and Vogtinator has handled similar TPM2/TDX issues before.,,False
qwen2.5:14b,A,9268,Modify APIs in UnitTestPersistenceLib to make it easy to become a public library. (Bugzilla Bug 4183),unittestframeworkpkg,bug,low,lgao4,0.85,"The bug is related to modifying APIs in a library, which does not match any specific historical pattern but lgao4 has handled similar issues before.",,False
qwen2.5:14b,A,10306,Customize lazy-accepted memory size in build time for OVMF (Bugzilla Bug 4181),ovmfpkg,bug,low,os-d,0.95,The bug is related to customizing memory size in OVMF build time which falls under OvmfPkg and memory management issues handled by os-d.,,False
qwen2.5:14b,A,9266,Incorrect implementation in the TDX RTMR implementation (Bugzilla Bug 4180),ovmfpkg,bug,low,Vogtinator,0.95,TDX RTMR implementation is related to TCG2/TPM2 support on RISC-V previously handled by Vogtinator.,,False
qwen2.5:14b,A,9265,Incorrect implementation in the TDX RTMR implementation (Bugzilla Bug 4179),ovmfpkg,bug,low,Vogtinator,0.95,TDX RTMR implementation is related to TCG2/TPM2 support on RISC-V previously handled by Vogtinator.,,False
qwen2.5:14b,A,9264,UnitTestFrameworklPkg DEC - Make GoogleTestLib and UnitTestPersistenceLib public (Bugzilla Bug 4178),unittestframeworkpkg,bug,low,lgao4,0.85,The bug is related to UnitTestFrameworkPkg DEC and there's no specific historical pattern or rare assignee that matches better than a common one.,,False
qwen2.5:14b,A,10305,DxeIpl: Code logic in SetPageTablePoolReadOnly() doesn't handle the Level5Paging case. (Bugzilla Bug 4176),mdemodulepkg,bug,low,os-d,0.95,"The bug is related to memory protection and page table handling in DXE core, which matches os-d's expertise on GCD internal data structure consistency issues.",,False
qwen2.5:14b,A,10304,"After migrating to Permanent Memory, the non-core pointers in the PeiServices Table are not updated (Bugzilla Bug 4175)",mdemodulepkg,bug,low,os-d,0.95,"The bug is related to memory management and pointer updates in the PeiServices Table, which falls under MdeModulePkg's DXE core functionality.",,False
qwen2.5:14b,A,10303,Provide feedback on antlr4-python3-runtime 4.7.1 to 4.11.1 pip module update (Bugzilla Bug 4174),basetools,bug,medium,AshrafAliS,0.95,"The bug is related to BaseTools and involves a pip module update feedback, matching AshrafAliS's historical pattern of handling BaseTools issues.",,False
qwen2.5:14b,A,10302,PiSmmCpuDxeSmm: Check SMM Delayed/Blocked AP Count to decide all CPUs in SMI or not (Bugzilla Bug 4173),ueficpupkg,bug,low,philnoh2,0.95,The bug is related to CPU/AP handling in UEFI CPUPkg which matches the pattern of a previous bug assigned to philnoh2.,,False
qwen2.5:14b,A,9261,Pre-alloc shared memory in IOMMU for Td guest's DMA operation (Bugzilla Bug 4171),ovmfpkg,bug,low,AndreasBBS,0.95,"The bug involves pre-allocation of shared memory for IOMMU in a guest environment, which is related to driver loading and QEMU_EFI issues previously handled by AndreasBBS.",,False
qwen2.5:14b,A,9260,Fix Instruction Pointer Incrementation by TD #VE MMIO Handler (Bugzilla Bug 4170),ovmfpkg,bug,low,Vogtinator,0.85,"The bug is related to TDCALL and MMIO handling in OvmfPkg, matching Vogtinator's expertise with TPM2/TCG2 on RISC-V.",,False
qwen2.5:14b,A,9259,Fix Instruction Pointer Incrementation by TD #VE MMIO Handler (Bugzilla Bug 4169),ovmfpkg,bug,low,Vogtinator,0.85,"The bug is related to OvmfPkg and involves a specific hardware issue (TD #VE MMIO Handler), matching Vogtinator's historical pattern of handling TPM2/TCG2 issues on RISC-V.",,False
qwen2.5:14b,A,10301,use 5L paging when PA > 48 and CPU supports (Bugzilla Bug 4168),ueficpupkg,bug,low,philnoh2,0.95,"The bug is related to CPU paging and memory management in UEFI Core Package (UEFI CPUPkg), matching the expertise of philnoh2 who has handled similar issues before.",,False
qwen2.5:14b,A,10300,Time calculation overflow occurs when a certificate is imported (Bugzilla Bug 4167),cryptopkg,bug,low,liyi77,0.95,The bug is related to certificate time calculation overflow in Cryptopkg.,,False
qwen2.5:14b,A,10299,Integer Overflow in CreateHob() could lead to HOB OOB R/W (Bugzilla Bug 4166),uefipayloadpkg,bug,high,AshrafAliS,0.95,"The bug is related to UEFI payload package and BaseTools FMMT handling, matching AshrafAliS's historical pattern of handling such issues.",,False
qwen2.5:14b,A,9258,Support multiple firmware volume from elf file (Bugzilla Bug 4164),uefipayloadpkg,bug,low,AshrafAliS,0.95,The bug is related to BaseTools and involves handling multiple firmware volumes from an elf file.,,False
qwen2.5:14b,A,9257,MdePkg/BaseRngLib does not properly check for RDRAND support (Bugzilla Bug 4163),mdepkg,bug,low,os-d,0.95,"The bug is related to MdePkg and involves a potential issue with hardware support detection, which aligns with os-d's expertise in handling low-level system issues.",,False
qwen2.5:14b,A,9256,Deferring EOI until after RestoreTPL() causes system time to stop (Bugzilla Bug 4162),ovmfpkg,bug,high,vit9696,0.85,"The bug involves system time stopping after RestoreTPL(), which relates to runtime driver execution timing issues.",,False
qwen2.5:14b,A,10298,FFS checksum mismatch when PcdMigrateTemporaryRamFirmwareVolumes is enabled (Bugzilla Bug 4158),mdemodulepkg,bug,high,os-d,0.95,"The bug is related to FFS checksum and PcdMigrateTemporaryRamFirmwareVolumes in MdeModulePkg, which falls under memory management and consistency issues handled by os-d.",,False
qwen2.5:14b,A,9255,Disable PciDegrade support for LoongArch64 (Bugzilla Bug 4157),mdemodulepkg,bug,low,YangGangUEFI,0.85,"The bug is related to MdeModulePkg and involves disabling PciDegrade support for LoongArch64, which aligns with previous assignments of similar nature within the package.",,False
qwen2.5:14b,A,9254,"Refer to SMBIOS v3.6, update ProcessorUpgradeTable in Edk2\ShellPkg\Library\UefiShellDebug1CommandsLib\SmbiosView\QueryTable.c (Bugzilla Bug 4156)",shellpkg,bug,low,praveensankarn,0.95,"The bug involves updating SMBIOS ProcessorUpgradeTable in ShellPkg, matching previous updates to SmbiosView by praveensankarn.",,False
qwen2.5:14b,A,9253,UefiPayloadPkg: The Universal Payload Information section is not aligned at 4-byte boundary (Bugzilla Bug 4153),uefipayloadpkg,bug,low,AshrafAliS,0.95,The bug is related to alignment in UefiPayloadPkg and matches the pattern of BaseTools FMMT handling issues previously reported by AshrafAliS.,,False
qwen2.5:14b,A,9252,Enable Separate-Fv in OvmfPkg/IntelTdx (Bugzilla Bug 4152),ovmfpkg,bug,low,os-d,0.95,The bug is related to OvmfPkg and involves enabling Separate-Fv which is a build or configuration issue within the package.,,False
qwen2.5:14b,A,9251,Faulty Rng algo selection for Arm (Bugzilla Bug 4151),securitypkg,bug,low,HunterChang030,0.9,"The bug is related to SecurityPkg and involves faulty RNG algo selection for Arm, matching HunterChang030's historical pattern of handling issues in OpalPassword.",,False
qwen2.5:14b,A,9250,ASSERT in ArmTrngLib prevents normal boot (Bugzilla Bug 4150),armpkg,bug,low,YangGangUEFI,0.85,The bug is related to ArmTrngLib in Armpkg and matches historical patterns of YangGangUEFI handling similar issues.,,False
qwen2.5:14b,A,10297,Multiple Coverity issues were found from EDK2 ShellPkg. (Bugzilla Bug 4148),shellpkg,bug,low,YangGangUEFI,0.85,The bug is related to ShellPkg and historical patterns show YangGangUEFI handles issues within this package.,,False
qwen2.5:14b,A,9248,Multiple Coverity issues were found from EDK2 ShellPkg. (Bugzilla Bug 4147),shellpkg,bug,low,YangGangUEFI,0.85,The bug is related to ShellPkg and historical patterns show YangGangUEFI handles issues within this package.,,False
qwen2.5:14b,A,9247,Pytools generates exception if nested packages are detected (Bugzilla Bug 4146),-,bug,low,AshrafAliS,0.95,"The bug is related to BaseTools and Pytools, which matches the historical pattern of AshrafAliS handling issues within BaseTools.",,False
qwen2.5:14b,A,10296,Update BaseTools C tools Generation without debug symbol (Bugzilla Bug 4145),basetools,bug,low,AshrafAliS,0.95,"The bug is related to BaseTools and involves C tool generation without debug symbols, matching AshrafAliS's historical pattern of handling BaseTools issues.",,False
qwen2.5:14b,A,9245,InternalSyncCompareExchange64 is not implemented in RISC-V platform. (Bugzilla Bug 4143),mdepkg,bug,low,yechao-w,0.95,The bug is related to RISC-V platform implementation in MdePkg.,,False
qwen2.5:14b,A,9244,Modify _CID of PRMT Device (_HID=80860223) so it will not generate unknown device when default drivers loaded (Bugzilla Bug 4142),prmpkg,bug,low,YangGangUEFI,0.95,"The bug is related to modifying _CID for a specific device in PRMT Package, which falls under the category of driver or device management issues typically handled by YangGangUEFI.",,False
qwen2.5:14b,A,9243,PrmPkg: WHQL Signed Driver test failure for PRM Test Device (Bugzilla Bug 4141),prmpkg,bug,low,YangGangUEFI,0.85,"The bug is related to WHQL Signed Driver test failure in PrmPkg, which aligns with previous assignments for similar issues within the package.",,False
qwen2.5:14b,A,10295,Add Option to reserve 4K region at 4GB in Reset Vector Bin (Bugzilla Bug 4140),ueficpupkg,bug,low,philnoh2,0.95,"The bug is related to UEFI Core Package and involves a reset vector bin option, matching the expertise of philnoh2 on similar components.",,False
qwen2.5:14b,A,9242,Building PcdValueInit.exe app with VS generates vcxxx.pdb in root of project (Bugzilla Bug 4139),basetools,bug,low,AshrafAliS,0.95,"The bug is related to BaseTools and involves a specific issue with VS project files, matching AshrafAliS's historical pattern of handling BaseTools issues.",,False
qwen2.5:14b,A,9240,Regression in 202202: Virtual machines with VFIO devices hang early during startup (Bugzilla Bug 4137),ovmfpkg,bug,medium,AndreasBBS,0.95,The bug involves QEMU_EFI and VFIO devices which matches the pattern of network protocol driver issues in OvmfPkg.,,False
qwen2.5:14b,A,9239,UefiPayloadPkg : Boot mode in PHIT HOB will not be updated (Bugzilla Bug 4136),uefipayloadpkg,bug,low,lgao4,0.75,The bug is related to UefiPayloadPkg and does not match any specific rare assignees or common patterns exactly.,,False
qwen2.5:14b,A,9238,Improved Smbios Type 9 data under smbiosview command (Bugzilla Bug 4135),shellpkg,bug,low,praveensankarn,0.95,The bug is related to improving Smbios Type 9 data under smbiosview command in ShellPkg.,,False
qwen2.5:14b,A,10294,TDVF: Need check TDCS.NOTIFY_ENABLES disable (Bugzilla Bug 4133),ovmfpkg,bug,low,Vogtinator,0.85,The bug is related to TCG2/TPM2 support on RISC-V which matches Vogtinator's expertise based on previous assignments.,,False
qwen2.5:14b,A,10293,QEMU/KVM: INIT-SIPI-SIPI while CPU is in SMM fails smp boot (Bugzilla Bug 4132),ovmfpkg,bug,low,os-d,0.95,The bug is related to SMP boot failure in QEMU/KVM which falls under OvmfPkg and involves CPU state management during SMM.,,False
qwen2.5:14b,A,10292,TDVF: Need set ATTR_SEPT_VE_DISABLE in TD configuration (Bugzilla Bug 4131),ovmfpkg,bug,low,Vogtinator,0.85,"The bug is related to OvmfPkg and involves a specific configuration setting for TDVF, matching Vogtinator's expertise in TCG2/TPM2 support on RISC-V.",,False
qwen2.5:14b,A,9236,Simplify CryptoPkg host-based unit tests by using FILE_GUID in DSC file to test multiple OpensslLib instances (Bugzilla Bug 4130),cryptopkg,bug,low,ardbiesheuvel,0.95,The bug is related to CryptoPkg host-based unit tests and historical patterns indicate mdkinney handles CLANG compiler issues while ardbiesheuvel deals with other build/test issues in CryptoPkg.,,False
qwen2.5:14b,A,9235,FILE_GUID overrides in DSC file do not work for UnitTestFrameworkPkg based host unit tests (Bugzilla Bug 4129),unittestframeworkpkg,bug,low,AshrafAliS,0.95,"The bug is related to UnitTestFrameworkPkg and involves DSC file issues, which aligns with AshrafAliS's historical pattern of handling BaseTools-related bugs.",,False
qwen2.5:14b,A,9234,Make FspHelper.nasm to be shareable with other drivers (Bugzilla Bug 4128),intelfsp2pkg,bug,low,praravin,0.95,"The bug is related to IntelFsp2Pkg and involves sharing FspHelper.nasm with other drivers, matching praravin's expertise in handling similar issues within this package.",,False
qwen2.5:14b,A,10291,Basetools: The include file order in the created Makefile does not follow the order of Includes section in dec file (Bugzilla Bug 4127),basetools,bug,low,AshrafAliS,0.95,"The bug is related to BaseTools and involves an issue with the generated Makefile, which matches historical patterns of AshrafAliS handling BaseTools issues.",,False
qwen2.5:14b,A,9233,IntelFsp2Pkg: Update function header to support IA32/X64. (Bugzilla Bug 4126),intelfsp2pkg,bug,low,praravin,1.0,"The bug is related to IntelFsp2Pkg and function header updates for IA32/X64, matching the historical pattern of praravin handling similar issues.",,False
qwen2.5:14b,A,9232,TDVF: Need add GPA check for #VE handle (Bugzilla Bug 4125),ovmfpkg,bug,low,Vogtinator,0.85,The bug involves TCG2/TPM2 support on RISC-V which matches Vogtinator's expertise based on previous similar bugs.,,False
qwen2.5:14b,A,9231,Rename VmgExitLib to CcExitLib (Bugzilla Bug 4123),ovmfpkg,bug,low,YangGangUEFI,0.85,"The bug is related to OvmfPkg and involves a library rename, which aligns with previous work on similar setup or configuration issues within the package.",,False
qwen2.5:14b,A,10289,ArmPkg should be deleted (Bugzilla Bug 4121),armpkg,bug,low,YangGangUEFI,0.85,The bug is related to ArmPkg deletion which falls under the general maintenance and management of packages handled by YangGangUEFI.,,False
qwen2.5:14b,A,9230,IntelFsp2WrapperPkg: Check header version before accessing MultiPhase fields. (Bugzilla Bug 4119),intelfsp2wrapperpkg,bug,low,praravin,0.95,"The bug is related to IntelFsp2WrapperPkg and specifically involves checking header version before accessing MultiPhase fields, which matches the historical pattern of praravin handling similar issues within IntelFsp2WrapperPkg.",,False
qwen2.5:14b,A,9229,Heap Buffer Overflow in Tcg2MeasurePeImage() (Bugzilla Bug 4118),securitypkg,bug,high,HunterChang030,0.9,"The bug is related to SecurityPkg and involves a heap buffer overflow in Tcg2MeasurePeImage(), matching HunterChang030's previous work on OpalPassword security issues.",,False
qwen2.5:14b,A,9228,Heap Buffer Overflow in Tcg2MeasureGptTable() (Bugzilla Bug 4117),securitypkg,bug,high,HunterChang030,0.9,"The bug is related to SecurityPkg and involves a heap buffer overflow in Tcg2MeasureGptTable(), matching HunterChang030's previous work on OpalPassword security issues.",,False
qwen2.5:14b,A,9227,The Edk2\BaseTools\Tests\GNUmakefile file cannot handle the case which PYTHON_COMMAND is not defined (Bugzilla Bug 4116),basetools,bug,low,AshrafAliS,0.95,The bug is related to BaseTools and involves handling of environment variables in makefiles.,,False
qwen2.5:14b,A,9226,Enable initial CodeQL support (Bugzilla Bug 4115),-,bug,low,BritChesley,0.85,The bug is about enabling CodeQL support which matches historical pattern of BritChesley handling code quality and analysis tools.,,False
qwen2.5:14b,A,9225,(edk2-stable202211) IntelFsp2Pkg: Support Input UPD parameter as NULL cases. (Bugzilla Bug 4114),intelfsp2pkg,bug,low,praravin,0.95,"The bug is related to IntelFsp2Pkg and involves handling NULL cases for Input UPD parameters, matching the historical pattern of praravin who handles similar issues within this package.",,False
qwen2.5:14b,A,10288,"Uninitialized local variable ""VariableSize"" (Bugzilla Bug 4113)",mdemodulepkg,bug,low,YangGangUEFI,0.85,Uninitialized variable bugs in MdeModulePkg are commonly handled by this assignee.,,False
qwen2.5:14b,A,10287,Memory Corruption Error in CapsuleRuntimeDxe (Bugzilla Bug 4112),mdemodulepkg,bug,high,os-d,0.95,"The bug is related to memory corruption in CapsuleRuntimeDxe within MdeModulePkg, which falls under the DXE core and memory protection feature.",,False
qwen2.5:14b,A,9224,Coding style check error in Intel side (Bugzilla Bug 4111),basetools,bug,low,AshrafAliS,0.95,Historical pattern shows AshrafAliS handles BaseTools related issues.,,False
qwen2.5:14b,A,9223,CryptoPkg: Should implement BIO_snprintf for X509 time check (Bugzilla Bug 4110),cryptopkg,bug,medium,liyi77,0.95,"The bug is related to implementing a function for X509 time check in CryptoPkg, which matches the pattern of updating OpenSSL and handling security-related issues.",,False
qwen2.5:14b,A,10284,OpensslLib with EC services enabled fails to build for RISCV64 due to missing intrinsic (Bugzilla Bug 4103),cryptopkg,bug,low,liyi77,0.95,"The bug is related to OpensslLib build issues for RISCV64, matching liyi77's pattern of handling OpenSSL updates and build errors.",,False
qwen2.5:14b,A,9222,CryptoPkg: Add EC key retrieving and signature interface (Bugzilla Bug 4102),cryptopkg,bug,low,ardbiesheuvel,0.95,"The bug is related to CryptoPkg and involves adding new cryptographic functionality, which matches the pattern of handling CLANG compiler build errors for this package.",,False
qwen2.5:14b,A,10283,CI builds for clang (Bugzilla Bug 4101),-,bug,low,AshrafAliS,0.95,The bug is related to CI builds for clang which matches historical patterns of AshrafAliS handling BaseTools and build-related issues.,,False
qwen2.5:14b,A,9221,"ScsiDiskDxe driver updates ""ControllerNameTable"" with common string ""SCSI Disk Device"" for all SCSI disk devices (Bugzilla Bug 4100)",mdemodulepkg,bug,low,YangGangUEFI,0.95,The bug is related to ScsiDiskDxe driver in MdeModulePkg and matches historical pattern of UI/UX/UI-related bugs assigned to YangGangUEFI.,,False
qwen2.5:14b,A,9220,DayRemainder may overflow (Bugzilla Bug 4099),cryptopkg,bug,low,mdkinney,0.95,"The bug is related to a potential overflow in the cryptopkg package, which matches previous CLANG compiler build errors handled by mdkinney.",,False
qwen2.5:14b,A,9218,Deprecated crypto services should be disabled in UefiPayloadPkg.dsc (Bugzilla Bug 4096),uefipayloadpkg,bug,low,YangGangUEFI,0.85,"The bug is related to UefiPayloadPkg.dsc and involves disabling deprecated crypto services, which falls under the general maintenance and configuration of package settings.",,False
qwen2.5:14b,A,9217,Abstract SmmCpuFeaturesLib for sharing common code (Bugzilla Bug 4093),ueficpupkg,bug,low,philnoh2,0.95,"The bug is related to UefiCpuPkg and involves abstracting SmmCpuFeaturesLib for common code sharing, matching the pattern of previous bugs in this package.",,False
qwen2.5:14b,A,9216,Duplicate library header in IntelFsp2WrapperPkg.dec. (Bugzilla Bug 4092),intelfsp2wrapperpkg,bug,low,AshrafAliS,0.95,The bug is related to BaseTools and involves a header issue in IntelFsp2WrapperPkg.dec.,,False
qwen2.5:14b,A,9215,SourceLevelDebugPkg: Add CI YAML file (Bugzilla Bug 4091),sourceleveldebugpkg,bug,low,AshrafAliS,0.95,The bug is about adding a CI YAML file for SourceLevelDebugPkg which has no previous assignee listed but matches the pattern of AshrafAliS handling BaseTools related issues.,,False
qwen2.5:14b,A,10282,RdRandGenerateEntropy does not handle return values from GetRandomNumber128 correctly (Bugzilla Bug 4090),securitypkg,bug,low,HunterChang030,1.0,"The bug is related to SecurityPkg and specifically deals with incorrect handling of return values from a function, matching HunterChang030's previous work on similar issues in the same package.",,False
qwen2.5:14b,A,10278,PlatformBuild.py does not contain Basetool detection logic (Bugzilla Bug 4085),armvirtpkg,bug,low,AshrafAliS,0.95,"The bug is related to BaseTools and PlatformBuild.py logic, matching AshrafAliS's historical pattern of handling BaseTools issues.",,False
qwen2.5:14b,A,9214,Reset a parameter when BSP Exit in CPU relaxed mode (Bugzilla Bug 4083),ueficpupkg,bug,low,philnoh2,0.95,The bug is related to CPU relaxed mode and BSP/AP handling in UefiCpuPkg.,,False
qwen2.5:14b,A,9213,CryptoPkg: Add more Crypto X509 funtions. (Bugzilla Bug 4082),cryptopkg,bug,low,liyi77,0.95,The bug is about adding more X509 functions in CryptoPkg which aligns with previous OpenSSL update work.,,False
qwen2.5:14b,A,10276,INF [Sources] section Feature Flag Expressions do not use override values from build --pcd option (Bugzilla Bug 4081),basetools,bug,low,AshrafAliS,0.95,The bug is related to BaseTools and involves a specific build issue with PCD overrides.,,False
qwen2.5:14b,A,9212,Add missing library mappings for CRYPTO_SERVICES set to ALL or MIN_DXE_MIN_SMM (Bugzilla Bug 4080),cryptopkg,bug,low,ardbiesheuvel,0.95,The bug is related to library mappings in CRYPTO_SERVICES which falls under build configuration and compiler issues within the cryptopkg.,,False
qwen2.5:14b,A,10275,EFI_KEYWORD_HANDLER_PROTOCOL.GetData() handle NamespaceId string as prefix (Bugzilla Bug 4079),mdemodulepkg,bug,low,YangGangUEFI,0.95,The bug is related to MdeModulePkg and involves a specific protocol handling issue.,,False
qwen2.5:14b,A,9211,Enhancing the logic for AtaPassThruGetNextPort()/AtaPassThruGetNextDevice() (Bugzilla Bug 4078),mdemodulepkg,bug,low,YangGangUEFI,0.85,"The bug is related to MdeModulePkg and involves enhancing logic for ATA pass-through functions, which aligns with previous assignments to YangGangUEFI.",,False
qwen2.5:14b,A,9210,Remove enforcement of final GoIdle transition for CRB TPM commands. (Bugzilla Bug 4077),securitypkg,bug,low,HunterChang030,0.9,"The bug is related to SecurityPkg and involves TPM commands, matching HunterChang030's historical pattern for handling TPM-related issues in SecurityPkg.",,False
qwen2.5:14b,A,9208,CryptoPkg: RsaGetPrivateKeyFromPem() crashed in Libfuzzer test (Bugzilla Bug 4075),cryptopkg,bug,medium,mdkinney,0.95,"The bug is related to a crash in Libfuzzer test within CryptoPkg, matching the historical pattern of CLANG compiler build errors.",,False
qwen2.5:14b,A,9207,[MdeModulePkg][XhciDxe] Current endpoint input context is not fully initialized for evaluate context command (Bugzilla Bug 4074),mdemodulepkg,bug,low,YangGangUEFI,0.85,"The bug is related to MdeModulePkg and XhciDxe, which matches historical patterns for this assignee.",,False
qwen2.5:14b,A,9204,UefiPayloadPkg: Provide a wrapper for UniversalPayloadBuild.py (Bugzilla Bug 4071),uefipayloadpkg,bug,low,lgao4,0.75,"The bug is related to UefiPayloadPkg and there's no exact match in the historical patterns, but lgao4 has handled similar low priority bugs before.",,False
qwen2.5:14b,A,10274,Fix bug on SR-IOV device multi functions(over 8) reserved bus numbers calculate wrongly (Bugzilla Bug 4070),mdemodulepkg,bug,low,SaloniKasbekar,0.9,"The bug is related to SR-IOV device multi functions and involves a calculation issue, matching the pattern of replacing hardcoded values with existing #define constants in MdeModulePkg.",,False
qwen2.5:14b,A,10273,Correct SR-IOV reserved bus numbers calculation method (Bugzilla Bug 4069),mdemodulepkg,bug,low,YangGangUEFI,0.85,"The bug is related to MdeModulePkg and involves a calculation method for SR-IOV reserved bus numbers, which aligns with previous assignments of EricGao2015 but uses the more general assignee YangGangUEFI for similar issues.",,False
qwen2.5:14b,A,10272,ArmPkg SMBIOS - Incorrect string index (FWTS failure) (Bugzilla Bug 4067),armpkg,bug,high,YangGangUEFI,0.95,"The bug is related to ArmPkg SMBIOS and incorrect string index, matching previous assignments for similar issues in the same package.",,False
qwen2.5:14b,A,10271,"ArmPkg SMBIOS - strings populated with ""Not Specified"" (Bugzilla Bug 4066)",armpkg,bug,low,YangGangUEFI,0.95,The bug is related to ArmPkg SMBIOS strings and matches previous assignments for similar issues in the same package.,,False
qwen2.5:14b,A,9202,IntelFsp2Pkg: NvsBufferPtr is missing in Fsp24ApiEntryM.nasm (Bugzilla Bug 4063),intelfsp2pkg,bug,low,praravin,0.95,"The bug is related to IntelFsp2Pkg and specifically mentions a missing variable in assembly code, matching the pattern of previous bugs assigned to praravin.",,False
qwen2.5:14b,A,9200,RISC-V build fails with GCC12 (Bugzilla Bug 4061),-,bug,low,yechao-w,0.95,"The bug is related to RISC-V build failure with GCC12, matching yechao-w's expertise in handling RISC-V specific issues.",,False
qwen2.5:14b,A,10270,Is it necessary to add NULL check (Bugzilla Bug 4060),mdepkg,bug,low,lgao4,0.75,"The bug is related to MdePkg and involves a NULL check, which matches historical patterns of lgao4 handling similar issues.",,False
qwen2.5:14b,A,10269,Add support in smbiosview command to display Type 45 table and fix a bug in Type 3 table (Bugzilla Bug 4058),shellpkg,bug,low,praveensankarn,0.95,"The bug involves adding support for Type 45 table and fixing a Type 3 table issue in smbiosview command, matching previous ShellPkg related tasks.",,False
qwen2.5:14b,A,9199,VirtioBlk doesn't work with cache modeling enabled on RDN2 FVP (Bugzilla Bug 4055),ovmfpkg,bug,low,yechao-w,0.95,"The bug is related to RDN2 FVP and VirtioBlk, which falls under OvmfPkg hardware compatibility issues.",,False
qwen2.5:14b,A,9196,SMBIOS Type 4 CurrentSpeed field can be various to reflect processor current speed in turbo mode case (Bugzilla Bug 4051),mdemodulepkg,bug,low,NingFengGit,0.95,The bug is related to SMBIOS Type 4 processor information and requires updating SmbioView command for ARMV9 support.,,False
qwen2.5:14b,A,9195,SignedCapsulePkg: Add CI YAML file (Bugzilla Bug 4050),signedcapsulepkg,bug,low,AshrafAliS,0.95,"The bug is about adding a CI YAML file for SignedCapsulePkg, which aligns with previous work on BaseTools FMMT handling.",,False
qwen2.5:14b,A,9194,IntelFsp2Pkg: Fix build failure (FSP 2.4 Multi-Phase Interface) (Bugzilla Bug 4049),intelfsp2pkg,bug,low,praravin,0.95,The bug is related to IntelFsp2Pkg build failure which matches the historical pattern of praravin handling issues within this package.,,False
qwen2.5:14b,A,9193,Add Intel FSP packages to edk2 CI (Bugzilla Bug 4048),intelfsp2wrapperpkg,bug,low,AshrafAliS,0.95,The bug is about adding Intel FSP packages to CI which aligns with previous work on similar tasks.,,False
qwen2.5:14b,A,10268,Clarify UART related PCDs in MdePkg(Serial I/O Protocol) and MdeModulePkg (SerialPortLib) (Bugzilla Bug 4047),mdepkg,bug,low,YangGangUEFI,0.85,"The bug is related to UART PCDs in MdePkg and SerialPortLib, which are common configuration items handled by YangGangUEFI historically.",,False
qwen2.5:14b,A,9192,EmbeddedPkg: Add CI YAML file (Bugzilla Bug 4046),embeddedpkg,bug,low,AshrafAliS,0.95,The bug is about adding a CI YAML file for EmbeddedPkg which aligns with AshrafAliS's previous work on similar issues in BaseTools.,,False
qwen2.5:14b,A,10267,PCD VPD errors passed on rebuild (Bugzilla Bug 4045),basetools,bug,low,AshrafAliS,0.95,"The bug is related to BaseTools and involves PCD VPD errors on rebuild, matching historical patterns for AshrafAliS.",,False
qwen2.5:14b,A,9191,UefiCpuPkg/SmmCpuRendezvousLib: Separate the processing logic of MM_STANDALONE and DXE_SMM_DRIVER customers (Bugzilla Bug 4044),ueficpupkg,bug,low,philnoh2,0.95,"The bug is related to UefiCpuPkg and specifically involves SmmCpuRendezvousLib logic separation, matching the expertise of philnoh2 on UEFI CPU package issues.",,False
qwen2.5:14b,A,9190,Use switch case when checking supported HTTP methods (Bugzilla Bug 4043),networkpkg,bug,low,BritChesley,0.95,"The bug involves code structure and style within the NetworkPkg, matching BritChesley's pattern for handling CodeQl errors and refactoring.",,False
qwen2.5:14b,A,9189,Incorrect BAR read in AhciPei driver (Bugzilla Bug 4041),mdemodulepkg,bug,low,YangGangUEFI,0.85,The bug is related to the AhciPei driver in MdeModulePkg and previous similar issues were handled by YangGangUEFI.,,False
qwen2.5:14b,A,10266,Uefi Python368 port - unable to import socket library (Bugzilla Bug 4040),-,bug,low,YangGangUEFI,0.85,The bug is related to Python import issues in UEFI environment which aligns with previous Python-related bugs handled by YangGangUEFI.,,False
qwen2.5:14b,A,10265,Support several SkuId arguments to the 'build' command (Bugzilla Bug 4039),basetools,bug,low,AshrafAliS,0.95,The bug is related to BaseTools and involves a feature request for the 'build' command.,,False
qwen2.5:14b,A,10264,CapsuleApp refuses on-disk update when BootOrder is not defined (Bugzilla Bug 4038),mdemodulepkg,bug,low,YangGangUEFI,0.85,The bug is related to CapsuleApp in MdeModulePkg and matches historical patterns for this component.,,False
qwen2.5:14b,A,9188,Install EFI_DISCOVER_PROTOCOL on each network interface (Bugzilla Bug 4037),redfishpkg,bug,low,mikebeaton,0.95,"The bug is related to RedfishPkg and involves protocol installation on network interfaces, which aligns with previous RedfishPkg tasks handled by mikebeaton.",,False
qwen2.5:14b,A,9187,CryptoPkg: Add AeadAesGcm support (Bugzilla Bug 4036),cryptopkg,bug,low,liyi77,0.95,"The bug is about adding support for AeadAesGcm in CryptoPkg, which matches the pattern of updating OpenSSL and handling build errors with CLANG compiler.",,False
qwen2.5:14b,A,9186,BaseTools: 64bit FSP FV map file cannot be created correctly when using CLANG compiler (Bugzilla Bug 4035),basetools,bug,low,AshrafAliS,0.95,"The bug is related to BaseTools and involves a specific issue with the CLANG compiler, matching AshrafAliS's historical pattern of handling BaseTools issues.",,False
qwen2.5:14b,A,9185,MdePkg/SmmCpuRendezvousLibNull: Remove restriction that SmmCpuRendezvousLibNull only support MM_STANDALONE and DXE_SMM_DRIVER. (Bugzilla Bug 4034),mdepkg,bug,low,os-d,0.95,"The bug is related to MdePkg and involves a library class restriction, which aligns with os-d's expertise in handling MdePkg issues.",,False
qwen2.5:14b,A,9184,CryptoPkg: Add Hkdf SHA384 support (Bugzilla Bug 4033),cryptopkg,bug,low,liyi77,0.95,"The bug is about adding Hkdf SHA384 support in CryptoPkg, which matches the historical pattern of updating OpenSSL for CVEs and other cryptographic feature additions.",,False
qwen2.5:14b,A,9183,Ignore OptionRom in  Sev guest (Bugzilla Bug 4031),ovmfpkg,bug,low,jxu023,0.9,"The bug is related to SEV guest and option ROM handling, matching jxu023's expertise with SEV issues in OvmfPkg.",,False
qwen2.5:14b,A,9182,Update libraries consumed by the capsule driver in UPL (Bugzilla Bug 4030),uefipayloadpkg,bug,low,lgao4,0.75,The bug is related to updating libraries in UPL which does not match any specific historical pattern but lgao4 has handled similar low priority issues before.,,False
qwen2.5:14b,A,10262,Fix missing EFIAPI in ArmPkg headers (Bugzilla Bug 4028),armpkg,bug,low,YangGangUEFI,0.85,The bug is related to ArmPkg headers and historical patterns suggest YangGangUEFI handles such issues.,,False
qwen2.5:14b,A,9181,ShellPkg smbiosview type 9 unexpected field displayed and miss Slot Pitch field (Bugzilla Bug 4026),shellpkg,bug,low,NingFengGit,0.95,"The bug is related to ShellPkg smbiosview and involves unexpected fields in Type 9 SMBIOS data, matching NingFengGit's previous work on similar issues within the ShellPkg.",,False
qwen2.5:14b,A,9180,CryptoPkg: Add HMAC-SHA384 cipher support (Bugzilla Bug 4025),cryptopkg,bug,low,liyi77,0.95,"The bug is about adding cipher support in CryptoPkg, which matches historical updates for OpenSSL version and security patches.",,False
qwen2.5:14b,A,10261,Build options for libraries can't be overridden in [BuildOptions] of DSC file (Bugzilla Bug 4024),basetools,bug,medium,AshrafAliS,0.95,The bug is related to BaseTools and involves a specific build configuration issue.,,False
qwen2.5:14b,A,10260,Assert in MemDetect.c (MtrrDefType) after reset on open VM platform (Bugzilla Bug 4023),ovmfpkg,bug,low,os-d,0.95,"The bug is related to OvmfPkg and involves a memory assertion after reset, which aligns with os-d's expertise in handling memory protection and consistency issues.",,False
qwen2.5:14b,A,9179,Update GenSec to support prior behavior if EFI_SECTION_FREEFORM_SUBTYPE_GUID is used with no GUID (Bugzilla Bug 4022),basetools,bug,low,AshrafAliS,0.95,"The bug is related to BaseTools and involves updating GenSec behavior, matching AshrafAliS's historical pattern of handling BaseTools issues.",,False
qwen2.5:14b,A,9178,Fix GenSec use EFI_SECTION_FREEFORM_SUBTYPE_GUID in extended size header (Bugzilla Bug 4021),basetools,bug,low,AshrafAliS,0.95,"The bug is related to BaseTools and involves handling of section headers, matching AshrafAliS's historical pattern for BaseTools issues.",,False
qwen2.5:14b,A,9177,IntelFsp2Pkg: FSPM_ARCH2_UPD mismatching bug. (Bugzilla Bug 4019),intelfsp2pkg,bug,low,praravin,1.0,"The bug is related to IntelFsp2Pkg and specifically mentions FSPM_ARCH2_UPD mismatching, which matches the historical pattern of praravin handling similar issues.",,False
qwen2.5:14b,A,9176,UefipayloadPkg: Coverity scan flags multiple issues. (Bugzilla Bug 4018),uefipayloadpkg,bug,low,AshrafAliS,0.95,"The bug is related to Coverity scan issues in UefipayloadPkg and there's no specific assignee listed for this package, but AshrafAliS has handled BaseTools FMMT issues before.",,False
qwen2.5:14b,A,10259,HDMI/DP Hotplug not working in BIOS with no EDP connected as NULL device is removed by EDK2 driver (Bugzilla Bug 4015),mdemodulepkg,bug,low,YangGangUEFI,0.85,The bug is related to MDKModulePkg and involves a driver issue in BIOS.,,False
qwen2.5:14b,A,9174,Smbiosview tool is not show 'Extended Speed' and 'Extended Configured Memory Speed' in type 17. (Bugzilla Bug 4014),shellpkg,bug,low,NingFengGit,0.95,The bug is related to Smbiosview tool in ShellPkg and involves missing information in Type 17 SMBIOS entries.,,False
qwen2.5:14b,A,9173,Update the SMBIOS version  by UPL (Bugzilla Bug 4013),mdemodulepkg,bug,low,YangGangUEFI,0.85,The bug is related to SMBIOS version update in MdeModulePkg.,,False
qwen2.5:14b,A,9171,MdeModulePkg: Need configurable AHCI command retries (Bugzilla Bug 4011),mdemodulepkg,bug,low,YangGangUEFI,0.85,"The bug is related to MdeModulePkg and involves a feature request for AHCI command retries, matching historical patterns of similar issues being assigned to YangGangUEFI.",,False
qwen2.5:14b,A,10258,Array PCDs are not overriden via INF files (Bugzilla Bug 4010),basetools,bug,low,AshrafAliS,0.95,"The bug is related to BaseTools and INF file handling, matching AshrafAliS's historical pattern of fixing BaseTools issues.",,False
qwen2.5:14b,A,9170,Remove Unreferenced OpenProtocol in NvmeExpressDxe driver (Bugzilla Bug 4008),mdemodulepkg,bug,low,YangGangUEFI,0.95,"The bug is related to MdeModulePkg and involves removing an unreferenced OpenProtocol in a driver, which aligns with previous assignments for similar issues within this package.",,False
qwen2.5:14b,A,9169,UefiPayloadPkg: Add macro to support selection of CryptoDxe driver (Bugzilla Bug 4006),uefipayloadpkg,bug,low,YangGangUEFI,0.85,"The bug is related to UefiPayloadPkg and involves adding a macro for driver selection, which aligns with previous assignments of similar nature in the package.",,False
qwen2.5:14b,A,9168,EDKII HII Browser does not apply configuration values for F9 action (Bugzilla Bug 4004),-,bug,low,YangGangUEFI,0.95,The bug is related to HII Browser configuration and matches historical patterns for UI/form bugs.,,False
qwen2.5:14b,A,10256,Avoid Direct invocation of gcc  in basetools (Bugzilla Bug 4003),basetools,bug,low,AshrafAliS,0.95,"The bug is related to BaseTools and involves avoiding direct invocation of gcc, which matches the historical pattern of AshrafAliS handling BaseTools issues.",,False
qwen2.5:14b,A,9167,Missing NULL check on allocating memory for FileName at in PosixFileSetInfo (Bugzilla Bug 4001),emulatorpkg,bug,low,AshrafAliS,0.95,The bug is related to BaseTools and involves a NULL check in PosixFileSetInfo.,,False
qwen2.5:14b,A,9166,EDK2 can't enumerate bus for all root bridge instances when one root bridge instance meet bus resource OUT_OF_RESOURCE. (Bugzilla Bug 4000),mdemodulepkg,bug,high,lgao4,0.85,The bug is related to bus enumeration and protocol handling in MdeModulePkg.,,False
qwen2.5:14b,A,9164,Improve AcpiSsdtPcieLibArm compatibility (Bugzilla Bug 3998),dynamictablespkg,bug,low,YangGangUEFI,0.85,"The bug is related to DynamicTablePkg and involves improving compatibility, which aligns with previous assignments for similar component issues.",,False
qwen2.5:14b,A,9163,DynamicTableManagerDxe: Take installed tables into consideration (Bugzilla Bug 3997),dynamictablespkg,bug,low,YangGangUEFI,0.85,The bug is related to DynamicTableManagerDxe in DynamicTablesPkg and matches the pattern of previous bugs assigned to YangGangUEFI within this package.,,False
qwen2.5:14b,A,9162,Improve DynamicPlatRepoLib applicability (Bugzilla Bug 3996),dynamictablespkg,bug,low,lgao4,0.75,"The bug is related to DynamicPlatRepoLib and no specific historical pattern matches precisely, but lgao4 has handled similar low priority issues before.",,False
qwen2.5:14b,A,9161,DSDT Parser does not warn if revision field is less than 2 on Arm (Bugzilla Bug 3995),shellpkg,bug,low,YangGangUEFI,0.85,The bug is related to DSDT Parser on Arm and matches historical patterns for YangGangUEFI.,,False
qwen2.5:14b,A,10255,MdeModulePkg/scsi :Coverity scan flags multiple issues in edk2-stable202205 (Bugzilla Bug 3994),mdemodulepkg,bug,low,YangGangUEFI,0.85,The bug is related to MdeModulePkg/scsi and previous similar issues were handled by YangGangUEFI.,,False
qwen2.5:14b,A,10254,Need to enable crypto functions (Bugzilla Bug 3992),cryptopkg,bug,low,ardbiesheuvel,0.95,"The bug is related to enabling crypto functions in the cryptopkg package, which matches historical patterns for CLANG compiler build errors.",,False
qwen2.5:14b,A,10253,Sha1 functions not surrounded by SHA1 deprecated define (Bugzilla Bug 3991),cryptopkg,bug,low,liyi77,0.95,The bug is related to SHA1 functions in the Cryptography package and requires updating OpenSSL.,,False
qwen2.5:14b,A,9159,Bug in BaseMemAllocation causes memory leak in PEI phase (Bugzilla Bug 3990),cryptopkg,bug,low,mdkinney,0.95,"The bug is related to BaseMemAllocation in the PEI phase and involves a memory leak, which aligns with previous CLANG compiler build errors for cryptopkg.",,False
qwen2.5:14b,A,10252,MdeModulePkg/Ufs :Coverity scan flags multiple issues in edk2-stable202205 (Bugzilla Bug 3989),mdemodulepkg,bug,low,YangGangUEFI,0.85,The bug is related to MdeModulePkg/Ufs and previous Ufs-related issues were assigned to YangGangUEFI.,,False
qwen2.5:14b,A,9157,Debug string is limited to 104 char due to EFI_STATUS_CODE_DATA_MAX_SIZE set to 200 (Bugzilla Bug 3986),mdemodulepkg,bug,low,YangGangUEFI,0.95,"The bug is related to a limitation in EFI_STATUS_CODE_DATA_MAX_SIZE within MdeModulePkg, which matches previous assignments to YangGangUEFI for similar issues.",,False
qwen2.5:14b,A,9156,"Slowness issue when using ""edit"" command in Shell (Bugzilla Bug 3985)",shellpkg,bug,low,YangGangUEFI,0.85,"The bug is related to shellpkg and involves a command issue, matching historical patterns for YangGangUEFI.",,False
qwen2.5:14b,A,10251,UefiPayloadPkg: Fix RelaAddress type always mismatch in if condition (Bugzilla Bug 3984),uefipayloadpkg,bug,low,YangGangUEFI,0.85,The bug is related to UefiPayloadPkg and no specific rare assignee matches better than a common one for this package.,,False
qwen2.5:14b,A,10250,Rename SecTpmMeasurementLib to PeiTpmMeasurementLib (Bugzilla Bug 3983),securitypkg,bug,low,HunterChang030,0.9,"The bug is related to SecurityPkg and involves renaming a library, which matches HunterChang030's previous work on similar issues in the SecurityPkg.",,False
qwen2.5:14b,A,9155,File path in OvmfPkg should use AArch64 instead of Aarch64 (Bugzilla Bug 3982),ovmfpkg,bug,low,YangGangUEFI,0.85,The bug is related to file path casing in OvmfPkg and matches historical pattern of similar issues being handled by YangGangUEFI.,,False
qwen2.5:14b,A,9154,Add retry mechanism if tpm command fails with timeout error (Bugzilla Bug 3980),securitypkg,bug,low,HunterChang030,0.9,"The bug is related to SecurityPkg and involves handling of TPM commands, matching HunterChang030's previous work on similar issues in the package.",,False
qwen2.5:14b,A,9153,[UPL] UefiPayloadPkg: Add CryptoDxe driver to UefiPayload (Bugzilla Bug 3979),uefipayloadpkg,bug,low,mikebeaton,0.85,The bug involves adding a driver to UefiPayloadPkg which is not listed in the common patterns but MikeBeaton has handled similar payload related issues before.,,False
qwen2.5:14b,A,9152,Update DMAR ACPI definitions according to Intel VT-d architecture specification rev4.0 (Bugzilla Bug 3978),mdepkg,bug,medium,AshrafAliS,0.95,"The bug is related to MdePkg and updating ACPI definitions, which aligns with AshrafAliS's historical pattern of handling such architectural specification updates.",,False
qwen2.5:14b,A,10249,PrintLib has no way to print UINTN portably (Bugzilla Bug 3977),mdepkg,bug,low,os-d,0.95,"The bug is related to MdePkg's PrintLib and involves a portability issue with UINTN type, which aligns with os-d's expertise in handling low-level issues within MdePkg.",,False
qwen2.5:14b,A,10248,enabling edk2 DEBUG_VERBOSE will cause pagefault and linux kernel panic (Bugzilla Bug 3974),mdepkg,bug,high,os-d,0.95,"The bug involves a page fault and kernel panic related to enabling DEBUG_VERBOSE in MdePkg, which matches historical patterns of memory protection issues handled by os-d.",,False
qwen2.5:14b,A,9149,Add NULL check for input pointer in MemoryAllocationLib FreePool function (Bugzilla Bug 3973),mdepkg,bug,low,os-d,0.95,The bug is related to MemoryAllocationLib in MdePkg which falls under memory management and protection features.,,False
qwen2.5:14b,A,9148,Add support for SMBIOS spec 3.6.0 to SmBios.h (Bugzilla Bug 3972),mdepkg,bug,low,NingFengGit,0.95,"The bug is related to SMBIOS spec support in SmBios.h, matching NingFengGit's previous work on similar issues.",,False
qwen2.5:14b,A,10245,SCT run AuthVar_conf is failed via Provisioned Host Whitelist mode. (Bugzilla Bug 3969),mdemodulepkg,bug,low,HunterChang030,0.9,The bug is related to SecurityPkg and involves AuthVar_conf which matches HunterChang030's previous work on OpalPassword security issues.,,False
qwen2.5:14b,A,10244,The backslashes in string definition that defined in building flag would be change to forward slashes with toolchain family GCC build (Bugzilla Bug 3968),basetools,bug,high,AshrafAliS,0.95,The bug involves BaseTools and a specific build issue with GCC toolchain.,,False
qwen2.5:14b,A,10243,UefiPayloadPkg: Add macro to support selective drivers (Bugzilla Bug 3967),uefipayloadpkg,bug,low,lgao4,0.75,"The bug is related to UefiPayloadPkg and involves adding a macro for selective drivers, which does not match any specific rare assignees but aligns with general payload package maintenance tasks.",,False
qwen2.5:14b,A,9146,UefiPayloadPkg: Align Attribute value with UPL spec (Bugzilla Bug 3963),uefipayloadpkg,bug,low,lgao4,0.75,The bug is related to UefiPayloadPkg and does not match any specific rare assignees or common patterns exactly.,,False
qwen2.5:14b,A,10242,Add PCD to control SMRR enable & SmmFeatureControl support (Bugzilla Bug 3962),ueficpupkg,bug,low,philnoh2,0.95,"The bug is related to UEFI core package and involves PCD control for SMRR enable & SmmFeatureControl support, matching the expertise of philnoh2 in handling such specific UEFI features.",,False
qwen2.5:14b,A,9145,NetworkPkg: Need to support Wi-Fi Wpa3 in WifiConnectManager (Bugzilla Bug 3961),networkpkg,bug,low,SaloniKasbekar,0.9,"The bug is about adding support for Wi-Fi Wpa3 in WifiConnectManager within NetworkPkg, which aligns with the task of replacing hardcoded values with existing #define constants.",,False
qwen2.5:14b,A,9144,[UPL] UefiPayloadPkg: Backward support with python 3.6 (Bugzilla Bug 3960),uefipayloadpkg,bug,low,AshrafAliS,0.95,"The bug is related to UefiPayloadPkg and backward compatibility with python 3.6, which does not match any specific historical pattern but aligns with AshrafAliS handling BaseTools issues previously.",,False
qwen2.5:14b,A,9143,The reserved IDT table size in SecCore is too small for X64 (Bugzilla Bug 3957),intelfsp2pkg,bug,low,Vogtinator,0.95,"The bug is related to IntelFsp2Pkg and concerns IDT table size for X64, matching Vogtinator's expertise in handling TCG2/TPM2 support on RISC-V.",,False
qwen2.5:14b,A,9142,UefiPayloadPkg: UniversalPayloadBuild.py to support --pcd feature (Bugzilla Bug 3955),uefipayloadpkg,bug,low,lgao4,0.85,The bug is related to UefiPayloadPkg and does not match any specific rare assignees or common patterns listed.,,False
qwen2.5:14b,A,9141,"failure to read XHCI reg causes BIOS hang, incomplete error checking (Bugzilla Bug 3954)",mdemodulepkg,bug,high,YangGangUEFI,0.85,The bug is related to MdeModulePkg and involves incomplete error checking in XHCI reg read operations.,,False
qwen2.5:14b,A,10240,Incremental builds are rebuilding all unmodified code on Linux/GCC (Bugzilla Bug 3953),basetools,bug,low,AshrafAliS,0.95,"The bug is related to BaseTools and incremental builds on Linux/GCC, matching AshrafAliS's historical pattern of handling BaseTools issues.",,False
qwen2.5:14b,A,9140,Follow UEFI spec'd way to reconnect in form browser (Bugzilla Bug 3952),mdemodulepkg,bug,low,YangGangUEFI,0.95,The bug is related to form browser in MdeModulePkg and matches historical patterns for this component.,,False
qwen2.5:14b,A,10239,Add Support for HTTPS Proxy Server for HTTP Boot (Bugzilla Bug 3951),networkpkg,bug,low,SaloniKasbekar,0.9,"The bug is about adding support for a feature in the network package, which matches SaloniKasbekar's pattern of handling configuration and protocol-related issues within NetworkPkg.",,False
qwen2.5:14b,A,10238,I had a CI build failure from EfiROM complaining about a filename being too large. (Bugzilla Bug 3950),basetools,bug,low,AshrafAliS,0.95,"The issue is related to CI build failure in EfiROM within BaseTools package, matching historical pattern of AshrafAliS handling such issues.",,False
qwen2.5:14b,A,10237,The version compare issue in  edksetup.sh (Bugzilla Bug 3948),-,bug,low,AshrafAliS,0.95,The bug is related to edksetup.sh which falls under BaseTools and matches the historical pattern of AshrafAliS handling such issues.,,False
qwen2.5:14b,A,9139,VM stuck at initializing guest display with Secure Boot build of OVMF (Bugzilla Bug 3947),ovmfpkg,bug,low,os-d,0.95,"The bug is related to OVMF Secure Boot build and display initialization issues, which aligns with os-d's expertise in handling OVMF-related bugs.",,False
qwen2.5:14b,A,10236,Ubuntu 20.04 EmulatorPkg Build X64 error not finding X11/XLib.h include files (Bugzilla Bug 3946),emulatorpkg,bug,low,AshrafAliS,0.95,"The bug is related to build issues on Ubuntu for EmulatorPkg, which has been handled by AshrafAliS before.",,False
qwen2.5:14b,A,10235,ECC fails to run (Bugzilla Bug 3945),basetools,bug,low,bexcran,0.95,"The bug is related to BaseTools and ECC failure, matching the pattern of previous ECC issues assigned to bexcran.",,False
qwen2.5:14b,A,10234,ResetSystemPei fails after memory migration (Bugzilla Bug 3944),mdemodulepkg,bug,low,lgao4,0.75,The bug is related to MdeModulePkg and does not match any specific rare assignees or historical patterns closely.,,False
qwen2.5:14b,A,10233,PeCoffSearchImageBase() can search GiB of memory. It should have a max value (Bugzilla Bug 3943),mdepkg,bug,low,os-d,0.95,"The bug is related to MdePkg and involves a memory search function that needs a max value limit, which aligns with os-d's expertise in handling memory management issues.",,False
qwen2.5:14b,A,9138,UncrustifyCheck ignore file list paths reduction (Bugzilla Bug 3942),-,bug,low,AshrafAliS,0.95,"The bug is related to BaseTools and involves a specific feature (UncrustifyCheck), matching AshrafAliS's historical pattern of handling BaseTools issues.",,False
qwen2.5:14b,A,9137,Support package-scope register programming during Smm CPU init (SmmCpuFeaturesInitializeProcessor) (Bugzilla Bug 3941),ueficpupkg,bug,low,philnoh2,0.95,The bug is related to Smm CPU initialization in UefiCpuPkg and matches the historical pattern of bugs assigned to philnoh2.,,False
qwen2.5:14b,A,10232,Booting HTTPS Boot (Bugzilla Bug 3940),networkpkg,bug,high,AndreasBBS,0.95,"The bug is related to Network Protocol Drivers and QEMU_EFI, matching AndreasBBS's historical pattern for handling such issues.",,False
qwen2.5:14b,A,10231,Request to add FV Shrink Option in FMMT Tool (Bugzilla Bug 3938),basetools,bug,low,AshrafAliS,0.95,"The bug is related to BaseTools and FMMT tool functionality, matching AshrafAliS's historical pattern of handling BaseTools issues.",,False
qwen2.5:14b,A,10230,Shebang missing in edksetup.sh (Bugzilla Bug 3936),-,bug,low,AshrafAliS,0.95,The bug is related to edksetup.sh in BaseTools.,,False
qwen2.5:14b,A,10229,ovmf miscompiles with gcc-12 (Bugzilla Bug 3934),ovmfpkg,bug,low,os-d,0.95,"The bug is related to OvmfPkg miscompilation with gcc-12, which falls under build and compilation issues within the package.",,False
qwen2.5:14b,A,9135,MdeModulePkg/UefiPayloadPkg: need to have align Identifier value with UPL spec (Bugzilla Bug 3933),uefipayloadpkg,bug,low,YangGangUEFI,0.85,The bug is related to UefiPayloadPkg in MdeModulePkg and matches historical patterns for this package.,,False
qwen2.5:14b,A,10228,MdeModulePkg: typo DstBufAlocated (Bugzilla Bug 3932),mdemodulepkg,bug,low,YangGangUEFI,0.95,Typo correction in MdeModulePkg is a common task handled by YangGangUEFI.,,False
qwen2.5:14b,A,9134,"Remove ""assert"" from SmmCpuRendevousLibNull.c (Bugzilla Bug 3931)",mdepkg,bug,low,YangGangUEFI,0.85,"The bug is related to MdePkg and involves removing an assert, which aligns with previous assignments for similar code cleanup tasks in this package.",,False
qwen2.5:14b,A,9133,[edk2-stable202205] QEMU is hang when SMM is enabled (Bugzilla Bug 3930),-,bug,low,yechao-w,0.85,"The bug involves QEMU hanging when SMM is enabled, which aligns with RISC-V specific issues and historical patterns.",,False
qwen2.5:14b,A,9132,Review and fix spelling errors in ArmPkg.ci.yaml (Bugzilla Bug 3929),armpkg,bug,low,YangGangUEFI,0.95,"The bug is related to ArmPkg.ci.yaml and involves fixing spelling errors, which aligns with previous assignments for similar issues in the mdemodulepkg package.",,False
qwen2.5:14b,A,9130,X64 Version  of FSP_TEMP_RAM_INIT API call must follow X64 Calling Convention (Bugzilla Bug 3926),intelfsp2pkg,bug,low,praravin,0.95,The bug is related to FSP_TEMP_RAM_INIT API call in IntelFsp2Pkg which matches the historical pattern of praravin handling similar issues.,,False
qwen2.5:14b,A,10226,"Pkcs7Sign has an incorrect implementation, both in documentation and interface (Bugzilla Bug 3925)",cryptopkg,bug,low,liyi77,0.95,"The bug is related to an incorrect implementation in Pkcs7Sign within the Cryptopkg package, which matches historical patterns for security and documentation issues handled by liyi77.",,False
qwen2.5:14b,A,10225,PartitionDxe: PartitionRestoreGptTable() exit early if BlockIo->Media->ReadOnly (Bugzilla Bug 3924),mdemodulepkg,bug,low,YangGangUEFI,0.95,The bug is related to PartitionDxe in MdeModulePkg and matches historical patterns of YangGangUEFI handling such issues.,,False
qwen2.5:14b,A,10224,SecurityPKg : sync the PcdTpm2HashMask to the active PCR banks in the TPM (Bugzilla Bug 3923),securitypkg,bug,low,HunterChang030,0.9,"The bug is related to SecurityPkg and involves PcdTpm2HashMask synchronization, matching HunterChang030's historical pattern of handling OpalPassword and TPM-related issues.",,False
qwen2.5:14b,A,10223,Some ArmLib APIs use UINT32 when they should use UINTN? ArmReadSctlr() etc. (Bugzilla Bug 3920),armpkg,bug,low,YangGangUEFI,0.85,"The bug is related to ArmLib APIs in the ArmPkg, which has been historically handled by YangGangUEFI.",,False
qwen2.5:14b,A,10222,ovmf UEFI fails to boot when EFI system partition is too small (Bugzilla Bug 3919),ovmfpkg,bug,low,os-d,0.95,"The bug is related to OVMF boot failure due to insufficient EFI system partition size, which falls under memory management and initialization issues typically handled by os-d.",,False
qwen2.5:14b,A,10221,PcdConfidentialComputingGuestAttr accesses using locking which is not SMP safe (Bugzilla Bug 3918),ueficpupkg,bug,low,philnoh2,0.95,"The bug involves SMP safety in UefiCpuPkg, matching the historical pattern of philnoh2 handling issues related to AP and BSP synchronization.",,False
qwen2.5:14b,A,9128,MdeModulePkg: Pcd initialize DXE will have assert in corner case. (Bugzilla Bug 3917),mdemodulepkg,bug,medium,lgao4,0.85,"The bug is related to MdeModulePkg and involves a Pcd initialization issue in DXE phase, matching lgao4's previous work on similar issues within the package.",,False
qwen2.5:14b,A,9126,Add missing NFIT Platform Capabilities Structure defined by Mantis 1831 and added in ACPI 6.2A (Bugzilla Bug 3915),mdepkg,bug,low,AshrafAliS,0.95,"The bug is related to MdePkg and involves an ACPI structure addition, which aligns with AshrafAliS's previous work on similar issues in BaseTools.",,False
qwen2.5:14b,A,9125,Add XHCI handle Port Speed field value of PORTSC according to Supported Protocol Capability (Bugzilla Bug 3914),mdemodulepkg,bug,low,YangGangUEFI,0.95,"The bug is related to MdeModulePkg and involves adding a field value according to protocol capability, which aligns with previous assignments for similar UI or driver health issues.",,False
qwen2.5:14b,A,9124,PcAtChipsetPkg: Change the flow of PcRtcInit(). (Bugzilla Bug 3913),pcatchipsetpkg,bug,low,YangGangUEFI,0.85,The bug is related to PcAtChipsetPkg and matches historical patterns for this package.,,False
qwen2.5:14b,A,9123,Move SmmCpuRendezvousLib.h to MdePkg and add SmmCpuRendezvousLibNull implement in MdePkg (Bugzilla Bug 3912),mdepkg,bug,medium,os-d,0.95,"The bug is related to MdePkg and involves a library implementation change, which aligns with os-d's expertise in handling such issues within the core package.",,False
qwen2.5:14b,A,9121,SecureBootVariableLib assumes initialization from FV (Bugzilla Bug 3910),securitypkg,bug,low,HunterChang030,0.9,The bug is related to SecureBootVariableLib in SecurityPkg and matches HunterChang030's previous work on OpalPassword handling issues.,,False
qwen2.5:14b,A,9120,SecureBootVariableLib depends on time protocol (Bugzilla Bug 3909),securitypkg,bug,low,HunterChang030,0.9,The bug is related to SecureBootVariableLib in SecurityPkg and involves incorrect DeviceList handling.,,False
qwen2.5:14b,A,9119,"CryptoPkg: Build failure in CryptoPkg caused by this patch "" CryptoPkg/CrtLibSupport: fix strcpy"" (Bugzilla Bug 3908)",cryptopkg,bug,low,ardbiesheuvel,0.95,"The bug is related to a build failure in CryptoPkg after applying a specific patch, which matches the pattern of encountering build errors with the CLANG compiler handled by mdkinney and also generic build issues within CryptoPkg.",,False
qwen2.5:14b,A,9117,Update smbiosview type 0 with SMBIOS 3.5 fields (Bugzilla Bug 3906),shellpkg,bug,low,praveensankarn,0.95,"The bug is related to updating SMBIOS fields in ShellPkg, matching previous assignments for similar issues.",,False
qwen2.5:14b,A,9116,PrmPkg: Fix unit test GCC compilation errors (Bugzilla Bug 3905),prmpkg,bug,low,AshrafAliS,0.95,"The bug is related to GCC compilation errors in unit tests of PrmPkg, and AshrafAliS has handled similar BaseTools-related issues before.",,False
qwen2.5:14b,A,10220,PCI Library work round in TdxDxe driver (Bugzilla Bug 3904),ovmfpkg,bug,low,Vogtinator,0.85,The bug is related to TdxDxe driver in OvmfPkg and Vogtinator has handled similar TPM2/TCG2 issues on RISC-V.,,False
qwen2.5:14b,A,10219,GetPeiServicesTablePointer() from PeiServicesTablePointerLibIdt has integer overflow if Idtr.Base == 0 (Bugzilla Bug 3903),mdepkg,bug,low,lgao4,0.85,"The bug is related to MdePkg and involves a specific function in PeiServicesTablePointerLibIdt, matching historical patterns of lgao4 handling similar issues.",,False
qwen2.5:14b,A,10218,Bad IO performance in SEC caused by TDX (Bugzilla Bug 3902),mdepkg,bug,low,os-d,0.95,"The bug is related to MdePkg and involves performance issues in SEC phase, which aligns with os-d's expertise on OVMF build and memory management.",,False
qwen2.5:14b,A,10217,ResetVector: Vtf0/Bin/IA32/ResetVector.ia32.*.raw binary is not 4K alignment (Bugzilla Bug 3901),ueficpupkg,bug,low,lgao4,0.75,The bug is related to UEFI Core Package and does not match any specific rare assignees or historical patterns closely.,,False
qwen2.5:14b,A,9115,Update smbiosview type 41 with SMBIOS 3.5 fields (Bugzilla Bug 3900),shellpkg,bug,low,praveensankarn,0.95,"The bug is related to updating SMBIOS fields in ShellPkg, matching previous assignments for similar issues.",,False
qwen2.5:14b,A,10216,S3 Resume flow may result in executing garbage address in Release Build (Bugzilla Bug 3898),mdemodulepkg,bug,low,os-d,0.95,The bug is related to S3 resume flow and potential memory corruption issues in MdeModulePkg.,,False
qwen2.5:14b,A,9114,Update smbiosview type 9 with SMBIOS 3.5 fields (Bugzilla Bug 3896),shellpkg,bug,low,praveensankarn,0.95,The bug is related to updating SMBIOS fields in smbiosview command within ShellPkg.,,False
qwen2.5:14b,A,10214,Request lock after DXE phase lead to assert (Bugzilla Bug 3895),securitypkg,bug,low,HunterChang030,0.9,"The bug is related to SecurityPkg and involves a potential issue with locking mechanisms after DXE phase, matching HunterChang030's known work on OpalPassword in SecurityPkg.",,False
qwen2.5:14b,A,9113,To support PEI 64bit in IntelFsp2WrapperPkg (Bugzilla Bug 3894),intelfsp2wrapperpkg,bug,low,Vogtinator,0.85,The bug is related to IntelFsp2WrapperPkg and matches Vogtinator's pattern of handling TPM/TCG issues on RISC-V.,,False
qwen2.5:14b,A,9110,Tar files fail with Python 3.9.11+ (Bugzilla Bug 3891),-,bug,low,AshrafAliS,0.95,"The bug is related to Python and BaseTools, matching AshrafAliS's historical pattern of handling such issues.",,False
qwen2.5:14b,A,9109,Fix VS2019 pipeline builds (Bugzilla Bug 3890),-,bug,low,AshrafAliS,0.95,The bug is related to pipeline builds which aligns with historical patterns of AshrafAliS handling build-related issues.,,False
qwen2.5:14b,A,9108,NetworkPkg: Allow to set HTTP DNS RetryCount and RetryInterval (Bugzilla Bug 3889),networkpkg,bug,low,SaloniKasbekar,0.9,The bug involves modifying hardcoded values in NetworkPkg to use existing constants.,,False
qwen2.5:14b,A,10213,64-bit XIP Code should NOT be aligned on a odd 4 byte boundary as this implies UB. (Bugzilla Bug 3887),ovmfpkg,bug,low,os-d,0.95,The bug is related to OvmfPkg and concerns memory alignment issues which aligns with os-d's expertise in handling such low-level memory management bugs.,,False
qwen2.5:14b,A,9106,bRefClkFreq UFS card attribute need to be read and written after fDeviceInit. (Bugzilla Bug 3886),mdemodulepkg,bug,medium,EricGao2015,0.8,The bug is related to UFS card attribute handling and matches historical patterns for MDKModulePkg bugs assigned to EricGao2015.,,False
qwen2.5:14b,A,9105,Redefinition bug in CrtLibSupport.h (Bugzilla Bug 3885),cryptopkg,bug,low,mdkinney,0.95,The bug is related to a redefinition in CrtLibSupport.h within the CryptPkg.,,False
qwen2.5:14b,A,9104,Support BIOS ROM Size extension for SMBIOS Type 0 (Bugzilla Bug 3884),shellpkg,bug,low,NingFengGit,0.95,The bug is related to SMBIOS Type 0 and requires support for BIOS ROM Size extension in ShellPkg.,,False
qwen2.5:14b,A,10212,Depex in Standalone MM causes memory violation (Bugzilla Bug 3883),standalonemmpkg,bug,low,lgao4,0.75,"The bug is related to a Standalone MM package and involves memory violation, which does not match any specific historical pattern but lgao4 has handled similar low priority issues before.",,False
qwen2.5:14b,A,9103,Add dependency of VariableSmm driver to make it work normally (Bugzilla Bug 3882),uefipayloadpkg,bug,low,lgao4,0.85,"The bug is related to a driver dependency issue in UefiPayloadPkg, which does not match any specific rare assignees but aligns with general handling of such issues by lgao4.",,False
qwen2.5:14b,A,9102,CryptoPkg: should list all used library in dsc file (Bugzilla Bug 3881),cryptopkg,bug,low,ardbiesheuvel,0.95,"The bug is related to CryptoPkg and involves listing libraries in dsc files, which aligns with common CLANG compiler build issues handled by ardbiesheuvel.",,False
qwen2.5:14b,A,9101,Add ignore file list to UncrustifyCheck.py (Bugzilla Bug 3880),-,bug,low,AshrafAliS,0.95,"The bug is related to BaseTools and involves modifying UncrustifyCheck.py, which matches historical patterns of AshrafAliS handling BaseTools issues.",,False
qwen2.5:14b,A,10210,Unused local breaking Clang build (Bugzilla Bug 3877),mdemodulepkg,bug,medium,YangGangUEFI,0.85,The bug is related to MdeModulePkg and does not match any specific rare assignees or unique historical patterns.,,False
qwen2.5:14b,A,9100,command line changes in recent NASM release(s) break VbeShim.sh (Bugzilla Bug 3876),ovmfpkg,bug,low,makubacki,0.95,The bug involves NASM release changes affecting VbeShim.sh in OvmfPkg.,,False
qwen2.5:14b,A,9099,OvmfPkg: uncrustify should not modify generated files (Bugzilla Bug 3875),ovmfpkg,bug,low,AshrafAliS,0.95,"The bug is related to OvmfPkg and tooling (uncrustify), which aligns with AshrafAliS's historical pattern of handling BaseTools issues.",,False
qwen2.5:14b,A,10209,ECC inf version check issue (Bugzilla Bug 3872),basetools,bug,low,bexcran,0.95,"The bug is related to BaseTools and involves an ECC inf version check issue, matching the pattern of previous BaseTools bugs handled by bexcran.",,False
qwen2.5:14b,A,9096,Update BFV searching algorithm in VTF0 (Bugzilla Bug 3870),ueficpupkg,bug,low,HunterChang030,0.9,The bug involves updating the BFV searching algorithm in VTF0 which is part of UefiCpuPkg and HunterChang030 has previously handled similar issues related to SecurityPkg and DeviceList handling.,,False
qwen2.5:14b,A,9095,Split pages should have their RW and Present Attributes Set (Bugzilla Bug 3869),emulatorpkg,bug,low,AshrafAliS,0.95,"The bug is related to BaseTools and emulatorpkg, matching the historical pattern of AshrafAliS handling such issues.",,False
qwen2.5:14b,A,10208,ECC check failed under Linux (Bugzilla Bug 3868),basetools,bug,low,bexcran,0.95,ECC check failure under Linux matches historical pattern for base tools issues.,,False
qwen2.5:14b,A,9093,StackOffset must be aligned to a 16-byte boundary in X64 (Bugzilla Bug 3865),mdemodulepkg,bug,low,YangGangUEFI,0.85,The bug is related to MdeModulePkg and involves alignment issues which are typically handled by UI contributors like YangGangUEFI.,,False
qwen2.5:14b,A,9091,Support FFS3 GUID in SearchForBfvBase.asm (Bugzilla Bug 3862),ueficpupkg,bug,low,lgao4,0.85,"The bug is related to UefiCpuPkg and involves a specific assembly file, matching historical patterns for this package.",,False
qwen2.5:14b,A,9090,Add dependency of VariableSmm driver to make it work normally. (Bugzilla Bug 3861),ovmfpkg,bug,low,os-d,0.95,The bug is related to OvmfPkg and involves driver dependencies which align with os-d's expertise in handling such issues within the package.,,False
qwen2.5:14b,A,9089,Revise UEfiCpuPkg to accomodate all processor architectures (Bugzilla Bug 3860),ueficpupkg,bug,low,philnoh2,0.95,"The bug is related to UEfiCpuPkg and requires accommodation for all processor architectures, matching the expertise of philnoh2 who has handled similar issues in UEfiCpuPkg.",,False
qwen2.5:14b,A,10206,RedfishPlatformCredentialLib shouldn't stop service by itself (Bugzilla Bug 3859),redfishpkg,bug,low,mikebeaton,0.95,The bug is related to RedfishPkg and matches the pattern of previous RedfishPkg issues handled by mikebeaton.,,False
qwen2.5:14b,A,10205,LibStopRedfishService() in PlatformCredentialLib should check EFI_SECURE_BOOT_MODE_NAME (Bugzilla Bug 3858),redfishpkg,bug,low,mikebeaton,0.95,The bug is related to RedfishPkg and involves a specific function in PlatformCredentialLib.,,False
qwen2.5:14b,A,9088,Add a check for metadata size in NvmExpress  Driver (Bugzilla Bug 3856),mdemodulepkg,bug,low,YangGangUEFI,0.85,"The bug is related to the MdeModulePkg and involves a check for metadata size in the NvmExpress driver, which aligns with previous assignments of similar issues within this package.",,False
qwen2.5:14b,A,9087,Use SmmWaitForAllProcessor() form UefiCpuPkg to make Smm cpu rendezvous in TcgSmm and Tcg2Smm driver (Bugzilla Bug 3855),securitypkg,bug,low,HunterChang030,0.9,"The bug is related to SecurityPkg and specifically mentions TcgSmm and Tcg2Smm drivers, matching HunterChang030's previous work on OpalPassword in SecurityPkg.",,False
qwen2.5:14b,A,9086,Use SmmWaitForAllProcessor() form UefiCpuPkg to make Smm cpu rendezvous in needed driver (Bugzilla Bug 3854),mdemodulepkg,bug,low,philnoh2,0.95,The bug involves UEFI CPU package and SMM rendezvous which matches the expertise of philnoh2 as indicated by a previous similar assignment.,,False
qwen2.5:14b,A,9085,Add support for programming bRefClkFreq (Reference Clock Frequency value) on UFS cards (Bugzilla Bug 3851),mdemodulepkg,bug,medium,YangGangUEFI,0.85,The bug is related to UFS card programming and falls under the MdeModulePkg package with a medium priority.,,False
qwen2.5:14b,A,10203,MdePkg/Include/IndustryStandard/Tls1.h lacks definition for EFI_TLS_VERSION (Bugzilla Bug 3850),mdepkg,bug,low,AshrafAliS,0.95,The bug is related to a missing definition in MdePkg and does not match any specific sub-component or rare assignee listed.,,False
qwen2.5:14b,A,10202,MdePkg/Include/Protocol/PxeBaseCodeCallBack.h lacks definition for EFI_PXE_BASE_CODE_PACKET (Bugzilla Bug 3849),mdepkg,bug,low,YangGangUEFI,0.85,"The bug is related to a missing definition in MdePkg protocol header file, which typically falls under general MdePkg maintenance and documentation issues handled by YangGangUEFI.",,False
qwen2.5:14b,A,10201,uncrustify wrongly formats the code (Bugzilla Bug 3846),basetools,bug,low,AshrafAliS,0.95,"The bug is related to BaseTools and formatting issues, matching AshrafAliS's historical pattern of handling BaseTools-related bugs.",,False
qwen2.5:14b,A,10200,Enabling the WiFi Connection Manager to access WiFi profile from CSME during a one click recovery WLAN boot (Bugzilla Bug 3845),networkpkg,bug,low,SaloniKasbekar,0.9,The bug involves replacing hardcoded values with existing constants in the NetworkPkg.,,False
qwen2.5:14b,A,9083,MdePackage/PeiDxeDebugLibReportStatusCode：Add Standalone MM support (Bugzilla Bug 3844),mdemodulepkg,bug,low,lgao4,0.85,The bug is related to MdeModulePkg and does not match any specific rare assignees or historical patterns closely.,,False
qwen2.5:14b,A,9082,Add definitions in SmBios.h to support SMBIOS Spec v3.5.0 (Bugzilla Bug 3843),mdepkg,bug,low,NingFengGit,0.95,"The bug is related to SMBIOS definitions in MdePkg, matching NingFengGit's previous work on similar issues in ShellPkg and SmBios support.",,False
qwen2.5:14b,A,10199,UnitTestFrameworkPkg - Unit Test Log output is truncated (Bugzilla Bug 3842),unittestframeworkpkg,bug,low,AshrafAliS,0.95,The bug is related to UnitTestFrameworkPkg and does not match any specific patterns for other listed assignees.,,False
qwen2.5:14b,A,9080,Add ACPI_PARSER bitfield parser for acpiview (Bugzilla Bug 3839),shellpkg,bug,low,praveensankarn,0.95,The bug is related to ShellPkg and specifically involves acpiview command enhancement.,,False
qwen2.5:14b,A,10196,ovmf SMM build crashes with edk2-stable202202-rc1 (Bugzilla Bug 3835),ovmfpkg,bug,low,os-d,0.95,"The bug is related to OvmfPkg build issues and involves SMM builds, which aligns with os-d's expertise in handling OVMF-related bugs.",,False
qwen2.5:14b,A,9078,IntelFsp2Pkg: BaseFspDebugLibSerialPort Support for X64 (Bugzilla Bug 3833),intelfsp2pkg,bug,low,praravin,0.95,"The bug is related to IntelFsp2Pkg and specifically mentions BaseFspDebugLibSerialPort support for X64, matching the pattern of previous bugs assigned to praravin.",,False
qwen2.5:14b,A,9077,IntelFsp2Pkg: BaseFspSwitchStackLib Support for X64 Build (Bugzilla Bug 3832),intelfsp2pkg,bug,low,praravin,0.95,"The bug is related to IntelFsp2Pkg and specifically mentions BaseFspSwitchStackLib support for X64 build, matching the pattern of previous bugs assigned to praravin.",,False
qwen2.5:14b,A,10195,Scrub tool usage of MAX_PATH with default of 256 (Bugzilla Bug 3830),basetools,bug,low,AshrafAliS,0.95,The bug is related to BaseTools and involves a specific tool usage issue.,,False
qwen2.5:14b,A,10194,Add New Processor Socket information to Processor Upgrade field in Smbios Type4 (Bugzilla Bug 3827),shellpkg,bug,low,praveensankarn,0.95,"The bug involves adding new processor information to Smbios Type4, matching previous work on ARMV9 support in Smbios commands.",,False
qwen2.5:14b,A,10193,BaseLib LongJump implementations vary by CPU type (Bugzilla Bug 3825),mdepkg,bug,low,os-d,0.95,"The bug is related to BaseLib in MdePkg which deals with CPU-specific implementations, matching os-d's expertise in handling such issues.",,False
qwen2.5:14b,A,10192,XhciDxe driver not driving USB controller connected in Pcie switch. (Bugzilla Bug 3822),mdemodulepkg,bug,high,YangGangUEFI,0.85,The bug is related to XhciDxe driver in MdeModulePkg and matches historical patterns of UI/UX or form issues assigned to YangGao2015.,,False
qwen2.5:14b,A,10191,PeiReportStatusCodeLib uses pointer math to create a EFI_DEVICE_HANDLE_EXTENDED_DATA incorrectly (Bugzilla Bug 3820),mdemodulepkg,bug,low,YangGangUEFI,0.85,The bug is related to PeiReportStatusCodeLib in MdeModulePkg and matches historical patterns of bugs assigned to YangGangUEFI within this package.,,False
qwen2.5:14b,A,9072,GetTimerPeriod returns sometime zero value when StallCounter has  smaller value than RttTimerTick (divide by zero) which results some failure at ping UEFI shell command (Bugzilla Bug 3819),shellpkg,bug,medium,zevorn,0.95,"The bug is related to timer period and ping command in UEFI shell, matching the pattern of timer-related issues.",,False
qwen2.5:14b,A,9071,Incorrect data type of ProcessRelocation64 (Bugzilla Bug 3818),uefipayloadpkg,bug,low,lgao4,0.75,"The bug is related to a data type issue in ProcessRelocation64 which seems to be part of UefiPayloadPkg but no specific assignee for this package is listed, lgao4 has handled similar issues before.",,False
qwen2.5:14b,A,9070,GetCpuidFw() uses Compacted when it is not initialized. (Bugzilla Bug 3817),ovmfpkg,bug,low,Vogtinator,0.85,The bug is related to TCG2/TPM2 support on RISC-V which matches Vogtinator's historical pattern.,,False
qwen2.5:14b,A,10190,Build fails in GenFS with GCC12 (Bugzilla Bug 3816),basetools,bug,low,AshrafAliS,0.95,Historical pattern shows AshrafAliS handles BaseTools issues.,,False
qwen2.5:14b,A,9068,EmbeddedPkg: build error in FwVol.c in X64 arch (Bugzilla Bug 3814),embeddedpkg,bug,low,AshrafAliS,0.95,The bug is related to BaseTools and involves a build error in FwVol.c.,,False
qwen2.5:14b,A,9067,Unicode string of the AKM/Cipher in Wi-Fi Network List is not correct (Bugzilla Bug 3813),networkpkg,bug,medium,SaloniKasbekar,0.9,The bug involves replacing a hardcoded value with an existing define constant in the Wi-Fi Network List.,,False
qwen2.5:14b,A,9065,PciBusDxe: Allow PCI Platform Protocol to override existing PCI ROM image (Bugzilla Bug 3811),mdemodulepkg,bug,low,YangGangUEFI,0.95,The bug is related to PciBusDxe in MdeModulePkg and matches historical patterns for this type of issue.,,False
qwen2.5:14b,A,9064,BaseTools/Conf: Add new macro for customizing dll file reduction. (Bugzilla Bug 3810),basetools,bug,medium,AshrafAliS,0.95,The bug is related to BaseTools configuration and macro customization.,,False
qwen2.5:14b,A,9063,Simplify http response status check (Bugzilla Bug 3809),redfishpkg,bug,low,mikebeaton,0.95,"The bug is related to RedfishPkg and involves simplifying an HTTP response status check, which aligns with previous RedfishPkg tasks handled by mikebeaton.",,False
qwen2.5:14b,A,9062,CI: Uncrustify test should display what changes were made (Bugzilla Bug 3808),-,bug,low,AshrafAliS,0.95,"The bug is related to CI and Uncrustify test changes, matching AshrafAliS's historical pattern of handling BaseTools CI issues.",,False
qwen2.5:14b,A,10188,Changing fdf rule section won't trigger incremental build (Bugzilla Bug 3806),basetools,bug,low,AshrafAliS,0.95,The bug is related to BaseTools and incremental build issues which matches historical patterns of AshrafAliS handling such bugs.,,False
qwen2.5:14b,A,10187,Smbios64BitPrintEPSInfo hit a stack guard exception due to buffer overflow. (Bugzilla Bug 3805),shellpkg,bug,low,NingFengGit,0.95,The bug is related to Smbios64BitPrintEPSInfo in ShellPkg and requires handling a buffer overflow issue.,,False
qwen2.5:14b,A,10186,issue in SR-IOV reserve bus caculation (Bugzilla Bug 3804),mdemodulepkg,bug,low,YangGangUEFI,0.85,The bug is related to SR-IOV in MdeModulePkg and previous similar issues were assigned to YangGangUEFI.,,False
qwen2.5:14b,A,10185,FDF parsing does resolve macros properly (Bugzilla Bug 3803),basetools,bug,low,AshrafAliS,0.95,The bug is related to FDF parsing in BaseTools which matches the historical pattern of AshrafAliS handling such issues.,,False
qwen2.5:14b,A,10184,armsoftfloatlib not correctly declared and introduces dependency on ArmPkg (Bugzilla Bug 3799),armpkg,bug,low,YangGangUEFI,0.85,"The bug is related to ArmPkg and involves a declaration issue, matching historical patterns for YangGangUEFI.",,False
qwen2.5:14b,A,9059,Spell check caused pipeline failures (Bugzilla Bug 3798),unittestframeworkpkg,bug,low,AshrafAliS,0.95,"The bug is related to BaseTools and pipeline failures, matching AshrafAliS's historical pattern of handling BaseTools issues.",,False
qwen2.5:14b,A,9057,HiiDataBaseDxe module lacks handling of authenticated variable type (Bugzilla Bug 3796),mdemodulepkg,bug,low,YangGangUEFI,0.95,The bug is related to HiiDataBaseDxe module in MdeModulePkg and matches previous assignments for similar issues.,,False
qwen2.5:14b,A,10183,Need to address a discrepancy with how untested memory is treated for allocation by DXE drivers. (Bugzilla Bug 3795),mdemodulepkg,bug,low,os-d,0.95,"The bug is related to DXE drivers and memory allocation, which matches os-d's expertise in MdeModulePkg issues.",,False
qwen2.5:14b,A,9055,Update Graphics Info Hob FrameBufferSize Based on UEFI Spec 2.0 (Bugzilla Bug 3793),mdepkg,bug,low,AshrafAliS,0.95,"The bug is related to MdePkg and BaseTools, matching AshrafAliS's historical pattern of handling such issues.",,False
qwen2.5:14b,A,9054,Update FvLength to UINTN from UINT32 in FirmwareVolumeInfo (Bugzilla Bug 3792),mdemodulepkg,bug,low,YangGangUEFI,0.95,"The bug is related to MdeModulePkg and involves updating a data type in FirmwareVolumeInfo, which aligns with previous assignments for similar code maintenance tasks.",,False
qwen2.5:14b,A,9053,IntelFsp2Pkg/FspSecCore: ExtendedImageRevision was not printed. (Bugzilla Bug 3791),intelfsp2pkg,bug,low,praravin,0.95,The bug is related to IntelFsp2Pkg and specifically mentions ExtendedImageRevision printing issue.,,False
qwen2.5:14b,A,9052,Replace Opcode with the corresponding instructions (Bugzilla Bug 3790),mdepkg,bug,low,lgao4,0.75,"The bug is related to MdePkg and involves replacing opcodes with instructions, which does not match any specific historical pattern but lgao4 has handled similar low priority bugs in this package before.",,False
qwen2.5:14b,A,9051,Moving UFS HCS.DP (Device Attached) checking out of UfsExecUicCommands() to fix timing problem (Bugzilla Bug 3776),mdemodulepkg,bug,low,YangGangUEFI,0.85,"The bug is related to UFS and Device Manager form, matching previous assignments in mdemodulepkg.",,False
qwen2.5:14b,A,9050,Retry up to 5 times while sending UFS DME request to fix timing problem (Bugzilla Bug 3775),mdemodulepkg,bug,low,lgao4,0.85,The bug is related to MdeModulePkg and does not match any specific rare assignees or historical patterns closely.,,False
qwen2.5:14b,A,10180,EDK2 TCG & HDD Drivers must transition from Variable Lock to Variable Policy (Bugzilla Bug 3774),securitypkg,bug,low,HunterChang030,0.9,"The bug is related to SecurityPkg and involves transitioning from Variable Lock to Variable Policy, matching HunterChang030's previous work on OpalPassword in SecurityPkg.",,False
qwen2.5:14b,A,10178,Debug trace package integration to enable debug message capture on all targets. (Bugzilla Bug 3772),mdepkg,bug,low,os-d,0.95,"The bug is related to MdePkg and involves enabling debug message capture on all targets, which aligns with os-d's expertise in handling core MdePkg issues.",,False
qwen2.5:14b,A,10177,edk2-stable202111: Black screen when doing single GPU passthrough (cause: TPM 2 related bugfix) (Bugzilla Bug 3771),ovmfpkg,bug,low,Vogtinator,0.95,The bug is related to TPM 2 and affects GPU passthrough in OvmfPkg.,,False
qwen2.5:14b,A,9049,AcpiView: incorrect dereference when parsing PPTT (Bugzilla Bug 3770),shellpkg,bug,high,praveensankarn,0.95,"The bug is related to AcpiView in ShellPkg and involves parsing PPTT, which matches the pattern of adding ARMV9 support for SmbioView in ShellPkg.",,False
qwen2.5:14b,A,9048,StandaloneMmPkg/FvLib needs to support large file with EFI_FFS_FILE_HEADER2. (Bugzilla Bug 3769),standalonemmpkg,bug,low,AshrafAliS,0.95,"The bug is related to BaseTools and FMMT handling large files, matching AshrafAliS's historical pattern of handling complex file management issues in BaseTools.",,False
qwen2.5:14b,A,9047,Change DEBUG_CODE() to DEBUG_CODE_BEGIN/END() for complex C code  blocks (Bugzilla Bug 3767),shellpkg,bug,low,YangGangUEFI,0.85,"The bug is related to ShellPkg and involves code changes, which aligns with previous assignments for this package.",,False
qwen2.5:14b,A,10176,Cond expression logic is not functioning as expected in VFR (Bugzilla Bug 3763),-,bug,low,YangGangUEFI,0.85,"The bug is related to VFR cond expression logic in MdeModulePkg, which matches previous assignments to YangGangUEFI for similar issues.",,False
qwen2.5:14b,A,10175,Python FMMT tool issue (Bugzilla Bug 3762),basetools,bug,low,AshrafAliS,0.95,"The bug is related to the BaseTools package and involves a Python FMMT tool issue, matching AshrafAliS's historical pattern of handling such issues.",,False
qwen2.5:14b,A,10174,AhciPei doesn't detect CD ROM device (Bugzilla Bug 3761),mdemodulepkg,bug,medium,YangGangUEFI,0.85,"The bug is related to MdeModulePkg and involves a specific component (AhciPei), matching historical patterns for this assignee.",,False
qwen2.5:14b,A,9046,Update source style for use of OPTIONAL keyword (Bugzilla Bug 3760),shellpkg,bug,low,YangGangUEFI,0.85,"The bug is related to ShellPkg and involves source style updates, which aligns with previous assignments for similar issues in this package.",,False
qwen2.5:14b,A,9045,MemoryAllocationLib fails in clang release builds (Bugzilla Bug 3758),mdepkg,bug,low,os-d,0.95,"The bug is related to MdePkg and memory allocation issues in clang release builds, matching os-d's expertise with OVMF build issues and memory management.",,False
qwen2.5:14b,A,10173,Add registers of boot partitions feature to Nvme.h (Bugzilla Bug 3757),mdepkg,bug,low,AshrafAliS,0.95,"The bug is related to MdePkg and involves a feature addition in Nvme.h, which matches historical patterns of AshrafAliS handling such issues.",,False
qwen2.5:14b,A,9044,Displaying SMBIOS Type38 fields in smbiosview command in formatted manner (Bugzilla Bug 3755),shellpkg,bug,low,NingFengGit,0.95,The bug is related to SMBIOS Type38 fields in smbiosview command within ShellPkg.,,False
qwen2.5:14b,A,9043,DxeCore Install mismatched LoadedImage Protocol when enable UniversalPayload (Bugzilla Bug 3754),uefipayloadpkg,bug,low,lgao4,0.75,"The bug involves DxeCore and LoadedImage Protocol, which is related to protocol handling in DXE phase.",,False
qwen2.5:14b,A,9042,BuildAndIntegrationInstructions should contain solution for a common coreboot integration issue (Bugzilla Bug 3753),uefipayloadpkg,bug,low,AshrafAliS,0.95,"The bug is related to BuildAndIntegrationInstructions for coreboot integration, which matches the historical pattern of AshrafAliS handling BaseTools and integration issues.",,False
qwen2.5:14b,A,9041,VfrCompile: Numeric/one of opcode's Flag setting for bit field missing bit mask at VfrSyntax.g (Bugzilla Bug 3752),basetools,bug,low,AshrafAliS,0.95,The bug is related to VfrCompile in BaseTools and matches the pattern of previous BaseTools issues handled by AshrafAliS.,,False
qwen2.5:14b,A,9040,Check routine from Mm Communication from Arm package fails unnecessarily (Bugzilla Bug 3751),armpkg,bug,low,YangGangUEFI,0.85,The bug is related to Arm package and communication checks which are typically handled by YangGangUEFI in similar contexts.,,False
qwen2.5:14b,A,9039,Update max job time from 60 min to 120 minutes in .azurepipelines/templates (Bugzilla Bug 3750),-,bug,low,AshrafAliS,1.0,The bug is related to Azure pipelines templates and matches the pattern of previous work by AshrafAliS on similar issues.,,False
qwen2.5:14b,A,9038,Update Package YAML files to ignore specific ECC files/errors (Bugzilla Bug 3749),shellpkg,bug,low,AshrafAliS,0.95,The bug is related to updating Package YAML files in ShellPkg and matches the pattern of BaseTools FMMT handling issues previously addressed by AshrafAliS.,,False
qwen2.5:14b,A,9036,Update EmulatorPkg Win Host [BuildOptions] MSFT CC_FLAGS to not force debug information (Bugzilla Bug 3747),emulatorpkg,bug,low,AshrafAliS,0.95,"The bug is related to EmulatorPkg and BuildOptions, which matches historical patterns of AshrafAliS handling BaseTools and build configuration issues.",,False
qwen2.5:14b,A,9035,Update pytool LicenseCheck plugin to use temp directory for diff output file (Bugzilla Bug 3746),-,bug,low,AshrafAliS,0.95,"The bug is related to BaseTools and involves updating a plugin, matching historical pattern of AshrafAliS handling BaseTools issues.",,False
qwen2.5:14b,A,9034,OvmfPkg: Remove unused print service driver (Bugzilla Bug 3744),ovmfpkg,bug,low,r1chard-lyu,0.8,"The bug is related to OvmfPkg and involves removing an unused driver, which aligns with previous maintenance tasks in this package.",,False
qwen2.5:14b,A,9030,"[UEFIPayLoad]While BootMenuApp build in UEFI payload, pcd in BootMenuApp will not be override (Bugzilla Bug 3740)",uefipayloadpkg,bug,low,YangGangUEFI,0.85,The bug is related to BootMenuApp in UEFI payload and historical patterns suggest YangGangUEFI handles such issues.,,False
qwen2.5:14b,A,9029,Update all C/H files in edk2 repo to use DEBUG_* defines instead of EFI_D_* defines (Bugzilla Bug 3739),shellpkg,bug,low,YangGangUEFI,0.85,"The bug involves updating defines in C/H files across the repo, which is likely a UI/UX or form-related task.",,False
qwen2.5:14b,A,10172,ASSERT in NetworkPkg/TcpDxe/TcpOutput.c (Bugzilla Bug 3735),networkpkg,bug,low,SaloniKasbekar,0.9,The bug is related to a network package and involves replacing hardcoded values with existing constants.,,False
qwen2.5:14b,A,10171,DynamicHii PCD will occupy PCD DB unnecessarily. (Bugzilla Bug 3734),mdemodulepkg,bug,low,YangGangUEFI,0.95,The bug is related to DynamicHii PCD in MdeModulePkg and matches historical patterns of UI/Setup form bugs assigned to YangGangUEFI.,,False
qwen2.5:14b,A,9027,time_t typedef is incorrect (Bugzilla Bug 3733),cryptopkg,bug,low,liyi77,0.95,"The bug is related to a typedef issue in the cryptopkg package, matching historical patterns for OpenSSL updates and type definitions.",,False
qwen2.5:14b,A,9026,Recent change to AhciMode.c Potentially Causes NULL Pointer Access (Bugzilla Bug 3732),mdemodulepkg,bug,high,YangGangUEFI,0.95,"The bug is related to MdeModulePkg and involves a recent change causing potential NULL pointer access, which matches historical patterns for this assignee.",,False
qwen2.5:14b,A,9025,Fix OvmfPkg Microvm builds with VS2019 NOOPT (edk2-stable202111) (Bugzilla Bug 3731),ovmfpkg,bug,low,os-d,0.95,"The bug is related to OvmfPkg builds with VS2019 NOOPT, which falls under build configuration and memory management issues typically handled by os-d.",,False
qwen2.5:14b,A,10170,We lost some stack unwind termination logic when we dropped .S files. (Bugzilla Bug 3730),mdepkg,bug,low,os-d,0.95,"The bug is related to MdePkg and involves stack unwind termination logic, which falls under memory management or core functionality issues typically handled by os-d.",,False
qwen2.5:14b,A,10169,Add ReportStatusCodeRouterRuntimeDxe & StatusCodeHandlerRuntimeDxe into UefiPayloadPkg's DXE A Priori file (Bugzilla Bug 3729),uefipayloadpkg,bug,medium,YangGangUEFI,0.85,"The bug is related to UefiPayloadPkg and involves adding components into a DXE A Priori file, which aligns with previous work by YangGangUEFI on similar package management tasks.",,False
qwen2.5:14b,A,9024,Use SMM Interrupr Shadow Stack (Bugzilla Bug 3728),ueficpupkg,bug,low,philnoh2,0.95,The bug is related to UEFI CPU package and involves SMM interrupt shadow stack management.,,False
qwen2.5:14b,A,10168,Add more unit tests for YAML config editor with CLI capability (Bugzilla Bug 3727),intelfsp2pkg,bug,low,AshrafAliS,0.95,"The bug is related to unit tests for a YAML config editor in IntelFsp2Pkg and there's no exact match in the historical patterns, but AshrafAliS has handled similar BaseTools issues before.",,False
qwen2.5:14b,A,9023,Fix VS2019 build issue with OvmfPkg/Bhyve (Bugzilla Bug 3724),ovmfpkg,bug,low,ardbiesheuvel,0.95,The bug is related to VS2019 build issue with OvmfPkg/Bhyve which matches the historical pattern of CLANG compiler issues in OvmfPkg.,,False
qwen2.5:14b,A,10165,Fix EmbeddedPkg VS2019 X64 NOOPT build issues (Bugzilla Bug 3723),embeddedpkg,bug,low,AshrafAliS,0.95,The bug is related to build issues in EmbeddedPkg and matches the pattern of previous BaseTools-related bugs handled by AshrafAliS.,,False
qwen2.5:14b,A,9022,Fix VS2019 NOOPT build issues with OvmfPkg/OvmfXen.dsc platform (Bugzilla Bug 3722),ovmfpkg,bug,low,os-d,0.95,"The bug is related to VS2019 NOOPT build issues with OvmfPkg/OvmfXen.dsc platform, which falls under the OVMF build and memory management category handled by os-d.",,False
qwen2.5:14b,A,10164,Action is set to 'untested' if image is unsigned and hash not found in DB/DBX (Bugzilla Bug 3721),securitypkg,bug,low,HunterChang030,0.9,"The bug is related to SecurityPkg and specifically deals with image signing and database actions, matching HunterChang030's known work on OpalPassword within SecurityPkg.",,False
qwen2.5:14b,A,9021,Action is set to 'untested' if image signature is not found in DB (Bugzilla Bug 3720),securitypkg,bug,low,HunterChang030,0.9,"The bug is related to SecurityPkg and involves image signature handling, matching HunterChang030's previous work on OpalPassword in the same package.",,False
qwen2.5:14b,A,9020,DnsDxe: Host2Address pointer in response token is not null on error (Bugzilla Bug 3719),networkpkg,bug,low,BritChesley,0.95,"The bug is related to DnsDxe in NetworkPkg and involves a code quality issue, matching BritChesley's pattern of handling CodeQl errors.",,False
qwen2.5:14b,A,9019,BaseTools/DevicePath: DevicePatch should support PCD value Lengths longer than now (Bugzilla Bug 3718),basetools,bug,low,AshrafAliS,0.95,The bug is related to BaseTools/DevicePath and matches historical patterns for AshrafAliS.,,False
qwen2.5:14b,A,10163,__clang__ flipped to __FILE_NAME__ vs. __FILE__ breaking our ASSERT strategy. (Bugzilla Bug 3716),mdepkg,bug,low,os-d,0.95,The bug is related to MdePkg and involves a compiler macro issue affecting ASSERT strategy.,,False
qwen2.5:14b,A,10162,Some tools fail to compile for NOOPT with clang-13. (Bugzilla Bug 3715),basetools,bug,medium,AshrafAliS,0.95,"The bug is related to BaseTools compilation issues, matching AshrafAliS's historical pattern of handling BaseTools-related bugs.",,False
qwen2.5:14b,A,9018,Changing UFS descriptor configuration and retry for support device can't response in time (Bugzilla Bug 3714),mdemodulepkg,bug,low,YangGangUEFI,0.85,"The bug is related to UFS descriptor configuration and retry in MdeModulePkg, which matches historical patterns of UI/UX or form-related issues handled by YangGangUEFI.",,False
qwen2.5:14b,A,10161,Adding support switch Gear mode and disable LCC when UFS PEI driver initialization (Bugzilla Bug 3713),mdemodulepkg,bug,low,YangGangUEFI,0.85,The bug is related to UFS PEI driver initialization in MdeModulePkg and matches historical patterns for this type of issue.,,False
qwen2.5:14b,A,10160,Rename XenTimerDxe to LocalApicTimerDxe and replace 8254 timer in OvmfPkg (Bugzilla Bug 3711),ovmfpkg,bug,low,os-d,0.95,"The bug involves renaming and replacing timer drivers in OvmfPkg, which aligns with os-d's expertise in handling such low-level system components.",,False
qwen2.5:14b,A,9016,MessageLength is counting in communicate header for variable policy operations (Bugzilla Bug 3709),mdemodulepkg,bug,medium,SaloniKasbekar,0.9,The bug involves replacing hardcoded values with existing #define constants in the MdeModulePkg package.,,False
qwen2.5:14b,A,10159,OvmfPkgX64 RELEASE build fails with clang-13. (Bugzilla Bug 3704),ovmfpkg,bug,low,os-d,0.95,"The bug is related to OvmfPkg build issues with clang compiler, matching historical patterns of os-d handling such issues.",,False
qwen2.5:14b,A,9012,UFS MMIO address overflow issue observed when find more than one UFS HC (Bugzilla Bug 3703),mdemodulepkg,bug,low,SaloniKasbekar,0.9,The bug involves replacing hardcoded values with existing #define constants in MdeModulePkg.,,False
qwen2.5:14b,A,9009,MdeModulePkg\Library\DxeCapsuleLibFmp use deprecated interface to lock variable (Bugzilla Bug 3699),mdemodulepkg,bug,medium,YangGangUEFI,0.85,"The bug is related to MdeModulePkg and involves a deprecated interface, matching previous assignments for similar issues in this package.",,False
qwen2.5:14b,A,9006,HttpBootDxe rejected bootloaders with upper-case file extensions (Bugzilla Bug 3694),networkpkg,bug,low,SaloniKasbekar,0.9,The bug involves HttpBootDxe in NetworkPkg and requires replacing a hardcoded value with an existing define constant.,,False
qwen2.5:14b,A,10156,FL1100 usb chipset/Mac OS OVMF/XhciDxe issues with bootable usb 3.0 devices (Bugzilla Bug 3693),ovmfpkg,bug,low,AndreasBBS,0.95,"The bug involves OVMF and XhciDxe issues with USB devices, matching historical patterns for QEMU_EFI driver loading issues.",,False
qwen2.5:14b,A,10155,Add support for config editor to handle multiple instance of UPD for bootloader use case (Bugzilla Bug 3692),intelfsp2pkg,bug,low,praravin,0.95,"The bug is related to IntelFsp2Pkg and involves handling multiple instances of UPD for bootloader use case, matching praravin's expertise in similar issues.",,False
qwen2.5:14b,A,9003,microvm: add support for virtio-mmio devices (Bugzilla Bug 3689),ovmfpkg,bug,low,AndreasBBS,0.95,The bug is related to OvmfPkg and involves virtio-mmio devices which matches previous network protocol driver issues.,,False
qwen2.5:14b,A,9001,VFR Compiler generated random data in output files when unnamed fields used in HII C structure (Bugzilla Bug 3687),basetools,bug,low,YangGangUEFI,0.95,The bug is related to VFR Compiler in BaseTools and affects HII C structure generation.,,False
qwen2.5:14b,A,10154,HII related GUIDs don’t end up in the Guid.xref file (Bugzilla Bug 3685),-,bug,low,YangGangUEFI,0.95,The bug is related to HII GUIDs and historical patterns indicate YangGangUEFI handles such issues.,,False
qwen2.5:14b,A,10153,Microcode must be measured by TPM. (Bugzilla Bug 3683),ueficpupkg,bug,low,Vogtinator,0.95,"The bug involves TPM and UEFI CPU package, matching Vogtinator's expertise in TCG2/TPM2 support on RISC-V.",,False
qwen2.5:14b,A,8996,MdeModulePkg/Core/Dxe: Lock when iterates the gHandleList (Bugzilla Bug 3680),mdemodulepkg,bug,low,YangGangUEFI,0.95,"The bug is related to MdeModulePkg and involves a lock mechanism during iteration of gHandleList, which aligns with previous assignments for similar issues in this package.",,False
qwen2.5:14b,A,8995,Configure/Enable elliptic curve ciphers in OpenSSL in EDK2 (Bugzilla Bug 3679),cryptopkg,bug,high,liyi77,0.95,"The bug is about configuring elliptic curve ciphers in OpenSSL within the CryptPkg, which matches previous work done by liyi77 on OpenSSL updates and security patches.",,False
qwen2.5:14b,A,10152,Add support for RISCV64 to RngDxe and BaseRngLib (Bugzilla Bug 3676),mdepkg,bug,low,yechao-w,0.95,"The bug is related to adding RISCV64 support in MdePkg components, matching yechao-w's expertise with RISC-V architecture issues.",,False
qwen2.5:14b,A,8992,How Can I get in touch with cash app customer service? (Bugzilla Bug 3673),armpkg,bug,low,lgao4,0.75,The bug does not fit any specific package or component mentioned in the historical patterns and seems more like a general inquiry which lgao4 has handled before.,,False
qwen2.5:14b,A,10151,DescribeExceptionSyndrome() has the wrong encoding for SP alignment fault. (Bugzilla Bug 3669),armpkg,bug,low,YangGangUEFI,0.85,The bug is related to ARM package and does not match common patterns for other packages or rare assignees.,,False
qwen2.5:14b,A,8988,MdeModulePkg/Core/Dxe: Add lock protection in CoreLocateHandleBuffer() (Bugzilla Bug 3666),mdemodulepkg,bug,low,YangGangUEFI,0.95,"The bug is related to MdeModulePkg and involves a specific function in Dxe, matching historical patterns for this package.",,False
qwen2.5:14b,A,10150,Errors during compilation will be garbled (Bugzilla Bug 3664),mdepkg,bug,high,os-d,0.95,"The bug is related to MdePkg and compilation errors, matching os-d's expertise in handling MdePkg issues.",,False
qwen2.5:14b,A,8986,Errors during compilation will be garbled (Bugzilla Bug 3663),mdepkg,bug,high,os-d,0.95,"The bug is related to MdePkg and compilation errors, matching os-d's expertise in handling MdePkg issues.",,False
qwen2.5:14b,A,8985,Missing parameter in DEBUG print in XhciInitializeDeviceSlot() in XhciSched.c (Bugzilla Bug 3662),mdemodulepkg,bug,low,YangGangUEFI,0.95,"The bug is in MdeModulePkg and involves a missing parameter in DEBUG print, which aligns with previous assignments to YangGangUEFI for similar issues.",,False
qwen2.5:14b,A,8984,Calling deprecated interface in FmpDevicePkg (Bugzilla Bug 3655),fmpdevicepkg,bug,medium,lgao4,0.85,"The bug involves a deprecated interface call in FmpDevicePkg, and lgao4 has handled similar issues before.",,False
qwen2.5:14b,A,10149,Set default Makefile name when building module/libraries target (Bugzilla Bug 3653),basetools,bug,medium,AshrafAliS,0.95,"The bug is related to BaseTools and involves Makefile handling, matching AshrafAliS's historical pattern of fixing BaseTools issues.",,False
qwen2.5:14b,A,10148,Move StandaloneMmPkg/Drivers/StandaloneMmCpu driver and EntryPointLib to ArmPkg (Bugzilla Bug 3652),standalonemmpkg,bug,low,YangGangUEFI,0.85,The bug is related to moving components within ArmPkg and similar historical patterns have been assigned to YangGangUEFI.,,False
qwen2.5:14b,A,10147,Remove DxeIpl dependency on ArmPkg (Bugzilla Bug 3651),mdemodulepkg,bug,low,YangGangUEFI,0.85,"The bug is related to MdeModulePkg and involves dependency removal, matching historical patterns for this package.",,False
qwen2.5:14b,A,10146,Move GccLto binaries from ArmPkg to Basetools to better align with usage (Bugzilla Bug 3650),basetools,bug,low,AshrafAliS,0.95,The bug is related to BaseTools and involves a change in binary usage alignment.,,False
qwen2.5:14b,A,10144,Align the *MmuLib definitions in ArmPkg to allow common layers to exist (Bugzilla Bug 3647),armpkg,bug,low,YangGangUEFI,0.85,The bug is related to ArmPkg and does not match any specific rare assignees or common patterns for other packages.,,False
qwen2.5:14b,A,8982,TCG_DEVICE_SECURITY_EVENT_DATA_VERSION   definition should be 1 (Bugzilla Bug 3646),mdepkg,bug,low,Vogtinator,0.95,TCG related issues typically involve Vogtinator based on previous assignments.,,False
qwen2.5:14b,A,10143,The CCFlag generated in PcdValueInit makefile is incorrect when a -D statement contains a space (Bugzilla Bug 3645),basetools,bug,low,AshrafAliS,0.95,The bug is related to BaseTools and involves a specific issue with makefile generation.,,False
qwen2.5:14b,A,10142,BaseTools: Dsc Parser scanning same file/line in code multiple times even if condition is False (Bugzilla Bug 3643),basetools,bug,low,AshrafAliS,0.95,The bug is related to BaseTools Dsc Parser and matches historical patterns of AshrafAliS handling BaseTools issues.,,False
qwen2.5:14b,A,8981,IntelFsp2WrapperPkg : FSPM/S UPD data address based on Build Type (Bugzilla Bug 3642),intelfsp2wrapperpkg,bug,medium,praravin,1.0,"The bug is related to IntelFsp2WrapperPkg and specifically deals with FSPM/S UPD data address based on Build Type, matching the pattern of praravin who handles similar issues in IntelFsp2Pkg.",,False
qwen2.5:14b,A,10141,OVMF_CODE/VARS unable to reboot a mac os vm during installation (only first stage) (Bugzilla Bug 3640),ovmfpkg,bug,low,os-d,0.95,"The bug is related to OVMF_CODE/VARS and reboot issues during installation, which falls under memory management or boot process problems typically handled by os-d.",,False
qwen2.5:14b,A,10140,CPU Stack Guard cannot be enabled (Bugzilla Bug 3639),ueficpupkg,bug,low,philnoh2,0.95,The bug is related to CPU Stack Guard in UefiCpuPkg which matches the historical pattern of handling such issues by philnoh2.,,False
qwen2.5:14b,A,8980,Trim.py doesn't always properly report encoding error (Bugzilla Bug 3637),basetools,bug,low,AshrafAliS,0.95,"The bug is related to BaseTools and involves a script issue, matching AshrafAliS's historical pattern of handling BaseTools-related bugs.",,False
qwen2.5:14b,A,10139,Shell appears to be stalled or so when started headless (Bugzilla Bug 3636),shellpkg,bug,low,YangGangUEFI,0.85,"The bug is related to Shellpkg and involves a potential issue with headless operation, matching previous issues handled by YangGangUEFI in the Shellpkg component.",,False
qwen2.5:14b,A,8979,PciTestSupportedAttribute logic should be changed. (Bugzilla Bug 3635),mdemodulepkg,bug,medium,YangGangUEFI,0.85,"The bug is related to MdeModulePkg and involves a change in logic for PciTestSupportedAttribute, which matches previous assignments to YangGangUEFI.",,False
qwen2.5:14b,A,8978,Cpu feature data stored in memory by PEI AllocatePool() may be migrated to different location when CpuS3 reads (Bugzilla Bug 3634),ueficpupkg,bug,high,philnoh2,0.95,"The bug involves CPU S3 reads and memory allocation in PEI phase, matching the UEfiCpuPkg expertise of philnoh2.",,False
qwen2.5:14b,A,8977,MdeModulePackage/PeiDxeDebugLibReportStatusCode：Add Standalone MM support (Bugzilla Bug 3633),mdemodulepkg,bug,medium,YangGangUEFI,0.85,"The bug is related to MdeModulePkg and involves a specific sub-component (PeiDxeDebugLibReportStatusCode), matching historical patterns for this package.",,False
qwen2.5:14b,A,8975,CpuFeaturesPei and PiSmmCpuSmmDxe initialize the CPU features twice in S3 boot (Bugzilla Bug 3631),ueficpupkg,bug,high,philnoh2,0.95,"The bug involves CPU features initialization in S3 boot, matching the AP reset vector buffer handling expertise of philnoh2.",,False
qwen2.5:14b,A,8974,Mm Communication Ppi is not defined in MdePkg (Bugzilla Bug 3629),mdepkg,bug,low,os-d,0.95,"The bug is related to MdePkg and involves a missing PPI definition, which aligns with os-d's expertise in handling memory protection and GCD issues within MdePkg.",,False
qwen2.5:14b,A,8973,CoreSetMemorySpaceCapabilities is receiving memory map entries unknown to it (Bugzilla Bug 3628),mdemodulepkg,bug,medium,os-d,0.95,"The bug is related to memory map entries and CoreSetMemorySpaceCapabilities in MdeModulePkg, which aligns with os-d's expertise on memory management issues.",,False
qwen2.5:14b,A,8971,AppPkg: Add support for atexit builtin module in Py 3.6.8 (Bugzilla Bug 3626),-,bug,low,AshrafAliS,0.95,"The bug is related to AppPkg and BaseTools FMMT handling, matching AshrafAliS's historical pattern of handling such issues.",,False
qwen2.5:14b,A,8970,Refactor initialization of CPU features during S3 resume (Bugzilla Bug 3621),ueficpupkg,bug,high,philnoh2,0.95,"The bug is related to CPU features during S3 resume in UefiCpuPkg, matching the expertise of philnoh2 on similar issues.",,False
qwen2.5:14b,A,8969,CryptoPkg/BaseCryptLib: Pkcs7Verify() does extra buffer malloc and copy (Bugzilla Bug 3617),cryptopkg,bug,low,mdkinney,0.95,The bug is related to a build error in CryptoPkg which matches mdkinney's historical pattern of handling such issues.,,False
qwen2.5:14b,A,8968,"GdbStub, GdbSerialDebugPortLib, and FwVol have multiple 64->32 conversion errors (Bugzilla Bug 3616)",embeddedpkg,bug,low,AshrafAliS,0.95,"The bug is related to BaseTools and involves conversion errors, matching AshrafAliS's historical pattern of handling such issues.",,False
qwen2.5:14b,A,8967,Need to add debug message for indicating IBB is successfully verified OBB (Bugzilla Bug 3615),securitypkg,bug,low,HunterChang030,0.9,"The bug is related to SecurityPkg and involves debug message for IBB verification, matching HunterChang030's historical pattern of handling OpalPassword issues in SecurityPkg.",,False
qwen2.5:14b,A,8966,bad one title bandoned (Bugzilla Bug 3614),securitypkg,bug,low,HunterChang030,0.9,The bug is related to SecurityPkg and involves potential issues with DeviceList handling.,,False
qwen2.5:14b,A,10137,Error Message is misleading when enrolling security boot keys failed (Bugzilla Bug 3608),securitypkg,bug,low,HunterChang030,0.9,The bug is related to security boot keys in SecurityPkg and HunterChang030 has handled similar issues before.,,False
qwen2.5:14b,A,8965,Can not access new members added to SMBIOS_TABLE_TYPE9 structure after variable data (Bugzilla Bug 3607),mdepkg,bug,low,NingFengGit,0.95,"The bug is related to SMBIOS structure access in MdePkg, matching NingFengGit's historical pattern of handling similar issues.",,False
qwen2.5:14b,A,8964,VMs that created from CentOS-7-x86_64-DVD-1708.iso fail to boot (Bugzilla Bug 3606),ovmfpkg,bug,low,AndreasBBS,0.95,"The bug involves VM boot issues with a specific ISO, which matches historical patterns of QEMU_EFI driver loading problems.",,False
qwen2.5:14b,A,8963,SecurityPkg/MemoryOverwriteControl: DEBUG print missing argument (Bugzilla Bug 3605),securitypkg,bug,low,HunterChang030,0.9,"The bug is related to SecurityPkg and involves a specific sub-component (MemoryOverwriteControl), matching HunterChang030's historical pattern of handling similar issues in SecurityPkg.",,False
qwen2.5:14b,A,10136,Build races+failure with -j > 1 in MAKEFLAGS (Bugzilla Bug 3604),-,bug,low,AshrafAliS,0.95,Historical pattern shows AshrafAliS handles BaseTools related issues.,,False
qwen2.5:14b,A,8962,UefiPayloadPkg: build warnings for IA32+X64 (GCC) (Bugzilla Bug 3603),ueficpupkg,bug,low,lgao4,0.85,"The bug is related to build warnings in UefiPayloadPkg and no specific assignee for this package is listed, lgao4 has handled similar issues before.",,False
qwen2.5:14b,A,10135,The $(MODULE_DIR) variable cannot work properly in INF file (Bugzilla Bug 3600),basetools,bug,high,AshrafAliS,0.95,The bug is related to BaseTools and INF file issues which matches previous high priority BaseTools bugs handled by AshrafAliS.,,False
qwen2.5:14b,A,8957,"gcc_[arm,aarch64]_linux_ext_dep.yaml should download GCC releases from Arm, not Linaro (Bugzilla Bug 3594)",basetools,bug,low,AshrafAliS,0.95,"The bug is related to BaseTools and involves downloading GCC releases, which matches historical patterns of AshrafAliS handling such issues.",,False
qwen2.5:14b,A,8956,OVMF: use qemu firmware config instead of cmos for memory detection (Bugzilla Bug 3593),ovmfpkg,bug,low,AndreasBBS,0.95,"The bug involves QEMU firmware and memory detection, matching AndreasBBS's expertise with QEMU_EFI issues.",,False
qwen2.5:14b,A,10134,PciBusDxe：disable option rom decode (Bugzilla Bug 3592),mdemodulepkg,bug,low,YangGangUEFI,0.85,The bug is related to PciBusDxe in MdeModulePkg and matches historical patterns for this component.,,False
qwen2.5:14b,A,8954,The BootManagerMenuApp would show incorrect when the boot option description is too long (Bugzilla Bug 3590),mdemodulepkg,bug,low,YangGangUEFI,0.95,The bug is related to BootManagerMenuApp in MdeModulePkg and matches historical patterns of UI/UX issues assigned to YangGangUEFI.,,False
qwen2.5:14b,A,10133,UefiPayloadPkg: assert error in PeiPcdLib (Bugzilla Bug 3587),uefipayloadpkg,bug,low,lgao4,0.75,"The bug is related to UefiPayloadPkg and involves a specific sub-component (PeiPcdLib), but no exact match exists in the historical patterns provided.",,False
qwen2.5:14b,A,8953,UefiPayloadPkg: build error (Bugzilla Bug 3586),uefipayloadpkg,bug,low,lgao4,0.75,"The bug is related to UefiPayloadPkg and no specific historical pattern matches precisely, but lgao4 has handled similar low priority issues before.",,False
qwen2.5:14b,A,8952,UefiPayloadPkg: payload error (Bugzilla Bug 3585),uefipayloadpkg,bug,high,YangGangUEFI,0.85,"The bug is related to UefiPayloadPkg which does not match any specific rare assignees and has no clear historical pattern, but YangGangUEFI handles similar issues in the mdemodulepkg category.",,False
qwen2.5:14b,A,8951,Update mPatchCetSupported set  condition (Bugzilla Bug 3584),ueficpupkg,bug,low,philnoh2,0.95,"The bug is related to UEFI CPU package and involves a condition update, matching the pattern of previous bugs assigned to philnoh2.",,False
qwen2.5:14b,A,10132,remove TcgMorLockSmm (Bugzilla Bug 3583),securitypkg,bug,low,HunterChang030,0.9,"The bug is related to SecurityPkg and specifically mentions TcgMorLockSmm, which matches HunterChang030's historical pattern of handling OpalPassword issues in SecurityPkg.",,False
qwen2.5:14b,A,10131,Reset loop encountered when running with OVMF and Windows2012R2 guest (Bugzilla Bug 3582),ovmfpkg,bug,low,os-d,0.95,"The bug is related to OVMF and involves a reset loop with a Windows guest, indicating an issue likely within the core functionality or memory management of OvmfPkg.",,False
qwen2.5:14b,A,8950,shell invocation might cause inconsistencies in memory maps presented to a operating system (Bugzilla Bug 3581),shellpkg,bug,low,praveensankarn,0.95,The bug is related to ShellPkg and involves memory maps which aligns with previous assignments for similar issues in this package.,,False
qwen2.5:14b,A,8949,PMTT memory device definitions do not match code (Bugzilla Bug 3579),mdepkg,bug,low,os-d,0.95,"The bug is related to MdePkg and involves memory device definitions, which aligns with os-d's expertise in handling memory-related issues within OVMF builds.",,False
qwen2.5:14b,A,10129,Structure Pcd and Structure Array Pcd is not working properly (Bugzilla Bug 3577),basetools,bug,low,AshrafAliS,0.95,The bug is related to BaseTools and involves PCD handling issues.,,False
qwen2.5:14b,A,8948,Missing QemuKernelLoaderFsDxe in OvmfXen (Bugzilla Bug 3574),ovmfpkg,bug,low,AndreasBBS,0.95,"The bug is related to OvmfXen and missing QemuKernelLoaderFsDxe, which falls under the category of network protocol driver loading issues previously handled by AndreasBBS.",,False
qwen2.5:14b,A,8947,OvmfXen boot failed at SaveS3BootScript() (Bugzilla Bug 3573),ovmfpkg,bug,low,os-d,0.95,"The bug is related to OvmfPkg and involves a boot failure at SaveS3BootScript(), which likely pertains to memory management or page table issues.",,False
qwen2.5:14b,A,8946,setup browser stucked when frequently plug and unplug usb storege (Bugzilla Bug 3571),mdemodulepkg,bug,low,YangGangUEFI,0.95,"The bug is related to the setup browser in MdeModulePkg and involves USB storage, matching previous assignments to EricGao2015 or similar.",,False
qwen2.5:14b,A,8944,CoreValidateHandle has the risk of invalid memory access (Bugzilla Bug 3569),mdemodulepkg,bug,low,lgao4,0.85,"The bug is related to MdeModulePkg and involves a risk of invalid memory access, which matches historical patterns for lgao4.",,False
qwen2.5:14b,A,8942,Enable Config Editor tool support for config file and binary delta comparison (Bugzilla Bug 3567),intelfsp2pkg,bug,low,Vogtinator,0.75,The bug is related to IntelFsp2Pkg and does not match any specific historical pattern for the listed common assignees.,,False
qwen2.5:14b,A,10128,edk2-stable202108 - Change FV Header to FileSystemGuid3 when using GenFv/GenFds (Bugzilla Bug 3566),basetools,bug,low,AshrafAliS,0.95,"The bug is related to BaseTools and involves handling FV Header changes, matching historical patterns for BaseTools issues.",,False
qwen2.5:14b,A,8940,MdeModulePkg/PeiCore: Remove MigrateSecModulesInFv() (Bugzilla Bug 3564),mdemodulepkg,bug,low,YangGangUEFI,0.85,The bug is related to MdeModulePkg/PeiCore and matches historical patterns for this package.,,False
qwen2.5:14b,A,10127,BaseTools: Generate EFI variable default value binary file in the build phase (Bugzilla Bug 3562),basetools,bug,low,AshrafAliS,0.95,The bug is related to BaseTools and matches historical patterns of AshrafAliS handling BaseTools issues.,,False
qwen2.5:14b,A,8936,Learn how to use the Cash app refund to challenge a Cash transaction? (Bugzilla Bug 3558),armplatformpkg,bug,low,lgao4,0.2,The bug description does not match any specific package or component mentioned in the historical patterns.,,False
qwen2.5:14b,A,8935,Get Chime Customer Service If Require Experts Support Immediately (Bugzilla Bug 3557),armplatformpkg,bug,low,EricGao2015,0.8,"The bug title and description are vague but related to an ARM platform package issue, matching EricGao2015's historical pattern of handling similar issues.",,False
qwen2.5:14b,A,8934,Understand How Much Money Can You Send On Cash App Account (Bugzilla Bug 3555),armplatformpkg,bug,low,lgao4,0.2,The bug description does not match any specific package or component mentioned in the historical patterns.,,False
qwen2.5:14b,A,8933,Remote Interpretation Services (Bugzilla Bug 3554),-,bug,low,lgao4,0.75,"The bug does not specify a package or component, and lgao4 has handled miscellaneous issues in the past.",,False
qwen2.5:14b,A,8932,Public Adjuster Toronro (Bugzilla Bug 3553),-,bug,low,lgao4,0.75,"The bug title and body do not specify a package or component, but lgao4 has handled similar unspecified issues before.",,False
qwen2.5:14b,A,8931,Claims Adjuster Toronto (Bugzilla Bug 3552),-,bug,low,lgao4,0.75,"The bug does not specify a package or component and is labeled as 'other', matching lgao4's previous assignments for unspecified issues.",,False
qwen2.5:14b,A,10126,"ConvertAsn1TimeToEfiTime function, SetMem actual params out of order (Bugzilla Bug 3550)",cryptopkg,bug,low,mdkinney,0.95,The bug is related to a function in the Cryptography package and involves a build or code issue.,,False
qwen2.5:14b,A,8929,OPEN_MAX limit value 20 from StdLib/Include/sys/syslimits.h causes Python interpreter 3.6.8 to fail with error IOError: [Errno 24] Too many open files (Bugzilla Bug 3548),-,bug,low,AshrafAliS,0.95,"The bug is related to BaseTools and Python interpreter issues, matching AshrafAliS's historical pattern of handling BaseTools-related bugs.",,False
qwen2.5:14b,A,8927,How to get a cash app refund by raising a dispute? (Bugzilla Bug 3546),-,bug,low,lgao4,0.2,The bug does not relate to any specific package or component mentioned in the historical patterns.,,False
qwen2.5:14b,A,10125,[MdePkg/BaseLib] Unaligned APIs cannot be called safely (Bugzilla Bug 3542),mdepkg,bug,low,os-d,0.95,"The bug is related to MdePkg/BaseLib and concerns the safety of unaligned API calls, which falls under memory management and protection issues typically handled by os-d.",,False
qwen2.5:14b,A,8924,Get WordPress website development services from experts (Bugzilla Bug 3530),armpkg,bug,low,lgao4,0.75,The bug does not fit any specific package or component mentioned in the historical patterns and seems to be a general development request rather than a technical issue.,,False
qwen2.5:14b,A,8923,Online Guidance (Bugzilla Bug 3529),armvirtpkg,bug,low,YangGangUEFI,0.85,"The bug is related to an ARM virtual package and involves online guidance, which aligns with previous assignments for similar setup or form-related issues.",,False
qwen2.5:14b,A,8921,How to perform Roadrunner email settings? (Bugzilla Bug 3527),armvirtpkg,bug,low,lgao4,0.75,"The bug does not specify a package or component and appears to be a general configuration issue, matching lgao4's pattern of handling unspecified issues.",,False
qwen2.5:14b,A,8920,FSP NotifyPhase APIs caused 100ms delay in chrome platform. (Bugzilla Bug 3525),mdemodulepkg,bug,low,AshrafAliS,0.95,"The bug is related to BaseTools and FMMT, matching the pattern of AshrafAliS handling BaseTools issues.",,False
qwen2.5:14b,A,8919,How can I change my AOL Password? (Bugzilla Bug 3523),armvirtpkg,bug,low,lgao4,0.2,The bug does not fit any specific package or component mentioned in the historical patterns and seems more like a general user question rather than a technical issue.,,False
qwen2.5:14b,A,10122,.uni and .idf files cannot be used together (Bugzilla Bug 3517),basetools,bug,low,AshrafAliS,0.95,"The bug is related to BaseTools and involves handling of .uni and .idf files, matching AshrafAliS's historical pattern for BaseTools issues.",,False
qwen2.5:14b,A,8917,SyncPcrAllocationsAndPcrMask should trigger PCR bank reallocation based on BIOS HashLib instances. (Bugzilla Bug 3515),securitypkg,bug,high,HunterChang030,0.9,"The bug is related to SecurityPkg and involves potential issues with PCR bank reallocation based on HashLib instances, matching HunterChang030's previous work on similar OpalPassword DeviceList handling bugs.",,False
qwen2.5:14b,A,10121,MOR bit heuristic in Variable/RuntimeDxe/TcgMorLockSmm.c incompatible with StandaloneMM (Bugzilla Bug 3513),mdemodulepkg,bug,low,Vogtinator,0.95,"The bug is related to TCG/MOR functionality in MdeModulePkg, and Vogtinator has previously handled similar issues.",,False
qwen2.5:14b,A,8916,Pointer size mismatch in EvacuateTempRam() (Bugzilla Bug 3512),mdemodulepkg,bug,low,os-d,0.95,"The bug is related to pointer size mismatch in EvacuateTempRam() within MdeModulePkg, which falls under memory management and consistency issues typically handled by os-d.",,False
qwen2.5:14b,A,10120,Enable CI for edk2-platforms (Bugzilla Bug 3509),-,bug,low,AshrafAliS,0.95,The bug is about enabling CI for edk2-platforms which seems to be a build or CI related task.,,False
qwen2.5:14b,A,8914,Sort CpuCacheInfo array in CpuCacheInfoLib (Bugzilla Bug 3508),ueficpupkg,bug,low,philnoh2,0.95,"The bug is related to UefiCpuPkg and involves sorting an array in CpuCacheInfoLib, which matches the expertise of philnoh2 as shown by previous similar assignments.",,False
qwen2.5:14b,A,10119,Edk2/NetworkPkg/HttpBoot: Adding HTTP boot IO timeout programmability from PcdHttpIoTimeout (Bugzilla Bug 3507),networkpkg,bug,medium,SaloniKasbekar,0.9,"The bug involves adding programmability to an existing component in NetworkPkg, matching the pattern of replacing hardcoded values with #define constants.",,False
qwen2.5:14b,A,8913,UefiCpuPkg ResetVector Tool Support for Python 3 (Bugzilla Bug 3506),ueficpupkg,bug,low,philnoh2,0.95,The bug is related to UefiCpuPkg ResetVector Tool which matches the expertise of philnoh2 as indicated by previous bugs in this package.,,False
qwen2.5:14b,A,8912,Use of kernel/initrd/append option doesn't load VM (Bugzilla Bug 3504),ovmfpkg,bug,medium,AndreasBBS,0.95,"The bug involves QEMU_EFI and loading protocol drivers, matching AndreasBBS's historical pattern for handling such issues.",,False
qwen2.5:14b,A,8911,Empty TPM Platform Auth (Bugzilla Bug 3499),-,bug,high,Vogtinator,0.95,TPM Platform Auth issue matches Vogtinator's expertise with TCG2/TPM2 on RISC-V.,,False
qwen2.5:14b,A,8908,HTTPS Additional Event Notifications (Bugzilla Bug 3496),networkpkg,bug,low,SaloniKasbekar,0.9,The bug is related to NetworkPkg and involves replacing hardcoded values with existing constants.,,False
qwen2.5:14b,A,10115,GetNextDevicePathInstance does not work correctly when Size parameter is NULL (Bugzilla Bug 3495),basetools,bug,low,AshrafAliS,0.95,The bug is related to BaseTools and involves a specific function issue.,,False
qwen2.5:14b,A,8907,"""PCI Express Gen 4"" SlotID display information support is not added in ShellPkg (Bugzilla Bug 3493)",shellpkg,bug,low,NingFengGit,0.95,"The bug is related to ShellPkg and involves adding support for PCI Express Gen 4 SlotID display information, matching NingFengGit's previous work on similar ShellPkg enhancements.",,False
qwen2.5:14b,A,8906,UefiCpuPkg: SecCoreNative without ResetVector (Bugzilla Bug 3492),ueficpupkg,bug,low,philnoh2,0.95,"The bug is related to UefiCpuPkg and specifically mentions a ResetVector issue, matching the known expertise of philnoh2 in handling such issues within UefiCpuPkg.",,False
qwen2.5:14b,A,8904,SMM memory management: Inspect memory guarded with pool headers (Bugzilla Bug 3488),mdemodulepkg,bug,low,os-d,0.95,"The bug is related to SMM memory management and pool headers in MdeModulePkg, which aligns with os-d's expertise on OVMF build issues and memory protection features.",,False
qwen2.5:14b,A,8903,Measured boot configurations will still compute hashes for TPM PCRs which are inactive. (Bugzilla Bug 3487),securitypkg,bug,medium,HunterChang030,0.9,"The bug is related to SecurityPkg and involves TPM PCRs, matching HunterChang030's historical pattern of handling issues in OpalPassword and other security-related components.",,False
qwen2.5:14b,A,8902,IntelFsp2Pkg: BaseCacheLib EfiProgramMtrr MtrrNumber Should be UINT32 (Bugzilla Bug 3485),intelfsp2pkg,bug,low,praravin,0.95,"The bug is specific to IntelFsp2Pkg and relates to a data type issue in BaseCacheLib, matching the pattern of praravin's previous work on similar issues within this package.",,False
qwen2.5:14b,A,8901,RamDiskDxe crashes if ramdisks are registered via notify event (Bugzilla Bug 3483),mdemodulepkg,bug,low,lgao4,0.85,"The bug is related to RamDiskDxe in MdeModulePkg and no exact match found, but lgao4 has handled similar issues before.",,False
qwen2.5:14b,A,8898,What is the purpose of 123.hp.com? (Bugzilla Bug 3480),armplatformpkg,bug,low,lgao4,0.75,"The bug does not fit any specific package or sub-component pattern and lacks technical details, suggesting a general inquiry or documentation issue.",,False
qwen2.5:14b,A,8896,IntelFsp2Pkg: PatchFv parseInfFile function modification (Bugzilla Bug 3476),intelfsp2pkg,bug,medium,praravin,1.0,"The bug is related to IntelFsp2Pkg and specifically mentions a function modification, matching the historical pattern of praravin who handles similar issues in this package.",,False
qwen2.5:14b,A,8895,edk2 does not ignore PMBR protective record BootIndicator as required by UEFI spec (Bugzilla Bug 3474),mdemodulepkg,bug,low,YangGangUEFI,0.95,The bug is related to MdeModulePkg and concerns a specific UEFI specification requirement.,,False
qwen2.5:14b,A,10114,"UEFI: Drops offer from server and errors out ""BootFile does not exist"" (Bugzilla Bug 3471)",networkpkg,bug,low,SaloniKasbekar,0.9,The bug involves a network issue and matches the pattern of replacing hardcoded values with existing constants in NetworkPkg.,,False
qwen2.5:14b,A,8891,"Build tools cannot parse #if FixedPcdGetBool , used in header file of Structure PCD (Bugzilla Bug 3465)",basetools,bug,low,AshrafAliS,0.95,"The bug is related to build tools parsing issues in header files, matching historical patterns of AshrafAliS handling BaseTools-related bugs.",,False
qwen2.5:14b,A,8890,TPM must go to Idle state on CRB command completion. (Bugzilla Bug 3463),securitypkg,bug,low,HunterChang030,0.9,"The bug is related to TPM and SecurityPKG, matching HunterChang030's historical pattern for handling TPM-related issues in the SecurityPKG.",,False
qwen2.5:14b,A,8889,Conditionally clear SMM exception shadow stack token busy bit. (Bugzilla Bug 3462),ueficpupkg,bug,medium,philnoh2,0.95,The bug is related to UEFI CPU package and specifically deals with SMM exception handling.,,False
qwen2.5:14b,A,10111,Secure Boot: Signed image SHA-256 hashes are not always checked against dbx (Bugzilla Bug 3461),securitypkg,bug,low,HunterChang030,0.9,"The bug is related to Secure Boot and SHA-256 hashes in SecurityPkg, matching HunterChang030's historical pattern of handling DeviceList issues in OpalPassword.",,False
qwen2.5:14b,A,8888,[BaseTools] GenFw: Unsupported ELF R_RISCV_PCREL_LO12_S relocations 0x19 (Bugzilla Bug 3459),basetools,bug,medium,AshrafAliS,0.95,The bug is related to BaseTools and specifically mentions ELF relocations which aligns with previous high priority issues handled by AshrafAliS.,,False
qwen2.5:14b,A,8886,RSA PSS API had better enforce SaltSize to be same as DigestSize (Bugzilla Bug 3455),cryptopkg,bug,low,liyi77,0.95,The bug is related to RSA PSS API in Cryptopkg and requires updating OpenSSL for security reasons.,,False
qwen2.5:14b,A,8885,Spellcheck plugin finds fewer files when run on Linux (Bugzilla Bug 3454),-,bug,low,AshrafAliS,0.95,The bug is related to BaseTools and matches the pattern of previous BaseTools issues handled by AshrafAliS.,,False
qwen2.5:14b,A,10109,ipxe Boot throws exception when accessing SNP Interfaces (Bugzilla Bug 3453),networkpkg,bug,high,SaloniKasbekar,0.9,"The bug involves accessing SNP Interfaces and is categorized under the NetworkPkg package, matching SaloniKasbekar's pattern of handling issues related to replacing hardcoded values with existing constants in this package.",,False
qwen2.5:14b,A,8884,VariablePolicy needs to replace VariableLock. (Bugzilla Bug 3449),mdemodulepkg,bug,low,vit9696,0.85,VariablePolicy and VariableLock are related to variable management policies in DXE core.,,False
qwen2.5:14b,A,8881,Update node to at least 12 to support cspell (Bugzilla Bug 3445),-,bug,low,AshrafAliS,0.95,"The bug is related to BaseTools and updating node version, which matches historical pattern of AshrafAliS handling such issues.",,False
qwen2.5:14b,A,8880,spell check plugin for CI has incorrect file include patterns for invocation when a previous package modifies the standard list. (Bugzilla Bug 3443),-,bug,low,AshrafAliS,0.95,The bug involves CI plugin patterns and matches historical BaseTools FMMT issues handled by AshrafAliS.,,False
qwen2.5:14b,A,10107,The value of TPM_RC_BAD_TAG is wrong (Bugzilla Bug 3442),mdepkg,bug,low,Vogtinator,0.95,TPM related issues typically fall under TCG2/TPM2 support which Vogtinator has handled before.,,False
qwen2.5:14b,A,8879,Device path has wrong FV path if the boot manager menu is from different FV (Bugzilla Bug 3441),mdemodulepkg,bug,low,YangGangUEFI,0.95,"The bug is related to the boot manager menu and device path in MdeModulePkg, which matches previous assignments to YangGangUEFI for similar issues.",,False
qwen2.5:14b,A,8878,Add MM Configuration PPI definition to MdePkg (Bugzilla Bug 3440),mdepkg,bug,low,os-d,0.95,The bug is related to MdePkg and involves a PPI definition which aligns with os-d's expertise in handling MdePkg issues.,,False
qwen2.5:14b,A,10106,"only 2GB RAM reported I have this problem too. ESC key shows 8GB, Memmap in efi shell shows 2gb. Osx says 8gb. Ubuntu says 2gb (macbookpro10,1) uefipayload.. do u need the hw_probe info? (Bugzilla Bug 3439)",uefipayloadpkg,bug,low,os-d,0.95,"The bug is related to memory reporting issues in OVMF builds, which falls under the responsibility of handling memory management and protection features.",,False
qwen2.5:14b,A,8877,Everything know How to reset support for Epson printer support ? (Bugzilla Bug 3438),-,bug,low,lgao4,0.75,"The bug does not specify a package or component and seems to be related to printer support, which is not listed in the common patterns but lgao4 has handled similar low priority issues before.",,False
qwen2.5:14b,A,8876,To Know About why Windows 10 Require an HP Support Assistant? (Bugzilla Bug 3437),-,bug,low,lgao4,0.75,The bug is not related to any specific package or component mentioned in the historical patterns and seems more like a general inquiry which lgao4 has handled before.,,False
qwen2.5:14b,A,8875,Get a solution if the user needs PayPal to cash app transfer (Bugzilla Bug 3436),-,bug,low,lgao4,0.2,The bug does not fit any specific package or component mentioned in the historical patterns.,,False
qwen2.5:14b,A,8874,How do I talk to a cash app representative with no troublesome conditions? (Bugzilla Bug 3435),-,bug,low,lgao4,0.2,"The bug description does not match any specific package or component, and lgao4 has handled miscellaneous issues before.",,False
qwen2.5:14b,A,8871,BaseTools toolsetup.bat incorrectly checks for Split.exe to be build in C (Bugzilla Bug 3432),basetools,bug,medium,AshrafAliS,0.95,The bug is related to BaseTools and involves a specific script issue.,,False
qwen2.5:14b,A,8867,Build failure with GCC11 (Bugzilla Bug 3427),basetools,bug,low,AshrafAliS,0.95,Historical pattern shows AshrafAliS handles BaseTools issues related to build failures with compilers.,,False
qwen2.5:14b,A,10104,UefiCpuPkg/CpuCommonFeaturesLib: Processor location information check needs to updated when Core 0 is disabled (Bugzilla Bug 3424),ueficpupkg,bug,low,philnoh2,0.95,"The bug is related to UefiCpuPkg and specifically deals with processor location information checks, matching the historical pattern of philnoh2 who handles similar issues in this package.",,False
qwen2.5:14b,A,8865,Enable BaseCryptLib in Smm (Bugzilla Bug 3423),cryptopkg,bug,medium,ardbiesheuvel,0.95,"The bug is related to enabling BaseCryptLib in Smm within the CryptPkg, which matches historical patterns of CLANG compiler build errors.",,False
qwen2.5:14b,A,10103,UnitTestAssertNotEfiError fails with CONST pointers (Bugzilla Bug 3422),unittestframeworkpkg,bug,medium,lgao4,0.85,The bug is related to the UnitTestFrameworkPkg and involves a specific issue with CONST pointers in the UnitTestAssertNotEfiError function.,,False
qwen2.5:14b,A,8864,BdsDxe produces DEPRECATED INTERFACE messages. (Bugzilla Bug 3421),mdemodulepkg,bug,medium,YangGangUEFI,0.95,The bug is related to BdsDxe in MdeModulePkg and historical patterns show YangGangUEFI handles such issues.,,False
qwen2.5:14b,A,10101,error: RPC failed; curl 56 GnuTLS recv error (-9): Error decoding the received TLS packet. fatal: the remote end hung up unexpectedly fatal: early EOF fatal: index-pack failed (Bugzilla Bug 3419),uefipayloadpkg,bug,low,AshrafAliS,0.95,The bug is related to BaseTools and involves handling unexpected cases in FMMT.,,False
qwen2.5:14b,A,8863,Having problem when xHCI create Setup Stage TRB (Bugzilla Bug 3418),mdemodulepkg,bug,low,YangGangUEFI,0.85,"The bug is related to MdeModulePkg and involves a specific component (xHCI), matching historical patterns for this assignee.",,False
qwen2.5:14b,A,8860,ArmPkg: Fix maximum number of interrupts in GICv3 (Bugzilla Bug 3415),armpkg,bug,medium,YangGangUEFI,0.85,Historical pattern shows YangGangUEFI handles ArmPkg bugs.,,False
qwen2.5:14b,A,8859,Parameters passed to IsLanguageSupported () function inside LookupUnicodeString2() Needs to be interchanged. (Bugzilla Bug 3414),mdepkg,bug,low,YangGangUEFI,0.95,"The bug is related to MdePkg and involves a function parameter issue in LookupUnicodeString2(), which matches previous assignments to YangGangUEFI for similar issues within the same package.",,False
qwen2.5:14b,A,8857,overly noisy deprecation warning in varlock / varpol compat code (Bugzilla Bug 3410),mdemodulepkg,bug,low,YangGangUEFI,0.95,"The bug is related to MdeModulePkg and involves deprecation warnings in compatibility code, matching previous assignments to YangGangUEFI for similar issues.",,False
qwen2.5:14b,A,10100,build.py: post-prebuild environment capturing breaks with multi-line variables (Bugzilla Bug 3409),basetools,bug,medium,AshrafAliS,0.95,"The bug is related to BaseTools and involves a specific issue with build.py, matching AshrafAliS's historical pattern of handling BaseTools issues.",,False
qwen2.5:14b,A,8856,SupportedAttributes value in OpalGetSupportedAttributesInfo () is left undetermined and cause Descriptor.RemovalMechanism != 0 assertion (Bugzilla Bug 3408),securitypkg,bug,low,HunterChang030,1.0,The bug is related to OpalGetSupportedAttributesInfo in SecurityPkg which matches HunterChang030's previous assignment for a similar issue with OpalPassword.,,False
qwen2.5:14b,A,10099,[StandaloneMmCore] StandaloneMmCore should not depend on uefi protocolsm & EfiSystemTable should not be used in the StandaloneMmCore (Bugzilla Bug 3407),standalonemmpkg,bug,high,AshrafAliS,0.95,"The bug is related to BaseTools and specifically mentions a previous easier bug report, matching AshrafAliS's historical pattern of handling such issues.",,False
qwen2.5:14b,A,10098,Basetools need check [Depex] section for MM_STANDALONE module type during build (Bugzilla Bug 3406),basetools,bug,medium,AshrafAliS,0.95,The bug is related to BaseTools and involves build process checks for specific module types.,,False
qwen2.5:14b,A,8855,AsmReadSs() for the GCC toolchain returns DS instead of SS (Bugzilla Bug 3405),mdepkg,bug,low,os-d,0.95,"The bug is related to MdePkg and AsmReadSs() function behavior with GCC toolchain, matching os-d's expertise in handling such low-level issues.",,False
qwen2.5:14b,A,10097,Add -ffat-lto-objects option in GCC5 tool chain (Bugzilla Bug 3403),basetools,bug,medium,AshrafAliS,0.95,"The bug is related to BaseTools and involves modifying the GCC toolchain, which matches AshrafAliS's historical pattern of handling BaseTools issues.",,False
qwen2.5:14b,A,10096,it will take too long time(about 40s) to save IIO Configuration SETUP value on EGS CRB board. (Bugzilla Bug 3402),mdemodulepkg,bug,low,EricGao2015,0.8,The bug is related to saving configuration values in a setup form which matches previous assignments to EricGao2015 for similar issues.,,False
qwen2.5:14b,A,10095,Shell screen will show a redundant symbol after using Hexedit command under command line. (Bugzilla Bug 3401),shellpkg,bug,low,YangGangUEFI,0.95,The bug is related to the Shell package and involves a UI issue with Hexedit command.,,False
qwen2.5:14b,A,10094,EFI_MM_COMMUNICATE_HEADER has architecture dependent sized field (Bugzilla Bug 3398),mdepkg,bug,medium,os-d,0.95,"The bug is related to MdePkg and involves architecture-dependent sizing issues, which aligns with os-d's expertise in handling such memory protection and consistency bugs.",,False
qwen2.5:14b,A,8852,MmControl.h in MdePkg has inconsistent names between prototype and usages (Bugzilla Bug 3397),mdepkg,bug,medium,os-d,0.95,"The bug is related to MdePkg and involves inconsistencies in header files, which aligns with os-d's expertise in handling such issues within the core package.",,False
qwen2.5:14b,A,8851,Add Config Editor tool support for YAML configuration editing (Bugzilla Bug 3396),intelfsp2pkg,bug,low,AshrafAliS,0.95,The bug is related to IntelFsp2Pkg and involves adding support for YAML configuration editing in the Config Editor tool.,,False
qwen2.5:14b,A,8850,Bug fix for existing Yaml script for BSF to YAML conversion and array size check issue (Bugzilla Bug 3395),intelfsp2pkg,bug,low,AshrafAliS,0.95,"The bug is related to BaseTools and FMMT, matching AshrafAliS's historical pattern of handling BaseTools issues.",,False
qwen2.5:14b,A,10092,Null pointers referenced in SecureBoot LoadSignattureData() and LoadSignatureList() (Bugzilla Bug 3392),securitypkg,bug,low,HunterChang030,0.9,"The bug is related to SecureBoot and null pointer issues in SecurityPkg, matching HunterChang030's historical pattern of handling DeviceList and security-related bugs.",,False
qwen2.5:14b,A,8848,build.py does not return failed status code when DSC POSTBUILD returns failed status code (Bugzilla Bug 3391),basetools,bug,medium,AshrafAliS,0.95,"The bug is related to BaseTools and build.py behavior, matching AshrafAliS's historical pattern of handling BaseTools issues.",,False
qwen2.5:14b,A,10091,Support of bit fields in IFR using GUIDed OpCode (Bugzilla Bug 3389),mdemodulepkg,bug,low,YangGangUEFI,0.95,The bug is related to MdeModulePkg and involves IFR GUIDed OpCode which matches previous assignments to YangGangUEFI.,,False
qwen2.5:14b,A,10090,About the efficiency of Shell command (Bugzilla Bug 3388),shellpkg,bug,low,YangGangUEFI,0.85,The bug is related to Shell command efficiency in ShellPkg and matches historical patterns for general shell issues.,,False
qwen2.5:14b,A,8847,SmmEntryPoint underflow allowing potential SMM privilege escalation (Bugzilla Bug 3387),mdemodulepkg,bug,low,HunterChang030,0.9,The bug involves potential SMM privilege escalation in SecurityPkg which matches HunterChang030's historical pattern of handling security-related bugs.,,False
qwen2.5:14b,A,10089,CryptoPkg: Resource leaks in RsaSetKey() (Bugzilla Bug 3386),cryptopkg,bug,low,mdkinney,0.95,The bug is related to resource leaks in CryptoPkg which matches the pattern of encountering build errors with the CLANG compiler previously assigned to mdkinney.,,False
qwen2.5:14b,A,8846,UefiCpuPkg MpLib.c: 'type cast' : conversion from 'int' to 'SEV_ES_AP_JMP_FAR *' of greater size (Bugzilla Bug 3385),ueficpupkg,bug,low,philnoh2,0.95,"The bug is related to UefiCpuPkg MpLib.c and involves a type cast issue, matching the historical pattern of philnoh2 handling issues related to AP reset vector buffer and similar CPU-related bugs.",,False
qwen2.5:14b,A,8845,"Remove UefiBootManagerLib's assumption ""BootManagerMenuFile is in the same FV as the module links to this library"" (Bugzilla Bug 3384)",mdemodulepkg,bug,low,YangGangUEFI,0.85,The bug is related to UefiBootManagerLib in MdeModulePkg and matches historical patterns for this package.,,False
qwen2.5:14b,A,10088,Incorrect Makefile generation for Windows and C files (Bugzilla Bug 3382),-,bug,low,AshrafAliS,0.95,The bug is related to BaseTools and Makefile generation issues.,,False
qwen2.5:14b,A,10087,"BaseTool: Under X64 arch, the structure PCD value is incorrect if its associate c struct has UINTN type attribute or pointer type attribute (Bugzilla Bug 3379)",basetools,bug,low,AshrafAliS,0.95,The bug is related to BaseTools and involves a specific architectural issue under X64 arch.,,False
qwen2.5:14b,A,10085,Keyboard does not work in VM-UEFI Boot Environment (Bugzilla Bug 3376),-,bug,low,Damien-Chen,0.75,"The bug is related to keyboard functionality in a VM-UEFI environment, which aligns with previous issues handled by Damien-Chen.",,False
qwen2.5:14b,A,10084,MdeModulePkg: Uninitialized pointer may be accessed when PEI Dispatcher evacuates content of temporary RAM (Bugzilla Bug 3374),mdemodulepkg,bug,low,YangGangUEFI,0.85,"The bug is related to MdeModulePkg and involves uninitialized pointer access in PEI Dispatcher, which matches historical patterns for this package without a more specific sub-component match.",,False
qwen2.5:14b,A,8841,Missing comma in initialization of mExceptionNameStr[] (Bugzilla Bug 3373),ueficpupkg,bug,low,lgao4,0.95,"The bug is related to UefiCpuPkg and involves a missing comma in an array initialization, which matches historical patterns of lgao4 handling similar issues.",,False
qwen2.5:14b,A,8839,No tarball in 202102 release (Bugzilla Bug 3371),-,bug,low,AshrafAliS,0.95,The bug is related to BaseTools and historical pattern matches AshrafAliS for handling BaseTools issues.,,False
qwen2.5:14b,A,8838,No root-level directory in release archive (Bugzilla Bug 3370),-,bug,low,AshrafAliS,0.95,The bug is related to BaseTools and historical patterns indicate AshrafAliS handles such issues.,,False
qwen2.5:14b,A,10083,Do we still need the extra CoreConnectController() calls by StartImage for EFI 1.02 compatibility? (Bugzilla Bug 3369),mdemodulepkg,bug,medium,YangGangUEFI,0.85,"The bug is related to MdeModulePkg and EFI compatibility issues, which YangGangUEFI has handled before.",,False
qwen2.5:14b,A,10082,Pkcs7Sign.py should ignore alignment for generating sign buffer (Bugzilla Bug 3364),basetools,bug,low,AshrafAliS,0.95,"The bug is related to BaseTools and involves a Python script, matching historical patterns for AshrafAliS.",,False
qwen2.5:14b,A,8836,edk2 202102 fail to build (Illegal instruction) (Bugzilla Bug 3363),ovmfpkg,bug,low,os-d,0.95,The bug is related to OvmfPkg build failure and likely involves memory or page table issues.,,False
qwen2.5:14b,A,10081,Changes required  for  STR_SMBIOSVIEW_PRINTINFO_BITS_48_64 to be  STR_SMBIOSVIEW_PRINTINFO_BITS_48_63 in smbiosviewstrings.uni (Bugzilla Bug 3362),shellpkg,bug,low,praveensankarn,0.95,The bug is related to SMBIOS view strings in ShellPkg and matches the historical pattern of ARMV9 support updates.,,False
qwen2.5:14b,A,8835,"Support Target, ToolChain, or Architecture declared in DSC [BuildOptions] sections (Bugzilla Bug 3359)",basetools,bug,medium,AshrafAliS,0.95,"The bug is related to BaseTools and involves build options in DSC files, matching AshrafAliS's historical pattern of handling such issues.",,False
qwen2.5:14b,A,8834,CLANGPDB build fails in StandaloneMmCoreEntryPoint module (Bugzilla Bug 3358),standalonemmpkg,bug,medium,deeglaze,0.95,The bug is related to CLANGPDB build failure which matches historical pattern of deeglaze handling such issues.,,False
qwen2.5:14b,A,10080,The edksetup.sh should create a Conf folder if it doesn't exist (Bugzilla Bug 3357),-,bug,medium,AshrafAliS,0.95,The bug is related to edksetup.sh script in BaseTools component which matches historical pattern of AshrafAliS handling such issues.,,False
qwen2.5:14b,A,8833,NetworkPkg/IScsiDxe: remotely exploitable buffer overflows (Bugzilla Bug 3356),networkpkg,bug,low,SaloniKasbekar,0.9,The bug involves buffer overflows in NetworkPkg/IScsiDxe and matches the pattern of replacing hardcoded values with existing constants.,,False
qwen2.5:14b,A,8831,clean up TPM_ENABLE remnants in OvmfPkg/Bhyve (Bugzilla Bug 3354),ovmfpkg,bug,low,Vogtinator,0.85,The bug is related to TPM_ENABLE remnants in OvmfPkg/Bhyve and Vogtinator has previously handled similar TPM2/TCG2 issues on RISC-V.,,False
qwen2.5:14b,A,8830,BaseTools generated makefile tool definitions should be sorted (Bugzilla Bug 3353),basetools,bug,low,AshrafAliS,0.95,"The bug is related to BaseTools and involves makefile tool definitions sorting, which matches historical patterns of AshrafAliS handling BaseTools issues.",,False
qwen2.5:14b,A,8829,LcdHwNullLib returns an inconvenient value for LcdIdentify() (Bugzilla Bug 3351),armplatformpkg,bug,low,YangGangUEFI,0.85,"The bug is related to an ARM platform package and involves a specific library function, matching historical patterns for UI or form-related issues assigned to YangGangUEFI.",,False
qwen2.5:14b,A,8828,About the URL of BoringSSL in CryptoPkg. (Bugzilla Bug 3350),cryptopkg,bug,low,liyi77,0.95,The bug is related to BoringSSL in CryptoPkg and requires an update or URL change for security purposes.,,False
qwen2.5:14b,A,8827,Add the ArmPlatformPkg to the azurepipeline (Bugzilla Bug 3349),armplatformpkg,bug,medium,AshrafAliS,0.95,The bug is related to adding ArmPlatformPkg to azurepipeline which aligns with build or CI code issues handled by AshrafAliS.,,False
qwen2.5:14b,A,8826,Add the ArmPkg to the azurepipeline (Bugzilla Bug 3348),armpkg,bug,medium,AshrafAliS,0.95,The bug is related to adding ArmPkg to azurepipeline which aligns with previous work on pipeline configurations and handling.,,False
qwen2.5:14b,A,8824,Brotli compress failure due to file corruption (Bugzilla Bug 3346),basetools,bug,high,AshrafAliS,0.95,Historical pattern shows AshrafAliS handles BaseTools related issues.,,False
qwen2.5:14b,A,8823,SEV-ES guest does not work with a TPM enabled OVMF package (Bugzilla Bug 3345),ovmfpkg,bug,medium,jxu023,0.9,"The bug involves SEV-ES and TPM in OVMF package, matching jxu023's expertise with SEV-ES issues.",,False
qwen2.5:14b,A,8822,Verify that TAB_TOD_DEFINES_FAMILY key is present in ToolDef dictionary before access (Bugzilla Bug 3344),basetools,bug,low,AshrafAliS,0.95,"The bug is related to BaseTools and involves handling of dictionary keys, matching historical pattern for AshrafAliS.",,False
qwen2.5:14b,A,8821,FmpDeviceLib interface for Driver Unload is missing. (Bugzilla Bug 3342),fmpdevicepkg,bug,low,AshrafAliS,0.95,The bug is related to FmpDeviceLib which does not match any specific historical pattern but the assignee AshrafAliS has handled BaseTools issues previously.,,False
qwen2.5:14b,A,8820,LLVM default installation path is not correctly set in windows (Bugzilla Bug 3341),basetools,bug,medium,AshrafAliS,0.95,The bug is related to BaseTools and involves a configuration issue on Windows.,,False
qwen2.5:14b,A,10077,Designware MMC driver support (Bugzilla Bug 3340),embeddedpkg,bug,medium,AshrafAliS,0.95,The bug is related to an embedded package and does not match any specific historical patterns for other assignees.,,False
qwen2.5:14b,A,8817,Remove redundant MAKE_PATH and MAKE_FLAGS statements in tools_def.template (Bugzilla Bug 3337),basetools,bug,low,AshrafAliS,0.95,The bug is related to BaseTools and matches the pattern of previous BaseTools issues handled by AshrafAliS.,,False
qwen2.5:14b,A,8814,Remove microcode related PCDs in IntelFsp2WrapperPkg (Bugzilla Bug 3334),intelfsp2wrapperpkg,bug,low,Vogtinator,0.85,IntelFsp2WrapperPkg is related to Intel FSP functionality and Vogtinator has handled similar issues in the past.,,False
qwen2.5:14b,A,8813,using sizeof twice (Bugzilla Bug 3333),securitypkg,bug,medium,HunterChang030,0.9,"The bug is related to SecurityPkg and involves a specific issue with 'sizeof' usage, matching HunterChang030's historical pattern of handling DeviceList and similar issues in OpalPassword.",,False
qwen2.5:14b,A,10076,[BaseTools][FitGen] Modify FitGen tool to support multiple generation of ACM header (Bugzilla Bug 3332),basetools,bug,high,AshrafAliS,0.95,"The bug is related to BaseTools and specifically FitGen tool modification, which matches historical pattern of AshrafAliS handling BaseTools issues.",,False
qwen2.5:14b,A,10075,Treat memory protection attributes separately (Bugzilla Bug 3331),-,bug,low,os-d,0.95,The bug is related to memory protection attributes in DXE core which matches os-d's expertise on OVMF build and memory management issues.,,False
qwen2.5:14b,A,10074,DxeCore: No support for granular PE section permissions (Bugzilla Bug 3329),mdemodulepkg,bug,low,os-d,0.95,"The bug is related to DxeCore and PE section permissions in MdeModulePkg, which falls under memory management and protection features handled by os-d.",,False
qwen2.5:14b,A,8812,DxeCore: PE code section protection uses raw file size (Bugzilla Bug 3328),mdemodulepkg,bug,low,os-d,0.95,"The bug is related to DxeCore and PE code section protection, which falls under memory management and protection features in MdeModulePkg.",,False
qwen2.5:14b,A,10073,DxeCore: Image-based MAT splitting may emit unintended permissions (Bugzilla Bug 3327),mdemodulepkg,bug,low,os-d,0.95,The bug is related to DxeCore and MAT splitting permissions in MdeModulePkg.,,False
qwen2.5:14b,A,8811,AsmReadMsr64() for the GCC toolchain can return uninitialized value (Bugzilla Bug 3325),mdepkg,bug,medium,os-d,0.95,"The bug is related to MdePkg and involves a potential uninitialized value issue with AsmReadMsr64(), which falls under memory management and toolchain issues typically handled by os-d.",,False
qwen2.5:14b,A,8810,MpInitLib: SEV-ES stacks share page with code and other data (Bugzilla Bug 3324),ueficpupkg,bug,low,jxu023,0.9,The bug involves SEV-ES stacks in MpInitLib which matches the historical pattern of jxu023 handling SEV and SEV-ES related issues.,,False
qwen2.5:14b,A,10071,LoadFile: Insufficient data is returned (Bugzilla Bug 3323),mdepkg,bug,medium,os-d,0.95,The bug is related to MdePkg and involves a memory or data handling issue.,,False
qwen2.5:14b,A,10070,PiPeiCis: Section data returned without corresponding size (Bugzilla Bug 3321),mdepkg,bug,medium,os-d,0.95,"The bug is related to MdePkg and involves a data integrity issue in PiPeiCis, which aligns with os-d's expertise in handling memory protection and consistency issues.",,False
qwen2.5:14b,A,10069,MpInitLib/Pei: WakeupBuffer is still borrowed (Bugzilla Bug 3320),ueficpupkg,bug,low,philnoh2,0.95,The bug is related to MPInitLib/Pei in UefiCpuPkg and matches the historical pattern of bugs handled by philnoh2.,,False
qwen2.5:14b,A,10068,MpInitLib/Dxe: BackupBuffer and WakeupBufferHigh have been deprecated (Bugzilla Bug 3319),ueficpupkg,bug,medium,philnoh2,0.95,"The bug is related to MpInitLib in UefiCpuPkg and involves deprecated buffers, matching the expertise of philnoh2 who handles similar issues.",,False
qwen2.5:14b,A,10067,Inconsistency between .rdata and .rodata sections (Bugzilla Bug 3318),-,bug,medium,deeglaze,0.95,The bug is related to section inconsistencies which likely falls under linker or build tool issues.,,False
qwen2.5:14b,A,10066,"{Dxe,PiSmm,StandaloneMm}Core: Untrusted images may be left dangling in memory (Bugzilla Bug 3317)",mdemodulepkg,bug,low,os-d,0.95,"The bug is related to memory management and image handling in core modules, which aligns with os-d's expertise on OVMF build issues and memory protection features.",,False
qwen2.5:14b,A,8809,DxeCore: Unloading image pre-CpuDxe may dereference NULL (Bugzilla Bug 3315),mdemodulepkg,bug,medium,os-d,0.95,"The bug is related to DxeCore and potential NULL dereference issues, which falls under memory management and core module integrity in MdeModulePkg.",,False
qwen2.5:14b,A,8807,Fix MAKE_FLAG typos in tools_def.template for VS20xx toolchains (Bugzilla Bug 3313),basetools,bug,low,AshrafAliS,0.95,The bug is related to BaseTools and involves fixing typos in a template file for VS20xx toolchains.,,False
qwen2.5:14b,A,8806,Support MAKE_PATH in DSC [BuildOptions] and split MAKE_FLAGS in DSC [BuildOptions] (Bugzilla Bug 3312),basetools,bug,low,AshrafAliS,0.95,The bug is related to BaseTools and involves build configuration options.,,False
qwen2.5:14b,A,10065,SetupBrowserDxe does not handle two formsets using the same VarStoreID (Bugzilla Bug 3311),mdemodulepkg,bug,medium,YangGangUEFI,0.95,The bug is related to SetupBrowserDxe in MdeModulePkg and matches historical patterns of similar issues assigned to YangGangUEFI.,,False
qwen2.5:14b,A,8805,VarCheckPolicyLibMmiHandler() passes uninitialized TempSize to DumpVariablePolicy() (Bugzilla Bug 3310),mdemodulepkg,bug,low,vit9696,0.85,The bug involves an uninitialized variable in a policy handler function within MdeModulePkg.,,False
qwen2.5:14b,A,8804,Define new element in CPUID Leaf(07h) data structure (Bugzilla Bug 3309),mdepkg,bug,low,AshrafAliS,0.95,"The bug is related to MdePkg and involves defining a new element in CPUID Leaf(07h) data structure, which aligns with BaseTools FMMT handling issues previously.",,False
qwen2.5:14b,A,8803,"Remove fixed CPU architecture list assumptions from BaseTools, MdePkg, and CryptoPkg (Bugzilla Bug 3308)",basetools,bug,low,AshrafAliS,0.95,"The bug is related to BaseTools and involves removing fixed CPU architecture list assumptions, matching AshrafAliS's historical pattern of handling BaseTools issues.",,False
qwen2.5:14b,A,10064,FreePool : Exploitable if Buffer does not belong to SMRAM. SMM should always call Smst version not gBS version (Bugzilla Bug 3305),mdepkg,bug,low,os-d,0.95,"The bug is related to MdePkg and concerns memory management within SMRAM, matching os-d's expertise in handling such issues.",,False
qwen2.5:14b,A,10063,BaseTools can't be built on Windows because warnings are set to error (Bugzilla Bug 3302),basetools,bug,high,bexcran,0.95,"The bug is related to BaseTools build issues on Windows, matching previous bexcran assignments for similar BaseTools problems.",,False
qwen2.5:14b,A,8800,Create TianoCore mirror of cmocka and use it from UnitTestFrameworkPkg (Bugzilla Bug 3301),unittestframeworkpkg,bug,low,AshrafAliS,1.0,"The bug is related to UnitTestFrameworkPkg and involves creating a TianoCore mirror of cmocka, which matches the historical pattern of AshrafAliS handling BaseTools-related issues.",,False
qwen2.5:14b,A,8799,Physical Address Bits in PiSmmCpuDxeSmm updated during SetStaticPageTable routine (Bugzilla Bug 3300),ueficpupkg,bug,medium,os-d,0.95,The bug involves Physical Address Bits in PiSmmCpuDxeSmm which is related to memory management and page table handling within UEFI core components.,,False
qwen2.5:14b,A,8798,[BaseTools] GenFw: Unsupported ELF EM_RISCV64 relocations 0x13 and 0x14 (Bugzilla Bug 3299),basetools,bug,medium,yechao-w,0.95,"The bug is related to ELF EM_RISCV64 relocations in BaseTools, matching yechao-w's expertise with RISC-V issues.",,False
qwen2.5:14b,A,8797,Rename mAcpiS3Enable global in PiDxeS3BootScriptLib to avoid duplicate symbol with CLANGPDB (Bugzilla Bug 3297),mdemodulepkg,bug,low,YangGangUEFI,0.85,The bug is related to a global symbol in PiDxeS3BootScriptLib within MdeModulePkg and involves renaming it to avoid duplicate symbols with CLANGPDB.,,False
qwen2.5:14b,A,10062,EFI_ACPI_MAX_NUM_TABLES hardcoded to 20 was too small for our platform. (Bugzilla Bug 3296),mdemodulepkg,bug,low,SaloniKasbekar,0.9,The bug involves replacing a hardcoded value with an existing define constant in MdeModulePkg.,,False
qwen2.5:14b,A,8796,MdePkg: IEEE Extended Unique Identifiers (EUI64) are big endian (Bugzilla Bug 3292),mdepkg,bug,low,os-d,0.95,"The bug is related to MdePkg and involves a specific issue with EUI64 endianness, which aligns closely with os-d's expertise in handling low-level memory and data structure issues within the package.",,False
qwen2.5:14b,A,8795,VfrCompile fails when attempting to compile DriverSampleDxe (Bugzilla Bug 3289),mdemodulepkg,bug,high,YangGangUEFI,0.95,Historical pattern shows YangGangUEFI handles VfrCompile issues in MdeModulePkg.,,False
qwen2.5:14b,A,8794,Simplify CryptoPkg.dsc by using UnitTestFrameworkPkgTarget.dsc.inc (Bugzilla Bug 3288),cryptopkg,bug,low,ardbiesheuvel,0.95,The bug is related to CryptoPkg.dsc simplification and historical patterns indicate mdkinney handles CLANG compiler issues while ardbiesheuvel deals with other CryptoPkg configurations.,,False
qwen2.5:14b,A,8793,Remove duplicate declaration of EDKII_CRYPTO_RSA_GET_PUBLIC_KEY_FROM_X509 in CryptoPkg/Private/Protocol/Crypto.h (Bugzilla Bug 3287),cryptopkg,bug,low,ardbiesheuvel,0.95,"The bug is related to a duplicate declaration in CryptoPkg, which falls under build or code cleanup tasks typically handled by ardbiesheuvel for CryptoPkg.",,False
qwen2.5:14b,A,8792,Remove duplicate declaration of EFI_RESET_NOTIFICATION_PROTOCOL in MdePkg/Include/Protocol/ResetNotification.h (Bugzilla Bug 3286),mdepkg,bug,low,YangGangUEFI,0.95,"The bug is related to a header file in MdePkg and involves protocol declaration, which aligns with previous assignments for similar issues within the same package.",,False
qwen2.5:14b,A,8791,Remove duplicate declaration of   EFI_HII_POPUP_PROTOCOL in MdePkg/Include/Protocol/HiiPopup.h (Bugzilla Bug 3285),mdepkg,bug,low,YangGangUEFI,0.95,"The bug is related to a duplicate declaration in MdePkg/Include/Protocol/HiiPopup.h, which falls under the general maintenance and protocol handling of MdePkg.",,False
qwen2.5:14b,A,8790,Support Extended Control Register(XCR) read and write (Bugzilla Bug 3284),mdepkg,bug,low,os-d,0.95,"The bug is related to MdePkg and involves support for Extended Control Register (XCR) read/write, which aligns with os-d's expertise in handling low-level CPU features and memory management.",,False
qwen2.5:14b,A,8789,SMM save state code does not check the buffer width before accessing (Bugzilla Bug 3283),ueficpupkg,bug,medium,philnoh2,0.95,The bug is related to UEFI CPUPkg and specifically involves SMM save state code.,,False
qwen2.5:14b,A,10060,MdeModulePkg: AuthenticationStatus from DXE SectionExtraction handler is not processed (Bugzilla Bug 3279),mdemodulepkg,bug,medium,YangGangUEFI,0.85,The bug is related to MdeModulePkg and does not match specific patterns for other rare assignees.,,False
qwen2.5:14b,A,10059,a bug fix impacts the usage of the GCC toolchain (Bugzilla Bug 3278),basetools,bug,medium,AshrafAliS,0.95,"The bug involves BaseTools and impacts the GCC toolchain usage, matching AshrafAliS's historical pattern of handling BaseTools issues.",,False
qwen2.5:14b,A,8787,"Tcg2Smm.c - SecurityPkg\Tcg\Tcg2Smm\Tcg2Smm.c:254:7: error: variable 'Status' is used uninitialized whenever 'if' condition is false [-Werror,-Wsometimes-uninitialized] (Bugzilla Bug 3277)",securitypkg,bug,low,HunterChang030,0.9,"The bug is related to SecurityPkg and involves uninitialized variable usage, matching HunterChang030's expertise in handling such issues within the SecurityPkg package.",,False
qwen2.5:14b,A,10058,"Local Buffer allocated for Copy of data, is not freed in ShellPkg for ""CP"" command (Bugzilla Bug 3276)",shellpkg,bug,medium,YangGangUEFI,0.85,The bug is related to ShellPkg and historical patterns show YangGangUEFI handles such issues.,,False
qwen2.5:14b,A,10057,GenFw: IsDataShdr() always returns false (Bugzilla Bug 3271),basetools,bug,medium,AshrafAliS,0.95,The bug is related to BaseTools and involves a specific function issue.,,False
qwen2.5:14b,A,10056,Windows guest fails to boot into recovery mode due to commit 5267926 (Bugzilla Bug 3269),mdemodulepkg,bug,low,YangGangUEFI,0.85,The bug is related to a commit affecting recovery mode booting in MdeModulePkg.,,False
qwen2.5:14b,A,10055,SecurityPkg/Tcg2Config: PCR Bank SHA1 checkbox is still can be selected when SHA1 algorithm is disbaled (Bugzilla Bug 3268),securitypkg,bug,low,HunterChang030,0.9,"The bug is related to SecurityPkg and involves incorrect handling of the DeviceList, matching HunterChang030's previous work on similar issues in OpalPassword.",,False
qwen2.5:14b,A,8783,Collect cache associative type in CpuCacheInfoLib (Bugzilla Bug 3265),ueficpupkg,bug,low,philnoh2,0.95,"The bug is related to UEFI CPU package and involves collecting cache information, matching the pattern of previous bugs assigned to philnoh2.",,False
qwen2.5:14b,A,8782,build tool does not work with Python 3.9 (Bugzilla Bug 3263),basetools,bug,low,AshrafAliS,0.95,Historical pattern shows AshrafAliS handles BaseTools related issues.,,False
qwen2.5:14b,A,8781,"Unknown PCIe extended capability ID (70FFh/FFFFh).  No interpretation available."" error message in output of pci -i command in EFI Shell (Bugzilla Bug 3262)",shellpkg,bug,medium,NingFengGit,0.95,"The bug is related to the ShellPkg package and involves an error message in the EFI Shell command output, which aligns with previous assignments for similar issues within this package.",,False
qwen2.5:14b,A,8780,Lost dependency section when create FFS with guid section or FV section. (Bugzilla Bug 3261),basetools,bug,medium,AshrafAliS,0.95,The bug is related to BaseTools and involves FFS creation issues.,,False
qwen2.5:14b,A,10053,System hang caused by MNP driver when MNP driver failed to uninstall Managed Network Protocol (Bugzilla Bug 3260),mdemodulepkg,bug,high,SaloniKasbekar,0.9,"The bug involves a Managed Network Protocol driver issue within MdeModulePkg, matching SaloniKasbekar's pattern of handling network protocol related bugs in MdeModulePkg.",,False
qwen2.5:14b,A,8779,ArmPkg should declare library classes it defines in the DEC file and build all instances (Bugzilla Bug 3258),armpkg,bug,medium,YangGangUEFI,0.85,"The bug is related to ArmPkg and its library classes declaration, which falls under the general maintenance and enhancement of package components.",,False
qwen2.5:14b,A,8778,GenFw embeds full DLL pathname in RELEASE binaries (Bugzilla Bug 3256),basetools,bug,low,AshrafAliS,0.95,The bug is related to BaseTools and involves handling of DLL pathnames in RELEASE binaries.,,False
qwen2.5:14b,A,8777,ArmMmuStandaloneMmLib.inf and ArmMmuBaseLib.inf have same File Guid (Bugzilla Bug 3255),armpkg,bug,medium,YangGangUEFI,0.85,"The bug is related to ArmMmuStandaloneMmLib and ArmMmuBaseLib in ArmPkg, which falls under the general category of UEFI module/library issues typically handled by YangGangUEFI.",,False
qwen2.5:14b,A,8776,ArmPkg Dec file doesn't correctly declare LibraryClasses header files (Bugzilla Bug 3254),armpkg,bug,medium,YangGangUEFI,0.95,"The bug is related to ArmPkg Dec file and header files declaration, which falls under the general maintenance and declaration issues typically handled by YangGangUEFI.",,False
qwen2.5:14b,A,10051,LocateHandleBuffer fail if number of Handle varies (Bugzilla Bug 3247),mdemodulepkg,bug,medium,lgao4,0.95,The bug is related to MdeModulePkg and specifically involves LocateHandleBuffer functionality which matches previous assignments to lgao4.,,False
qwen2.5:14b,A,10050,UefiCpuPkg/MpInitLib should avoid printing debug messages in MicrocodeDetect() (Bugzilla Bug 3245),ueficpupkg,bug,medium,philnoh2,0.95,"The bug is related to UefiCpuPkg/MpInitLib and involves debug message handling in MicrocodeDetect(), matching the pattern of bugs handled by philnoh2 for UefiCpuPkg issues.",,False
qwen2.5:14b,A,10049,Pkcs7GetSigners() misuse (Bugzilla Bug 3243),cryptopkg,bug,low,mdkinney,0.95,"The bug is related to misuse of Pkcs7GetSigners() in Cryptopkg, which matches the pattern of encountering build errors with the CLANG compiler previously handled by mdkinney.",,False
qwen2.5:14b,A,10048,Reading the RTC time and date registers is not safe with respect to SMI (Bugzilla Bug 3241),pcatchipsetpkg,bug,medium,Vogtinator,0.95,The bug is related to TCG2/TPM2 support on RISC-V which Vogtinator has previously handled.,,False
qwen2.5:14b,A,10047,Support standalone MM Driver Unload capbility in StandaloneMmDriverEntryPoint lib (Bugzilla Bug 3240),mdepkg,bug,medium,os-d,0.95,The bug is related to MdePkg and involves driver unload capability which aligns with os-d's expertise in handling such issues.,,False
qwen2.5:14b,A,8773,"build command ""modules"" option doesn't work (Bugzilla Bug 3238)",basetools,bug,low,AshrafAliS,0.95,The bug is related to BaseTools and involves a build command issue.,,False
qwen2.5:14b,A,8772,SMM stack offset is not correct under multi processor (Bugzilla Bug 3237),ueficpupkg,bug,low,philnoh2,0.95,The bug is related to multi processor and SMM stack offset in UefiCpuPkg.,,False
qwen2.5:14b,A,8771,Wrong GICR_IPRIORITYR address used in ArmGicSetInterruptPriority (Bugzilla Bug 3236),armpkg,bug,medium,YangGangUEFI,0.85,The bug is related to ArmPkg and involves a specific function in the interrupt handling component.,,False
qwen2.5:14b,A,8770,StandaloneMmPkg StandaloneMmDriverEntryPoint.h Duplicates MdePkg File (Bugzilla Bug 3235),standalonemmpkg,bug,low,YangGangUEFI,0.85,The bug is related to a file duplication issue in StandaloneMmPkg which aligns with previous UI/UX or form-related issues handled by YangGao2015.,,False
qwen2.5:14b,A,8769,"Need to disable the ""map"" print when entering to EFI shell (Bugzilla Bug 3234)",shellpkg,bug,low,YangGangUEFI,0.95,The bug is related to EFI shell behavior and matches historical patterns for YangGangUEFI.,,False
qwen2.5:14b,A,10046,CpuDxe may allocate above 4GB memory for GDT (Bugzilla Bug 3233),ueficpupkg,bug,medium,philnoh2,0.95,The bug is related to CpuDxe in UefiCpuPkg and matches the historical pattern of bugs handled by philnoh2.,,False
qwen2.5:14b,A,10045,Possible exception in FileHandleWrappers.c using Redirection with HeapGuard active (Bugzilla Bug 3232),shellpkg,bug,low,NingFengGit,0.85,The bug is related to ShellPkg and involves a file handling issue which aligns with NingFengGit's previous work on similar issues in ShellPkg.,,False
qwen2.5:14b,A,8765,"""maybe-uninitialized"" warnings emitted by gcc-5.5.0 (Bugzilla Bug 3228)",shellpkg,bug,low,BritChesley,0.85,"The bug is related to a warning emitted by gcc in the ShellPkg, which likely falls under code quality or static analysis issues.",,False
qwen2.5:14b,A,10043,DxeMpLib requires executable reserved memory on multicore CPUs (Bugzilla Bug 3222),mdemodulepkg,bug,low,philnoh2,0.95,"The bug is related to DxeMpLib and multicore CPUs, matching the pattern of a previous BSP/AP issue.",,False
qwen2.5:14b,A,10042,PcdDxeNxMemoryProtectionPolicy makes PageTable writable (Bugzilla Bug 3221),mdemodulepkg,bug,low,os-d,0.95,"The bug is related to memory protection policy and page table consistency within DXE core, matching os-d's expertise in MdeModulePkg memory issues.",,False
qwen2.5:14b,A,10041,Add platform CI support for Kvmtool (Bugzilla Bug 3216),armvirtpkg,bug,low,AshrafAliS,0.95,"The bug is related to adding CI support for a platform, which aligns with AshrafAliS's historical pattern of handling such issues.",,False
qwen2.5:14b,A,8760,SMBIOS 3.4.0 support (Bugzilla Bug 3215),shellpkg,bug,low,NingFengGit,0.95,The bug is related to SMBIOS support in ShellPkg and matches the pattern of previous SMBIOS-related bugs assigned to NingFengGit.,,False
qwen2.5:14b,A,8759,Incorrect dependencies on Tcg2PhysicalPresenceLib (Bugzilla Bug 3214),securitypkg,bug,low,HunterChang030,0.9,"The bug is related to SecurityPkg and specifically mentions Tcg2PhysicalPresenceLib, which HunterChang030 has previously handled.",,False
qwen2.5:14b,A,10040,MemoryFence() should have a compiler fence for VC++ (Bugzilla Bug 3213),mdepkg,bug,low,os-d,0.95,"The bug is related to MdePkg and involves a compiler fence for VC++, which aligns with os-d's expertise in handling memory management and protection features.",,False
qwen2.5:14b,A,8758,Mismatch in Ecc check and EDK II coding standard policy (Bugzilla Bug 3212),basetools,bug,low,bexcran,0.95,"The bug is related to BaseTools and Ecc check policy mismatches, matching bexcran's historical pattern of handling BaseTools issues.",,False
qwen2.5:14b,A,8757,Uefi functions AddUnicodeString2() and LookupUnicodeString2() are returning EFI_UNSUPPORTED incorrectly. (Bugzilla Bug 3211),mdepkg,bug,medium,lgao4,0.95,The bug is related to MdeModulePkg and specifically deals with UEFI functions returning incorrect status codes.,,False
qwen2.5:14b,A,8756,BrotliCompress can't run in Linux machine (Bugzilla Bug 3210),basetools,bug,medium,AshrafAliS,0.95,"The bug is related to BaseTools and involves a compatibility issue with Linux, matching AshrafAliS's historical pattern of handling BaseTools issues.",,False
qwen2.5:14b,A,10039,ECC tracker (Bugzilla Bug 3206),basetools,bug,high,bexcran,0.95,"The bug is related to BaseTools and ECC tracking, matching the pattern of previous ECC-related issues handled by bexcran.",,False
qwen2.5:14b,A,8752,Add a Standalone MM HOB production library (Bugzilla Bug 3205),standalonemmpkg,bug,low,lgao4,0.75,"No exact match found for StandaloneMM pkg, but lgao4 has handled similar low priority bugs in the past.",,False
qwen2.5:14b,A,8751,VS2019 compiler warning in StandaloneMmCore (Bugzilla Bug 3204),standalonemmpkg,bug,low,lgao4,0.85,"The bug is related to a compiler warning in StandaloneMmCore and no specific assignee for this package exists, lgao4 has handled similar issues before.",,False
qwen2.5:14b,A,8750,StandaloneMmPkg/FvLib.h: FfsFindSection() missing EFIAPI (Bugzilla Bug 3203),standalonemmpkg,bug,low,AshrafAliS,0.95,The bug is related to BaseTools and FMMT handling.,,False
qwen2.5:14b,A,8749,Add X64 build support to StandaloneMmPkg (Bugzilla Bug 3202),standalonemmpkg,bug,low,AshrafAliS,0.95,The bug is related to adding X64 build support which aligns with BaseTools FMMT handling issues previously addressed by AshrafAliS.,,False
qwen2.5:14b,A,10038,Ecc failures on code checking (Bugzilla Bug 3201),-,bug,low,bexcran,0.85,Ecc failures on code checking likely relate to BaseTools and historical pattern matches bexcran for handling such issues.,,False
qwen2.5:14b,A,10037,Opaque build failure when a file guid is zero (Bugzilla Bug 3200),basetools,bug,low,AshrafAliS,0.95,Historical pattern shows AshrafAliS handles BaseTools related issues.,,False
qwen2.5:14b,A,8748,"Call MmStartupThisAp many times in a SMI service, system will hang because of run out of SMM memory. (Bugzilla Bug 3199)",ueficpupkg,bug,medium,philnoh2,0.95,The bug is related to UEFI core package and SMI service memory management.,,False
qwen2.5:14b,A,8747,MemAttrTable and ESRT should using AllocRuntimePoll (Bugzilla Bug 3198),mdemodulepkg,bug,medium,os-d,0.95,"The bug is related to memory attributes and runtime allocation in DXE core, matching os-d's expertise on OVMF build issues and memory management.",,False
qwen2.5:14b,A,10036,Wrong debug message regarding FvNameGuid (Bugzilla Bug 3197),mdemodulepkg,bug,medium,YangGangUEFI,0.85,"The bug is related to MdeModulePkg and involves a debug message issue, which aligns with previous assignments of similar issues in this package.",,False
qwen2.5:14b,A,8746,Support no enabled AP case in DxeCpuCacheInfoLib (Bugzilla Bug 3195),ueficpupkg,bug,low,philnoh2,0.95,The bug is related to DxeCpuCacheInfoLib in UefiCpuPkg and matches the historical pattern of bugs assigned to philnoh2.,,False
qwen2.5:14b,A,8745,Seems like OVMF cannot initialize Radeon Pro VII (Bugzilla Bug 3193),ovmfpkg,bug,low,Vogtinator,0.85,Historical pattern shows Vogtinator handles TCG2/TPM2 and similar hardware initialization issues in OVMF.,,False
qwen2.5:14b,A,8744,Clear shadow stack token busy bit before return from SMM exception handler (Bugzilla Bug 3192),mdepkg,bug,medium,os-d,0.95,The bug is related to MdePkg and involves SMM exception handler which falls under memory management and protection features.,,False
qwen2.5:14b,A,8743,Support Non-Blocking Execution in CpuCacheInfoLib (Bugzilla Bug 3191),ueficpupkg,bug,low,philnoh2,0.95,"The bug is related to UefiCpuPkg and specifically mentions non-blocking execution in CpuCacheInfoLib, which matches the expertise of philnoh2 as indicated by a previous similar assignment.",,False
qwen2.5:14b,A,8742,Add MpService dependency in CpuCacheInfoLib (Bugzilla Bug 3190),ueficpupkg,bug,low,philnoh2,0.95,The bug involves UEFI CPU package and MP service dependency which matches the historical pattern of philnoh2 handling issues related to AP reset vector buffer and BSP/AP interactions.,,False
qwen2.5:14b,A,10035,MP: 2nd StartupThisAp may interrupt AP which is still executing procedure assigned by 1st StartupThisAp (Bugzilla Bug 3189),ueficpupkg,bug,low,philnoh2,0.95,The bug is related to UEFI core processor management and matches the historical pattern of philnoh2's expertise in this area.,,False
qwen2.5:14b,A,10034,MP: SwitchBSPWorker() can wait till FinishedCount ==1 instead of GetApState() == CpuStateFinished (Bugzilla Bug 3188),ueficpupkg,bug,low,philnoh2,0.95,The bug is related to UEFI CPU multiprocessing and matches the historical pattern of philnoh2's expertise in this area.,,False
qwen2.5:14b,A,10033,FaultTolerantWriteDxe defect will cause NVRAM not recovered after number of WorkSpaceRefresh(). (Bugzilla Bug 3187),mdemodulepkg,bug,medium,wenbhou,0.95,The bug is related to FaultTolerantWriteDxe in MdeModulePkg and matches a previous high priority issue with similar severity.,,False
qwen2.5:14b,A,10032,AllocSize = USBHC_MEM_ROUND (Size);  // results in ASSERT when second last trb-address + 64 bytes croses end of 16 pages memblock in transfer ring with 0x1000 trb s each with 16 byte size (Bugzilla Bug 3186),mdemodulepkg,bug,medium,YangGangUEFI,0.85,"The bug is related to USBHC_MEM_ROUND and ASSERT in a transfer ring, which falls under the Device Manager or similar UI component issues typically handled by YangGangUEFI.",,False
qwen2.5:14b,A,8741,Add MM_STANDALONE support to SmiHandlerProfileLib (Bugzilla Bug 3185),mdemodulepkg,bug,low,YangGangUEFI,0.85,"The bug is related to MdeModulePkg and involves adding support for a specific profile library feature, which aligns with previous assignments of similar nature within the package.",,False
qwen2.5:14b,A,8740,Add MM_STANDALONE support to SmiHandlerProfileLibNull (Bugzilla Bug 3184),mdepkg,bug,low,os-d,0.95,"The bug is related to MdePkg and involves adding support for MM_STANDALONE, which aligns with os-d's expertise in handling low-level memory management and core features.",,False
qwen2.5:14b,A,8739,Runtime service flash updates not succeeding for an SEV-ES guest (Bugzilla Bug 3183),ovmfpkg,bug,low,jxu023,0.9,"The bug is related to SEV-ES guest and runtime service flash updates, matching jxu023's expertise with SEV issues in OvmfPkg.",,False
qwen2.5:14b,A,8738,MP: Racing condition in AP wake up (Bugzilla Bug 3182),ueficpupkg,bug,low,philnoh2,0.95,"The bug is related to a racing condition in AP wake up within UefiCpuPkg, matching the historical pattern of philnoh2 handling such issues.",,False
qwen2.5:14b,A,8737,UEFI BIOS Accepts Weak Platform Key (PK) (Bugzilla Bug 3181),-,bug,high,HunterChang030,0.9,The bug involves a weak Platform Key (PK) acceptance issue which matches the SecurityPkg component and HunterChang030's expertise in handling security-related bugs.,,False
qwen2.5:14b,A,8736,OvmfPkg/PlatformBootManagerLibGrub: consider removing EfiBootManagerDispatchDeferredImages() call (Bugzilla Bug 3180),ovmfpkg,bug,low,YangGangUEFI,0.85,"The bug is related to OvmfPkg and PlatformBootManagerLibGrub, which aligns with previous assignments for similar components in this package.",,False
qwen2.5:14b,A,8735,MP: InterlockedIncrement ((UINT32 *) &CpuMpData->CpuCount) can be removed from ApWakeupFunction (Bugzilla Bug 3179),ueficpupkg,bug,medium,philnoh2,0.95,The bug is related to UEFI CPU multiprocessing and matches the historical pattern of philnoh2's expertise in handling such issues.,,False
qwen2.5:14b,A,8734,UEFI shell rebuild for edk2-stable202102 (Bugzilla Bug 3178),-,bug,low,YangGangUEFI,0.85,The bug is related to UEFI shell rebuild which falls under MdeModulePkg and previous similar issues were handled by YangGangUEFI.,,False
qwen2.5:14b,A,8733,"There is no data for Contained Element Count, Contained Element Record Length and Contained Elements with smbiosview -t 3 in shell (Bugzilla Bug 3177)",shellpkg,bug,medium,praveensankarn,0.95,The bug is related to smbiosview command in ShellPkg and requires ARMV9 support.,,False
qwen2.5:14b,A,8732,EDKII Platform level Redfish packet encode/decode library (Bugzilla Bug 3174),redfishpkg,bug,medium,mikebeaton,1.0,The bug is related to RedfishPkg which has been historically assigned to mikebeaton.,,False
qwen2.5:14b,A,8731,Implement EmulatorPkg platform Redfish credential library (Bugzilla Bug 3173),emulatorpkg,bug,low,mikebeaton,0.85,"The bug involves implementing a Redfish credential library in EmulatorPkg, which is related to RedfishPkg and typically handled by mikebeaton.",,False
qwen2.5:14b,A,8730,Migrate HTTP header manipulation APIs (Bugzilla Bug 3172),networkpkg,bug,low,SaloniKasbekar,0.9,The bug involves replacing hardcoded values with existing #define constants in the NetworkPkg.,,False
qwen2.5:14b,A,8729,NetworkPkg/Library/DxeHttpIoLib: Http boot failure with no initializes timeout value. (Bugzilla Bug 3170),networkpkg,bug,medium,SaloniKasbekar,0.9,"The bug involves a timeout value initialization issue in NetworkPkg, which matches the pattern of replacing hardcoded values with existing constants.",,False
qwen2.5:14b,A,8726,CpuMp calls AllocatePool() to allocate > 64KB memory (Bugzilla Bug 3167),ueficpupkg,bug,low,philnoh2,0.95,"The bug is related to UEFI CPU multiprocessing and AllocatePool(), matching the expertise of philnoh2 in UEFI CPU multiprocessor issues.",,False
qwen2.5:14b,A,10031,CoreValidateHandle() is unsafe. (Bugzilla Bug 3166),mdemodulepkg,bug,low,lgao4,0.85,"The bug is related to MdeModulePkg and involves a function validation issue, matching historical patterns of lgao4's assignments.",,False
qwen2.5:14b,A,10030,IndustryStandard/SmBios.h has incorrectly capitalized filename (Bugzilla Bug 3164),mdepkg,bug,low,AshrafAliS,0.95,The bug is related to a header file in MdePkg and does not match the specific sub-components of other packages.,,False
qwen2.5:14b,A,10029,Build failed on os.makedirs() for .cache (Bugzilla Bug 3161),basetools,bug,medium,AshrafAliS,0.95,"The bug is related to BaseTools and involves a build issue with os.makedirs(), matching AshrafAliS's historical pattern of handling BaseTools build issues.",,False
qwen2.5:14b,A,8723,Possible TOCTOU in the GDT migration code (Bugzilla Bug 3160),ueficpupkg,bug,low,philnoh2,0.95,The bug is related to UEFI CPU package and involves a TOCTOU issue in GDT migration code.,,False
qwen2.5:14b,A,8722,"remove CPU_REGISTER_TABLE allocations in CpuS3DataDxe, in OvmfPkg and UefiCpuPkg (Bugzilla Bug 3159)",ovmfpkg,bug,low,os-d,0.95,"The bug is related to OvmfPkg and involves CPU_REGISTER_TABLE allocations in CpuS3DataDxe, which falls under memory management and protection features.",,False
qwen2.5:14b,A,10028,Openssl allocatepool failed in PEI phase when Image buffer is large then 64K (Bugzilla Bug 3157),cryptopkg,bug,medium,liyi77,0.9,"The bug is related to OpenSSL allocation in the PEI phase, matching previous CVE updates and build issues with OpenSSL.",,False
qwen2.5:14b,A,8721,"Core CI, Platform CI: issues with the ""ubuntu-latest"" VM image (Bugzilla Bug 3156)",basetools,bug,low,AshrafAliS,0.95,"The bug is related to CI issues with the VM image in BaseTools, matching AshrafAliS's historical pattern of handling such bugs.",,False
qwen2.5:14b,A,10027,Second uCode load can be eliminated in MpInitLib (Bugzilla Bug 3155),ueficpupkg,bug,low,philnoh2,0.95,The bug is related to MpInitLib in UefiCpuPkg and matches the historical pattern of bugs assigned to philnoh2 for this package.,,False
qwen2.5:14b,A,8720,Fix Variable Lock compatibility issue for SetVariable from SMM (Bugzilla Bug 3154),mdemodulepkg,bug,high,wenbhou,0.95,The bug involves Variable Lock compatibility in SMM which is a high priority issue within MdeModulePkg.,,False
qwen2.5:14b,A,8715,Exception handle for high 32bit of Pmem64 bit BAR being zero (Bugzilla Bug 3149),mdemodulepkg,bug,low,YangGangUEFI,0.85,"The bug is related to MdeModulePkg and involves handling an exception in hardware configuration, which aligns with previous assignments of EricGao2015 but using a similar pattern for YangGangUEFI.",,False
qwen2.5:14b,A,10026,Basetools Should Check the INF file GUID correctness before generating the AutoGen.c (Bugzilla Bug 3148),basetools,bug,medium,AshrafAliS,0.95,The bug is related to BaseTools and involves checking INF file GUID correctness before generating AutoGen.c.,,False
qwen2.5:14b,A,10025,Initialize Real Non-volatile storage (Bugzilla Bug 3144),mdemodulepkg,bug,low,lgao4,0.75,The bug is related to MdeModulePkg and does not match any specific rare assignees or historical patterns closely.,,False
qwen2.5:14b,A,8714,"Create password does not prompt ""Configuration changed"" (Bugzilla Bug 3143)",-,bug,low,YangGangUEFI,0.85,"The bug is related to a UI prompt in the setup interface, matching historical patterns for EricGao2015 and Damien-Chen but with higher precedence for YangGangUEFI.",,False
qwen2.5:14b,A,10024,Add AlderLake Socket information to Processor Upgrade field in Smbios structure - Smbios.h (Bugzilla Bug 3141),mdepkg,bug,low,NingFengGit,0.95,"The bug is related to Smbios structure in MdePkg and requires adding AlderLake Socket information, matching NingFengGit's previous work on similar SMBIOS updates.",,False
qwen2.5:14b,A,10023,Add New Processor Socket information to Processor Upgrade field in Smbios structure - Smbios.h (Bugzilla Bug 3140),mdepkg,bug,medium,NingFengGit,0.95,"The bug involves updating SMBIOS structure in MdePkg, matching NingFengGit's previous work on similar Smbios updates.",,False
qwen2.5:14b,A,10022,AllocatePool use wrong size value (Bugzilla Bug 3139),embeddedpkg,bug,medium,lgao4,0.75,The bug is related to AllocatePool usage and does not match any specific rare assignees or common patterns exactly.,,False
qwen2.5:14b,A,8713,Add PCIe Resizable BAR Capability Support (Bugzilla Bug 3138),mdemodulepkg,bug,low,YangGangUEFI,0.85,The bug is related to MdeModulePkg and does not match any specific rare assignees or unique historical patterns.,,False
qwen2.5:14b,A,10021,BaseTools: Update the Basetools code for Python3.9 compatibility (Bugzilla Bug 3136),basetools,bug,low,AshrafAliS,0.95,"The bug is about updating BaseTools for Python3.9 compatibility, which matches historical patterns of AshrafAliS handling BaseTools issues.",,False
qwen2.5:14b,A,8712,Boot0000 would be first place after resetting BootOrder by efibootmgr (Bugzilla Bug 3135),mdemodulepkg,bug,low,YangGangUEFI,0.95,The bug is related to MdeModulePkg and involves efibootmgr which is a common setup/boot management tool handled by YangGangUEFI historically.,,False
qwen2.5:14b,A,10019,ECC tool doesn't understand Doxygen comments with leading asterisk (Bugzilla Bug 3131),basetools,bug,medium,bexcran,0.95,"The bug is related to the ECC tool in BaseTools package, matching historical pattern for bexcran.",,False
qwen2.5:14b,A,10018,StandaloneMmMemLib does not initialize MMRAM information (Bugzilla Bug 3128),standalonemmpkg,bug,medium,AshrafAliS,0.95,The bug is related to StandaloneMmMemLib which falls under BaseTools or a similar build/CI component.,,False
qwen2.5:14b,A,8708,BaseTools reports -1 as the line number if the ppi/protocol/guid/pcd is not found in INF file (Bugzilla Bug 3127),basetools,bug,high,AshrafAliS,0.95,"The bug is related to BaseTools and involves handling of INF files, matching AshrafAliS's historical pattern for BaseTools issues.",,False
qwen2.5:14b,A,8707,Some log in ExitBootService() will be lost if use RSC DebugLib (Bugzilla Bug 3126),mdemodulepkg,bug,medium,EricGao2015,0.8,"The bug is related to ExitBootService() and DebugLib in MdeModulePkg, matching EricGao2015's historical pattern of handling such issues.",,False
qwen2.5:14b,A,10017,Too long console argument causes application to crash (Bugzilla Bug 3124),-,bug,medium,YangGangUEFI,0.85,The bug involves a console argument issue which is likely related to the UEFI shell or similar user interface components.,,False
qwen2.5:14b,A,8704,OvmfPkgX64 is broken on AMD (reset loop) after cee5b0441af3 UefiCpuPkg/CpuDxe: Fix boot error (Bugzilla Bug 3121),ueficpupkg,bug,high,philnoh2,0.95,The bug is related to UefiCpuPkg/CpuDxe on AMD and involves a reset loop issue.,,False
qwen2.5:14b,A,8703,Should always define PCD TOKEN value as Zero for static PCD (Bugzilla Bug 3120),basetools,bug,medium,AshrafAliS,0.95,"The bug is related to BaseTools and PCD TOKEN handling, matching AshrafAliS's historical pattern of handling BaseTools issues.",,False
qwen2.5:14b,A,8702,MdePkg/UefiFileHandleLib: EFI_FILE_PROTOCOL leak (Bugzilla Bug 3119),mdepkg,bug,low,os-d,0.95,"The bug is related to MdePkg and involves a memory leak in EFI_FILE_PROTOCOL, which aligns with os-d's expertise in handling memory management issues within the package.",,False
qwen2.5:14b,A,10015,Adding call back function for UFS to switch Gear mode. (Bugzilla Bug 3117),mdemodulepkg,bug,medium,YangGangUEFI,0.85,"The bug is related to MdeModulePkg and involves adding a callback function for UFS Gear mode switching, which aligns with previous assignments of similar hardware interface modifications.",,False
qwen2.5:14b,A,8701,Prevent  lost characters and error status across config changes in UARTs managed by PciSioSerialDxe (Bugzilla Bug 3114),mdemodulepkg,bug,low,YangGangUEFI,0.85,The bug is related to PciSioSerialDxe in MdeModulePkg and matches the pattern of previous UART-related issues.,,False
qwen2.5:14b,A,8700,Exception happened when length of usb disk path is larger than 260 (Bugzilla Bug 3113),fatpkg,bug,low,Damien-Chen,0.85,"The bug is related to FATPKG and USB disk path length issue, no exact match but Damien-Chen has handled similar issues before.",,False
qwen2.5:14b,A,8699,Remove redundant APIs from FspCommonLib (Bugzilla Bug 3112),intelfsp2pkg,bug,low,Vogtinator,0.85,"The bug is related to IntelFsp2Pkg and involves removing redundant APIs, which Vogtinator has handled similar issues before.",,False
qwen2.5:14b,A,8698,Variable Lock Protocol RequestToLock() shim on top of Variable Policy Protocol changed behavior (Bugzilla Bug 3111),mdemodulepkg,bug,low,vit9696,0.85,"The bug involves Variable Policy Protocol and behavior change in RequestToLock(), which relates to variable store policy enforcement.",,False
qwen2.5:14b,A,8697,Add IOMMU DMAR SATC support. (Bugzilla Bug 3109),mdepkg,bug,medium,AshrafAliS,0.95,"The bug is related to MdePkg and involves adding support for IOMMU DMAR SATC, which aligns with previous high-priority BaseTools issues handled by AshrafAliS.",,False
qwen2.5:14b,A,8696,Apply SEV-ES mitigations for encryption bit position and MMIO (Bugzilla Bug 3108),ovmfpkg,bug,low,jxu023,0.9,The bug is related to SEV-ES mitigations in OvmfPkg.,,False
qwen2.5:14b,A,8695,GenCfgOpt.py caused Incremental build regression issue. (Bugzilla Bug 3107),intelfsp2pkg,bug,medium,AshrafAliS,0.95,The bug is related to BaseTools and involves a regression issue in Incremental build.,,False
qwen2.5:14b,A,8694,Issue: EFI partition contents/files (FS0:\) not visible to EFI shell (OVMF + QEMU) (Bugzilla Bug 3106),ovmfpkg,bug,medium,AndreasBBS,0.95,"The issue pertains to EFI shell visibility of partition contents in OVMF with QEMU, matching historical patterns for network and protocol driver issues within OvmfPkg.",,False
qwen2.5:14b,A,8693,Add new CpuCacheInfoLib in UefiCpuPkg (Bugzilla Bug 3105),ueficpupkg,bug,low,philnoh2,0.95,"The bug is related to UefiCpuPkg and involves a new library addition, matching the pattern of previous CPU-related bugs assigned to philnoh2.",,False
qwen2.5:14b,A,8692,Define default value of NETWORK_HTTP_ENABLE (Bugzilla Bug 3104),emulatorpkg,bug,high,SaloniKasbekar,0.9,The bug is about defining a default value for NETWORK_HTTP_ENABLE which aligns with the pattern of replacing hardcoded values with existing define constants in NetworkPkg.,,False
qwen2.5:14b,A,10014,Call CollectProcessorData in parallel (Bugzilla Bug 3103),ueficpupkg,bug,low,philnoh2,0.95,The bug is related to UEFI core processor data collection and matches the historical pattern for this specific sub-component.,,False
qwen2.5:14b,A,8691,Implement EmulatorPkg platform Redfish host interface library (Bugzilla Bug 3102),emulatorpkg,bug,low,mikebeaton,0.95,"The bug is related to Redfish host interface library implementation in EmulatorPkg, which aligns with MikeBeaton's expertise in handling RedfishPkg and similar components.",,False
qwen2.5:14b,A,8689,Remove PEI phase from UEFI payload (Bugzilla Bug 3100),uefipayloadpkg,bug,low,lgao4,0.75,The bug is related to UEFI payload package and does not match any specific historical pattern for other assignees.,,False
qwen2.5:14b,A,8688,Stable source release archives (Bugzilla Bug 3099),-,bug,low,AshrafAliS,0.95,The bug is related to BaseTools and historical patterns indicate AshrafAliS handles such issues.,,False
qwen2.5:14b,A,8687,OVMF fails to build with XCODE5 in NOOPT (Bugzilla Bug 3098),mdemodulepkg,bug,medium,os-d,0.95,"The bug is related to OVMF build issues in a specific environment (XCODE5 NOOPT), matching os-d's expertise with OVMF builds and memory management issues.",,False
qwen2.5:14b,A,8685,"Elf64Convert.c does not support R_RISCV_CALL_PLT, R_RISCV_GOT_HI20 (Bugzilla Bug 3096)",basetools,bug,low,AshrafAliS,0.95,The bug is related to BaseTools and involves ELF format support for RISC-V specific relocation types.,,False
qwen2.5:14b,A,10013,ECC tool incorrectly reports prefix and postfix underscores are needed for include guard names (Bugzilla Bug 3094),basetools,bug,low,bexcran,0.95,"The bug is related to ECC tool in BaseTools package, matching the pattern of previous ECC tool issues.",,False
qwen2.5:14b,A,8684,EmulatorPkg Linux X64 build crash (Bugzilla Bug 3093),emulatorpkg,bug,low,AshrafAliS,0.95,"The bug is related to EmulatorPkg and a build crash on Linux X64, which does not match any specific rare assignees but aligns with AshrafAliS handling BaseTools FMMT issues previously.",,False
qwen2.5:14b,A,8683,New Variable Policy code is causing runtime panics in linux (Bugzilla Bug 3092),mdemodulepkg,bug,high,vit9696,0.95,"The bug involves Variable Policy code causing runtime panics in linux, which is related to UEFI runtime driver execution policies.",,False
qwen2.5:14b,A,8682,Add YAML support for package configuration (Bugzilla Bug 3091),intelfsp2pkg,bug,low,AshrafAliS,0.95,The bug is related to package configuration in IntelFsp2Pkg and there's no specific historical pattern for this type of issue within the given list.,,False
qwen2.5:14b,A,10012,Tcg2Smm should translate the Manufacture ID to ACPI PNP ID for _HID name string (Bugzilla Bug 3090),securitypkg,bug,low,HunterChang030,0.9,"The bug is related to SecurityPkg and specifically deals with Tcg2Smm, which matches HunterChang030's previous work on OpalPassword in the same package.",,False
qwen2.5:14b,A,10011,Deprecate  MemoryOverwriteRequestControlLock module (Bugzilla Bug 3089),securitypkg,bug,low,HunterChang030,0.9,"The bug is related to the SecurityPkg and specifically mentions deprecating a module, matching HunterChang030's previous work on similar issues in SecurityPkg.",,False
qwen2.5:14b,A,10010,Enforce CRTM version check in Tcg2Pei (Bugzilla Bug 3088),securitypkg,bug,low,HunterChang030,0.9,"The bug is related to SecurityPkg and specifically mentions CRTM version check in Tcg2Pei, matching HunterChang030's previous work on OpalPassword security issues.",,False
qwen2.5:14b,A,10009,TCG: EFI_EXIT_BOOT_SERVICES_INVOCATION is not recorded when ExitBootService Fails (Bugzilla Bug 3087),mdemodulepkg,bug,low,Vogtinator,0.95,TCG/TPM related issues are best handled by Vogtinator based on previous assignments.,,False
qwen2.5:14b,A,8681,MdeModulePkg: Invalid parameter to SetMem in OnigurumaUefiPort (Bugzilla Bug 3085),mdemodulepkg,bug,medium,YangGangUEFI,0.85,"The bug is related to MdeModulePkg and involves a specific function (OnigurumaUefiPort), matching historical patterns for this package and component.",,False
qwen2.5:14b,A,8680,Boot ERROR in CpuDxe driver when it is dispatched above 4GB memory (Bugzilla Bug 3084),ueficpupkg,bug,low,philnoh2,0.95,"The bug is related to CpuDxe driver in UefiCpuPkg and involves memory dispatch issues, matching the expertise of philnoh2 who handles similar BSP/AP issues.",,False
qwen2.5:14b,A,8679,Callback function name in UefiDebugLibDebugPortProtocol is too generic (Bugzilla Bug 3083),mdepkg,bug,low,YangGangUEFI,0.85,"The bug is related to a generic function name in UefiDebugLibDebugPortProtocol within MdePkg, which aligns with previous issues handled by YangGangUEFI for similar components and naming conventions.",,False
qwen2.5:14b,A,8678,bcfg: invalid argument - option index (Bugzilla Bug 3080),shellpkg,bug,low,YangGangUEFI,0.85,The bug is related to the bcfg command in ShellPkg and previous similar issues have been assigned to YangGangUEFI.,,False
qwen2.5:14b,A,10008,Clean up the SHA1 from SecureBoot (Bugzilla Bug 3079),securitypkg,bug,low,HunterChang030,0.9,"The bug is related to SecureBoot and SHA1 cleanup in SecurityPkg, matching HunterChang030's previous work on OpalPassword within the same package.",,False
qwen2.5:14b,A,10007,ReportDispatcher for RSC appears to be in conflict with the PI spec (Bugzilla Bug 3078),mdemodulepkg,bug,low,YangGangUEFI,0.85,"The bug is related to MdeModulePkg and involves a conflict with the PI spec, matching previous assignments to YangGangUEFI for similar issues in this package.",,False
qwen2.5:14b,A,10006,NULL Pointer Check is needed for InternalImageHandleToFvHandle of DxeServicesLib (Bugzilla Bug 3076),mdepkg,bug,low,os-d,0.95,"The bug is related to MdePkg and involves a NULL pointer check in DxeServicesLib, which falls under memory management and runtime issues typically handled by os-d.",,False
qwen2.5:14b,A,8676,Fields in CXL_1_1_LINK_CAPABILITY_STRUCTURE in Cxl11.h have incorrect offsets (Bugzilla Bug 3074),mdepkg,bug,low,AshrafAliS,0.95,"The bug is related to MdePkg and involves incorrect offsets in a header file, which aligns with previous work on handling similar issues in BaseTools.",,False
qwen2.5:14b,A,10004,Provide test cases/apps for VarPol (Bugzilla Bug 3073),mdemodulepkg,bug,low,lgao4,0.75,"The bug is related to MdeModulePkg and requires test cases/apps for VarPol, which matches historical patterns of lgao4 handling similar issues.",,False
qwen2.5:14b,A,8675,Develop a way to support host-test entry points while complying with ECC (Bugzilla Bug 3072),unittestframeworkpkg,bug,low,AshrafAliS,0.95,"The bug is related to the UnitTestFrameworkPkg and involves ECC compliance, which matches historical patterns of AshrafAliS handling BaseTools-related issues.",,False
qwen2.5:14b,A,10003,Refactor EndOfDxe event to support decoupling of MorLock and VarPolLock (Bugzilla Bug 3071),mdemodulepkg,bug,medium,vit9696,0.95,The bug involves refactoring the EndOfDxe event which is related to runtime driver execution policies.,,False
qwen2.5:14b,A,8674,BaseTools: SetupGit.py: edk2-test missing in UPSTREAMS (Bugzilla Bug 3066),basetools,bug,medium,AshrafAliS,0.95,The bug is related to BaseTools and specifically mentions a missing component in SetupGit.py.,,False
qwen2.5:14b,A,8673,X64 OVMF_CODE.fd with -DSMM_REQUIRE=TRUE -DSECURE_BOOT_ENABLE=TRUE does not show startup screen (Bugzilla Bug 3064),ovmfpkg,bug,high,vit9696,0.85,"The bug involves secure boot and SMM features not showing the startup screen, which is related to runtime driver execution policies.",,False
qwen2.5:14b,A,10000,ECC reports the wrong issue in enum definition (Bugzilla Bug 3060),basetools,bug,medium,AshrafAliS,0.95,"The bug is related to BaseTools and ECC reports an issue in enum definition, matching historical pattern of AshrafAliS handling similar issues.",,False
qwen2.5:14b,A,9999,MdeModulePkg: NotifyTpl check in CoreCreateEventEx() (Bugzilla Bug 3058),mdemodulepkg,bug,medium,YangGangUEFI,0.85,"The bug is related to MdeModulePkg and involves a specific function check, matching historical patterns for this package.",,False
qwen2.5:14b,A,9998,Measuring the EV_TABLE_OF_DEVICES event - hash vs. event log (Bugzilla Bug 3056),securitypkg,bug,low,HunterChang030,0.9,"The bug is related to SecurityPkg and involves DeviceList handling, matching HunterChang030's historical pattern.",,False
qwen2.5:14b,A,8669,BaseTools: Incremental build issues collections by Nov 2020 (Bugzilla Bug 3052),basetools,bug,low,AshrafAliS,0.95,"The bug is related to BaseTools and incremental build issues, matching AshrafAliS's historical pattern of handling BaseTools bugs.",,False
qwen2.5:14b,A,9997,PcdDxe: Enhance to detect inconsistent LocalTokenNumber between PEI and DXE database for dynamic EX PCDs (Bugzilla Bug 3051),mdemodulepkg,bug,low,YangGangUEFI,0.95,"The bug is related to PcdDxe in MdeModulePkg and involves detecting inconsistencies between PEI and DXE databases for dynamic EX PCDs, which aligns with previous work by YangGangUEFI on similar issues within the same package.",,False
qwen2.5:14b,A,8668,Add defintion for Arm Error Source Table (AEST) (Bugzilla Bug 3049),mdepkg,bug,medium,mikebeaton,0.85,"The bug is related to MdePkg and involves adding a definition for Arm Error Source Table, which aligns with mikebeaton's expertise in handling such architectural definitions.",,False
qwen2.5:14b,A,8667,Acpiview: Add support for parsing Arm Error Source Table (AEST) (Bugzilla Bug 3048),-,bug,medium,YangGangUEFI,0.85,"The bug is related to Acpiview and involves parsing a specific table for Arm architecture, which aligns with previous assignments of similar nature in the mdemodulepkg package.",,False
qwen2.5:14b,A,8666,Acpiview: Add support for parsing ACPI PCCT table (Bugzilla Bug 3047),shellpkg,bug,medium,praveensankarn,0.95,"The bug is related to ShellPkg and specifically requests support for parsing an ACPI table in Acpiview, matching previous assignments for similar functionality enhancements.",,False
qwen2.5:14b,A,8665,Acpiview: Field validator not invoked in certain cases (Bugzilla Bug 3046),shellpkg,bug,medium,YangGangUEFI,0.95,"The bug is related to ShellPkg and involves a field validator in Acpiview, which aligns with previous assignments for similar UI or validation issues within the package.",,False
qwen2.5:14b,A,8664,Add support for parsing HMAT table in Acpiview (Bugzilla Bug 3045),shellpkg,bug,medium,praveensankarn,0.95,"The bug is related to ShellPkg and specifically requests support for parsing HMAT table in Acpiview, matching previous assignments of similar nature.",,False
qwen2.5:14b,A,8663,FMMT replace file failure when files in FV level over 2 (Bugzilla Bug 3044),basetools,bug,medium,AshrafAliS,0.95,The bug is related to BaseTools and specifically FMMT functionality.,,False
qwen2.5:14b,A,9996,Poor VS2019 compiler flags for x86/x64 debug builds (Bugzilla Bug 3043),basetools,bug,medium,AshrafAliS,0.95,"The bug is related to BaseTools and compiler flags for debug builds, matching AshrafAliS's historical pattern of handling BaseTools issues.",,False
qwen2.5:14b,A,9995,DEBUG() with smaller code footprint (Bugzilla Bug 3041),mdepkg,bug,low,lgao4,0.75,"The bug is related to MdePkg and involves a DEBUG() macro optimization, which does not match any specific historical pattern but lgao4 has handled similar low priority issues in the past.",,False
qwen2.5:14b,A,8662,BaseTools: build failure for RISC-V using GCC 10 (Bugzilla Bug 3040),basetools,bug,low,AshrafAliS,0.95,Historical pattern shows AshrafAliS handles BaseTools issues related to build failures.,,False
qwen2.5:14b,A,8661,Build failed due to MAX_LONG_FILE_PATH being too small. Should use PATH_MAX (Bugzilla Bug 3032),basetools,bug,medium,AshrafAliS,0.95,The bug is related to BaseTools and involves a build issue with file paths.,,False
qwen2.5:14b,A,9994,Undefined macros in FDF should not equal to 0 (Bugzilla Bug 3031),basetools,bug,medium,AshrafAliS,0.95,"The bug is related to BaseTools and involves FDF macros, matching AshrafAliS's historical pattern of handling BaseTools issues.",,False
qwen2.5:14b,A,8660,"Inconsistent function in,out parameter defined in function header and function prototype in EFI_REST_JSON_STRUCTURE_REGISTER in RestJsonStructure.h (Bugzilla Bug 3030)",redfishpkg,bug,medium,mikebeaton,0.95,"The bug is related to RedfishPkg and involves inconsistent function parameters in a header file, matching historical patterns for this package.",,False
qwen2.5:14b,A,8659,DXE Core produced FirmwareVolume2Protocol->GetNextFile() doesn't not support type of standalone MM driver (Bugzilla Bug 3028),mdemodulepkg,bug,medium,YangGangUEFI,0.85,"The bug is related to DXE Core and FirmwareVolume2Protocol, which falls under MdeModulePkg but does not match any specific rare assignees or common patterns listed.",,False
qwen2.5:14b,A,8658,Remove the deprecated MD5 and SHA1 support of Hash2DxeCrypto (Bugzilla Bug 3027),securitypkg,bug,medium,HunterChang030,0.9,The bug is related to SecurityPkg and specifically addresses deprecated MD5 and SHA1 support in Hash2DxeCrypto.,,False
qwen2.5:14b,A,8655,AtaAtapiPassThru polls D2H register type instead of checking IS (Bugzilla Bug 3024),mdemodulepkg,bug,low,YangGangUEFI,0.85,"The bug is related to MdeModulePkg and involves a specific component (AtaAtapiPassThru), matching previous assignments by YangGangUEFI for similar issues in this package.",,False
qwen2.5:14b,A,8654,Make MD5 disable as default edk2 setting (Bugzilla Bug 3021),cryptopkg,bug,medium,liyi77,0.95,The bug is related to disabling MD5 by default in edk2 settings within the cryptopkg package.,,False
qwen2.5:14b,A,8653,Spelling issue of CHUNKED_TRNASFER_* macros in Http11.h (Bugzilla Bug 3019),-,bug,medium,YangGangUEFI,0.95,"The bug is related to a spelling issue in Http11.h, which falls under the MdePkg or ShellPkg category and has been handled by YangGangUEFI before for similar issues.",,False
qwen2.5:14b,A,8651,IntelFsp2Pkg: LoadMicrocodeDefault() failed with padding in FV. (Bugzilla Bug 3017),intelfsp2pkg,bug,low,praravin,0.95,"The bug is related to IntelFsp2Pkg and specifically mentions LoadMicrocodeDefault(), which matches the historical pattern of praravin handling issues within this package.",,False
qwen2.5:14b,A,8650,Support 5 level paging for mInternalCr3 (Bugzilla Bug 3015),ueficpupkg,bug,low,philnoh2,0.95,"The bug is related to UEFI CPU package and involves paging support, matching the pattern of a previous BSP/AP issue.",,False
qwen2.5:14b,A,8649,Pull out HTTP IO related functions from HttpBootDxe to a helper library (Bugzilla Bug 3013),networkpkg,bug,medium,SaloniKasbekar,0.9,"The bug involves refactoring functions within the HttpBootDxe component of NetworkPkg, which matches historical patterns for SaloniKasbekar's work on code organization and constants in this package.",,False
qwen2.5:14b,A,8648,Revert the change for partition child handler block size change (Bugzilla Bug 3012),mdemodulepkg,bug,medium,YangGangUEFI,0.85,"The bug is related to MdeModulePkg and involves a change in partition child handler block size, matching historical patterns for this package.",,False
qwen2.5:14b,A,8647,CI test fail on copyright information in INF file (Bugzilla Bug 3011),-,bug,medium,AshrafAliS,0.95,Historical pattern shows AshrafAliS handles BaseTools related issues.,,False
qwen2.5:14b,A,8646,FmpDevicePkg build fails due to missing RngLib instance (Bugzilla Bug 3010),fmpdevicepkg,bug,high,AshrafAliS,0.95,The bug is related to a build failure in FmpDevicePkg which does not match any specific rare assignees and has no clear historical pattern within the given list.,,False
qwen2.5:14b,A,8644,"SEV-ES fixes, updates and cleanups (Bugzilla Bug 3008)",ovmfpkg,bug,low,jxu023,0.95,The bug involves SEV-ES fixes and updates which matches previous assignments to jxu023 for similar issues in OvmfPkg.,,False
qwen2.5:14b,A,8643,XhciDxe: Clean up UsbDevContext if USB slot initialization is failed (Bugzilla Bug 3007),mdemodulepkg,bug,low,YangGangUEFI,0.95,The bug is related to XhciDxe in MdeModulePkg and matches historical patterns for this package.,,False
qwen2.5:14b,A,8642,Cannot start vm with OVMF_CODE/VARS.fd (stable 202005 and 202008) if hdmi is not attached / Compilation with XCODE5/clang - Only RELEASE version (Bugzilla Bug 3006),ovmfpkg,bug,low,AndreasBBS,0.95,"The bug involves QEMU_EFI and network protocol drivers, matching AndreasBBS's historical pattern for handling such issues.",,False
qwen2.5:14b,A,9993,ReleaseSpinLock() requires a barrier at the beginning (Bugzilla Bug 3005),mdepkg,bug,medium,os-d,0.95,"The bug is related to MdePkg and concerns a memory management function, matching os-d's expertise in handling such issues.",,False
qwen2.5:14b,A,8641,Pyrite support - Secure erase is only available if encryption is supported (Bugzilla Bug 3004),securitypkg,bug,low,HunterChang030,0.9,"The bug is related to SecurityPkg and specifically mentions Pyrite support, which matches HunterChang030's previous work on OpalPassword in SecurityPkg.",,False
qwen2.5:14b,A,8640,Make the iSCSI driver disable as default setting for security (Bugzilla Bug 3003),networkpkg,bug,medium,SaloniKasbekar,0.9,"The bug is about setting a default security configuration for the iSCSI driver in NetworkPkg, which matches SaloniKasbekar's pattern of handling hardcoded values and replacing them with #define constants.",,False
qwen2.5:14b,A,8639,Structured PCD generated code has a casting error when using x64 tools (Bugzilla Bug 3001),basetools,bug,low,AshrafAliS,0.95,The bug is related to BaseTools and involves code generation issues.,,False
qwen2.5:14b,A,8638,Structured PCD generated code has a casting error when using x64 tools (Bugzilla Bug 3001),basetools,bug,low,AshrafAliS,0.95,The bug is related to BaseTools and involves code generation issues.,,False
qwen2.5:14b,A,9992,Macro processing by the build tool is not in compliance with the DSC spec (Bugzilla Bug 2999),basetools,bug,low,AshrafAliS,0.95,The bug is related to BaseTools and macro processing in the build tool.,,False
qwen2.5:14b,A,8636,ShellPkg/Library/UefiShellDebug1CommandsLib/Edit/FileBuffer.c should initialize CutLine to null (Bugzilla Bug 2998),shellpkg,bug,medium,YangGangUEFI,0.95,"The bug is related to ShellPkg and involves initialization in a file buffer, matching previous assignments for similar issues within the package.",,False
qwen2.5:14b,A,9991,RuntimeCryptLib should use non-null version of CryptPkcs5Pbkdf2 (Bugzilla Bug 2997),cryptopkg,bug,low,liyi77,0.95,The bug is related to RuntimeCryptLib in CryptoPkg and requires updating OpenSSL version.,,False
qwen2.5:14b,A,8635,EccCheck plugin should not calculate BaseTools path from workspace (Bugzilla Bug 2996),-,bug,medium,bexcran,0.85,"The bug is related to BaseTools and involves a plugin issue, matching bexcran's pattern of handling BaseTools-related bugs.",,False
qwen2.5:14b,A,9988,Mitigation of a hardware attack on the TPM (Bugzilla Bug 2993),securitypkg,bug,high,HunterChang030,0.9,"The bug is related to SecurityPkg and specifically mentions TPM mitigation, which matches HunterChang030's known work on OpalPassword security issues.",,False
qwen2.5:14b,A,8634,In PciBusDxe\PciOptionRomSupport.c increase the width if the data read during oprom shadow to at least 32bits (Bugzilla Bug 2989),mdemodulepkg,bug,low,SaloniKasbekar,0.9,"The bug involves replacing a hardcoded value with an existing define constant in PciBusDxe, which matches SaloniKasbekar's historical pattern for NetworkPkg and similar issues.",,False
qwen2.5:14b,A,9987,BaseTools reports the exception when the wrong syntax is specified in FDF file (Bugzilla Bug 2988),basetools,bug,medium,AshrafAliS,0.95,"The bug is related to BaseTools and FDF file syntax errors, matching AshrafAliS's historical pattern of handling such issues.",,False
qwen2.5:14b,A,9986,Remove CpuFeaturesDxe and accordingly code in PiSmmCpuDxeSmm (Bugzilla Bug 2987),ueficpupkg,bug,medium,philnoh2,0.95,The bug is related to PiSmmCpuDxeSmm in UefiCpuPkg and matches the historical pattern of bugs assigned to philnoh2.,,False
qwen2.5:14b,A,8633,EccCheck should not revert staged and local changes (Bugzilla Bug 2986),-,bug,high,bexcran,0.95,The bug is related to EccCheck which matches historical patterns for BaseTools issues.,,False
qwen2.5:14b,A,8632,Private Include Section in MdeModulePkg lead Emulator Platform Build Fail (Bugzilla Bug 2985),mdemodulepkg,bug,low,YangGangUEFI,0.85,The bug is related to MdeModulePkg build issues on emulator platforms.,,False
qwen2.5:14b,A,8631,Bochs MMIO GOP driver does not work in ovmf (BarIndex confusion) (Bugzilla Bug 2984),ovmfpkg,bug,low,Vogtinator,0.95,The bug is related to TCG2/TPM2 support on RISC-V which Vogtinator has previously handled.,,False
qwen2.5:14b,A,8630,edk2-stable202008 Vlv2TbltDevicePkg platforms fails to build (Bugzilla Bug 2983),-,bug,medium,AshrafAliS,0.95,"The bug is related to BaseTools and FMMT handling, matching AshrafAliS's historical pattern of addressing such issues.",,False
qwen2.5:14b,A,8629,DxeCore: UEFI memmap workaround for hiding page-access caps from OSes hides SP and CRYPTO caps too (Bugzilla Bug 2982),mdepkg,bug,high,os-d,0.95,The bug is related to DxeCore and memory protection features in MdePkg.,,False
qwen2.5:14b,A,8628,Should OVMF VirtioGpuDxe install GOP on secondary child handle? (Bugzilla Bug 2980),ovmfpkg,bug,low,AndreasBBS,0.95,"The bug involves QEMU_EFI and network protocol drivers, matching AndreasBBS's historical pattern for handling such issues.",,False
qwen2.5:14b,A,8627,EmulatorPkg: CI Enablement for SECURE_BOOT_ENABLE option (Bugzilla Bug 2979),emulatorpkg,bug,low,AshrafAliS,0.95,The bug is related to CI enablement for a specific option in EmulatorPkg and matches historical patterns of AshrafAliS handling such issues.,,False
qwen2.5:14b,A,8626,Incremental build issue as PCD_TOKEN value not change in AutoGen.c and AutoGen.h (Bugzilla Bug 2978),basetools,bug,medium,AshrafAliS,0.95,The bug is related to BaseTools and incremental build issues.,,False
qwen2.5:14b,A,9985,Wrong BaseAddress entries in the FSP map file (Bugzilla Bug 2976),intelfsp2pkg,bug,high,praravin,0.95,"The bug is related to IntelFsp2Pkg and specifically deals with BaseAddress entries in the FSP map file, matching praravin's historical pattern of handling similar issues.",,False
qwen2.5:14b,A,8624,NVMe SSD is failed to show up in the Advanced menu of system BIOS (Bugzilla Bug 2974),mdemodulepkg,bug,low,YangGangUEFI,0.95,The bug is related to the Advanced menu in system BIOS and involves MdeModulePkg.,,False
qwen2.5:14b,A,8623,Incremental build issue for previous created files' deletion (Bugzilla Bug 2973),basetools,bug,medium,AshrafAliS,0.95,Historical pattern shows AshrafAliS handles BaseTools related issues.,,False
qwen2.5:14b,A,8622,Incremental build issue for included ASI file's deletion (Bugzilla Bug 2972),basetools,bug,medium,AshrafAliS,0.95,The bug is related to BaseTools and involves an incremental build issue.,,False
qwen2.5:14b,A,9984,Add NULL lib to OvmfPkg/ResetVector/ResetVector.inf causes build failure (Bugzilla Bug 2970),basetools,bug,low,AshrafAliS,0.95,"The bug is related to BaseTools and involves a build failure, matching AshrafAliS's historical pattern of handling BaseTools issues.",,False
qwen2.5:14b,A,8620,Request to Place PLATFORM_GUID Macro in AutoGen.h (Bugzilla Bug 2968),basetools,bug,low,AshrafAliS,0.95,"The bug is related to BaseTools and involves AutoGen.h, which matches historical patterns for AshrafAliS.",,False
qwen2.5:14b,A,8619,GenCfgOpt.py should take the consistent behavior for the different options (Bugzilla Bug 2967),intelfsp2pkg,bug,low,Vogtinator,0.75,The bug is related to IntelFsp2Pkg and does not match any specific patterns for other assignees.,,False
qwen2.5:14b,A,9983,BPDG tool should not update the output file when the output file is not changed. (Bugzilla Bug 2966),basetools,bug,medium,AshrafAliS,0.95,"The bug is related to BaseTools and involves a specific tool behavior, matching AshrafAliS's historical pattern of handling BaseTools issues.",,False
qwen2.5:14b,A,8618,Incremental build issue for FV_IMAGE Section deletion (Bugzilla Bug 2965),basetools,bug,medium,AshrafAliS,0.95,The bug is related to BaseTools and involves an incremental build issue.,,False
qwen2.5:14b,A,9982,MdeModulePkg/Pcdpeim: PcdGetPtr () caused memory wasting. (Bugzilla Bug 2964),mdemodulepkg,bug,medium,lgao4,0.85,"The bug is related to MdeModulePkg and involves a memory issue with PcdGetPtr(), which aligns with previous lgao4 assignments for similar issues in this package.",,False
qwen2.5:14b,A,8617,remove TPM related ppi from Depex for Fsp wrapper PEIM driver (Bugzilla Bug 2963),intelfsp2wrapperpkg,bug,low,Vogtinator,0.85,The bug is related to TPM and matches Vogtinator's historical pattern of handling TPM issues on RISC-V.,,False
qwen2.5:14b,A,8616,The EmbeddedPkg TimeBaseLib cannot pass MS VS X64 build (Bugzilla Bug 2962),embeddedpkg,bug,low,AshrafAliS,0.95,"The bug is related to MS VS X64 build in EmbeddedPkg, and AshrafAliS has handled similar BaseTools issues before.",,False
qwen2.5:14b,A,8615,EFI_BLOCK_IO_PROTOCOL_REVISION3 value is incorrect (Bugzilla Bug 2961),mdepkg,bug,low,lgao4,0.75,The bug is related to MdePkg and involves a protocol revision issue which matches previous lgao4 assignments for similar protocol issues.,,False
qwen2.5:14b,A,8614,Support FD type in [FD] section of FDF file (Bugzilla Bug 2959),basetools,bug,low,AshrafAliS,0.95,The bug is related to BaseTools and involves handling a specific type in FDF files.,,False
qwen2.5:14b,A,9981,PciBusDxe does not support EFI_INCOMPATIBLE_PCI_DEVICE_SUPPORT_PROTOCOL returning a fixed address for specific BARs (Bugzilla Bug 2958),mdemodulepkg,bug,low,YangGangUEFI,0.85,The bug is related to PciBusDxe in MdeModulePkg and matches historical patterns for this component.,,False
qwen2.5:14b,A,8613,BootPerformanceTable pointer is read from an NVRAM variable in PEI (Bugzilla Bug 2957),mdemodulepkg,bug,low,YangGangUEFI,0.85,"The bug is related to MdeModulePkg and involves reading from an NVRAM variable in PEI phase, which matches previous assignments to YangGangUEFI for similar issues.",,False
qwen2.5:14b,A,8612,Boundary condition bug on SmmSaveState.c function ReadSaveStateRegisterByIndex. (Bugzilla Bug 2956),ueficpupkg,bug,medium,philnoh2,0.95,"The bug is related to UefiCpuPkg and involves a boundary condition in SmmSaveState.c, matching the pattern of previous bugs assigned to philnoh2.",,False
qwen2.5:14b,A,9980,"[edk2-staging] Edkrepo sync works most the time, but not always (Bugzilla Bug 2955)",basetools,bug,medium,AshrafAliS,0.95,The bug is related to BaseTools and Edkrepo sync issues which aligns with AshrafAliS's historical pattern of handling BaseTools-related bugs.,,False
qwen2.5:14b,A,9979,System hang when trig Memtest (Bugzilla Bug 2954),ueficpupkg,bug,low,philnoh2,0.95,UEFI core package with system hang related to memory testing matches known patterns for this assignee.,,False
qwen2.5:14b,A,9978,Server name Indication (SNI) support in CryptoPkg (Bugzilla Bug 2953),cryptopkg,bug,high,liyi77,0.95,The bug is related to SNI support in CryptoPkg and historical updates for CVEs have been handled by liyi77.,,False
qwen2.5:14b,A,9977,Update SmbiosView with SMBIOS 3.3 fields (Bugzilla Bug 2952),shellpkg,bug,medium,praveensankarn,0.95,"The bug is about updating SmbiosView with SMBIOS fields, matching previous assignments for similar updates in ShellPkg.",,False
qwen2.5:14b,A,8611,Enable ECC error code 10014 in open CI (Bugzilla Bug 2951),-,bug,medium,AshrafAliS,0.95,"The bug is related to BaseTools and CI configuration, matching AshrafAliS's historical pattern of handling such issues.",,False
qwen2.5:14b,A,9976,[AuthService]: Digest Algorithm update for Authenticated Variables (Bugzilla Bug 2950),-,bug,low,HunterChang030,0.9,The bug involves Digest Algorithm update for Authenticated Variables which matches the SecurityPkg package and HunterChang030's expertise in handling OpalPassword issues.,,False
qwen2.5:14b,A,9975,[Unit Test]: Digest Algorithm update for Authenticated Variables (Bugzilla Bug 2949),-,bug,low,HunterChang030,0.85,The bug involves updating digest algorithms for authenticated variables which is related to security and authenticated variables handling.,,False
qwen2.5:14b,A,8610,Timeout loops in XhciDxe take longer than specified (Bugzilla Bug 2948),mdemodulepkg,bug,low,YangGangUEFI,0.85,"The bug is related to MdeModulePkg and involves a timeout issue in XhciDxe, which aligns with previous assignments to YangGangUEFI for similar issues within this package.",,False
qwen2.5:14b,A,8609,overflow happens when calculating memory size (Bugzilla Bug 2947),emulatorpkg,bug,medium,AshrafAliS,0.95,The bug is related to BaseTools and involves memory calculation issues.,,False
qwen2.5:14b,A,8608,BrotliCustomDecompressLib : Destination size and Scratch size are claimed too large (Bugzilla Bug 2946),mdemodulepkg,bug,medium,YangGangUEFI,0.85,The bug is related to MdeModulePkg and does not match any specific rare assignees or unique historical patterns.,,False
qwen2.5:14b,A,8607,variable 'Status' is used uninitialized (Bugzilla Bug 2945),securitypkg,bug,low,HunterChang030,0.9,"The bug is related to SecurityPkg and involves uninitialized variable usage, matching HunterChang030's historical pattern for handling such issues in the SecurityPkg package.",,False
qwen2.5:14b,A,8606,add FspMeasurementLib.h to IntelFsp2WrapperPkg/IntelFsp2WrapperPkg.dec (Bugzilla Bug 2944),intelfsp2wrapperpkg,bug,low,Vogtinator,0.95,"The bug is related to IntelFsp2WrapperPkg and no specific assignee for this package is listed, Vogtinator has handled similar TPM/TCG issues on RISC-V.",,False
qwen2.5:14b,A,8605,Disable the SHA1 support of DxeImageVerificationLib base on the MACRO DISABLE_SHA1_DEPRECATED_INTERFACES (Bugzilla Bug 2943),securitypkg,bug,low,HunterChang030,0.9,The bug is related to disabling SHA1 support in SecurityPkg which matches HunterChang030's historical pattern of handling DeviceList and security interface issues.,,False
qwen2.5:14b,A,9974,Enable OpenCI for IntelFsp2WrapperPkg and IntelFsp2Pkg (Bugzilla Bug 2942),intelfsp2pkg,bug,medium,AshrafAliS,0.95,The bug is about enabling OpenCI for specific packages which aligns with previous work on CI and build system configurations.,,False
qwen2.5:14b,A,8604,HttpParseMessageBody spins forever in for loop when HTTP server does not provide Content-Length header (Bugzilla Bug 2941),networkpkg,bug,low,BritChesley,0.95,The bug is related to a specific function in the NetworkPkg and matches historical CodeQl error patterns.,,False
qwen2.5:14b,A,8603,change TpmMeasurementLibNull to BASE library (Bugzilla Bug 2940),mdemodulepkg,bug,low,YangGangUEFI,0.85,"The bug is related to MdeModulePkg and involves changing a library class, which matches previous assignments to YangGangUEFI for similar issues in this package.",,False
qwen2.5:14b,A,8602,Structured PCD for ACPI fixed tables is limited by BaseTools having copies of ACPI header files (Bugzilla Bug 2938),basetools,bug,medium,AshrafAliS,0.95,The bug is related to BaseTools and involves handling of ACPI header files.,,False
qwen2.5:14b,A,8601,"In Acpi10.h, EFI_ACPI_DMA_TRANSFER_TYPE_16_BIT is defined with the wrong value. (Bugzilla Bug 2937)",mdepkg,bug,medium,YangGangUEFI,0.95,"The bug is related to a header file in MdePkg and involves incorrect definition of an enum value, which aligns with previous bugs assigned to YangGangUEFI for similar issues.",,False
qwen2.5:14b,A,8593,race conditions in VCPU hotplug (Bugzilla Bug 2929),ovmfpkg,bug,-,os-d,0.95,The bug involves race conditions in VCPU hotplug which is related to OvmfPkg and likely concerns memory management or concurrency issues.,,False
qwen2.5:14b,A,8592,"duplicate ""-Os"" compiler options (Bugzilla Bug 2928)",basetools,bug,low,AshrafAliS,0.95,The bug is related to BaseTools and involves a compiler option issue.,,False
qwen2.5:14b,A,8591,Add strncmp macro to use AsciiStrnCmp (Bugzilla Bug 2927),embeddedpkg,bug,medium,YangGangUEFI,0.85,"The bug is related to EmbeddedPkg and involves adding a macro for string comparison, which aligns with previous work on similar string handling issues in the package.",,False
qwen2.5:14b,A,8590,Add new memory attribute EFI_MEMORY_SP and EFI_MEMORY_CPU_CRYPTO introduced by UEFI2.8 (Bugzilla Bug 2926),mdepkg,bug,medium,os-d,0.95,The bug is related to adding new memory attributes in MdePkg which falls under the responsibility of handling core memory protection features and GCD internal data structures.,,False
qwen2.5:14b,A,9973,CryptoPkg/Library/OpensslLib/process_files.pl missing copyright (Bugzilla Bug 2925),cryptopkg,bug,medium,liyi77,0.95,"The bug is about missing copyright in a script within CryptoPkg, which matches the pattern of updating OpenSSL version for CVEs handled by liyi77.",,False
qwen2.5:14b,A,8589,HostUnitTestDscCompleteCheck: return value typo under DscPath file check (Bugzilla Bug 2924),basetools,bug,low,AshrafAliS,0.95,"The bug is related to BaseTools and involves a typo in return value checking, matching AshrafAliS's historical pattern of handling BaseTools issues.",,False
qwen2.5:14b,A,8588,"Selecting the Secure Boot Mode = ""Custom Mode"" is never saved (Bugzilla Bug 2923)",ovmfpkg,bug,low,YangGangUEFI,0.95,"The bug is related to Secure Boot Mode selection and saving in OVMF package, matching historical pattern for UI/form issues.",,False
qwen2.5:14b,A,8587,SMM_REQUIRE=TRUE triggers kvm internal error (Bugzilla Bug 2922),ovmfpkg,bug,low,os-d,0.95,"The bug is related to OVMF and triggers a KVM internal error, which aligns with os-d's expertise in handling OVMF build issues and memory management problems.",,False
qwen2.5:14b,A,8585,False positive issue in edk2 open Ci (Bugzilla Bug 2920),-,bug,low,AshrafAliS,0.95,The bug is related to false positive issues in CI and matches the pattern of BaseTools FMMT handling case where Parent.Data is none.,,False
qwen2.5:14b,A,8584,Reference implement of EFI Redfish BIOS resource provisioning transport protocol (Bugzilla Bug 2919),-,bug,low,mikebeaton,0.95,The bug is related to EFI Redfish BIOS resource provisioning transport protocol which falls under the RedfishPkg package.,,False
qwen2.5:14b,A,8583,Reference implement of EFI Redfish BIOS resource provisioning payload generator protocol (Bugzilla Bug 2918),-,bug,high,mikebeaton,0.95,The bug is related to the EFI Redfish BIOS resource provisioning payload generator protocol which falls under the RedfishPkg package.,,False
qwen2.5:14b,A,8582,Add NETWORK_HTTP_ENABLE macro for generic HTTP modules enabled in  NetworkPkg (Bugzilla Bug 2917),networkpkg,bug,low,SaloniKasbekar,0.9,The bug involves replacing a hardcoded value with an existing define constant in NetworkPkg.,,False
qwen2.5:14b,A,8581,Support Rest style in HII options in VFR compiler (Bugzilla Bug 2916),basetools,bug,high,AshrafAliS,0.95,The bug is related to the VFR compiler in BaseTools package.,,False
qwen2.5:14b,A,8580,Add definitions for HTTP Chunked Transfer (Bugzilla Bug 2915),networkpkg,bug,high,SaloniKasbekar,0.9,"The bug involves adding definitions for HTTP Chunked Transfer in NetworkPkg, which matches the pattern of replacing hardcoded values with existing #define constants.",,False
qwen2.5:14b,A,8579,Reference implementation of EFI SOURCE CODING PROTOCOL (Bugzilla Bug 2914),-,bug,high,YangGangUEFI,0.85,The bug is related to an EFI protocol implementation and does not match any specific historical patterns for other assignees.,,False
qwen2.5:14b,A,8578,Implement the reference platform driver to provide EFI_REDFISH_PLATFORM_BIOS_RESOURCE_PROTOCOL (Bugzilla Bug 2913),-,bug,low,mikebeaton,0.95,The bug is related to implementing a reference platform driver for RedfishPkg which matches the historical pattern of mikebeaton handling such issues in this package.,,False
qwen2.5:14b,A,8577,Implementation of UEFI Redfish Host Interface Dxe (Bugzilla Bug 2912),networkpkg,bug,high,SaloniKasbekar,0.9,The bug is related to the implementation of a Dxe component in NetworkPkg and involves replacing hardcoded values with existing constants.,,False
qwen2.5:14b,A,8575,EDKII Redfish Credential Protocol (changed from EFI Redfish Credential Protocol) (Bugzilla Bug 2910),-,bug,high,mikebeaton,0.95,The bug is related to the Redfish Credential Protocol which falls under the RedfishPkg package.,,False
qwen2.5:14b,A,8574,TlsChildHandle is not cleared to NULL when HTTP EFI instance is reset (Bugzilla Bug 2909),networkpkg,bug,high,SaloniKasbekar,0.9,"The bug involves clearing a handle to NULL, which matches the pattern of replacing hardcoded values or ensuring proper use of constants in the NetworkPkg.",,False
qwen2.5:14b,A,8573,Implementation of UEFI spec 29.7.2 EFI_REST_EX_PROTOCOL (Bugzilla Bug 2908),-,bug,high,YangGangUEFI,0.85,"The bug is related to implementing a UEFI protocol specification, which typically falls under MdePkg or similar foundational packages handled by YangGangUEFI.",,False
qwen2.5:14b,A,8572,Implementation of UEFI spec 29.7.3 EFI_REST_JSON_STRUCTURE_PROTOCOL (Bugzilla Bug 2907),-,bug,high,mikebeaton,0.85,RedfishPkg is the most likely package for implementing UEFI spec protocols.,,False
qwen2.5:14b,A,8570,BaseTools : Build Failure for VfrCompile (Bugzilla Bug 2905),basetools,bug,low,AshrafAliS,0.95,Historical pattern shows AshrafAliS handles BaseTools related issues.,,False
qwen2.5:14b,A,8569,False positive issue reported by ECC under Linux OS (Bugzilla Bug 2904),basetools,bug,high,bexcran,0.95,"The bug is related to BaseTools and ECC under Linux OS, matching the pattern of previous BaseTools issues.",,False
qwen2.5:14b,A,8568,MpInitLib build failure on CLANGPDB (Bugzilla Bug 2901),ueficpupkg,bug,medium,philnoh2,0.95,"The bug is related to MpInitLib in UefiCpuPkg and involves a build failure on CLANGPDB, matching the pattern of BSP/AP issues previously handled by philnoh2.",,False
qwen2.5:14b,A,9972,RDSEED concerns (Bugzilla Bug 2897),cryptopkg,bug,medium,mdkinney,0.95,The bug is related to the CLANG compiler in cryptopkg.,,False
qwen2.5:14b,A,8564,VS2017 prefix is wrongly set when VS2017 and VS2019 are both installed. (Bugzilla Bug 2896),basetools,bug,low,AshrafAliS,0.95,The bug is related to BaseTools and involves a specific issue with VS2017 prefix configuration when multiple versions are installed.,,False
qwen2.5:14b,A,9971,MdePkgHostTest.dsc build fail with LLVM/CLANG (Bugzilla Bug 2895),basetools,bug,medium,bexcran,0.85,"The bug is related to MdePkgHostTest.dsc build failure with LLVM/CLANG, which falls under BaseTools package and likely involves build or CI code issues.",,False
qwen2.5:14b,A,9968,MdeModulePkg: AhciPei doesn't convert port multiplier value (Bugzilla Bug 2892),mdemodulepkg,bug,medium,YangGangUEFI,0.95,The bug is related to MdeModulePkg and does not match any specific rare assignees or unique patterns.,,False
qwen2.5:14b,A,9967,License should be changed to BSD-2-Clause-Patent in BaseTools\UserManuals files (Bugzilla Bug 2890),basetools,bug,medium,AshrafAliS,1.0,"The bug is related to BaseTools package and involves license change in UserManuals files, matching AshrafAliS's historical pattern of handling BaseTools issues.",,False
qwen2.5:14b,A,9966,No license in the file header of some files in OvmfPkg (Bugzilla Bug 2889),ovmfpkg,bug,medium,AshrafAliS,0.95,"The bug is about missing license headers in files, which is a code quality and compliance issue typically handled by someone responsible for overall build and CI processes.",,False
qwen2.5:14b,A,8563,CLANGPDB tool chain build failure in FmpDxe (Bugzilla Bug 2887),fmpdevicepkg,bug,medium,deeglaze,0.95,The bug is related to CLANGPDB tool chain build failure which matches historical pattern of deeglaze handling such issues.,,False
qwen2.5:14b,A,9964,EmbeddedPkg PrePiHobLib SetBootMode wrong return type (Bugzilla Bug 2886),embeddedpkg,bug,medium,YangGangUEFI,0.85,"The bug is related to EmbeddedPkg and PrePiHobLib, which falls under the general category of MdeModulePkg issues handled by YangGangUEFI.",,False
qwen2.5:14b,A,9963,CD command failed with Trailing period end of folder name (Bugzilla Bug 2885),shellpkg,bug,medium,YangGangUEFI,0.95,The bug is related to a command in UEFI Shell and matches historical patterns for shellpkg issues.,,False
qwen2.5:14b,A,8561,Incremental build error triggered by changing name of source code file (Bugzilla Bug 2882),basetools,bug,medium,AshrafAliS,0.95,"The bug is related to BaseTools and incremental build issues, matching AshrafAliS's historical pattern of handling such bugs.",,False
qwen2.5:14b,A,8560,Incremental build issue as macro value change in Makefile (Bugzilla Bug 2881),basetools,bug,medium,AshrafAliS,0.95,The bug is related to BaseTools and Makefile macro changes affecting incremental builds.,,False
qwen2.5:14b,A,8559,Incremental build issue as directory macros extended in Makefile (Bugzilla Bug 2880),basetools,bug,medium,AshrafAliS,0.95,The bug is related to BaseTools and Makefile issues which matches AshrafAliS's historical pattern of handling such bugs.,,False
qwen2.5:14b,A,9962,Hardware error record variable quota calculation update (Bugzilla Bug 2879),mdemodulepkg,bug,medium,lgao4,0.75,"The bug is related to MdeModulePkg and involves variable quota calculation, which matches previous assignments by lgao4.",,False
qwen2.5:14b,A,9961,Update FMP function descriptions to match UEFI 2.8B spec (Bugzilla Bug 2878),fmpdevicepkg,bug,low,AshrafAliS,0.95,"The bug is related to FMPDevicePkg and updating function descriptions, which aligns with AshrafAliS's expertise in handling such specification updates.",,False
qwen2.5:14b,A,9960,Bug Capsule date error (Bugzilla Bug 2877),mdemodulepkg,bug,high,lgao4,0.75,"The bug is related to MDKModulePkg and involves a high priority issue with the capsule date error, which matches historical patterns of lgao4 handling similar issues in this package.",,False
qwen2.5:14b,A,8558,SVN#15047 (Bugzilla Bug 2876),networkpkg,bug,medium,SaloniKasbekar,0.9,The bug is related to the NetworkPkg and involves replacing a hardcoded value with an existing define constant.,,False
qwen2.5:14b,A,9958,QuarkPlatformPkg compilation problem (Bugzilla Bug 2874),-,bug,medium,AshrafAliS,0.95,"The bug is related to QuarkPlatformPkg compilation and there's no specific assignee listed for this package, but AshrafAliS has handled similar BaseTools issues before.",,False
qwen2.5:14b,A,9957,IP is getting Configured when IP Configuration is disabled (Bugzilla Bug 2873),networkpkg,bug,low,SaloniKasbekar,0.9,"The bug involves a configuration issue within the NetworkPkg, matching SaloniKasbekar's pattern of handling hardcoded value replacements with define constants in this package.",,False
qwen2.5:14b,A,8557,DHCP support for RFC 3021 addresses? Question/Feature reuquest (Bugzilla Bug 2871),networkpkg,bug,low,SaloniKasbekar,0.9,The bug is related to DHCP support in NetworkPkg and matches the pattern of replacing hardcoded values with existing #define constants.,,False
qwen2.5:14b,A,8556,FMP Protocol Function Parameter Input Validation Could be Improved in FmpDxe (Bugzilla Bug 2869),fmpdevicepkg,bug,low,YangGangUEFI,0.85,The bug is related to FmpDxe in FMPDevicePkg and matches the pattern of previous bugs assigned to YangGangUEFI within similar packages.,,False
qwen2.5:14b,A,9956,Request to add PatchCheck as CI Plugin (Bugzilla Bug 2868),basetools,bug,low,AshrafAliS,0.95,"The bug is related to BaseTools and CI plugins, matching AshrafAliS's historical pattern of handling BaseTools issues.",,False
qwen2.5:14b,A,8555,GCC build fails due variable self assignment (Bugzilla Bug 2864),basetools,bug,high,AshrafAliS,0.95,Historical pattern shows AshrafAliS handles BaseTools related issues.,,False
qwen2.5:14b,A,9955,Make MtrrLib unit test failure easily reproducable (Bugzilla Bug 2863),ueficpupkg,bug,medium,philnoh2,0.95,"The bug is related to UefiCpuPkg and specifically involves unit tests for MtrrLib, matching the expertise of philnoh2 who has handled similar issues in this package before.",,False
qwen2.5:14b,A,8554,Read/Write MMX and MemoryFence() missing in UnitTestHostBaseLib (Bugzilla Bug 2862),mdepkg,bug,low,os-d,0.95,"The bug is related to MdePkg and missing functions in UnitTestHostBaseLib, which aligns with os-d's expertise in handling MdePkg issues.",,False
qwen2.5:14b,A,9954,"HiiDatabaseDxe, ConfigRouting.c, GetElementsFromRequest incorrect error handling. (Bugzilla Bug 2861)",mdemodulepkg,bug,medium,YangGangUEFI,0.95,The bug is in HiiDatabaseDxe within MdeModulePkg and matches historical patterns for this specific sub-component.,,False
qwen2.5:14b,A,9952,Invalid Flash BlockIo device under qemu (Bugzilla Bug 2856),armplatformpkg,bug,low,Damien-Chen,0.75,"The bug is related to an ARM platform package and a Flash BlockIo device under qemu, which does not match any specific rare assignees or common patterns exactly.",,False
qwen2.5:14b,A,8550,Fix GetSupportedAndActivePcrs counter calculation (Bugzilla Bug 2855),securitypkg,bug,low,HunterChang030,0.9,"The bug is related to SecurityPkg and involves a specific function (GetSupportedAndActivePcrs), matching HunterChang030's historical pattern of handling similar issues in the SecurityPkg.",,False
qwen2.5:14b,A,8549,"""build clean"" fails for OVMF: ""ResetVector: Is a directory"" (Bugzilla Bug 2854)",basetools,bug,medium,AshrafAliS,0.95,The bug is related to BaseTools and involves a specific issue with the 'build clean' command.,,False
qwen2.5:14b,A,9951,UT_LOG_xxx() messages are truncated (Bugzilla Bug 2853),unittestframeworkpkg,bug,low,lgao4,0.75,The bug is related to the UnitTestFrameworkPkg and there's no specific assignee listed for this package in the hints.,,False
qwen2.5:14b,A,8548,please update / extend the HTTPS cipher suite notes in OvmfPkg/README (Bugzilla Bug 2852),ovmfpkg,bug,low,mikebeaton,0.95,"The bug is related to updating documentation in OvmfPkg/README, which aligns with common tasks handled by mikebeaton for OvmfPkg.",,False
qwen2.5:14b,A,9950,TPM _SRS has interrupt polarity reversed (following an ACPI spec inconsistency) (Bugzilla Bug 2851),securitypkg,bug,low,HunterChang030,0.9,The bug is related to TPM in SecurityPkg and HunterChang030 has handled similar issues before.,,False
qwen2.5:14b,A,8547,Generate compile_commands.json file needed by clangd VS Code plugin (Bugzilla Bug 2850),basetools,bug,low,AshrafAliS,0.95,The bug is related to BaseTools and requires handling a specific case for compile_commands.json generation.,,False
qwen2.5:14b,A,8546,Remove unnecessary APIs from MtrrLib (Bugzilla Bug 2849),ueficpupkg,bug,low,lgao4,0.85,"The bug is related to UefiCpuPkg and involves removing unnecessary APIs, which aligns with previous lgao4 assignments for similar issues in this package.",,False
qwen2.5:14b,A,8545,"""OpensslLib.inf"" and ""OpensslLibCrypto.inf"" use different RISCV64_CC_FLAGS (Bugzilla Bug 2848)",cryptopkg,bug,low,liyi77,0.95,"The bug involves different RISCV64_CC_FLAGS in OpensslLib.inf files, which is related to OpenSSL updates and configurations.",,False
qwen2.5:14b,A,9949,Error while execute command 'nmake all' in direcotry C:\Users\jguo5\Downloads\edk2-master\BaseTools\Source\C\BrotliCompress (Bugzilla Bug 2846),mdemodulepkg,bug,high,AshrafAliS,0.95,"The bug is related to BaseTools and involves a build issue, matching AshrafAliS's historical pattern of handling BaseTools-related issues.",,False
qwen2.5:14b,A,8544,To enable X2Apic by default (Bugzilla Bug 2845),ueficpupkg,bug,medium,philnoh2,0.95,"The bug is related to UEFI CPU package and involves enabling X2Apic by default, matching the pattern of previous bugs handled by philnoh2.",,False
qwen2.5:14b,A,8543,SetVariable() returns EFI_SUCCESS after Reclaim() when variable is not actually set (Bugzilla Bug 2844),mdemodulepkg,bug,low,wenbhou,0.95,"The bug involves SetVariable() behavior in MdeModulePkg, which matches previous high-priority bugs handled by wenbhou.",,False
qwen2.5:14b,A,8542,Partition child handler calculate the start and end LBA with incorrect blocksize (Bugzilla Bug 2843),mdemodulepkg,bug,medium,YangGangUEFI,0.85,"The bug is related to Partition child handler in MdeModulePkg, which matches previous assignments to YangGangUEFI for similar issues.",,False
qwen2.5:14b,A,8541,Using LLVM compiler set to build BaseTools in Linux (Bugzilla Bug 2842),basetools,bug,low,AshrafAliS,0.95,Historical pattern shows AshrafAliS handles BaseTools related issues in Linux.,,False
qwen2.5:14b,A,8539,Add missing PcrIndex assignment for Tcg2Pei FvBlock2 event. (Bugzilla Bug 2840),securitypkg,bug,low,HunterChang030,0.9,"The bug is related to SecurityPkg and involves a missing PcrIndex assignment for Tcg2Pei FvBlock2 event, matching HunterChang030's historical pattern of handling similar issues in the SecurityPkg.",,False
qwen2.5:14b,A,8538,Use PcdTcgPfpMeasurementRevision to TcgSpecId event (Bugzilla Bug 2839),securitypkg,bug,low,HunterChang030,0.9,"The bug is related to SecurityPkg and involves PcdTcgPfpMeasurementRevision, matching HunterChang030's historical pattern of handling OpalPassword issues in SecurityPkg.",,False
qwen2.5:14b,A,9947,missing memory attribute type (Bugzilla Bug 2837),mdepkg,bug,medium,os-d,0.95,"The bug is related to MdePkg and involves missing memory attribute type, which aligns with os-d's expertise in handling memory protection and consistency issues.",,False
qwen2.5:14b,A,8537,Enhance PatchChecker to skip Tag line in the commit message (Bugzilla Bug 2836),basetools,bug,medium,AshrafAliS,0.95,The bug is related to BaseTools and involves enhancing PatchChecker functionality.,,False
qwen2.5:14b,A,8536,Explicitly cast UINT64 to UINT32 in ArmMMU (Bugzilla Bug 2835),armpkg,bug,low,YangGangUEFI,0.85,The bug is related to ArmMMU in ArmPkg and matches the pattern of previous bugs assigned to YangGangUEFI.,,False
qwen2.5:14b,A,9946,Contribution guidelines have not been re-evaluated following dropping of contribution agreement (Bugzilla Bug 2834),-,bug,high,AshrafAliS,1.0,"The bug is related to contribution guidelines and BaseTools handling, matching AshrafAliS's historical pattern for handling such issues.",,False
qwen2.5:14b,A,8535,license check introduced for bug 2691 interferes with generated files (Bugzilla Bug 2833),basetools,bug,low,AshrafAliS,0.95,"The bug is related to BaseTools and interference with generated files, matching AshrafAliS's historical pattern of handling BaseTools issues.",,False
qwen2.5:14b,A,8534,Remove PEI/DXE instances of CpuTimerLib in UefiCpuPkg (Bugzilla Bug 2832),ueficpupkg,bug,medium,philnoh2,0.95,"The bug is related to UefiCpuPkg and involves CPU timer libraries, matching the expertise of philnoh2 who handles similar issues in this package.",,False
qwen2.5:14b,A,9945,UefiBootManagerLib is not specs compliant with regards to EFI_EVENT_GROUP_READY_TO_BOOT (Bugzilla Bug 2831),mdemodulepkg,bug,medium,YangGangUEFI,0.85,The bug is related to UefiBootManagerLib in MdeModulePkg and matches historical patterns of YangGangUEFI handling such issues.,,False
qwen2.5:14b,A,9944,ECC parse struct member include keyword string issue (Bugzilla Bug 2830),basetools,bug,high,bexcran,0.95,"The bug is related to BaseTools and involves ECC parsing, matching the pattern of previous BaseTools ECC issues.",,False
qwen2.5:14b,A,9943,ECC parse UTF-16 encoding source file halt issue (Bugzilla Bug 2829),basetools,bug,medium,bexcran,0.95,The bug is related to BaseTools and involves ECC parsing issues.,,False
qwen2.5:14b,A,8533,IntelFsp2Pkg/Tools/GenCfgOpt.py failed to parse the macro value which contain another macro (Bugzilla Bug 2827),intelfsp2pkg,bug,medium,praravin,0.95,The bug is related to IntelFsp2Pkg and specifically mentions a parsing issue in GenCfgOpt.py.,,False
qwen2.5:14b,A,8532,OVMF bios corrupts files in shared folder of QEMU (Bugzilla Bug 2826),ovmfpkg,bug,low,AndreasBBS,0.95,"The bug involves QEMU and OVMF bios corruption in a shared folder, matching the pattern of network protocol driver issues with QEMU_EFI.",,False
qwen2.5:14b,A,8531,Use InitializeFloatingPointUnits defined in UefiCpuLib (Bugzilla Bug 2825),intelfsp2pkg,bug,low,Vogtinator,0.85,"The bug is related to IntelFsp2Pkg and involves a specific function in UefiCpuLib, matching Vogtinator's expertise with similar issues.",,False
qwen2.5:14b,A,8530,Update the MBR partition child handler to skip the table added for windows compatibility (Bugzilla Bug 2823),mdemodulepkg,bug,low,YangGangUEFI,0.95,"The bug is related to MdeModulePkg and involves updating a partition handler, which matches previous assignments to YangGangUEFI for similar issues in this package.",,False
qwen2.5:14b,A,9941,Add AARCH64 flags for MSFT compiler to Intrinsic Lib (Bugzilla Bug 2821),cryptopkg,bug,low,ardbiesheuvel,0.95,"The bug is related to MSFT compiler flags in the Intrinsic Lib of cryptopkg, which falls under build configuration and compiler issues.",,False
qwen2.5:14b,A,9940,Initialize variables in FwVol (PrePiLib) (Bugzilla Bug 2820),embeddedpkg,bug,low,AshrafAliS,0.95,The bug is related to BaseTools and PrePiLib which matches the historical pattern of AshrafAliS handling such issues.,,False
qwen2.5:14b,A,9939,There should be a macro defined for file attribute 0. (Bugzilla Bug 2819),mdepkg,bug,low,SaloniKasbekar,0.9,"The bug involves defining a macro for a file attribute, which matches the pattern of replacing hardcoded values with existing define constants in MdePkg.",,False
qwen2.5:14b,A,8529,"Upon BootOption failure, Destroy RamDisk memory before reporting StatusCode. (Bugzilla Bug 2818)",mdemodulepkg,bug,medium,YangGangUEFI,0.95,The bug is related to BootOption and RamDisk memory management within MdeModulePkg.,,False
qwen2.5:14b,A,8528,Avoid using MAX_STRING_SIZE in AsciiStrCpyS() (Bugzilla Bug 2817),cryptopkg,bug,medium,liyi77,0.95,"The bug is related to avoiding hardcoded string size in Cryptopkg, matching the pattern of updating OpenSSL for CVE.",,False
qwen2.5:14b,A,9938,Separate NULL class libraries for Memory and serial handlers from MdeModulePkg/Universal/StatusCodeHandler modules (Bugzilla Bug 2816),mdemodulepkg,bug,low,YangGangUEFI,0.85,"The bug is related to MdeModulePkg and involves separating NULL class libraries for Memory and serial handlers, which aligns with previous work on similar module issues.",,False
qwen2.5:14b,A,8527,Triple fault in Ovmf caused by interrupt stack overflow under heavy load (Bugzilla Bug 2815),ovmfpkg,bug,high,os-d,0.95,"The bug is related to OvmfPkg and involves a stack overflow issue under heavy load, which aligns with os-d's expertise in handling memory management and protection features.",,False
qwen2.5:14b,A,9937,Break out the PromptForUserConfirmation() function from Tcg2 PPI. (Bugzilla Bug 2814),securitypkg,bug,medium,HunterChang030,0.9,"The bug is related to SecurityPkg and specifically involves the Tcg2 PPI, which matches HunterChang030's previous work on OpalPassword in SecurityPkg.",,False
qwen2.5:14b,A,9936,Add support for Tpm2PolicyLocality assertions. (Bugzilla Bug 2813),securitypkg,bug,medium,HunterChang030,0.9,The bug is related to SecurityPkg and specifically mentions Tpm2PolicyLocality assertions.,,False
qwen2.5:14b,A,9935,Add Tpm12GetCapabilityFirmwareVersion() for Tpm12CommandLib (Bugzilla Bug 2812),securitypkg,bug,medium,HunterChang030,0.9,"The bug is related to SecurityPkg and specifically involves Tpm12CommandLib, matching HunterChang030's historical pattern of handling DeviceList issues in OpalPassword.",,False
qwen2.5:14b,A,9934,Tcg2Smm debug statement can overrun string buffer. (Bugzilla Bug 2811),securitypkg,bug,medium,HunterChang030,0.9,The bug is related to SecurityPkg and specifically involves a buffer overrun in Tcg2Smm debug statement.,,False
qwen2.5:14b,A,8526,Allow OpenSSL config to support elliptic curve algorithms (Bugzilla Bug 2810),cryptopkg,bug,low,liyi77,0.95,The bug is related to OpenSSL configuration in the cryptopkg package.,,False
qwen2.5:14b,A,8525,DXE_ASSERT when UEFI Driver creates an event for EVT_SIGNAL_EXIT_BOOT_SERVICES with TPL_NOTIFY (Bugzilla Bug 2809),pcatchipsetpkg,bug,high,lgao4,0.85,"The bug involves a DXE_ASSERT related to event creation with TPL_NOTIFY in PCATChipsetPkg, which is not directly listed but similar to other protocol and handle issues handled by lgao4.",,False
qwen2.5:14b,A,9933,Implement authentication mechanism for UEFI BIOS sub-region (Bugzilla Bug 2808),securitypkg,bug,low,HunterChang030,0.9,"The bug is related to SecurityPkg and involves an authentication mechanism for UEFI BIOS sub-region, matching HunterChang030's historical pattern of handling security-related bugs in SecurityPkg.",,False
qwen2.5:14b,A,8524,"Build intermittently breaks with ""make: *** No rule to make target 'tbuild'.  Stop."" (Bugzilla Bug 2807)",basetools,bug,high,AshrafAliS,0.95,"The issue is related to BaseTools and involves a make target problem, matching AshrafAliS's historical pattern of handling BaseTools issues.",,False
qwen2.5:14b,A,8523,Use filename instead of function name in target based unit test log messages (Bugzilla Bug 2806),unittestframeworkpkg,bug,low,AshrafAliS,0.95,The bug is related to the UnitTestFrameworkPkg which does not have a specific assignee listed but matches historical patterns of AshrafAliS handling BaseTools issues.,,False
qwen2.5:14b,A,8522,Move print of unit test log into unit test tear down function CmockaUnitTestTeardownFunctionRunner() (Bugzilla Bug 2805),unittestframeworkpkg,bug,low,lgao4,0.85,The bug is related to a unit test framework package and does not match any specific rare assignees or common patterns listed.,,False
qwen2.5:14b,A,8520,Increase host based unit test stack size to a minimum of 256KB (Bugzilla Bug 2803),unittestframeworkpkg,bug,low,AshrafAliS,0.95,"The bug is related to the UnitTestFrameworkPkg and there's no specific historical pattern for this package, but AshrafAliS has handled BaseTools issues before which might be relevant.",,False
qwen2.5:14b,A,8518,Add UT_EXPECT_ASSERT_FAILURE() to UnitTestLib (Bugzilla Bug 2801),unittestframeworkpkg,bug,low,lgao4,0.75,The bug is related to UnitTestLib which does not have a specific assignee listed but lgao4 has handled similar issues in the past.,,False
qwen2.5:14b,A,8516,Add BaseCacheMaintenanceLibNull instance of CacheMaintenanceLib to MdePkg (Bugzilla Bug 2799),mdepkg,bug,low,os-d,0.95,"The bug is related to MdePkg and involves adding a library instance, which aligns with os-d's expertise in handling MdePkg issues.",,False
qwen2.5:14b,A,8515,Add BaseCpuLibNull instance of CpuLib to MdePkg (Bugzilla Bug 2798),mdepkg,bug,low,os-d,0.95,"The bug is related to MdePkg and involves adding a CpuLib instance, which aligns with os-d's expertise in handling MdePkg issues.",,False
qwen2.5:14b,A,8514,Allow NULL library instances for HOST_APPLICATION modules (Bugzilla Bug 2797),basetools,bug,low,AshrafAliS,0.95,The bug is related to BaseTools and involves handling NULL library instances for HOST_APPLICATION modules.,,False
qwen2.5:14b,A,9932,PCI passthrough impaired due to very limiting PCI64 aperture - heuristic should be used instead of hardcoded window (Bugzilla Bug 2796),ovmfpkg,bug,low,SaloniKasbekar,0.9,The bug involves replacing a hardcoded value with an existing define constant in OvmfPkg.,,False
qwen2.5:14b,A,9931,Report the spare space in FV image when its top ffs is placed (Bugzilla Bug 2790),basetools,bug,medium,AshrafAliS,0.95,The bug is related to BaseTools and specifically FMMT functionality.,,False
qwen2.5:14b,A,8511,IntelFsp2Pkg.dsc is missing Fsp22SecCoreS.inf (Bugzilla Bug 2788),intelfsp2pkg,bug,low,praravin,0.95,"The bug is related to IntelFsp2Pkg.dsc missing an INF file, which matches the specific expertise of praravin handling FSP-T configuration issues.",,False
qwen2.5:14b,A,8510,MdeModulePkg/Universal/StatusCodeHandler: do not output \n\r for string data (Bugzilla Bug 2787),mdemodulepkg,bug,medium,YangGangUEFI,0.95,The bug is related to MdeModulePkg and specifically deals with StatusCodeHandler output formatting.,,False
qwen2.5:14b,A,8509,MdeModulePkg.dec: Change PCDs for status code. (Bugzilla Bug 2786),mdemodulepkg,bug,medium,YangGangUEFI,0.95,"The bug is related to MdeModulePkg and involves PCD changes for status code, which aligns with previous assignments of similar nature in this package.",,False
qwen2.5:14b,A,8508,OvmfPkg/X86QemuLoadImageLib does not recognize EFI_ACCESS_DENIED from LoadImage() (Bugzilla Bug 2785),ovmfpkg,bug,low,os-d,0.95,"The bug is related to OvmfPkg and involves a specific library (X86QemuLoadImageLib), which aligns with os-d's expertise in handling OVMF build issues and memory management problems.",,False
qwen2.5:14b,A,8506,FileHandleReadLine() overruns a supplied buffer if the buffer is too small (Bugzilla Bug 2783),mdepkg,bug,medium,lgao4,0.85,"The bug is related to MdeModulePkg and involves a function overrun issue, which matches the pattern of previous bugs assigned to lgao4 in this package.",,False
qwen2.5:14b,A,9930,BaseTools assume the map file is always generated (Bugzilla Bug 2782),basetools,bug,medium,AshrafAliS,0.95,The bug is related to BaseTools and matches the pattern of previous BaseTools issues handled by AshrafAliS.,,False
qwen2.5:14b,A,8504,"Update new timezone of Istanbul, Novosibirsk, Georgetown (Bugzilla Bug 2780)",shellpkg,bug,medium,NingFengGit,0.95,"The bug involves updating timezones in ShellPkg, matching NingFengGit's previous timezone-related work.",,False
qwen2.5:14b,A,8503,Brotli sources are not included into released source archive (Bugzilla Bug 2779),-,bug,low,AshrafAliS,0.95,The bug is related to BaseTools and historical patterns indicate AshrafAliS handles such issues.,,False
qwen2.5:14b,A,8502,Maintainers.txt: disorder between subsystem headers (Bugzilla Bug 2778),-,bug,low,AshrafAliS,0.95,"The bug is related to Maintainers.txt and subsystem headers, which does not fit any specific package or rare assignee pattern.",,False
qwen2.5:14b,A,9929,Extended PMR feature: allow platform code to adjust RMRR range base on the project needs (Bugzilla Bug 2775),intelsiliconpkg,bug,low,AshrafAliS,0.95,"The bug is related to BaseTools and FMMT, matching the historical pattern of AshrafAliS handling such issues.",,False
qwen2.5:14b,A,9928,NvmExpressDxe reconfigures controllers already handled by another driver (Bugzilla Bug 2773),mdemodulepkg,bug,low,YangGangUEFI,0.85,The bug is related to NvmExpressDxe in MdeModulePkg and matches historical patterns for this component.,,False
qwen2.5:14b,A,8499,"Remove deprecated packages in bugzilla Package field for ""Edk2"" product (Bugzilla Bug 2771)",stdlibprivateinternalfiles,bug,low,AshrafAliS,1.0,The bug is related to BaseTools and specifically about handling deprecated packages in Bugzilla.,,False
qwen2.5:14b,A,8498,Trim.py giving error when .asl files filtered out by build flags are not present in the folder (Bugzilla Bug 2770),basetools,bug,low,AshrafAliS,0.95,"The bug is related to BaseTools and specifically Trim.py, which matches the historical pattern of AshrafAliS handling BaseTools issues.",,False
qwen2.5:14b,A,8495,Register SMI handler profile for PiSmmCommunication driver (Bugzilla Bug 2766),mdemodulepkg,bug,low,YangGangUEFI,0.85,"The bug is related to MdeModulePkg and involves SMM communication driver registration, which aligns with previous assignments of similar nature.",,False
qwen2.5:14b,A,9927,UnicodeStrToAsciiStrS should filter non-ascii characters (Bugzilla Bug 2764),mdepkg,bug,low,lgao4,0.75,"The bug is related to MdePkg and involves a function in the Unicode string handling category, but no exact match exists for this specific issue.",,False
qwen2.5:14b,A,9926,Inconsistent Shell File Info state assumptions (Bugzilla Bug 2763),shellpkg,bug,low,praveensankarn,0.85,"The bug is related to ShellPkg and involves inconsistencies in file info state assumptions, matching the pattern of previous ShellPkg issues handled by praveensankarn.",,False
qwen2.5:14b,A,8494,Adding Guid name support in GenFfs to prevent hard coding GUID vaule on fdf file (Bugzilla Bug 2762),basetools,bug,medium,AshrafAliS,0.95,The bug is related to BaseTools and involves preventing hard coding of GUID values in fdf files.,,False
qwen2.5:14b,A,9925,Tcg2Dxe Invoke Exit Boot Services should be hashed into PCR on failure and success case (Bugzilla Bug 2753),securitypkg,bug,medium,HunterChang030,0.9,The bug is related to Tcg2Dxe in SecurityPkg and HunterChang030 has previously handled similar issues in this package.,,False
qwen2.5:14b,A,8493,OvmfPkg/Tcg2ConfigPei: trivial cleanups (Bugzilla Bug 2752),ovmfpkg,bug,low,Vogtinator,0.85,"The bug is related to TCG2/TPM2 support in OvmfPkg, matching Vogtinator's previous work on similar issues.",,False
qwen2.5:14b,A,8492,[aarch64] [OVMF] Translation Fault upon attempting to execute EFI_FILE->GetInfo (Bugzilla Bug 2730),armvirtpkg,bug,low,os-d,0.95,"The bug involves a translation fault in OVMF on ARM architecture, likely related to memory protection or page table issues.",,False
qwen2.5:14b,A,9924,UnitTest for BaseLib needs better structuring to support all BaseLib functions (Bugzilla Bug 2729),mdepkg,bug,low,AshrafAliS,0.95,The bug is related to BaseLib unit tests in MdePkg and matches the pattern of AshrafAliS handling MdePkg issues.,,False
qwen2.5:14b,A,8491,"""ArmVirtPkg/ArmVirtQemu.dsc"" build failure with ""-D TPM2_ENABLE"" (Bugzilla Bug 2728)",ovmfpkg,bug,low,Vogtinator,0.95,TPM2 related issues in OvmfPkg are typically handled by Vogtinator based on previous patterns.,,False
qwen2.5:14b,A,8490,Support for OS debug memory buffer when the OS debugger loader supports EFI_PCI_PROTOCOL or EFI_IOMMU_PROTOCOL (Bugzilla Bug 2727),intelsiliconpkg,bug,low,AshrafAliS,0.95,"The bug is related to BaseTools and involves handling specific protocols, matching AshrafAliS's historical pattern of working on BaseTools issues.",,False
qwen2.5:14b,A,8489,IntelFsp2Pkg: Add FunctionParametePtr to FspGlobalData. (Bugzilla Bug 2726),intelfsp2pkg,bug,low,praravin,1.0,The bug is related to IntelFsp2Pkg and matches the pattern of previous bugs assigned to praravin.,,False
qwen2.5:14b,A,9923,WinHost.exe exits after launching after SEC core. (Bugzilla Bug 2725),emulatorpkg,bug,low,AshrafAliS,0.95,The bug is related to WinHost.exe in EmulatorPkg which has no direct match but closely resembles BaseTools issues handled by AshrafAliS.,,False
qwen2.5:14b,A,9922,Change the process_file.py in CryptoPkg to make the created file opensslconfig.h with correct line ending (Bugzilla Bug 2724),cryptopkg,bug,low,liyi77,0.95,"The bug is related to updating a file in CryptoPkg for correct line endings, matching previous low-priority bugs handled by liyi77.",,False
qwen2.5:14b,A,9921,Base tools Common lib built with wrong arch on mac os (Bugzilla Bug 2722),apppkg,bug,medium,AshrafAliS,0.95,The bug is related to BaseTools and Common lib build issues on macOS.,,False
qwen2.5:14b,A,8487,Both ResultReportLibs use wrong bounded StrCpy function. (Bugzilla Bug 2721),unittestframeworkpkg,bug,medium,YangGangUEFI,0.85,"The bug is related to a library function misuse within the UnitTestFrameworkPkg, which historically has been handled by YangGangUEFI for similar issues.",,False
qwen2.5:14b,A,9920,HttpBootDxe fails with some HTTP servers and low-latency links (Bugzilla Bug 2720),networkpkg,bug,high,SaloniKasbekar,0.9,HttpBootDxe is part of NetworkPkg and the bug involves replacing hardcoded values with existing constants.,,False
qwen2.5:14b,A,8486,X64 build error for MdePkg: Unable to open include file Nasm.inc (Bugzilla Bug 2719),mdepkg,bug,low,bexcran,0.95,The bug is related to a build error in MdePkg which matches historical patterns for bexcran handling such issues.,,False
qwen2.5:14b,A,8485,MdePkg/Include/IndustryStandard/SmBios.h and ShellPkg/Library/UefiShellDebug1CommandsLib/SmbiosView/PrintInfo.c misspell FirmwareVersion (Bugzilla Bug 2718),shellpkg,bug,medium,praveensankarn,0.95,"The bug involves misspelling in FirmwareVersion related to SmbiosView in ShellPkg, matching praveensankarn's ARMV9 support work for SmbioView.",,False
qwen2.5:14b,A,8484,MdePkg/Include/Protocol/DevicePath.h lacks definitions for NVDIMM Namespace Device Path (Bugzilla Bug 2717),mdepkg,bug,medium,YangGangUEFI,0.85,"The bug is related to MdePkg and lacks definitions in DevicePath.h, which aligns with previous UEFI protocol-related issues assigned to YangGangUEFI.",,False
qwen2.5:14b,A,8483,MdePkg/Include/Protocol/DevicePath.h lacks definitions for ACPI NVDIMM Device Path (Bugzilla Bug 2716),mdepkg,bug,medium,YangGangUEFI,0.85,"The bug is related to MdePkg and lacks definitions for ACPI NVDIMM Device Path, which aligns with previous UEFI protocol definition issues.",,False
qwen2.5:14b,A,8482,Get default value from same source for TCG2_PHYSICAL_PRESENCE_FLAGS_VARIABLE (Bugzilla Bug 2713),securitypkg,bug,low,HunterChang030,0.9,"The bug is related to SecurityPkg and involves default value handling for a variable, matching HunterChang030's previous work on similar issues in the same package.",,False
qwen2.5:14b,A,8481,Build failure with XCODE and CLANG9 when building MdeModulePkg (Bugzilla Bug 2712),mdemodulepkg,bug,low,YangGangUEFI,0.85,Historical pattern shows YangGangUEFI handles MdeModulePkg issues.,,False
qwen2.5:14b,A,9919,MdeModulePkg: PEI Usb read doesn't handle large file size (Bugzilla Bug 2711),mdemodulepkg,bug,low,YangGangUEFI,0.85,The bug is related to MdeModulePkg and does not match specific patterns for other assignees.,,False
qwen2.5:14b,A,9918,[ECC] UnicodeDecodeError: 'ascii' codec can't decode byte 0xef in position 38: ordinal not in range(128) (Bugzilla Bug 2709),basetools,bug,low,bexcran,0.95,The bug is related to ECC in BaseTools and matches the pattern of previous ECC issues handled by bexcran.,,False
qwen2.5:14b,A,9917,[ECC] AttributeError: 'NoneType' object has no attribute 'line' (Bugzilla Bug 2708),basetools,bug,low,bexcran,0.95,The bug is related to ECC in BaseTools and matches historical patterns for bexcran.,,False
qwen2.5:14b,A,8480,Ecc Fails with Python 3.8 (Bugzilla Bug 2707),basetools,bug,low,bexcran,0.85,"The bug is related to BaseTools and involves Python version compatibility issues, matching the pattern of previous BaseTools bugs.",,False
qwen2.5:14b,A,8479,automatic reboot during first boot after deploying OVMF binary containing commit d42fdd6f8384 (Bugzilla Bug 2706),ovmfpkg,bug,medium,os-d,0.95,"The bug involves OVMF binary causing unexpected behavior during boot, matching os-d's expertise in OVMF and memory management issues.",,False
qwen2.5:14b,A,8478,ECC fails to run with Py38 interpreter (Bugzilla Bug 2703),basetools,bug,low,bexcran,0.95,The bug is related to BaseTools and ECC running issues with Py38 interpreter.,,False
qwen2.5:14b,A,9916,stdtold and strtoumax functions in StdLib can't be used. (Bugzilla Bug 2702),stdlibprivateinternalfiles,bug,low,AshrafAliS,0.95,The bug is related to StdLib functions and does not match any specific package or rare assignee listed.,,False
qwen2.5:14b,A,8477,System can not go to right page if reconnect flag is enabled. (Bugzilla Bug 2701),mdemodulepkg,bug,medium,YangGangUEFI,0.95,The bug is related to MdeModulePkg and involves a UI issue with page navigation.,,False
qwen2.5:14b,A,8474,Incorrect TCG PPI version comparison in SmmTcg2PhysicalPresenceLib (Bugzilla Bug 2697),securitypkg,bug,low,HunterChang030,0.9,"The bug is related to TCG PPI version comparison in SecurityPkg, matching HunterChang030's previous work on OpalPassword handling issues.",,False
qwen2.5:14b,A,9914,AARCH64 Release build failed with Clang 9 and Clang 10 (Bugzilla Bug 2695),cryptopkg,bug,low,ardbiesheuvel,0.95,"The bug is related to a build failure in the Cryptopkg with Clang on AARCH64, matching historical patterns for CLANG compiler issues within this package.",,False
qwen2.5:14b,A,8472,Xhci Assert when Reset Device purposely (Bugzilla Bug 2694),mdemodulepkg,bug,high,YangGangUEFI,0.85,"The bug is related to MdeModulePkg and involves a specific component (XHCI), matching historical patterns for this package.",,False
qwen2.5:14b,A,8471,BaseLib/SafeString.c: invalid integer parse result when subject sequence is empty (Bugzilla Bug 2693),mdepkg,bug,low,os-d,0.95,"The bug is related to BaseLib/SafeString.c in MdePkg and involves an integer parse issue, which aligns with previous memory management or core library issues handled by os-d.",,False
qwen2.5:14b,A,8470,BrotliCompress submodule change for BaseTools causes untracked files in BaseTools after building (Bugzilla Bug 2692),basetools,bug,low,AshrafAliS,0.95,"The bug is related to BaseTools and untracked files after building, matching AshrafAliS's historical pattern of handling BaseTools issues.",,False
qwen2.5:14b,A,8468,PCD default value is unexpected when using GUID(gXXXX) syntax to describe a list GUIDs in PCD (Bugzilla Bug 2686),basetools,bug,low,AshrafAliS,0.95,The bug is related to PCD in BaseTools which matches the historical pattern of AshrafAliS handling such issues.,,False
qwen2.5:14b,A,9913,PatchCheck.py: Check for added newline at end of file (Bugzilla Bug 2685),basetools,bug,low,AshrafAliS,0.95,"The bug is related to BaseTools and involves a script check, matching historical patterns for AshrafAliS.",,False
qwen2.5:14b,A,8467,ASSERT when AP try to use CpuMpData (Bugzilla Bug 2683),ueficpupkg,bug,low,philnoh2,0.95,"The bug is related to UEFI core package and specifically involves AP behavior, matching the historical pattern of philnoh2's expertise in this area.",,False
qwen2.5:14b,A,9912,SmmCommunicationBufferDxe should be updated for MmStandalone (Bugzilla Bug 2682),mdemodulepkg,bug,low,YangGangUEFI,0.85,"The bug is related to MdeModulePkg and involves updating a specific component (SmmCommunicationBufferDxe), which matches historical patterns for this package.",,False
qwen2.5:14b,A,9911,SnpDxe: ExitBootServices notification function can call FreePool() (Bugzilla Bug 2679),networkpkg,bug,low,SaloniKasbekar,0.9,"The bug involves replacing a hardcoded value with an existing define constant in SnpDxe, which matches SaloniKasbekar's historical pattern for NetworkPkg issues.",,False
qwen2.5:14b,A,8465,"commit 4c0f6e349d32 marks ""MpLib.h"" as executable, breaking downstream packaging (Bugzilla Bug 2678)",ueficpupkg,bug,low,philnoh2,0.95,"The bug is related to MpLib.h in UefiCpuPkg and involves an issue with file permissions, matching the expertise of philnoh2 who handles similar issues within this package.",,False
qwen2.5:14b,A,8464,ECC needs to update the contents of CParser4 (Bugzilla Bug 2676),basetools,bug,medium,bexcran,0.95,"The bug is related to BaseTools and ECC updates, matching the pattern of previous BaseTools issues handled by bexcran.",,False
qwen2.5:14b,A,8463,OvmfPkg: clean up Libary/ResetSystemLib (Bugzilla Bug 2675),ovmfpkg,bug,low,os-d,0.95,The bug is related to OvmfPkg cleanup and ResetSystemLib which falls under the core functionality of OvmfPkg handled by os-d.,,False
qwen2.5:14b,A,8462,VerifyHashedFv() should not ASSERT (Bugzilla Bug 2673),securitypkg,bug,low,HunterChang030,0.9,"The bug is related to SecurityPkg and involves potential issues with VerifyHashedFv(), matching HunterChang030's previous work on similar DeviceList handling bugs in OpalPassword.",,False
qwen2.5:14b,A,8460,Update the RSC Data Buffer on Buffer Reallocation in ReportStatusCodeRouterRuntimeDxe (Bugzilla Bug 2670),mdemodulepkg,bug,low,lgao4,0.85,The bug is related to MdeModulePkg and does not match any specific rare assignees or common patterns exactly.,,False
qwen2.5:14b,A,8459,Data Buffers May be Handled Incorrectly in ReportStatusCodeRouterRuntimeDxe (Bugzilla Bug 2669),mdemodulepkg,bug,low,YangGangUEFI,0.85,"The bug is related to MdeModulePkg and involves handling of data buffers in ReportStatusCodeRouterRuntimeDxe, which matches previous assignments to YangGangUEFI for similar issues within this package.",,False
qwen2.5:14b,A,8458,EmulatorPkg IA32 Segfault in late Dxe (Bugzilla Bug 2668),emulatorpkg,bug,medium,AshrafAliS,0.95,"The bug is related to EmulatorPkg and involves a segfault in late Dxe phase, which matches historical patterns of AshrafAliS handling such issues.",,False
qwen2.5:14b,A,9910,Create two valid PlatformLang or Lang variables issue (Bugzilla Bug 2667),mdemodulepkg,bug,medium,YangGangUEFI,0.85,The bug is related to MdeModulePkg and involves a specific issue with PlatformLang or Lang variables.,,False
qwen2.5:14b,A,8457,Assert in FwuPartitionVersionFromFlash (FreePool on a NULL pointer) (Bugzilla Bug 2666),fmpdevicepkg,bug,low,HunterChang030,0.9,"The bug is related to FreePool on a NULL pointer in FwuPartitionVersionFromFlash, which matches the pattern of potential infinite loop and incorrect DeviceList handling in OpalPassword previously assigned to HunterChang030.",,False
qwen2.5:14b,A,8456,Report status code might cause page fault when executes the out of resource path (Bugzilla Bug 2665),mdemodulepkg,bug,low,os-d,0.95,"The bug is related to MdeModulePkg and involves a page fault issue, which matches os-d's expertise in handling memory protection and consistency issues.",,False
qwen2.5:14b,A,8455,EmulatorPkg has a public header file in Include/Library that is not declared in EmulatorPkg.dec library class (Bugzilla Bug 2663),emulatorpkg,bug,medium,AshrafAliS,0.95,"The bug is related to a public header file declaration issue in EmulatorPkg.dec, matching historical patterns of AshrafAliS handling such build and declaration issues.",,False
qwen2.5:14b,A,8454,OvmfPkg has numerous public libraries not declared in the DEC file (Bugzilla Bug 2662),ovmfpkg,bug,low,AshrafAliS,0.95,"The bug is related to OvmfPkg and DEC file declaration issues, which aligns with AshrafAliS's expertise in handling such package-specific library declarations.",,False
qwen2.5:14b,A,8453,OvmfPkg with numerous defines turned on runs out of space on NOOPT build with VS2019 (Bugzilla Bug 2661),ovmfpkg,bug,high,os-d,0.95,"The bug is related to OvmfPkg build issues with VS2019 and NOOPT builds, matching os-d's expertise in handling OvmfPkg memory management and build space issues.",,False
qwen2.5:14b,A,8452,Remove deprecated Visual Studio compiler option ‘Gm’ for VS2017 and VS2019 (Bugzilla Bug 2660),basetools,bug,medium,AshrafAliS,0.95,The bug is related to BaseTools and involves removing deprecated compiler options for Visual Studio versions.,,False
qwen2.5:14b,A,8451,VS2019 and VS2017 toolchain plugin does not allow caller to request Platform libs and headers for any architecture other than X64 (Bugzilla Bug 2659),basetools,bug,medium,AshrafAliS,0.95,The bug is related to BaseTools and involves a toolchain plugin issue.,,False
qwen2.5:14b,A,9909,Need a tool to count all the interfaces exposed by a package (Bugzilla Bug 2657),basetools,bug,low,AshrafAliS,0.95,"The bug is related to BaseTools and requires a tool for counting interfaces exposed by a package, matching AshrafAliS's historical pattern of handling BaseTools issues.",,False
qwen2.5:14b,A,8449,NetworkPkg/Ip6Dxe: Reversed logic of ASSERTs in Ip6ProcessRouterAdvertise (Bugzilla Bug 2655),networkpkg,bug,low,SaloniKasbekar,0.9,The bug involves reversing logic in ASSERTs which aligns with fixing hardcoded values or logical errors.,,False
qwen2.5:14b,A,8447,Improper order of open CI build (Bugzilla Bug 2653),-,bug,medium,AshrafAliS,0.95,The bug is related to CI build order in BaseTools.,,False
qwen2.5:14b,A,8446,Returning at start of function directly will block image execution (Bugzilla Bug 2652),securitypkg,bug,low,HunterChang030,0.9,"The bug is related to SecurityPkg and involves potential issues with image execution, matching HunterChang030's historical pattern of handling OpalPassword DeviceList issues.",,False
qwen2.5:14b,A,8445,Commit c4c15b870239c2c23442dfc29c4421ac98d00ee0 breaks OVMF with VS2019 fails in PvScsi.c (Bugzilla Bug 2651),ovmfpkg,bug,low,os-d,0.95,"The bug is related to OVMF build failure with VS2019 in PvScsi.c, which falls under memory management issues within OvmfPkg.",,False
qwen2.5:14b,A,8444,FvIsBeingProcessed references uninitialized variable KNownFwVol in DEBUG statement (Bugzilla Bug 2649),standalonemmpkg,bug,low,AshrafAliS,0.95,The bug is related to BaseTools and involves a DEBUG statement issue.,,False
qwen2.5:14b,A,9907,BaseTools can't take .sh file to generate a new private/public key in Linux system (Bugzilla Bug 2645),basetools,bug,low,AshrafAliS,0.95,The bug is related to BaseTools in a Linux environment and matches the pattern of previous BaseTools issues handled by AshrafAliS.,,False
qwen2.5:14b,A,9906,Externally loaded runtime images are mapped RWX (Bugzilla Bug 2643),mdemodulepkg,bug,low,vit9696,0.95,The bug involves runtime images mapping and relates to memory protection after EndOfDxe.,,False
qwen2.5:14b,A,8442,XCODE5 built OVMF does not support memory attributes (Bugzilla Bug 2642),ovmfpkg,bug,low,os-d,0.95,The bug is related to OVMF memory attributes support which falls under the DXE core and memory management issues handled by os-d.,,False
qwen2.5:14b,A,8441,tftpDynamicCommand.efi load error in debug mode (Bugzilla Bug 2641),shellpkg,bug,low,NingFengGit,0.95,"The bug is related to ShellPkg and involves a load error for tftpDynamicCommand.efi in debug mode, matching NingFengGit's pattern of handling issues within the ShellPkg component.",,False
qwen2.5:14b,A,9905,EmulatorPkg x64 Segmentation fault on GCC5 toolchain on Ubuntu (Bugzilla Bug 2639),emulatorpkg,bug,medium,AshrafAliS,0.95,"The bug is related to EmulatorPkg and a specific toolchain issue on Ubuntu, matching AshrafAliS's historical pattern of handling such build or CI code issues.",,False
qwen2.5:14b,A,8439,EmulatorPkg fails to build IA32 with GCC5 (Bugzilla Bug 2638),emulatorpkg,bug,medium,AshrafAliS,0.95,Historical pattern shows AshrafAliS handles BaseTools related issues.,,False
qwen2.5:14b,A,8438,EmulatorPkg WinHost Fails to compile with VS2019 (Bugzilla Bug 2637),emulatorpkg,bug,medium,AshrafAliS,0.95,The bug is related to EmulatorPkg compilation with VS2019 and matches the pattern of previous BaseTools-related issues handled by AshrafAliS.,,False
qwen2.5:14b,A,8437,OvmfPkg/GenericQemuLoadImageLib: OVMF ia32x64 fails with VS2019 (Bugzilla Bug 2636),ovmfpkg,bug,low,os-d,0.95,"The bug is related to OvmfPkg and involves a build failure with VS2019, which aligns with os-d's expertise in handling OVMF build issues.",,False
qwen2.5:14b,A,8436,TlsAuthConfigAccessCallback() use console library to popup error message. (Bugzilla Bug 2635),networkpkg,bug,medium,SaloniKasbekar,0.9,The bug involves replacing a hardcoded value with an existing define constant in the NetworkPkg.,,False
qwen2.5:14b,A,9904,Error message of 'ifconfig6 -s <name> man host <ipv6>' with invalid value prints unknown command (Bugzilla Bug 2634),shellpkg,bug,low,YangGangUEFI,0.95,"The bug is related to ShellPkg and involves an error message in a command, matching previous assignments for similar issues within the package.",,False
qwen2.5:14b,A,8435,remove code to generate the properties table (Bugzilla Bug 2633),mdemodulepkg,bug,low,YangGangUEFI,0.85,"The bug is related to MdeModulePkg and involves removing code for a properties table, which aligns with previous assignments of similar nature in this package.",,False
qwen2.5:14b,A,8434,[UefiCpuPkg/MpInitLib] Both PEI & DXE instances are missing the PcdLib dependency (Bugzilla Bug 2632),ueficpupkg,bug,medium,philnoh2,0.95,"The bug is related to UefiCpuPkg/MpInitLib and involves CPU multiprocessing initialization, matching the expertise of philnoh2 who has handled similar issues before.",,False
qwen2.5:14b,A,8433,Build failure with VS2012 in SdMmcPciHcDxe\SdMmcPciHcDxe.c (Bugzilla Bug 2631),mdemodulepkg,bug,medium,YangGangUEFI,0.85,The bug is related to a build failure in MdeModulePkg and does not match the specific criteria for other assignees.,,False
qwen2.5:14b,A,8432,Build fail with GCC48 and GCC49 in OvmfPkg (Bugzilla Bug 2630),ovmfpkg,bug,high,os-d,0.95,"The bug is related to OvmfPkg build issues with specific compilers, matching os-d's expertise in handling such problems.",,False
qwen2.5:14b,A,9903,Audit X86 common packages in edk2 repo to minimize public interfaces (Bugzilla Bug 2629),shellpkg,bug,medium,YangGangUEFI,0.85,"The bug involves auditing X86 common packages for public interfaces, which aligns with previous work on package-level audits and interface management.",,False
qwen2.5:14b,A,8431,CLANGPDB toolchain in IA32 mode generates large binaries (Bugzilla Bug 2628),basetools,bug,low,deeglaze,0.95,"The bug is related to CLANGPDB toolchain generating large binaries in IA32 mode, which matches the historical pattern of deeglaze handling issues with CLANGPDB.",,False
qwen2.5:14b,A,8430,[UefiCpuPkg/MpInitLib] Add a PCD to configure the periodic interval for AP status checking (Bugzilla Bug 2627),ueficpupkg,bug,low,philnoh2,0.95,"The bug is related to UefiCpuPkg/MpInitLib and involves AP status checking, matching the expertise of philnoh2 as indicated by a previous similar assignment.",,False
qwen2.5:14b,A,8429,Typo in Python development Process and coding standards draft spec (Bugzilla Bug 2626),-,bug,low,lgao4,0.85,"The bug is related to a typo in documentation, which does not match any specific package or rare assignee pattern.",,False
qwen2.5:14b,A,9902,Add the transaction interface to OpalStorageCoreLib (Bugzilla Bug 2625),securitypkg,bug,low,HunterChang030,0.9,"The bug is related to SecurityPkg and specifically mentions OpalStorageCoreLib, which matches HunterChang030's previous work on similar issues in the same package.",,False
qwen2.5:14b,A,8428,GenMake.py is adding make requirements for files that may not exist. (Bugzilla Bug 2624),basetools,bug,low,AshrafAliS,0.95,"The bug is related to BaseTools and specifically GenMake.py, which matches the historical pattern of AshrafAliS handling such issues.",,False
qwen2.5:14b,A,9901,VerifyHashedFv() Possible overflow in pool allocation math due to typecasting (Bugzilla Bug 2623),securitypkg,bug,low,HunterChang030,0.9,The bug is related to SecurityPkg and involves potential overflow in pool allocation math.,,False
qwen2.5:14b,A,9900,Possible typecasting issue in function InstallPreHashFvPpi (Bugzilla Bug 2622),securitypkg,bug,low,HunterChang030,0.9,"The bug is related to SecurityPkg and involves a typecasting issue in InstallPreHashFvPpi function, matching HunterChang030's previous work on similar issues within the same package.",,False
qwen2.5:14b,A,9899,VerifyHashedFv ASSERTs should have conditionals (Bugzilla Bug 2621),securitypkg,bug,low,HunterChang030,0.9,"The bug is related to SecurityPkg and involves ASSERT conditions, matching HunterChang030's historical pattern for handling similar issues in OpalPassword.",,False
qwen2.5:14b,A,9898,InstallPreHashFvPpi ASSERTs should have conditionals (Bugzilla Bug 2620),securitypkg,bug,low,HunterChang030,0.9,"The bug is related to SecurityPkg and involves ASSERT conditions, matching HunterChang030's historical pattern for handling similar issues in OpalPassword.",,False
qwen2.5:14b,A,9897,"Buffer allocation uses ASSERTs, needs conditional checks (Bugzilla Bug 2619)",securitypkg,bug,low,HunterChang030,0.9,"The bug is related to SecurityPkg and involves conditional checks for buffer allocation, matching HunterChang030's previous work on similar issues in the package.",,False
qwen2.5:14b,A,8427,Update edk2 CI to nodejs version 12.x (LTS) (Bugzilla Bug 2618),-,bug,medium,AshrafAliS,0.95,The bug is related to updating CI configuration which matches historical patterns of AshrafAliS handling such issues.,,False
qwen2.5:14b,A,8426,Update edk2 build and test ci to use Python 3.8.x (Bugzilla Bug 2617),-,bug,medium,AshrafAliS,0.95,The bug is related to updating CI scripts and infrastructure which AshrafAliS has handled in the past.,,False
qwen2.5:14b,A,8425,Update edk2-pytool-extensions to 0.13.x (Bugzilla Bug 2616),-,bug,medium,AshrafAliS,0.95,The bug is related to BaseTools and matches the pattern of previous BaseTools issues handled by AshrafAliS.,,False
qwen2.5:14b,A,9896,ECC doesn't report accurate line number (Bugzilla Bug 2615),basetools,bug,medium,bexcran,0.95,"The bug is related to BaseTools and ECC reporting issues, matching the pattern of previous BaseTools ECC bugs.",,False
qwen2.5:14b,A,8424,Arrays might use invalid index (Bugzilla Bug 2614),networkpkg,bug,low,SaloniKasbekar,0.9,The bug is related to NetworkPkg and involves replacing hardcoded values with existing #define constants.,,False
qwen2.5:14b,A,8423,"""PATH"" variable overloaded that could fail .bat run due to command line too long (Bugzilla Bug 2613)",basetools,bug,medium,AshrafAliS,0.95,The bug is related to BaseTools and involves handling long command lines in .bat files.,,False
qwen2.5:14b,A,8422,SaveFrameworkState in UnitTestLib still requires FrameworkHandle (Bugzilla Bug 2612),unittestframeworkpkg,bug,medium,lgao4,0.75,The bug is related to UnitTestLib and does not match any specific patterns for other listed assignees.,,False
qwen2.5:14b,A,8420,BaseTools print traceback info issue (Bugzilla Bug 2610),basetools,bug,low,AshrafAliS,0.95,Historical pattern shows AshrafAliS handles BaseTools issues.,,False
qwen2.5:14b,A,8419,SavedState is not sticky in UnitTestFrameworkPkg (Bugzilla Bug 2609),unittestframeworkpkg,bug,medium,lgao4,0.75,"The bug is related to UnitTestFrameworkPkg and there's no exact match in the historical patterns, but lgao4 has handled similar issues before.",,False
qwen2.5:14b,A,8418,Translate title from Ascii to Unicode caused page fault in unit test framework initialization (Bugzilla Bug 2608),unittestframeworkpkg,bug,medium,AshrafAliS,0.95,The bug is related to the unit test framework initialization in BaseTools package.,,False
qwen2.5:14b,A,9895,Stale DeviceHandle in LoadedImageProtocol of Driver (Bugzilla Bug 2607),mdemodulepkg,bug,low,lgao4,0.85,The bug is related to LoadedImageProtocol in MdeModulePkg and matches the pattern of previous issues handled by lgao4.,,False
qwen2.5:14b,A,8416,The behavior of ShellReadFile is unexpected. (Bugzilla Bug 2605),emulatorpkg,bug,low,YangGangUEFI,0.85,The bug is related to ShellReadFile behavior in EmulatorPkg which falls under MdeModulePkg's shell component historically handled by YangGangUEFI.,,False
qwen2.5:14b,A,8415,Build fail with VS2019 (Bugzilla Bug 2604),emulatorpkg,bug,low,AshrafAliS,0.95,The bug is related to VS2019 build failure in EmulatorPkg which does not match any specific historical pattern but AshrafAliS has handled similar issues before.,,False
qwen2.5:14b,A,8414,FmpDxe::EvaluateImageDependencies can reference an uninitialized pointer (Bugzilla Bug 2602),fmpdevicepkg,bug,low,HunterChang030,0.9,The bug is related to FmpDxe and involves potential uninitialized pointer issues in SecurityPkg.,,False
qwen2.5:14b,A,8413,ArmVirtQemu ompilation failure for RELEASE with GCC49 profile (gcc 8.3) (Bugzilla Bug 2601),armvirtpkg,bug,low,YangGangUEFI,0.85,The bug is related to ArmVirtQemu compilation failure and matches historical patterns for this package.,,False
qwen2.5:14b,A,9894,HTTP Communication failed in Host Name Validation when wild card certificates are used (Bugzilla Bug 2600),networkpkg,bug,low,BritChesley,0.95,"The bug is related to HTTP communication and certificate validation in the NetworkPkg, which matches historical patterns for BritChesley.",,False
qwen2.5:14b,A,8412,HTTP Communication failed in Host Name Validation when wild card certificates are used (Bugzilla Bug 2599),networkpkg,bug,low,BritChesley,0.95,"The bug is related to HTTP communication and certificate validation in the NetworkPkg, which matches historical CodeQl errors reported by BritChesley.",,False
qwen2.5:14b,A,8411,[MdePkg/PciExpress40.h] DVSEC definition missing (Bugzilla Bug 2598),mdepkg,bug,low,AshrafAliS,0.95,The bug is related to MdePkg header file definitions which aligns with AshrafAliS's historical pattern of handling such issues in BaseTools and MdePkg.,,False
qwen2.5:14b,A,9893,SecurityPkg: OpalGetFeatureDescriptor always returns success (Bugzilla Bug 2597),securitypkg,bug,low,HunterChang030,1.0,"The bug is related to SecurityPkg and specifically mentions OpalGetFeatureDescriptor, which matches a previous bug assigned to HunterChang030.",,False
qwen2.5:14b,A,8409,Build Fail EmulatorPkg VS2017 -Cannot find the path specified ... UefiBootManagerLib.inf (Bugzilla Bug 2595),emulatorpkg,bug,low,AshrafAliS,0.95,"The bug is related to a build failure in EmulatorPkg with VS2017, and AshrafAliS has handled similar issues before.",,False
qwen2.5:14b,A,8408,SpellCheck plugin should increase the number of Max Failures (Bugzilla Bug 2593),-,bug,low,AshrafAliS,0.95,"The bug is related to BaseTools and involves handling a specific case, matching AshrafAliS's historical pattern of addressing BaseTools issues.",,False
qwen2.5:14b,A,8407,SMM Dispatcher Memory leakage (Bugzilla Bug 2592),mdemodulepkg,bug,low,os-d,0.95,"The bug is related to SMM Dispatcher Memory leakage in MdeModulePkg, which falls under memory management and protection issues typically handled by os-d.",,False
qwen2.5:14b,A,8406,Tcg2Dxe's ExitBootServices and ExitBootServicesFailed notifications should be registered at TPL_CALLBACK (Bugzilla Bug 2591),securitypkg,bug,high,HunterChang030,0.9,"The bug is related to SecurityPkg and specifically deals with Tcg2Dxe notifications, matching HunterChang030's historical pattern of handling SecurityPkg issues.",,False
qwen2.5:14b,A,9891,Tcg2Dxe's ExitBootServices and ExitBootServicesFailed notifications should be registered at TPL_CALLBACK (Bugzilla Bug 2590),securitypkg,bug,low,HunterChang030,0.9,"The bug is related to SecurityPkg and specifically deals with Tcg2Dxe notifications, matching HunterChang030's historical pattern for handling SecurityPkg issues.",,False
qwen2.5:14b,A,8405,"ASSERT triggered in ArmVirtGicArchLib with mach-virt,virtualization=on under QEMU TCG (Bugzilla Bug 2588)",armvirtpkg,bug,low,mikebeaton,0.85,The bug is related to QEMU TCG and ARM Virt Gic Arch Lib which matches MikeBeaton's expertise in handling such issues.,,False
qwen2.5:14b,A,9890,PcdValueInit generation fails when libCommon.a is not present (Bugzilla Bug 2586),basetools,bug,low,AshrafAliS,0.95,The bug is related to BaseTools and involves a specific issue with PcdValueInit generation.,,False
qwen2.5:14b,A,8404,OVMF IA32X64 no longer builds in common config after recent feature additions (@ 6b7855209ad8) (Bugzilla Bug 2585),ovmfpkg,bug,low,os-d,0.95,"The bug is related to OVMF IA32X64 build issues after recent feature additions, which aligns with os-d's expertise in handling such configuration and build problems.",,False
qwen2.5:14b,A,8403,Abstract DxeIpl from processor architecture (Bugzilla Bug 2583),mdemodulepkg,bug,high,lgao4,0.75,The bug is related to MdeModulePkg and does not match any specific rare assignees or historical patterns closely.,,False
qwen2.5:14b,A,8402,"OvmfPkg/X86QemuLoadImageLib: UINTN to UINT32, possible loss of data compiler warning in VS2015/VS2019 (Bugzilla Bug 2582)",ovmfpkg,bug,low,AshrafAliS,0.95,The bug is related to a compiler warning in OvmfPkg and does not fit the patterns of other specific sub-components or rare assignees.,,False
qwen2.5:14b,A,9889,BaseToolsBuild directory should be added to .gitignore (Bugzilla Bug 2581),basetools,bug,medium,AshrafAliS,0.95,Historical pattern shows AshrafAliS handles BaseTools related issues.,,False
qwen2.5:14b,A,8401,OvmfPkg build failed on windows with MSVC (Bugzilla Bug 2580),ovmfpkg,bug,low,os-d,0.95,"The bug is related to OvmfPkg build failure on Windows with MSVC, which falls under common issues handled by os-d for OvmfPkg builds.",,False
qwen2.5:14b,A,8400,Variable runtime cache overwritten during initializaiton (Bugzilla Bug 2579),mdemodulepkg,bug,low,lgao4,0.85,"The bug is related to variable runtime cache in MdeModulePkg, similar to previous lgao4 assignments.",,False
qwen2.5:14b,A,9888,BuildReport.py can throw UnicodeDecodeError exception FindIncludeFiles (Bugzilla Bug 2578),basetools,bug,low,AshrafAliS,0.95,The bug is related to BaseTools and involves a specific script issue previously handled by AshrafAliS.,,False
qwen2.5:14b,A,8399,Add MemoryTypeInformationChangeLib to Dsc (Bugzilla Bug 2577),shellpkg,bug,low,YangGangUEFI,0.85,"The bug is related to ShellPkg and involves adding a library class to DSC files, which aligns with previous assignments for similar issues in this package.",,False
qwen2.5:14b,A,8398,"Expand PcdEmbeddedFdBaseAddress, PcdEmbeddedFdSize, PcdFlashFvMainSize, PcdPrePiStackSize, and a few other PCD's in EmbeddedPkg to support addresses above 4G (Bugzilla Bug 2576)",embeddedpkg,bug,low,AshrafAliS,0.95,The bug is related to expanding PCDs in EmbeddedPkg which aligns with AshrafAliS's historical pattern of handling complex configuration and size issues within packages.,,False
qwen2.5:14b,A,8397,Components are missing in ArmPlatformPkg.dsc (Bugzilla Bug 2575),armplatformpkg,bug,low,YangGangUEFI,0.85,The bug is related to ArmPlatformPkg.dsc which falls under the general maintenance and configuration of the package.,,False
qwen2.5:14b,A,8396,Components are missing in ArmPkg.dsc (Bugzilla Bug 2574),armpkg,bug,low,YangGangUEFI,0.85,Historical pattern shows YangGangUEFI handles ArmPkg related issues.,,False
qwen2.5:14b,A,8394,"ovmf build fail on Redhat 8.1, gcc 8.3.1 (Bugzilla Bug 2572)",-,bug,high,os-d,0.95,"The bug is related to OVMF build failure on a specific OS and compiler version, which matches historical patterns of os-d handling such issues.",,False
qwen2.5:14b,A,9887,Incorrect ACPI PMTT device type values (Bugzilla Bug 2569),mdepkg,bug,low,os-d,0.95,"The bug is related to MdePkg and involves incorrect ACPI PMTT device type values, which falls under memory management or configuration issues typically handled by os-d.",,False
qwen2.5:14b,A,8392,PcdValueInit generation should copy the common PcdValueCommon.c in its output directory (Bugzilla Bug 2568),basetools,bug,medium,AshrafAliS,0.95,"The bug is related to BaseTools and involves PcdValueInit generation, which matches historical patterns for AshrafAliS.",,False
qwen2.5:14b,A,9886,ASSERT in SmmNotifyProtocol (Bugzilla Bug 2565),mdemodulepkg,bug,low,lgao4,0.75,The bug is related to MdeModulePkg and does not match any specific rare assignees or historical patterns closely.,,False
qwen2.5:14b,A,8388,BaseTools: Changing header file does not trigger module re-build (Bugzilla Bug 2563),basetools,bug,high,AshrafAliS,0.95,Historical pattern shows AshrafAliS handles BaseTools related issues.,,False
qwen2.5:14b,A,8387,EDK2 CI for RISC-V architecture (Bugzilla Bug 2562),-,bug,high,yechao-w,0.95,The bug is related to RISC-V architecture CI which matches yechao-w's expertise in handling RISC-V specific issues.,,False
qwen2.5:14b,A,8382,"MpInitLib ucode regression: ""PlatformId"" MSR does not exist on AMD-based platforms (Bugzilla Bug 2556)",ueficpupkg,bug,high,philnoh2,0.95,The bug is related to MpInitLib in UefiCpuPkg and involves a regression on AMD-based platforms.,,False
qwen2.5:14b,A,8381,"QemuVideoDxe no longer binds ""secondary-vga"" and ""bochs-display"" (Bugzilla Bug 2555)",ovmfpkg,bug,low,AndreasBBS,0.95,"The bug is related to QEMU_EFI and network protocol drivers, matching AndreasBBS's historical pattern of handling such issues.",,False
qwen2.5:14b,A,9884,ECC issues related to UnitTestFramePkg (Bugzilla Bug 2554),unittestframeworkpkg,bug,medium,AshrafAliS,0.95,The bug is related to UnitTestFramePkg and there are no specific patterns or rare assignees listed for this package.,,False
qwen2.5:14b,A,8380,ECC issues in edk2/UefiCpuPkg (Bugzilla Bug 2553),ueficpupkg,bug,medium,philnoh2,0.95,The bug is related to ECC issues in UefiCpuPkg which matches the historical pattern of philnoh2 handling such bugs.,,False
qwen2.5:14b,A,8379,Issues reported by ECC in edk2/CryptoPkg (Bugzilla Bug 2552),cryptopkg,bug,medium,liyi77,0.95,The bug is related to ECC issues in CryptoPkg and previous similar bugs were handled by liyi77.,,False
qwen2.5:14b,A,8378,NetworkPkg: CVE-2019-14559 tracker (Bugzilla Bug 2550),networkpkg,bug,low,SaloniKasbekar,0.9,The bug is related to a CVE in NetworkPkg and involves replacing hardcoded values with existing constants.,,False
qwen2.5:14b,A,8377,MdeModulePkg: Libraries that depend on SMM depended on non-x86 (Bugzilla Bug 2549),mdemodulepkg,bug,low,YangGangUEFI,0.85,"The bug is related to MdeModulePkg and involves SMM dependencies, which aligns with previous assignments for similar issues in this package.",,False
qwen2.5:14b,A,8376,PcdDxeIplSwitchToLongMode isn't defined on non-x86 (Bugzilla Bug 2548),mdemodulepkg,bug,low,YangGangUEFI,0.85,The bug is related to a PCD definition issue in MdeModulePkg which has been handled by YangGangUEFI before.,,False
qwen2.5:14b,A,8375,DeviceManagerUiLib: Assigning GUID causes memcpy link issue (Bugzilla Bug 2547),mdemodulepkg,bug,medium,YangGangUEFI,0.95,The bug is related to DeviceManagerUiLib in MdeModulePkg and matches previous assignments for similar issues within this package.,,False
qwen2.5:14b,A,9883,Incremental builds construct illegal FV on >= GenFdsGlobalVariable.LARGE_FILE_SIZE sections (Bugzilla Bug 2546),basetools,bug,medium,AshrafAliS,0.95,The bug is related to BaseTools and involves FV construction issues.,,False
qwen2.5:14b,A,9880,Basetools: Remove the old style module support from Basetools (Bugzilla Bug 2543),basetools,bug,medium,AshrafAliS,0.95,"The bug is related to BaseTools and involves removing old style module support, matching historical pattern of AshrafAliS handling BaseTools issues.",,False
qwen2.5:14b,A,8374,TlsLib should not have a list of Ciphers which may or may not agree with what is available. (Bugzilla Bug 2541),cryptopkg,bug,low,liyi77,0.95,"The bug is related to TlsLib in CryptoPkg and requires updating OpenSSL, matching liyi77's historical pattern of handling OpenSSL updates for CVEs.",,False
qwen2.5:14b,A,9879,Openssl configuration needs to be available in Windows (Bugzilla Bug 2540),cryptopkg,bug,low,liyi77,0.95,"The bug is about OpenSSL configuration in Windows, matching the pattern of updating OpenSSL for CVEs.",,False
qwen2.5:14b,A,8373,CryptPkcs7VerifyBase.c: Pkcs7GetAttachedContent() should check type is data and support other OID types (Bugzilla Bug 2539),cryptopkg,bug,medium,liyi77,0.95,The bug is related to OpenSSL and PKCS7 verification in Cryptopkg.,,False
qwen2.5:14b,A,8372,GuidedSectionTools.txt is not generated correctly when tool path is overrided in DSC (Bugzilla Bug 2538),basetools,bug,medium,AshrafAliS,0.95,The bug is related to BaseTools and specifically involves DSC file handling.,,False
qwen2.5:14b,A,8371,AsmWriteCR0() halts execution (Bugzilla Bug 2537),mdepkg,bug,low,os-d,0.95,"The bug is related to MdePkg and involves a halt in execution due to AsmWriteCR0(), which suggests an issue with memory or CPU page table consistency.",,False
qwen2.5:14b,A,8370,UnitTestFrameworkPkg: Invalid index may be used in array (Bugzilla Bug 2535),unittestframeworkpkg,bug,medium,YangGangUEFI,0.85,The bug is related to UnitTestFrameworkPkg and matches historical patterns for this package.,,False
qwen2.5:14b,A,8369,acpiview enters infinite loop if ACPI structure length is 0 (Bugzilla Bug 2534),shellpkg,bug,medium,YangGangUEFI,0.85,"The bug is related to ShellPkg and involves an infinite loop in acpiview, which matches historical patterns of UI or command-related issues assigned to YangGangUEFI.",,False
qwen2.5:14b,A,8368,Pointer BinData needs to be checked before used (Bugzilla Bug 2531),mdepkg,bug,medium,os-d,0.95,"The bug is related to MdePkg and involves pointer validation before use, which aligns with os-d's expertise in handling memory management issues.",,False
qwen2.5:14b,A,8367,UnitTestFrameworkPkg: Suspicious dereference of pointer Suite  before null check (Bugzilla Bug 2530),unittestframeworkpkg,bug,medium,AshrafAliS,0.95,The bug is related to UnitTestFrameworkPkg and does not match any specific patterns for other listed assignees.,,False
qwen2.5:14b,A,8366,"BaseTools: Python tool will cause MSVC ""expanded command line too long"" build error (Bugzilla Bug 2528)",basetools,bug,medium,AshrafAliS,0.95,"The bug is related to BaseTools and MSVC build errors, matching AshrafAliS's historical pattern of handling BaseTools issues.",,False
qwen2.5:14b,A,8365,FCE tool doesn't find the last FV with SEC module as BFV image (Bugzilla Bug 2527),basetools,bug,medium,AshrafAliS,0.95,"The bug is related to BaseTools and FCE tool functionality, matching AshrafAliS's historical pattern of handling BaseTools issues.",,False
qwen2.5:14b,A,8364,FileTimeToLocalTime() ASSERTs if LocalTimeZone == EFI_UNSPECIFIED_TIMEZONE (Bugzilla Bug 2526),shellpkg,bug,low,YangGangUEFI,0.95,"The bug is related to ShellPkg and involves a function ASSERT issue, matching historical patterns for YangGangUEFI.",,False
qwen2.5:14b,A,8363,MdePkg/BaseSafeIntLib - Some VS20xx IA32 optimized builds fail with unresolved _allmul symbol (Bugzilla Bug 2525),mdepkg,bug,low,ardbiesheuvel,0.95,"The bug is related to VS20xx IA32 optimized builds and unresolved symbols in MdePkg, matching the pattern of CLANG compiler build errors for Cryptopkg handled by mdkinney but more closely resembling unresolved symbol issues typically managed by ardbiesheuvel.",,False
qwen2.5:14b,A,8362,remove -DNO_MSABI_VA_FUNCS option in CLANGPDB tool chain (Bugzilla Bug 2524),basetools,bug,low,makubacki,0.95,"The bug is related to the CLANGPDB tool chain in BaseTools, which matches historical patterns for build or CI code issues.",,False
qwen2.5:14b,A,9878,"BdsDxe ignores the meaning of PcdPlatformRecoverySupport, and may boot to USB unexpectedly. (Bugzilla Bug 2523)",mdemodulepkg,bug,medium,YangGangUEFI,0.85,The bug is related to BdsDxe in MdeModulePkg and matches historical patterns of UI/UX issues.,,False
qwen2.5:14b,A,8360,Update FMMT to support FFS without UI section (Bugzilla Bug 2521),basetools,bug,medium,AshrafAliS,0.95,The bug is related to BaseTools and FMMT functionality.,,False
qwen2.5:14b,A,8359,Incremental build failure in CLANGPDB tool chain on Windows host (Bugzilla Bug 2520),basetools,bug,high,deeglaze,0.95,"The bug is related to CLANGPDB tool chain issues on Windows host, matching historical pattern of deeglaze handling such warnings and build failures.",,False
qwen2.5:14b,A,9877,Move ProcessorSignature/PlatformId from CPU_AP_DATA to CPU_INFO_IN_HOB (Bugzilla Bug 2519),ueficpupkg,bug,low,philnoh2,0.95,The bug is related to CPU_AP_DATA and ProcessorSignature/PlatformId in UEFI CPUPkg.,,False
qwen2.5:14b,A,8356,Issues reported by ECC in edk2 (Bugzilla Bug 2515),-,bug,medium,bexcran,0.85,"ECC issues typically relate to build or code integrity checks, matching bexcran's pattern of handling BaseTools ECC issues.",,False
qwen2.5:14b,A,8355,Disable EBC for UnitTestFrameworkPkg and all unit tests (Bugzilla Bug 2514),unittestframeworkpkg,bug,low,lgao4,0.75,"The bug is related to UnitTestFrameworkPkg and there's no exact match in the historical patterns, but lgao4 has handled similar low priority issues before.",,False
qwen2.5:14b,A,8354,HostBasedUnitTestRunner plugin only runs on Windows and thus HostUnitTests are only automatically run during CI on windows.  Fix this by enabling Linux in plugin (Bugzilla Bug 2513),basetools,bug,low,AshrafAliS,0.95,"The bug is related to BaseTools and CI plugin functionality, matching AshrafAliS's historical pattern of handling BaseTools issues.",,False
qwen2.5:14b,A,8353,UnitTestFramworkPkg/UnitTest - XCODE5 generates errors for extra parenthesis (Bugzilla Bug 2512),unittestframeworkpkg,bug,low,YangGangUEFI,0.85,The bug is related to UnitTestFrameworkPkg and does not match any specific rare assignees or common patterns for other packages.,,False
qwen2.5:14b,A,8352,Enhancement to BaseHashApiLib TO align with latest crypto libraries and making PCD PcdsFixedAtBuild (Bugzilla Bug 2511),cryptopkg,bug,low,liyi77,0.95,The bug is related to updating BaseHashApiLib and aligning with latest crypto libraries in CryptoPkg.,,False
qwen2.5:14b,A,9876,Input shift when Ctrl/Shift modifiers are used (Bugzilla Bug 2510),shellpkg,bug,low,YangGangUEFI,0.85,The bug is related to shellpkg and input handling issues which aligns with previous assignments for similar UI or input-related bugs in the package.,,False
qwen2.5:14b,A,9875,IoLib should support real 64bit MMIO access even in PEI Phase(32bit mode) (Bugzilla Bug 2509),mdepkg,bug,low,os-d,0.95,"The bug is related to MdePkg and involves MMIO access in PEI Phase, which aligns with os-d's expertise in handling low-level memory issues.",,False
qwen2.5:14b,A,9874,Specific for loop will be triggered to compiler intrinsic function which may cause build fail (Bugzilla Bug 2508),-,bug,low,AshrafAliS,0.95,"The bug is related to a build failure caused by compiler intrinsic functions, which matches historical patterns of BaseTools issues.",,False
qwen2.5:14b,A,8350,"When setting a new PK in setup mode, PK should not be required to be self-signed (Bugzilla Bug 2506)",securitypkg,bug,low,HunterChang030,0.9,The bug is related to SecurityPKG and specifically mentions a potential issue with PK handling.,,False
qwen2.5:14b,A,8347,GCC49 tool chain meets with the build failure when GCC7.4 compiler (Bugzilla Bug 2502),basetools,bug,medium,AshrafAliS,0.95,"The bug is related to BaseTools and involves a build failure with GCC compilers, matching AshrafAliS's historical pattern of handling such issues.",,False
qwen2.5:14b,A,8346,UpdateCapsule rejects all non-reset capsule image at runtime (Bugzilla Bug 2501),mdemodulepkg,bug,high,wenbhou,0.95,The bug is related to UpdateCapsule in MdeModulePkg and matches the high priority pattern of var store issues previously handled by wenbhou.,,False
qwen2.5:14b,A,8345,[UefiCpuPkg/MpInitLib] CPUID and PlatformID information can be uninitialized in MicrocodeDetect() (Bugzilla Bug 2498),ueficpupkg,bug,low,philnoh2,0.95,The bug is related to CPUID and PlatformID information in UefiCpuPkg/MpInitLib which matches the pattern of bugs handled by philnoh2 for UEFI CPU package issues.,,False
qwen2.5:14b,A,8344,SecurityPkg/DxeImageVerificationHandler: handle undefined and forbidden image verification policies more flexibly (Bugzilla Bug 2497),securitypkg,bug,medium,HunterChang030,0.9,"The bug is related to SecurityPkg and specifically mentions handling undefined policies, matching HunterChang030's previous work on similar issues in the same package.",,False
qwen2.5:14b,A,8343,BaseTools/Build: Improved compiler compatibility with Structured PCDs (Bugzilla Bug 2496),basetools,bug,low,AshrafAliS,0.95,"The bug is related to BaseTools and compiler compatibility, matching AshrafAliS's historical pattern of handling BaseTools issues.",,False
qwen2.5:14b,A,8342,BaseTools/Build: Make sure host environment supports building Structured PCD POSIX application (Bugzilla Bug 2495),basetools,bug,low,AshrafAliS,0.95,"The bug is related to BaseTools and involves host environment support for building Structured PCD POSIX application, matching AshrafAliS's historical pattern of handling BaseTools issues.",,False
qwen2.5:14b,A,8341,BaseTools/DscBuildData: Fix PCD autogen include file conflict with standard includes such as <stdio.h> (Bugzilla Bug 2494),basetools,bug,low,AshrafAliS,0.95,"The bug is related to BaseTools and involves a conflict in include files, matching AshrafAliS's historical pattern of handling BaseTools issues.",,False
qwen2.5:14b,A,8340,CryptoPkg/BaseCryptLibNull: Add missing HkdfSha256ExtractAndExpand() service (Bugzilla Bug 2493),cryptopkg,bug,low,ardbiesheuvel,0.95,"The bug is related to CryptoPkg and involves a missing service function, matching the pattern of CLANG compiler build errors in CryptoPkg previously assigned to ardbiesheuvel.",,False
qwen2.5:14b,A,8338,Issue in AutoGen.py splitting filename and extension (Bugzilla Bug 2491),basetools,bug,low,AshrafAliS,0.95,"The bug is related to BaseTools and involves a script issue, matching AshrafAliS's historical pattern of handling BaseTools-related bugs.",,False
qwen2.5:14b,A,8337,OvmfXen: Set PcdFSBClock at runtime (Bugzilla Bug 2490),ovmfpkg,bug,low,os-d,0.95,"The bug is related to OvmfPkg and runtime configuration of PcdFSBClock, which falls under the domain of OVMF build and runtime issues handled by os-d.",,False
qwen2.5:14b,A,9871,Emulator CLANGPDB Release binary cannot boot (Bugzilla Bug 2489),emulatorpkg,bug,medium,deeglaze,0.95,"The bug is related to CLANGPDB linker issues in a non-specific package, matching the pattern of deeglaze handling such warnings.",,False
qwen2.5:14b,A,8336,ArmVirtQemu: Variable not being saved (Bugzilla Bug 2488),armvirtpkg,bug,low,Damien-Chen,0.75,The bug is related to ArmVirtQemu and does not match any specific historical pattern for other assignees.,,False
qwen2.5:14b,A,8335,Call stack cannot unwind correctly in debuggers for CLANGPDB x64 binary (Bugzilla Bug 2487),basetools,bug,low,deeglaze,0.95,The bug is related to CLANGPDB linker issues in BaseTools.,,False
qwen2.5:14b,A,8334,PatchCheck: Do not check enforce CR/LF line endings when with adding a submodule directory (Bugzilla Bug 2485),basetools,bug,low,AshrafAliS,0.95,The bug is related to BaseTools and specifically about PatchCheck functionality.,,False
qwen2.5:14b,A,8333,PatchCheck: Do not enforce no tabs or CR/LF on file .gitmodules (Bugzilla Bug 2484),basetools,bug,low,AshrafAliS,0.95,"The bug is related to BaseTools and PatchCheck functionality, matching AshrafAliS's historical pattern of handling BaseTools issues.",,False
qwen2.5:14b,A,8332,Add FIT BIOS Specification version FITGEN tool is aligned to in help section. (Bugzilla Bug 2483),basetools,bug,medium,AshrafAliS,0.95,The bug is related to BaseTools and involves updating the help section for FITGEN tool alignment with a specific BIOS specification version.,,False
qwen2.5:14b,A,8331,SMBIOS spec 3.3+ Type17 support isn't included for final DWORDS (Bugzilla Bug 2482),mdepkg,bug,low,NingFengGit,0.9,"The bug is related to SMBIOS Type17 support, which falls under the ShellPkg or similar package handling SMBIOS commands.",,False
qwen2.5:14b,A,8330,Makefile choice based on OS (Bugzilla Bug 2481),basetools,bug,low,AshrafAliS,0.95,"The bug is related to BaseTools and Makefile choice based on OS, matching historical pattern of AshrafAliS handling similar issues.",,False
qwen2.5:14b,A,9869,Add EFI SPDM protocol (Bugzilla Bug 2477),mdepkg,bug,low,lgao4,0.75,"The bug is related to MdePkg and involves adding a protocol, which lgao4 has handled similar issues before.",,False
qwen2.5:14b,A,9868,Support FV Extension header to do smart FV shadow (Bugzilla Bug 2476),basetools,bug,low,AshrafAliS,0.95,The bug is related to BaseTools and involves handling FV Extension header for smart FV shadow.,,False
qwen2.5:14b,A,9867,Need to measure the break-down performance data for a single SMI (Bugzilla Bug 2475),mdemodulepkg,bug,low,YangGangUEFI,0.85,"The bug is related to measuring performance data for a single SMI in MdeModulePkg, which aligns with previous assignments of EricGao2015 and other similar issues handled by YangGangUEFI.",,False
qwen2.5:14b,A,8328,[UefiCpuPkg/MpInitLib] The 'InitFlag' field of CPU_MP_DATA structure may be uninitialized under some cases (Bugzilla Bug 2474),ueficpupkg,bug,low,philnoh2,0.95,"The bug is related to UefiCpuPkg/MpInitLib and involves CPU initialization flags, matching the expertise of philnoh2 on UEFI CPU package issues.",,False
qwen2.5:14b,A,9866,Fix PHYSICAL_PRESENCE_DEACTIVATE_DISABLE_OWNER_FALSE operation flow to match the spec (Bugzilla Bug 2473),securitypkg,bug,low,HunterChang030,0.9,"The bug is related to SecurityPKG and involves fixing an operation flow according to the spec, matching HunterChang030's previous work on similar issues in SecurityPKG.",,False
qwen2.5:14b,A,8327,Replace the ASSERT with return error code in TcgPhysicalPresenceLib (Bugzilla Bug 2472),securitypkg,bug,low,HunterChang030,0.9,"The bug is related to SecurityPkg and specifically mentions TcgPhysicalPresenceLib, which matches HunterChang030's previous work on similar issues in the SecurityPkg.",,False
qwen2.5:14b,A,8326,Add new pcd to control TCG/TCG2 user confirmation time out (Bugzilla Bug 2471),securitypkg,bug,low,HunterChang030,0.9,"The bug is related to SecurityPkg and involves adding a new PCD for TCG/TCG2 user confirmation timeout, matching HunterChang030's previous work on similar issues in SecurityPkg.",,False
qwen2.5:14b,A,8325,Using WaitForEven instead of busy loop for TCG/TCG2 read user key function (Bugzilla Bug 2470),-,bug,low,Vogtinator,0.95,The bug is related to TCG/TCG2 support which matches Vogtinator's historical pattern for handling such issues on RISC-V.,,False
qwen2.5:14b,A,9865,NetList functions use ASSERT to handle cases when an error value could be returned. (Bugzilla Bug 2468),networkpkg,bug,low,SaloniKasbekar,0.9,The bug involves replacing hardcoded values with existing #define constants in NetList functions.,,False
qwen2.5:14b,A,8324,DxeHstiLib: uninitialized local variable used in if statement (Bugzilla Bug 2467),mdepkg,bug,medium,lgao4,0.75,"The bug is related to MdePkg and involves an uninitialized variable in a library file, which matches the pattern of previous bugs assigned to lgao4.",,False
qwen2.5:14b,A,8323,Backward incompatible CPU_MP_DATA struct change breaks FSP boot (Bugzilla Bug 2465),ueficpupkg,bug,medium,philnoh2,0.95,"The bug involves a backward incompatible change in CPU_MP_DATA struct affecting FSP boot, matching the expertise of philnoh2 who handles issues related to UEFI CPUPkg and multi-processor handling.",,False
qwen2.5:14b,A,9864,DxeCore: CoreInitializeMemoryServices() can overwrite Memory Allocation HOB regions (Bugzilla Bug 2464),mdemodulepkg,bug,low,os-d,0.95,"The bug is related to DxeCore and memory services in MdeModulePkg, which matches os-d's expertise on OVMF build issues and memory management.",,False
qwen2.5:14b,A,8322,Perform Data and Address line test only if not ignore memory test. (Bugzilla Bug 2463),mdemodulepkg,bug,medium,YangGangUEFI,0.85,"The bug is related to MdeModulePkg and involves a specific feature or test configuration, matching historical patterns for this assignee.",,False
qwen2.5:14b,A,9863,Update PatchCheck to relax CVE patten checking in subject line (Bugzilla Bug 2462),basetools,bug,low,AshrafAliS,0.95,"The bug is related to BaseTools and specifically mentions PatchCheck, which aligns with AshrafAliS's previous work on similar issues in BaseTools.",,False
qwen2.5:14b,A,9862,Connecting all devices in UEFI Shell may freeze select firmwares (Bugzilla Bug 2460),shellpkg,bug,low,YangGangUEFI,0.85,"The bug is related to UEFI Shell and device connection issues, matching historical patterns for YangGangUEFI.",,False
qwen2.5:14b,A,8321,Buffer double free caused use-after-free assert (Bugzilla Bug 2459),cryptopkg,bug,medium,mdkinney,0.95,"The bug involves a buffer double free in the cryptopkg package, matching previous CLANG compiler build error patterns.",,False
qwen2.5:14b,A,8320,Multiple misuse of SetMem function (Bugzilla Bug 2458),cryptopkg,bug,low,mdkinney,0.95,The bug involves misuse of SetMem function in Cryptopkg which matches the historical pattern of CLANG compiler build errors.,,False
qwen2.5:14b,A,8319,Exception processing SetVariable when variable store is full. (Bugzilla Bug 2457),mdemodulepkg,bug,high,wenbhou,0.95,"The bug is related to variable store handling and recovery from full state, matching previous high-priority bugs in the same area.",,False
qwen2.5:14b,A,9861,PiSmmIpl NULL pointer access when memory contents are low (Bugzilla Bug 2456),mdemodulepkg,bug,low,lgao4,0.75,The bug is related to MdeModulePkg and involves a NULL pointer access issue which aligns with previous lgao4 assignments for similar issues in this package.,,False
qwen2.5:14b,A,8318,GenFds issue for Using the GenFds tool alone displays the build tool (Bugzilla Bug 2455),basetools,bug,low,AshrafAliS,0.95,"The bug is related to BaseTools and specifically mentions a GenFds issue, matching AshrafAliS's historical pattern of handling BaseTools-related bugs.",,False
qwen2.5:14b,A,9860,Add microcode flash address to EDKII microcode patch HOB. (Bugzilla Bug 2454),ueficpupkg,bug,low,lgao4,0.75,The bug is related to UEFI core package and involves a specific feature or component not previously matched exactly.,,False
qwen2.5:14b,A,8317,Incremental Build Issue for the header file deletion (Bugzilla Bug 2451),basetools,bug,high,AshrafAliS,0.95,Historical pattern shows AshrafAliS handles BaseTools related issues.,,False
qwen2.5:14b,A,8316,Add platform microcode shadow PPI to UefiCpuPkg (Bugzilla Bug 2449),ueficpupkg,bug,medium,philnoh2,0.95,"The bug is related to UefiCpuPkg and involves a specific sub-component (platform microcode shadow PPI), matching the pattern of previous bugs assigned to philnoh2.",,False
qwen2.5:14b,A,8315,Basetools: Enable build option group setting (Bugzilla Bug 2448),basetools,bug,low,AshrafAliS,0.95,The bug is related to BaseTools and matches historical patterns of AshrafAliS handling BaseTools issues.,,False
qwen2.5:14b,A,8314,Avoid using CreateEventEx unless required (Bugzilla Bug 2446),mdepkg,bug,medium,lgao4,0.75,The bug is related to MdePkg and does not match any specific rare assignees or historical patterns closely.,,False
qwen2.5:14b,A,9858,Provide hypervisor bit name in CPUID_VERSION_INFO_ECX (Bugzilla Bug 2445),mdepkg,bug,low,os-d,0.95,The bug is related to MdePkg and involves CPUID_VERSION_INFO_ECX which is likely a low-level system component issue.,,False
qwen2.5:14b,A,9856,Extend and fix the TCG/TCG2 Physical Presence Interface (Bugzilla Bug 2443),securitypkg,bug,low,HunterChang030,0.9,The bug is related to the TCG/TCG2 Physical Presence Interface in SecurityPkg and HunterChang030 has previously handled similar issues in this package.,,False
qwen2.5:14b,A,9855,"gEfiMdeModulePkgTokenSpaceGuid.PcdAcpiS3Enable has defaulted to True, which enables S3 on platforms (Bugzilla Bug 2442)",mdemodulepkg,bug,low,YangGangUEFI,0.85,The bug is related to a PCD configuration in MdeModulePkg and matches historical patterns of similar issues being handled by YangGangUEFI.,,False
qwen2.5:14b,A,8313,UEFIPayloadPkg: coreboot on Intel DenvertonNS with UEFIPayload leads to assertion (Bugzilla Bug 2441),uefipayloadpkg,bug,high,YangGangUEFI,0.85,"The bug is related to UEFIPayloadPkg and involves an assertion issue, which aligns with previous issues handled by YangGangUEFI in similar packages.",,False
qwen2.5:14b,A,8312,An uesless if statement (Bugzilla Bug 2440),mdemodulepkg,bug,medium,YangGangUEFI,0.85,The bug is in MdeModulePkg and does not specify a specific sub-component or rare assignee.,,False
qwen2.5:14b,A,8311,Add TCG PFP revision 105 support and NIST SP800-155 event (Bugzilla Bug 2439),securitypkg,bug,low,HunterChang030,0.9,"The bug is related to SecurityPkg and involves TCG PFP revision support, matching HunterChang030's historical pattern of handling similar issues in the SecurityPkg package.",,False
qwen2.5:14b,A,9854,"Remove Framework HII ""class\subclass"" in Network Pkg VFR (Bugzilla Bug 2437)",networkpkg,bug,low,SaloniKasbekar,0.9,The bug involves replacing hardcoded values with existing #define constants in the Network Pkg VFR.,,False
qwen2.5:14b,A,8310,There are some incorrect Doxygen comment in SmmAccess feature (Bugzilla Bug 2436),intelsiliconpkg,bug,low,YangGangUEFI,0.85,"The bug is related to incorrect Doxygen comments in a specific feature of IntelSiliconPkg, which aligns with previous assignments for similar documentation issues.",,False
qwen2.5:14b,A,9853,Should have clear separation for PEI global variable and data supporting PEI/DXE communication in MpInitLib (Bugzilla Bug 2435),ueficpupkg,bug,low,philnoh2,0.95,The bug is related to PEI/DXE communication in MpInitLib within UefiCpuPkg.,,False
qwen2.5:14b,A,8309,"improve the coding style of loops over CPUs in ""UefiCpuPkg/PiSmmCpuDxeSmm/MpService.c"" (Bugzilla Bug 2434)",ueficpupkg,bug,low,philnoh2,0.95,"The bug is related to UefiCpuPkg and specifically involves coding style of loops over CPUs, matching the historical pattern for this type of issue.",,False
qwen2.5:14b,A,9852,HTTPS Certificate Enrollment Issue (Bugzilla Bug 2433),networkpkg,bug,high,SaloniKasbekar,0.9,"The bug is related to HTTPS certificate enrollment in the NetworkPkg, which falls under replacing hardcoded values with existing constants.",,False
qwen2.5:14b,A,9851,Basetool: Make FixedAtBuild Pcd Token Number be fixed in AutoGen File (Bugzilla Bug 2432),basetools,bug,low,AshrafAliS,0.95,The bug is related to BaseTools and involves AutoGen file modifications.,,False
qwen2.5:14b,A,8308,Microcode revision mismatch between BSP and AP (Bugzilla Bug 2431),ueficpupkg,bug,low,philnoh2,0.95,"The bug is related to microcode revision mismatch between BSP and AP in UefiCpuPkg, which matches the historical pattern of philnoh2 handling issues related to CPU/AP interactions.",,False
qwen2.5:14b,A,8306,[UefiCpuPkg/MpInitLib] Reduce the copy size when loading microcode patches data into memory (Bugzilla Bug 2429),ueficpupkg,bug,low,philnoh2,0.95,"The bug is related to UefiCpuPkg/MpInitLib and involves microcode patches data loading, matching the historical pattern of philnoh2 handling bugs related to CPU multiprocessor initialization.",,False
qwen2.5:14b,A,8305,Need add SPDM device measurement definition in TCG PFP spec. (Bugzilla Bug 2428),mdepkg,bug,low,Vogtinator,0.85,TCG PFP spec related issues are best handled by Vogtinator based on previous patterns.,,False
qwen2.5:14b,A,8304,SPDM Nonce structure definition error (Bugzilla Bug 2427),mdepkg,bug,low,os-d,0.95,The bug is related to MdePkg and involves a structure definition error which likely pertains to core DXE functionality or memory management.,,False
qwen2.5:14b,A,8303,BaseTools: Remove unused PCD_TOKEN_ macro definition for FixedAtBuild PCD (Bugzilla Bug 2426),basetools,bug,low,AshrafAliS,0.95,The bug is related to BaseTools and involves removing an unused macro definition.,,False
qwen2.5:14b,A,8301,change UTF-8 characters to asci character (Bugzilla Bug 2423),basetools,bug,low,AshrafAliS,0.95,"The bug is related to BaseTools and involves character encoding changes, matching AshrafAliS's historical pattern of handling BaseTools issues.",,False
qwen2.5:14b,A,8300,FirwareVersion should be FirmwareVersion. (Bugzilla Bug 2422),mdepkg,bug,low,YangGangUEFI,0.85,The bug is related to MdePkg and involves a naming issue which matches previous assignments to YangGangUEFI for similar issues in the same package.,,False
qwen2.5:14b,A,9849,DisplayUpdateProgressLibGraphics should allow configuration of the background color. (Bugzilla Bug 2419),mdemodulepkg,bug,low,YangGangUEFI,0.95,The bug is related to DisplayUpdateProgressLibGraphics in MdeModulePkg and matches historical patterns for UI/graphics-related bugs.,,False
qwen2.5:14b,A,9848,Aspeed AST2400/2500 USB Hub Init fails (Bugzilla Bug 2418),mdemodulepkg,bug,high,YangGangUEFI,0.85,"The bug is related to MDKModulePkg and involves USB Hub initialization, which aligns with previous assignments of EricGao2015 but using a different assignee for variety.",,False
qwen2.5:14b,A,8297,SMI generation IO port number is unsupported on AMD systems (Bugzilla Bug 2416),securitypkg,bug,medium,HunterChang030,0.9,"The bug is related to SecurityPkg and involves a specific issue with SMI generation on AMD systems, matching HunterChang030's previous work on OpalPassword in SecurityPkg.",,False
qwen2.5:14b,A,8296,CLANG38 toolchain fails to build in latest edk2 (Bugzilla Bug 2415),basetools,bug,low,makubacki,0.95,"The bug is related to the CLANG38 toolchain in BaseTools, matching previous issues handled by makubacki for similar build failures.",,False
qwen2.5:14b,A,9847,SmmReadyToLock event needs to be relayed to MM when signaled in DXE (Bugzilla Bug 2414),standalonemmpkg,bug,high,AshrafAliS,0.95,"The bug is related to StandaloneMmPkg and involves event signaling between DXE and MM phases, which does not match any specific common pattern but aligns with handling complex phase interactions typically managed by AshrafAliS.",,False
qwen2.5:14b,A,9846,Drop EDK Shell (EdkShellPkg) support (Bugzilla Bug 2413),shellpkg,bug,medium,YangGangUEFI,0.85,The bug is related to ShellPkg and historical patterns show YangGangUEFI handles such issues.,,False
qwen2.5:14b,A,8294,heapguard.c faults when Use after free is enabled (Bugzilla Bug 2411),mdemodulepkg,bug,low,lgao4,0.75,The bug is related to MdeModulePkg and does not match any specific rare assignees or historical patterns closely.,,False
qwen2.5:14b,A,8292,Steps to enable LLVM build in Windows is too complex (Bugzilla Bug 2404),basetools,bug,low,AshrafAliS,0.95,The bug is related to BaseTools and involves simplifying the LLVM build process in Windows.,,False
qwen2.5:14b,A,8291,CLANG9 TOOLS build OVMF failed with -D SECURE_BOOT_ENABLE=TRUE (Bugzilla Bug 2403),cryptopkg,bug,high,mdkinney,0.95,The bug involves a build error with the CLANG compiler in the cryptopkg package.,,False
qwen2.5:14b,A,9844,MdePkg/Include/IndustryStandard/Tpm12.h variable named operator causes C++ compiler issue (Bugzilla Bug 2402),mdepkg,bug,low,mdkinney,0.95,"The bug is related to a C++ compiler issue in MdePkg, which matches the pattern of previous CLANG build errors handled by mdkinney.",,False
qwen2.5:14b,A,8290,"BaseTools: Dsc Parser, included dsc file is parsed always no matter if its condition is False (Bugzilla Bug 2400)",basetools,bug,low,AshrafAliS,0.95,The bug is related to BaseTools Dsc Parser functionality which matches previous high priority issues handled by AshrafAliS.,,False
qwen2.5:14b,A,8289,Fix EBC build failure caused by change of size_t's definition (Bugzilla Bug 2398),mdemodulepkg,bug,low,YangGangUEFI,0.85,"The bug is related to MdeModulePkg and affects EBC build, matching previous assignments for similar issues in this package.",,False
qwen2.5:14b,A,8288,"_MSC_EXTENSIONS is not an indication of MSVC compiler, _MSC_VER should be used (Bugzilla Bug 2397)",basetools,bug,low,AshrafAliS,0.95,"The bug is related to BaseTools and involves compiler macros, matching AshrafAliS's historical pattern of handling BaseTools issues.",,False
qwen2.5:14b,A,9842,Lasterror is not updated after tftp dynamic command when edk2 RELEASE is built by gcc-7.x/gcc-8x arm 64-bit compiler (Bugzilla Bug 2396),shellpkg,bug,low,NingFengGit,0.95,The bug is related to ShellPkg and involves a specific compiler issue with arm 64-bit.,,False
qwen2.5:14b,A,8287,InternalShellExecuteDevicePath: Return invalid argument error instead of ASSERT while error happened during arguments parsing (Bugzilla Bug 2395),shellpkg,bug,low,YangGangUEFI,0.85,The bug is related to ShellPkg and involves argument parsing in InternalShellExecuteDevicePath.,,False
qwen2.5:14b,A,8286,OFFSET_OF() not treated as integral constant with CLANGPDB toolchain (Bugzilla Bug 2393),-,bug,low,deeglaze,0.95,The bug is related to CLANGPDB toolchain and involves a linker warning type issue.,,False
qwen2.5:14b,A,8285,CpuDxe/MpInitLib wrongly assumes no switch BSP could happen in PEI phase (Bugzilla Bug 2392),ueficpupkg,bug,low,philnoh2,0.95,The bug is related to CpuDxe/MpInitLib in UefiCpuPkg and matches the historical pattern of bugs concerning AP reset vector buffer handling.,,False
qwen2.5:14b,A,8283,Requesting support for SHA384 & SHA512 (during signing scheme) (Bugzilla Bug 2389),cryptopkg,bug,low,liyi77,0.95,The bug is related to adding support for SHA384 & SHA512 during signing scheme in the Cryptography package.,,False
qwen2.5:14b,A,8282,SMM latency increase sharply (Bugzilla Bug 2388),ueficpupkg,bug,low,philnoh2,0.95,"The bug is related to UEFI CPU package and involves SMM latency, matching the historical pattern of this specific sub-component.",,False
qwen2.5:14b,A,9840,Ifconfig6 command with out gateway option along with the host option not printing any error message (Bugzilla Bug 2385),shellpkg,bug,high,NingFengGit,0.95,The bug is related to the Ifconfig6 command in ShellPkg and requires fixing error handling or message printing.,,False
qwen2.5:14b,A,8281,Add ARM/Aarch64 which were missing to VALID_ARCHITECTURES in LzmaCustomDecompressLib.inf (Bugzilla Bug 2382),mdemodulepkg,bug,low,YangGangUEFI,0.95,"The bug is related to MdeModulePkg and involves adding architectures to a .inf file, which aligns with previous assignments for similar configuration or setup issues in this package.",,False
qwen2.5:14b,A,8280,Duplicate FILE_GUID used in PrePiLib and PrePiHobLib. (Bugzilla Bug 2381),embeddedpkg,bug,low,AshrafAliS,0.95,The bug is related to BaseTools and involves a duplicate FILE_GUID issue.,,False
qwen2.5:14b,A,8279,Blind assignment of UINT64 to UINT32 in VirtualRealTimeClockLib.c (Bugzilla Bug 2380),embeddedpkg,bug,low,SaloniKasbekar,0.9,The bug involves replacing a hardcoded value with an existing define constant in EmbeddedPkg.,,False
qwen2.5:14b,A,8278,"ShellPkg/edit: typo ""Lines Wrote"" (Bugzilla Bug 2379)",edkshellpkg,bug,low,YangGangUEFI,0.95,"The bug is related to ShellPkg and involves a typo in the edit command, matching previous assignments for similar issues within this package.",,False
qwen2.5:14b,A,9839,The FV reported in DS->ProcessFirmwareVolume() might not be measured (Bugzilla Bug 2378),securitypkg,bug,low,HunterChang030,0.9,"The bug is related to SecurityPkg and involves potential issues with measuring FVs, matching HunterChang030's previous work on similar DeviceList handling bugs in OpalPassword.",,False
qwen2.5:14b,A,9838,The FV reported in FV_HOB might not be measured (Bugzilla Bug 2377),securitypkg,bug,low,HunterChang030,0.9,"The bug is related to SecurityPkg and involves potential issues with FV measurement, matching HunterChang030's historical pattern of handling similar bugs in SecurityPkg.",,False
qwen2.5:14b,A,9837,EFI_TCP4_PROTOCOL.Cancel() breaks Network Stack (Bugzilla Bug 2373),networkpkg,bug,low,SaloniKasbekar,0.9,"The bug is related to the Network Stack and involves a specific protocol function, matching SaloniKasbekar's pattern of fixing issues within the network package.",,False
qwen2.5:14b,A,9836,DXE core compares an enum-typed (EFI_MEMORY_TYPE) variable with a constant outside of the range of the enum. (Bugzilla Bug 2372),mdemodulepkg,bug,low,SaloniKasbekar,0.9,"The bug involves replacing a hardcoded value with an existing define constant in DXE core, matching SaloniKasbekar's historical pattern for NetworkPkg but also relevant to MDModulePkg.",,False
qwen2.5:14b,A,8276,Build failures with multiple -b options (Bugzilla Bug 2371),basetools,bug,medium,AshrafAliS,0.95,Historical pattern shows AshrafAliS handles BaseTools related issues.,,False
qwen2.5:14b,A,9835,.dsc files matching Components on list of all except EBC architecture (Bugzilla Bug 2370),-,bug,low,AshrafAliS,0.95,"The bug is related to .dsc files and architecture handling, matching AshrafAliS's historical pattern of handling BaseTools issues.",,False
qwen2.5:14b,A,9834,Remove ALL UGA content (Bugzilla Bug 2368),mdemodulepkg,bug,low,YangGangUEFI,0.85,Historical pattern shows YangGangUEFI handles MDKModulePkg bugs related to content removal.,,False
qwen2.5:14b,A,9832,IPv6 DHCP Stateless - should INFORMATION-REQUEST for boot options only not DHCPSOLICIT. (Bugzilla Bug 2366),networkpkg,bug,low,SaloniKasbekar,0.9,The bug is related to IPv6 DHCP Stateless and involves replacing a hardcoded value with an existing define constant.,,False
qwen2.5:14b,A,8275,Basetool: Build failed on Non-English OS if structurePcd is used in platform dsc file (Bugzilla Bug 2365),basetools,bug,low,AshrafAliS,0.95,The bug is related to BaseTools and involves a specific build issue with structurePcd in platform dsc files on non-English OS.,,False
qwen2.5:14b,A,8274,VS2012 Build Warning in VariableParsing.c (Bugzilla Bug 2364),mdemodulepkg,bug,medium,YangGangUEFI,0.95,The bug is related to VariableParsing.c in MdeModulePkg and matches historical patterns for this component.,,False
qwen2.5:14b,A,8273,Basetool: Missing IMAGE= in the platform .map file (Bugzilla Bug 2363),basetools,bug,low,AshrafAliS,0.95,"The bug is related to BaseTools and involves a specific issue with the .map file, matching AshrafAliS's historical pattern of handling BaseTools issues.",,False
qwen2.5:14b,A,8272,"spelling mistake, ""trival"" should be ""trivial"" (Bugzilla Bug 2362)",basetools,bug,low,AshrafAliS,0.95,"The bug is related to a spelling mistake in BaseTools, which matches AshrafAliS's historical pattern of handling such issues.",,False
qwen2.5:14b,A,8271,"spelling mistake, ""occured"" should be ""occurred"" (Bugzilla Bug 2361)",mdemodulepkg,bug,low,YangGangUEFI,0.95,"The bug is related to a spelling mistake in MdeModulePkg, which has been handled by YangGangUEFI before for similar issues.",,False
qwen2.5:14b,A,8270,"spelling mistake, ""instrcution"" should be ""instruction"" (Bugzilla Bug 2360)",mdemodulepkg,bug,low,YangGangUEFI,0.95,"The bug is a spelling mistake in MdeModulePkg, which has been handled by YangGangUEFI before for similar issues.",,False
qwen2.5:14b,A,8269,"spelling mistake, ""infomation"" should be ""information"" (Bugzilla Bug 2359)",mdemodulepkg,bug,low,YangGangUEFI,0.95,"The bug is a spelling mistake in MdeModulePkg, which has been handled by YangGangUEFI before for similar issues.",,False
qwen2.5:14b,A,8268,"spelling mistake, ""formated"" should be ""formatted"" (Bugzilla Bug 2358)",-,bug,low,EricGao2015,0.9,Spelling mistakes in UI text are typically handled by maintainers of the relevant form or interface.,,False
qwen2.5:14b,A,8267,"spelling mistake, ""eable"" should be ""enable"" (Bugzilla Bug 2357)",ueficpupkg,bug,low,YangGangUEFI,0.95,The bug is a spelling mistake in UefiCpuPkg which matches historical patterns for YangGangUEFI.,,False
qwen2.5:14b,A,8266,"spelling mistake, ""devies"" should be ""devices"" (Bugzilla Bug 2356)",mdemodulepkg,bug,low,YangGangUEFI,0.95,"The bug is a spelling mistake in MdeModulePkg, which has been handled by YangGangUEFI before.",,False
qwen2.5:14b,A,8265,"spelling mistake, ""defualt"" should be ""default"" (Bugzilla Bug 2355)",mdemodulepkg,bug,low,YangGangUEFI,0.95,"The bug is related to a spelling mistake in MdeModulePkg, which has been handled by YangGangUEFI before for similar issues.",,False
qwen2.5:14b,A,8264,Structure CPU_MP_DATA should not put MicrocodePatchRegionSize after UINTN field (Bugzilla Bug 2354),ueficpupkg,bug,low,philnoh2,0.95,The bug is related to CPU_MP_DATA structure in UefiCpuPkg which matches the historical pattern of bugs assigned to philnoh2.,,False
qwen2.5:14b,A,8263,Enhance the binary cache to leverage compiler to output the dependency files (Bugzilla Bug 2353),basetools,bug,low,AshrafAliS,0.95,The bug is related to BaseTools and involves enhancing the binary cache functionality.,,False
qwen2.5:14b,A,8262,Add DDR5 definitions for SMBIOS 3.4.0 (Bugzilla Bug 2352),mdepkg,bug,medium,NingFengGit,0.95,"The bug involves adding DDR5 definitions for SMBIOS, which matches previous work on SMBIOS updates in ShellPkg.",,False
qwen2.5:14b,A,9831,AutoGenWorker doesn't bubble up error status to main build script (Bugzilla Bug 2351),basetools,bug,low,AshrafAliS,0.95,The bug is related to BaseTools and involves a build script issue.,,False
qwen2.5:14b,A,9830,Error when processing custom makefiles: CustomMakefile object has no attribute DependencyHeaderFileSet (Bugzilla Bug 2350),basetools,bug,low,AshrafAliS,0.95,"The bug is related to BaseTools and involves a specific issue with CustomMakefile objects, matching AshrafAliS's historical pattern of handling BaseTools-related issues.",,False
qwen2.5:14b,A,8261,"spelling mistake ""consistant"" should be ""consistent"" (Bugzilla Bug 2349)",basetools,bug,low,AshrafAliS,0.95,The bug is related to a spelling mistake in BaseTools which has been handled by AshrafAliS before.,,False
qwen2.5:14b,A,8260,"spelling mistake ""conenction"" should be ""connection"" (Bugzilla Bug 2348)",networkpkg,bug,low,SaloniKasbekar,0.9,The bug is about replacing a hardcoded value with an existing define constant in the network package.,,False
qwen2.5:14b,A,8259,"spelling mistake ""comamnd"" should be ""command"", ""agaist"" should be ""against"" (Bugzilla Bug 2347)",sourceleveldebugpkg,bug,low,YangGangUEFI,0.95,"The bug is about spelling mistakes in source code comments, which typically falls under general code quality and documentation issues handled by YangGangUEFI for similar bugs.",,False
qwen2.5:14b,A,8258,"spelling mistake, ""cancal"" should be ""cancel"" (Bugzilla Bug 2346)",securitypkg,bug,low,HunterChang030,1.0,"The bug is related to SecurityPkg and involves a spelling mistake, which matches HunterChang030's previous assignment for similar issues in the same package.",,False
qwen2.5:14b,A,8257,"spelling mistake ""atttributes"" should be ""attributes"" (too may t's) (Bugzilla Bug 2345)",basetools,bug,low,AshrafAliS,0.95,The bug is related to a spelling mistake in BaseTools package code.,,False
qwen2.5:14b,A,8256,"spelling mistake, ""aquire"" should be ""acquire"" (Bugzilla Bug 2344)",mdemodulepkg,bug,low,YangGangUEFI,0.95,"The bug is related to a spelling mistake in MdeModulePkg, which has been handled by YangGangUEFI before.",,False
qwen2.5:14b,A,9829,Convert all the magic number into enums/MACROs in the SmbiosView (Bugzilla Bug 2343),shellpkg,bug,low,SaloniKasbekar,0.9,"The bug involves replacing hardcoded values with existing #define constants in SmbiosView, matching SaloniKasbekar's historical pattern for NetworkPkg but applicable to ShellPkg as well.",,False
qwen2.5:14b,A,9828,"DHCPv6 - Does two request's - the second result in ""no addresses available"" reply from dhcp server. Boot Fails. (Bugzilla Bug 2342)",networkpkg,bug,high,SaloniKasbekar,0.9,"The bug involves DHCPv6 requests and boot failures, matching the NetworkPkg component with a focus on protocol implementation issues.",,False
qwen2.5:14b,A,8255,Rename tool chain CLANG9 to CLANGPDB (Bugzilla Bug 2341),basetools,bug,high,AshrafAliS,0.95,"The bug is related to BaseTools and involves renaming a toolchain, which matches AshrafAliS's historical pattern of handling BaseTools issues.",,False
qwen2.5:14b,A,8254,In-place binary patching of flash performed during SEC phase (Bugzilla Bug 2340),ueficpupkg,bug,medium,philnoh2,0.95,The bug involves SEC phase in UEFI CPUPkg which matches the expertise of philnoh2 on CPU related issues.,,False
qwen2.5:14b,A,9827,Editor does not allow to enter a simple Unicode text like 'привет мир' (Bugzilla Bug 2339),shellpkg,bug,low,YangGangUEFI,0.95,The bug is related to the ShellPKG editor functionality and matches historical patterns for UI/UX issues within this package.,,False
qwen2.5:14b,A,8253,Unify the definitions of size_t (Bugzilla Bug 2338),mdemodulepkg,bug,high,YangGangUEFI,0.85,"The bug is related to MdeModulePkg and involves unifying definitions, which aligns with previous assignments for similar issues in this package.",,False
qwen2.5:14b,A,8252,UEFI Redfish POC code re-architecture (Bugzilla Bug 2337),-,bug,high,mikebeaton,1.0,The bug is related to UEFI Redfish POC code re-architecture which falls under the RedfishPkg package and matches the historical pattern of MikeBeaton handling such issues.,,False
qwen2.5:14b,A,9826,Issues in Memory BAR decoding (Bugzilla Bug 2335),networkpkg,bug,low,SaloniKasbekar,0.9,The bug is related to Memory BAR decoding in the NetworkPkg and involves replacing hardcoded values with existing constants.,,False
qwen2.5:14b,A,8251,Static Code Fixes in Network Package (Bugzilla Bug 2334),networkpkg,bug,low,SaloniKasbekar,0.9,"The bug involves static code fixes in the Network Package, which matches SaloniKasbekar's historical pattern of handling hardcoded value replacements with existing define constants.",,False
qwen2.5:14b,A,8250,Fix variable runtime cache update logic (Bugzilla Bug 2333),mdemodulepkg,bug,high,wenbhou,0.95,The bug is related to variable runtime cache update logic in MdeModulePkg and matches the pattern of high priority bugs previously assigned to wenbhou.,,False
qwen2.5:14b,A,8249,Exiting a shell application using StdLib does not flush the file buffers. (Bugzilla Bug 2332),stdlib,bug,low,YangGangUEFI,0.85,The bug is related to StdLib in MdePkg which has been historically handled by YangGangUEFI.,,False
qwen2.5:14b,A,8248,Remove ExecutionDisable feature logic from UefiCpuPkg/CpuCommonFeaturesLib (Bugzilla Bug 2329),ueficpupkg,bug,low,philnoh2,0.95,The bug is related to UefiCpuPkg/CpuCommonFeaturesLib which matches the historical pattern of philnoh2 handling bugs in this package.,,False
qwen2.5:14b,A,8247,Add structure definition of host interface protocol type in SMBIOS header file (Bugzilla Bug 2328),mdepkg,bug,medium,NingFengGit,0.95,The bug involves adding structure definition in SMBIOS header file which matches previous assignments for similar SMBIOS related tasks.,,False
qwen2.5:14b,A,8246,SecurityPkg/OpalPassword: Remove dependency on EFI_BLOCK_IO_PROTOCOL (Bugzilla Bug 2327),securitypkg,bug,low,HunterChang030,1.0,The bug is related to SecurityPkg/OpalPassword and matches the pattern of a previous OpalPassword issue handled by HunterChang030.,,False
qwen2.5:14b,A,9825,need add debug message for one-of option mismatch in setupbrowser (Bugzilla Bug 2326),mdepkg,bug,low,YangGangUEFI,0.95,The bug is related to setupbrowser in MdeModulePkg and matches previous assignments to YangGangUEFI for similar issues.,,False
qwen2.5:14b,A,8245,Add FitGen feature to support uCode Capsule Update (Bugzilla Bug 2321),basetools,bug,high,AshrafAliS,0.95,The bug is related to BaseTools and involves adding a new feature for uCode Capsule Update.,,False
qwen2.5:14b,A,8244,Need to support map file parsing for CLANG9 tool chain. (Bugzilla Bug 2320),basetools,bug,high,AshrafAliS,0.95,The bug is related to BaseTools and requires support for map file parsing in the CLANG9 tool chain.,,False
qwen2.5:14b,A,8243,EmulatorPkg using CpuBreakPoint (Bugzilla Bug 2319),emulatorpkg,bug,low,Damien-Chen,0.85,The bug is related to EmulatorPkg and there are no specific patterns or rare assignees listed for this package.,,False
qwen2.5:14b,A,9824,Add library class and instance for configuration block management (Bugzilla Bug 2318),intelsiliconpkg,bug,low,lgao4,0.75,The bug is related to configuration block management in IntelSiliconPkg and no specific historical pattern matches precisely.,,False
qwen2.5:14b,A,9823,[SMM info leak] SMM information got published to non-SMM database (Bugzilla Bug 2317),mdepkg,bug,low,os-d,0.95,"The bug is related to MdePkg and involves SMM information leaking to non-SMM database, which falls under memory management and security features handled by os-d.",,False
qwen2.5:14b,A,8242,Mouse and keyboard not working on qemu with UefiPayloadPkg (Bugzilla Bug 2316),uefipayloadpkg,bug,medium,AndreasBBS,0.95,"The bug involves QEMU and UefiPayloadPkg, matching historical pattern of network protocol driver issues with QEMU_EFI.",,False
qwen2.5:14b,A,8240,MdeModulePkg/NvmExpressPei: Fix Opal S3 unlock issue (Bugzilla Bug 2312),mdemodulepkg,bug,low,HunterChang030,0.9,"The bug involves Opal S3 unlock issue in MdeModulePkg/NvmExpressPei, matching HunterChang030's expertise with OpalPassword handling.",,False
qwen2.5:14b,A,8239,Basetool: Current GetFileDependency method to get source code's dependency is slow. (Bugzilla Bug 2311),basetools,bug,high,AshrafAliS,0.95,The bug is related to BaseTools performance and previous similar issues were handled by AshrafAliS.,,False
qwen2.5:14b,A,8238,IntelFsp2Pkg/SplitFspBin.py: Command crashed when FV almost full. (Bugzilla Bug 2310),intelfsp2pkg,bug,low,praravin,0.95,"The bug is related to IntelFsp2Pkg and specifically mentions a crash in SplitFspBin.py, matching the historical pattern of praravin handling issues within this package.",,False
qwen2.5:14b,A,8237,Add UEFI 2.8 new memory attribute definitions (Bugzilla Bug 2309),mdepkg,bug,medium,os-d,0.95,"The bug is related to MdePkg and involves adding new memory attribute definitions, which aligns with os-d's expertise in handling memory-related issues within MdePkg.",,False
qwen2.5:14b,A,8236,Add architecture modifier to DSC [Components] section tag (Bugzilla Bug 2308),basetools,bug,high,AshrafAliS,0.95,"The bug is related to BaseTools and involves modifying the DSC file structure, which matches AshrafAliS's historical pattern of handling BaseTools issues.",,False
qwen2.5:14b,A,9821,Remove binary module UefiCpuPkg/ResetVector/Vtf0/Bin/ResetVector.inf (Bugzilla Bug 2306),ueficpupkg,bug,low,lgao4,0.85,The bug is related to a binary module in UefiCpuPkg which has been handled by lgao4 before.,,False
qwen2.5:14b,A,8234,Build.py warning using python 3.8 (Bugzilla Bug 2304),basetools,bug,medium,AshrafAliS,0.95,"The bug is related to BaseTools and involves a Python warning, matching AshrafAliS's historical pattern of handling BaseTools issues.",,False
qwen2.5:14b,A,8232,DebugPrintMarker implementations may preliminary cut message data (Bugzilla Bug 2302),mdepkg,bug,medium,os-d,0.95,"The bug is related to MdePkg and involves a potential issue with DebugPrintMarker implementations cutting message data, which falls under the broader category of memory management or core functionality issues typically handled by os-d.",,False
qwen2.5:14b,A,8231,Build warning due to calling removed sys.setdefaultencoding in python 3 (Bugzilla Bug 2301),basetools,bug,low,AshrafAliS,0.95,The bug is related to BaseTools and involves a Python build warning.,,False
qwen2.5:14b,A,8230,Handling mixed UnicodeCollation with accordance to PlatformLang (Bugzilla Bug 2300),shellpkg,bug,low,YangGangUEFI,0.85,"The bug is related to ShellPkg and involves handling UnicodeCollation with PlatformLang, which aligns with previous issues handled by YangGangUEFI in the ShellPkg component.",,False
qwen2.5:14b,A,9819,UefiDevicePathLibOptionalDevicePathProtocol asserts on missing DevicePathProtocol (Bugzilla Bug 2298),mdepkg,bug,medium,YangGangUEFI,0.85,"The bug is related to MdePkg and DevicePathProtocol, which matches historical patterns for YangGangUEFI.",,False
qwen2.5:14b,A,8229,ls is broken on empty directory (Bugzilla Bug 2296),shellpkg,bug,medium,YangGangUEFI,0.85,The bug is related to shellpkg functionality and historical patterns suggest YangGangUEFI handles such issues.,,False
qwen2.5:14b,A,8228,UefiFileHandleLib mishandles root directory on many drivers (Bugzilla Bug 2295),mdepkg,bug,medium,lgao4,0.75,"The bug is related to MdePkg and involves a specific library (UefiFileHandleLib), which matches historical patterns of lgao4 handling similar issues in this package.",,False
qwen2.5:14b,A,8227,Unhandled unspecified Timezone in ls causing garbage output (Bugzilla Bug 2294),shellpkg,bug,medium,praveensankarn,0.95,"The bug is related to ShellPkg and involves a command (ls), matching the pattern of previous ShellPkg bugs handled by praveensankarn.",,False
qwen2.5:14b,A,8226,NULL pointer dereference in FileHandleGetInfo (Bugzilla Bug 2293),mdepkg,bug,medium,os-d,0.95,"The bug is related to MdePkg and involves a NULL pointer dereference in FileHandleGetInfo, which falls under memory management or core functionality issues typically handled by os-d.",,False
qwen2.5:14b,A,9817,Potential uninitialized read in function re_mbcinit (Bugzilla Bug 2292),mdemodulepkg,bug,medium,YangGangUEFI,0.85,"The bug is in MdeModulePkg and involves a potential uninitialized read, matching previous assignments to YangGangUEFI for similar issues.",,False
qwen2.5:14b,A,9816,potential uninitialized pointer read in function reg_set_encoding (Bugzilla Bug 2291),mdemodulepkg,bug,medium,YangGangUEFI,0.85,"The bug is in MdeModulePkg and involves a potential uninitialized pointer read, which matches previous assignments to YangGangUEFI for similar issues.",,False
qwen2.5:14b,A,8225,Overflowed array index on array mStandbyButtonPhaseString (Bugzilla Bug 2290),mdemodulepkg,bug,medium,YangGangUEFI,0.95,"The bug is related to MdeModulePkg and involves an array overflow issue, matching historical patterns for this assignee.",,False
qwen2.5:14b,A,8224,Overflowed array index on array mIoTrapTypeString (Bugzilla Bug 2289),mdemodulepkg,bug,medium,YangGangUEFI,0.85,"The bug is related to MdeModulePkg and involves an array index overflow, matching previous assignments to YangGangUEFI for similar issues in this package.",,False
qwen2.5:14b,A,8223,Overflowed array index on array mSxPhaseString (Bugzilla Bug 2288),mdemodulepkg,bug,medium,YangGangUEFI,0.85,"The bug is related to MdeModulePkg and involves an array index overflow, matching historical patterns for this package.",,False
qwen2.5:14b,A,8222,Overflowed array index on array mSxTypeString (Bugzilla Bug 2287),mdemodulepkg,bug,medium,YangGangUEFI,0.85,"The bug is related to MdeModulePkg and involves an array index overflow, matching previous assignments to YangGangUEFI for similar issues in this package.",,False
qwen2.5:14b,A,8221,Potential null pointer dereference on pointer Token (Bugzilla Bug 2286),mdemodulepkg,bug,medium,YangGangUEFI,0.85,"The bug is related to MdeModulePkg and involves a potential null pointer dereference, which matches historical patterns for this assignee.",,False
qwen2.5:14b,A,8220,bad pointer operation in UiCustomizeFrontPageBanner (Bugzilla Bug 2285),mdemodulepkg,bug,medium,YangGangUEFI,0.85,The bug is related to UiCustomizeFrontPageBanner in MdeModulePkg and matches historical patterns for UI-related bugs assigned to YangGangUEFI.,,False
qwen2.5:14b,A,9815,Exception in HttpImpl.c (Bugzilla Bug 2283),networkpkg,bug,low,SaloniKasbekar,0.9,The bug is in HttpImpl.c within the NetworkPkg and involves replacing a hardcoded value with an existing define constant.,,False
qwen2.5:14b,A,8219,ip6ConfigReadConfigData causes an exception by accessing beyond the end of a read variable (Bugzilla Bug 2273),networkpkg,bug,low,SaloniKasbekar,0.9,The bug involves replacing a hardcoded value with an existing define constant in the NetworkPkg.,,False
qwen2.5:14b,A,8218,Overflowed array index on array mUsbTypeString (Bugzilla Bug 2272),mdemodulepkg,bug,low,YangGangUEFI,0.95,"The bug is related to MdeModulePkg and involves an array overflow issue, matching historical patterns for this assignee.",,False
qwen2.5:14b,A,9813,Incorrect logical operator used in comparing a char in MangleFileName (Bugzilla Bug 2271),mdemodulepkg,bug,low,YangGangUEFI,0.95,"The bug is in MdeModulePkg and involves a logical operator issue, matching historical patterns for this assignee.",,False
qwen2.5:14b,A,8216,complete ARM support in DynamicTablesPkg (Bugzilla Bug 2269),-,bug,low,AshrafAliS,0.95,"The bug is related to DynamicTablesPkg and requires complete ARM support, which aligns with historical patterns of AshrafAliS handling such architectural enhancements.",,False
qwen2.5:14b,A,8215,ASSERT occurs in MpService.c when calling ReleaseSpinLock() (Bugzilla Bug 2268),ueficpupkg,bug,low,philnoh2,0.95,"The bug is related to MP service and spinlock in UefiCpuPkg, matching the pattern of a previous similar issue assigned to philnoh2.",,False
qwen2.5:14b,A,8214,PlatformBootManagerWaitCallback(0) broke x86 OVMF on QEMU (Bugzilla Bug 2267),ovmfpkg,bug,medium,os-d,0.95,The bug is related to OVMF on QEMU and involves a memory protection or page table issue.,,False
qwen2.5:14b,A,8213,BDS crashes if PcdPlatformBootTimeOut == 0 (Bugzilla Bug 2266),ovmfpkg,bug,high,os-d,0.95,"The bug is related to OvmfPkg and involves a crash condition, which aligns with os-d's expertise in handling such issues within the package.",,False
qwen2.5:14b,A,8212,Fix spelling errors in SecurityPkg (Bugzilla Bug 2265),securitypkg,bug,low,HunterChang030,0.9,"The bug is related to SecurityPkg and involves fixing spelling errors, which matches HunterChang030's previous work on similar issues in the same package.",,False
qwen2.5:14b,A,8211,Fix spelling errors in FatPkg (Bugzilla Bug 2264),fatpkg,bug,low,lgao4,0.85,"The bug is about fixing spelling errors in FatPkg, which does not match any specific historical pattern but is likely to be handled by a general maintainer or someone who deals with minor issues.",,False
qwen2.5:14b,A,8210,Fix spelling errors in PcAtChipsetPkg (Bugzilla Bug 2263),pcatchipsetpkg,bug,low,YangGangUEFI,0.95,The bug is about fixing spelling errors in PcAtChipsetPkg which aligns with previous similar issues handled by YangGangUEFI.,,False
qwen2.5:14b,A,8209,fix spelling errors in FmpDevicePkg (Bugzilla Bug 2262),fmpdevicepkg,bug,low,lgao4,0.85,"The bug is about fixing spelling errors in a specific package, which aligns with previous low-priority fixes for similar issues.",,False
qwen2.5:14b,A,8208,MdePkg dsc isn't complete and thus not a valid build for all modules and libraries in the package (Bugzilla Bug 2261),mdepkg,bug,low,os-d,0.95,The bug is related to MdePkg build issues which os-d has handled before.,,False
qwen2.5:14b,A,9812,BaseIoLib doesn't compile/assemble with Visual Studio for ARM/AARCH64 (Bugzilla Bug 2260),mdepkg,bug,low,ardbiesheuvel,0.95,The bug is related to MdePkg and Visual Studio compilation issues for ARM/AARCH64.,,False
qwen2.5:14b,A,8207,Network Pkg DSC is incomplete thus making invalid for CI builds (Bugzilla Bug 2259),networkpkg,bug,low,SaloniKasbekar,0.9,"The bug is related to the Network Pkg DSC file completeness, which falls under replacing hardcoded values with existing define constants in the NetworkPkg.",,False
qwen2.5:14b,A,8204,SecurityPkg.dec invalid library class defined (Bugzilla Bug 2256),securitypkg,bug,low,HunterChang030,0.9,"The bug is related to SecurityPkg and involves an invalid library class definition, matching HunterChang030's historical pattern of handling similar issues in the SecurityPkg.",,False
qwen2.5:14b,A,8203,UefiCpuPkg dsc doesn't include every library and module within the components section thus it isn't a complete build of everything in the package (Bugzilla Bug 2255),ueficpupkg,bug,low,philnoh2,0.95,The bug is related to UefiCpuPkg build completeness which matches the historical pattern of philnoh2 handling issues within this package.,,False
qwen2.5:14b,A,8202,CryptoPkg dsc doesn't include every library and module within the components section thus it isn't a complete build of everything in the package (Bugzilla Bug 2254),cryptopkg,bug,low,ardbiesheuvel,0.95,The bug is related to the CryptoPkg build configuration and historical issues with build errors in this package have been handled by ardbiesheuvel.,,False
qwen2.5:14b,A,8201,"StandaloneMmPkg build failure (IA32, X64 / DEBUG / GCC48) (Bugzilla Bug 2253)",standalonemmpkg,bug,low,AshrafAliS,0.95,"The bug is related to BaseTools and build issues, matching AshrafAliS's historical pattern of handling such cases.",,False
qwen2.5:14b,A,8200,SignedCapsulePkg build failure (DEBUG / AARCH64 / GCC5) (Bugzilla Bug 2252),signedcapsulepkg,bug,medium,AshrafAliS,0.95,"The bug is related to a build failure in SignedCapsulePkg and there's no specific assignee listed for this package, AshrafAliS has handled similar BaseTools issues before.",,False
qwen2.5:14b,A,9811,New POODLE vulnerability in TLS v1.2 (Bugzilla Bug 2251),cryptopkg,bug,low,liyi77,0.95,The bug is related to a TLS vulnerability in the cryptopkg package.,,False
qwen2.5:14b,A,9810,Deferred LSV Commit after Platform Health Check (Bugzilla Bug 2236),fmpdevicepkg,bug,low,lgao4,0.75,The bug is related to FMPDevicePkg and there is no exact match in the historical patterns provided.,,False
qwen2.5:14b,A,8197,Boot Manager missing entry from second disk (Bugzilla Bug 2235),ovmfpkg,bug,high,os-d,0.95,"The bug is related to OVMF package and involves boot manager entries, which aligns with os-d's expertise in handling OVMF build issues and memory management problems.",,False
qwen2.5:14b,A,8196,Multi-workspace failure in GenMake (Bugzilla Bug 2232),basetools,bug,high,AshrafAliS,0.95,Historical pattern shows AshrafAliS handles BaseTools issues.,,False
qwen2.5:14b,A,9809,"Shadow Pcd PEIM, Variable PEIM, and ReportStatusCodeRouter PEIM (Bugzilla Bug 2231)",mdemodulepkg,bug,low,YangGangUEFI,0.85,"The bug is related to MdeModulePkg and involves PEIM components, which aligns with previous assignments for similar issues in this package.",,False
qwen2.5:14b,A,9808,Python backtrace when building without /dev/shm mounted (Bugzilla Bug 2227),basetools,bug,low,AshrafAliS,0.95,The bug is related to BaseTools and involves a Python backtrace during build process.,,False
qwen2.5:14b,A,9807,"SmmCore double dispatch driver in SMM, without check the FvNameGuid (Bugzilla Bug 2224)",mdemodulepkg,bug,low,lgao4,0.85,"The bug is related to SmmCore in MdeModulePkg and involves a specific issue with FvNameGuid check, which matches the pattern of previous bugs handled by lgao4.",,False
qwen2.5:14b,A,9806,AutoGen threads are failing to rejoin in some environments. (Bugzilla Bug 2223),basetools,bug,low,AshrafAliS,0.95,"The bug is related to BaseTools and AutoGen threads, matching AshrafAliS's historical pattern of handling BaseTools issues.",,False
qwen2.5:14b,A,8194,"CpuTimerLib cannot be built for AARCH64, but is included in the standard Components. (Bugzilla Bug 2222)",ueficpupkg,bug,low,YangGangUEFI,0.85,"The bug is related to a CPU timer library and its build issues for AARCH64, which falls under the general category of UEFI package components but does not match any specific rare assignees or unique historical patterns.",,False
qwen2.5:14b,A,8193,BaseTools Makefile should be generated based on OS instead of tool chain family (Bugzilla Bug 2221),basetools,bug,high,AshrafAliS,0.95,The bug is related to BaseTools Makefile generation and matches historical patterns of AshrafAliS handling OS-specific issues in BaseTools.,,False
qwen2.5:14b,A,8191,Enhance the terminal console to support the arrow keys (Bugzilla Bug 2219),mdemodulepkg,bug,low,YangGangUEFI,0.95,The bug is related to terminal console support in MdeModulePkg and matches historical patterns for UI/UX issues.,,False
qwen2.5:14b,A,8190,[SdMmcPciHcDxe] Fix bus speed mode changing sequence for eMMC devices (Bugzilla Bug 2218),mdemodulepkg,bug,low,YangGangUEFI,0.85,The bug is related to SdMmcPciHcDxe in MdeModulePkg and no specific rare assignee matches better than a common one.,,False
qwen2.5:14b,A,8189,"ArmVirtPkg fails to build ""source object (many) has EABI version 5, but target LogoDxe.dll has EABI version 0"" (Bugzilla Bug 2216)",armvirtpkg,bug,high,AshrafAliS,0.95,The bug is related to build issues in ArmVirtPkg and matches historical patterns of AshrafAliS handling such cases.,,False
qwen2.5:14b,A,8188,DxeImageVerificationHandler integer overflow leads to endless loop (Bugzilla Bug 2215),pcatchipsetpkg,bug,low,HunterChang030,0.9,The bug is related to SecurityPkg and involves a specific issue with OpalPassword.,,False
qwen2.5:14b,A,8186,MdeModulePkg: Enable/Disable S3BootScript dynamically. (Bugzilla Bug 2209),mdemodulepkg,bug,low,YangGangUEFI,0.85,"The bug is related to MdeModulePkg and involves S3BootScript functionality, which aligns with previous assignments of similar nature.",,False
qwen2.5:14b,A,8185,[MdeMoudlePkg - UFS] edk2 UFS stack does not handle the 'FLAG VALUE' field of the QUERY RESPONSE UPIU properly (Bugzilla Bug 2208),mdemodulepkg,bug,low,YangGangUEFI,0.85,The bug is related to the UFS stack in MdeModulePkg and matches historical patterns of bugs handled by YangGangUEFI.,,False
qwen2.5:14b,A,9805,UefiCpuPkg should not depends on MdeModulePkg (Bugzilla Bug 2206),ueficpupkg,bug,low,philnoh2,0.95,"The bug is related to UefiCpuPkg and involves a dependency issue, matching the expertise of philnoh2 who handles similar issues in UefiCpuPkg.",,False
qwen2.5:14b,A,8184,build break due to custom makefile with the Basetools update (Bugzilla Bug 2203),basetools,bug,high,AshrafAliS,0.95,Historical pattern shows AshrafAliS handles BaseTools related issues.,,False
qwen2.5:14b,A,8183,Add definitions in SmBIos.h to support SMBIOS spec 3.3.0 (Bugzilla Bug 2202),mdepkg,bug,medium,NingFengGit,0.95,"The bug is related to SMBIOS definitions in MdePkg, matching NingFengGit's previous work on similar issues.",,False
qwen2.5:14b,A,8182,An error occurs using special VpdPcd that is not used in the Inf file (Bugzilla Bug 2201),basetools,bug,low,AshrafAliS,0.95,"The bug is related to BaseTools and involves handling of VpdPcd in Inf files, matching AshrafAliS's historical pattern for BaseTools issues.",,False
qwen2.5:14b,A,8180,Network related header files should be moved from MdeModulePkg to NetworkPkg (Bugzilla Bug 2196),networkpkg,bug,high,SaloniKasbekar,0.9,"The bug involves moving network related header files from MdeModulePkg to NetworkPkg, which aligns with the task of replacing hardcoded values with existing define constants in NetworkPkg.",,False
qwen2.5:14b,A,8179,PcdTftpBlockSize should be moved from MdeModulePkg into NetworkPkg (Bugzilla Bug 2195),networkpkg,bug,high,SaloniKasbekar,0.9,The bug involves moving a Pcd from MdeModulePkg to NetworkPkg and is related to replacing hardcoded values with existing defines.,,False
qwen2.5:14b,A,8178,Need more input parameter checking and error message output for CopyFileOnChange() (Bugzilla Bug 2193),basetools,bug,low,AshrafAliS,0.95,The bug is related to BaseTools and requires input parameter checking and error message output improvements.,,False
qwen2.5:14b,A,9803,CoreDisconnectController should not return EFI_NOT_FOUND (Bugzilla Bug 2192),mdemodulepkg,bug,low,YangGangUEFI,0.85,"The bug is related to MdeModulePkg and involves a specific function behavior, matching historical patterns for this package.",,False
qwen2.5:14b,A,9802,XenBusDxe: Fix ExitBootServices handler to not use Memory Allocation Services (Bugzilla Bug 2190),ovmfpkg,bug,low,Vogtinator,0.85,The bug is related to XenBusDxe in OvmfPkg and does not match any specific historical pattern for other assignees.,,False
qwen2.5:14b,A,9801,CpuExceptionLib can be enhanced to dump more details when Machine Check happens (Bugzilla Bug 2189),ueficpupkg,bug,low,philnoh2,0.95,The bug is related to CpuExceptionLib in UefiCpuPkg and matches the pattern of enhancing exception handling details.,,False
qwen2.5:14b,A,8177,build single issue:'PlatformInfo' object has no attribute 'DynamicPcdList' (Bugzilla Bug 2188),basetools,bug,low,AshrafAliS,0.95,The bug is related to BaseTools and involves a specific issue with PlatformInfo attributes.,,False
qwen2.5:14b,A,8176,Introduce new terminal type for terminal console driver (Bugzilla Bug 2186),mdemodulepkg,bug,low,YangGangUEFI,0.95,The bug is related to terminal console driver in MdeModulePkg and matches historical pattern of UI/UX issues assigned to YangGangUEFI.,,False
qwen2.5:14b,A,8175,Shell ASSERT if PlatformLang is not supported in UnicodeCollation2 (Bugzilla Bug 2184),shellpkg,bug,medium,YangGangUEFI,0.95,"The bug is related to Shellpkg and involves a specific sub-component (UnicodeCollation2), matching historical patterns for YangGangUEFI.",,False
qwen2.5:14b,A,8174,BaseTools:  Remove unnecessary the operation of renaming a file. (Bugzilla Bug 2183),basetools,bug,low,AshrafAliS,0.95,"The bug is related to BaseTools and involves a file operation improvement, matching AshrafAliS's historical pattern of handling BaseTools issues.",,False
qwen2.5:14b,A,8172,Add NULL CryptoLib instance (Bugzilla Bug 2181),cryptopkg,bug,medium,mdkinney,0.95,The bug is related to the CryptoLib instance in cryptopkg and involves a build or implementation issue.,,False
qwen2.5:14b,A,9800,GenFw always zeros the timestamp (Bugzilla Bug 2180),basetools,bug,low,AshrafAliS,0.95,Historical pattern shows AshrafAliS handles BaseTools related issues.,,False
qwen2.5:14b,A,8171,Thunk16 related APIs can be removed from BaseLib (Bugzilla Bug 2179),mdepkg,bug,medium,lgao4,0.85,The bug is related to MdePkg and does not match any specific rare assignees or historical patterns closely.,,False
qwen2.5:14b,A,8170,Remove the workaround definition in SecurityPkg/Tcg/Tcg2Config/Tcg2ConfigNvData.h (Bugzilla Bug 2178),securitypkg,bug,high,HunterChang030,0.9,"The bug is related to SecurityPkg and involves a specific workaround definition, matching HunterChang030's historical pattern of handling similar issues in the SecurityPkg.",,False
qwen2.5:14b,A,9799,DnsDxe vulnerable to cache poisoning from predictable UDP (Bugzilla Bug 2177),networkpkg,bug,low,BritChesley,0.95,Historical pattern shows BritChesley handles security vulnerabilities in DnsDxe.,,False
qwen2.5:14b,A,9798,IScsiDhcp6ExtractRootPath() out of bound Read (Bugzilla Bug 2176),networkpkg,bug,low,BritChesley,0.95,The bug is related to a network package function and matches the historical pattern of CodeQl errors in NetBuffer.c.,,False
qwen2.5:14b,A,9797,Mtftp4FillOptions can lead to memory corruption (Bugzilla Bug 2175),networkpkg,bug,low,SaloniKasbekar,0.9,"The bug involves memory corruption in Mtftp4FillOptions within the NetworkPkg, matching historical patterns of SaloniKasbekar handling issues related to replacing hardcoded values with #define constants.",,False
qwen2.5:14b,A,8169,Ip6ProcessRouterAdvertise DoS through infinite loop (Bugzilla Bug 2174),networkpkg,bug,low,BritChesley,0.95,"The bug is related to a DoS vulnerability in the network package's Ip6ProcessRouterAdvertise function, matching historical CodeQl error reports assigned to BritChesley.",,False
qwen2.5:14b,A,9796,IScsiOnR2TRcvd Integer Overflow (Bugzilla Bug 2173),networkpkg,bug,low,SaloniKasbekar,0.9,The bug involves replacing a hardcoded value with an existing define constant in the network package.,,False
qwen2.5:14b,A,9795,TcpDxe vulnerable to sequence number prediction attacks (Bugzilla Bug 2172),networkpkg,bug,low,BritChesley,0.95,Historical pattern shows BritChesley handles security-related bugs in NetworkPkg.,,False
qwen2.5:14b,A,9794,IScsiReceivePdu integer overflow may lead to memory corruption (Bugzilla Bug 2171),networkpkg,bug,low,BritChesley,0.95,The bug is related to integer overflow in IScsiReceivePdu which falls under security vulnerabilities within the NetworkPkg.,,False
qwen2.5:14b,A,9793,iSCSI secrets saved as plaintext UEFI variable (Bugzilla Bug 2170),networkpkg,bug,medium,SaloniKasbekar,0.9,"The bug involves plaintext storage of iSCSI secrets in UEFI variables, which falls under security and configuration handling within the NetworkPkg.",,False
qwen2.5:14b,A,8168,Out of bound read in Tcg2MeasureGptTable() and TcgMeasureGptTable() (Bugzilla Bug 2168),securitypkg,bug,low,HunterChang030,0.9,The bug is related to SecurityPkg and involves a potential out-of-bound read issue.,,False
qwen2.5:14b,A,8167,GetEfiGlobalVariable2() return value not checked (Bugzilla Bug 2167),mdemodulepkg,bug,medium,YangGangUEFI,0.85,The bug is related to MdeModulePkg and involves a function return value check issue.,,False
qwen2.5:14b,A,8166,BaseTools: build clean fail (Bugzilla Bug 2166),basetools,bug,low,bexcran,0.85,The bug is related to BaseTools and historical patterns suggest bexcran handles such issues.,,False
qwen2.5:14b,A,9792,Need a dependency evaluation tool (Bugzilla Bug 2161),basetools,bug,low,AshrafAliS,0.95,"The bug is related to BaseTools and requires a dependency evaluation tool, matching AshrafAliS's historical pattern of handling BaseTools issues.",,False
qwen2.5:14b,A,8165,OS complains memory < 1MB changes across S3 (Bugzilla Bug 2158),ueficpupkg,bug,high,philnoh2,0.95,The bug is related to UEFI core package and memory management across S3 resume state transitions.,,False
qwen2.5:14b,A,8164,Basetool: The default variable value would be generated incorrect (Bugzilla Bug 2157),basetools,bug,low,AshrafAliS,0.95,The bug is related to BaseTools and involves incorrect generation of default variable values.,,False
qwen2.5:14b,A,8163,UefiCpuPkg/SecCore: support only EFI_PEI_CORE_FV_LOCATION_PPI in PpiList (Bugzilla Bug 2153),ueficpupkg,bug,low,philnoh2,0.95,"The bug is related to UefiCpuPkg/SecCore and involves PPI support, matching the expertise of philnoh2 in handling CPU package issues.",,False
qwen2.5:14b,A,9791,build with -Y EXECUTION_ORDER fails to create execution order prediction report (Bugzilla Bug 2152),basetools,bug,low,AshrafAliS,0.95,"The bug is related to BaseTools and involves a specific feature (execution order prediction report), matching AshrafAliS's historical pattern of handling BaseTools issues.",,False
qwen2.5:14b,A,8162,Enable Unified API for UEFI drivers utilizing HASH/RSA Authentication Mechanism (Bugzilla Bug 2151),cryptopkg,bug,low,liyi77,0.95,"The bug is related to enabling Unified API for UEFI drivers using HASH/RSA Authentication Mechanism in the Cryptopkg package, which matches historical patterns of updating OpenSSL and handling security-related features.",,False
qwen2.5:14b,A,8161,#AC split lock caused by exception handler (Bugzilla Bug 2150),ueficpupkg,bug,low,philnoh2,0.95,"The bug is related to UEFI CPU package and involves an exception handler issue, matching the pattern of previous bugs assigned to philnoh2.",,False
qwen2.5:14b,A,9790,Ecc fails on python3 with antlr3 (Bugzilla Bug 2148),basetools,bug,low,bexcran,0.95,"The bug is related to BaseTools and Ecc failing with antlr3, matching the pattern of previous BaseTools issues handled by bexcran.",,False
qwen2.5:14b,A,8160,AutoGen need generate same AutoGen.h and AutoGen.c for same module across different OS (Bugzilla Bug 2147),basetools,bug,medium,AshrafAliS,0.95,The bug is related to BaseTools and specifically mentions cross-platform consistency in AutoGen files generation.,,False
qwen2.5:14b,A,8159,Library Class Header file is not specified correctly in Package.dec file (Bugzilla Bug 2146),mdepkg,bug,high,lgao4,0.85,The bug is related to Package.dec file and does not match specific patterns for other assignees.,,False
qwen2.5:14b,A,8158,Remove gEfiFormBrowserExProtocolGuid protocol guid (Bugzilla Bug 2145),mdemodulepkg,bug,high,YangGangUEFI,0.95,"The bug is related to MdeModulePkg and involves a protocol guid removal, matching previous assignments for similar issues in this package.",,False
qwen2.5:14b,A,8157,Update FILE GUID to avoid the duplicated module GUIDs (Bugzilla Bug 2144),mdepkg,bug,high,lgao4,0.85,"The bug is related to MdePkg and involves updating GUIDs to avoid duplicates, which aligns with previous lgao4 assignments for similar issues in this package.",,False
qwen2.5:14b,A,8156,ECC tool will report error and hang when scan code in AdvancedFeaturePkg.dec (Bugzilla Bug 2142),basetools,bug,high,bexcran,0.95,The bug is related to ECC tool in BaseTools package which previously had issues reported by bexcran.,,False
qwen2.5:14b,A,9789,ArmSoftFloatLib: compiler error on VS2019 (Bugzilla Bug 2140),armpkg,bug,medium,AshrafAliS,0.95,The bug is related to a compiler error in ArmSoftFloatLib which does not match any specific historical pattern but likely requires handling by someone familiar with BaseTools or similar build issues.,,False
qwen2.5:14b,A,8155,"MdePkg/DxeHstiLib: An issue was observed on Dell Poweredge R740, where the Dell PERC H740P controller UEFI driver returned InfoTypesBuffer = NULL, InfoTypesBufferCount = 0 and caused an FreePool assert. (Bugzilla Bug 2138)",mdepkg,bug,low,os-d,0.95,"The bug is related to MdePkg and involves a FreePool assert, which falls under memory management issues typically handled by os-d.",,False
qwen2.5:14b,A,8154,Basetool: Changing source file does not trigger rebuild (Bugzilla Bug 2137),basetools,bug,high,AshrafAliS,0.95,The bug is related to BaseTools and involves build system behavior.,,False
qwen2.5:14b,A,8153,Save AllSecPpiList after SecPlatformMain function. (Bugzilla Bug 2136),ueficpupkg,bug,low,philnoh2,0.95,The bug is related to UEFI CorePkg and specifically deals with SecPlatformMain function which matches the historical pattern of philnoh2's expertise in handling such issues.,,False
qwen2.5:14b,A,8152,Missing mws import statement in FvImageSection.py (Bugzilla Bug 2135),basetools,bug,medium,AshrafAliS,0.95,The bug is related to BaseTools and involves a missing import statement in a Python file.,,False
qwen2.5:14b,A,8151,MdeModulePkg applications do not build for !x86 (Bugzilla Bug 2134),mdemodulepkg,bug,high,YangGangUEFI,0.95,Historical pattern shows YangGangUEFI handles MdeModulePkg issues.,,False
qwen2.5:14b,A,9788,BaseTools: The dsc file name is incorrect in log message if that file is a included dsc (Bugzilla Bug 2133),basetools,bug,low,AshrafAliS,0.95,The bug is related to BaseTools and involves a log message issue with included dsc files.,,False
qwen2.5:14b,A,8150,Incorrect entropy computation (Bugzilla Bug 2131),-,bug,low,liyi77,0.95,"The bug involves incorrect entropy computation which is related to cryptographic functions and security, matching the expertise of liyi77 in handling such issues within the SecurityPkg or similar packages.",,False
qwen2.5:14b,A,8149,IPv4 PXE Boot: ProxyRequests sent although IP and Bootfile in DHCP Offer (Bugzilla Bug 2130),networkpkg,bug,medium,SaloniKasbekar,0.9,The bug involves replacing hardcoded values with existing constants in the NetworkPkg.,,False
qwen2.5:14b,A,8148,"[DxeImageVerificationLib] DxeImageVerificationHandler() is not handling correctly for policy ""DENY_EXECUTE_ON_SECURITY_VIOLATION"" (Bugzilla Bug 2129)",securitypkg,bug,high,HunterChang030,0.9,"The bug is related to DxeImageVerificationLib in SecurityPkg and involves incorrect handling of a security policy, matching HunterChang030's historical pattern for similar issues in SecurityPkg.",,False
qwen2.5:14b,A,9787,Wrap OpenSSL SM4 algorithm into BaseCryptLib (Bugzilla Bug 2128),cryptopkg,bug,low,liyi77,0.95,"The bug involves updating OpenSSL within the CryptPkg, which matches previous updates handled by liyi77.",,False
qwen2.5:14b,A,9786,Wrap OpenSSL SM2 algorithm into BaseCryptLib (Bugzilla Bug 2127),cryptopkg,bug,low,liyi77,0.95,"The bug involves updating OpenSSL within the CryptPkg, matching liyi77's historical pattern of handling OpenSSL updates for CVEs and other enhancements.",,False
qwen2.5:14b,A,8147,[IGNORE] find a way for preventing Bugzilla from wrapping code snippets (Bugzilla Bug 2125),-,bug,low,lgao4,0.85,The bug is related to Bugzilla behavior and does not fit any specific package or component mentioned in the historical patterns.,,False
qwen2.5:14b,A,8145,Implement SmmAccess in IntelSiliconPkg (Bugzilla Bug 2121),intelsiliconpkg,bug,low,lgao4,0.75,No exact match found in the provided list for IntelSiliconPkg issues; lgao4 has handled similar low priority package-specific bugs before.,,False
qwen2.5:14b,A,9783,SetupBrowserDxe/Ifrparse.c DestroyFormSet: FormSet->Link is not removed from linked list (Bugzilla Bug 2119),mdemodulepkg,bug,low,YangGangUEFI,0.95,The bug is related to SetupBrowserDxe in MdeModulePkg and matches historical patterns for this specific component.,,False
qwen2.5:14b,A,8144,NVMe driver uses wrong queue size when NVMe device doesn't support size of driver queue (Bugzilla Bug 2118),mdemodulepkg,bug,low,SaloniKasbekar,0.9,The bug involves a hardcoded value issue in the NVMe driver within MdeModulePkg.,,False
qwen2.5:14b,A,8143,"BaseTools will report ""unresolved external symbol _ModuleEntryPoint"" while the actual reason is a missing lib instance in DSC. (Bugzilla Bug 2112)",basetools,bug,low,AshrafAliS,0.95,"The bug is related to BaseTools and involves a linker issue with DSC files, matching AshrafAliS's historical pattern of handling such issues in BaseTools.",,False
qwen2.5:14b,A,8142,Need move tempfile.NamedTemporaryFile() block operation outside of FileLock (Bugzilla Bug 2106),basetools,bug,low,AshrafAliS,0.95,The bug is related to BaseTools and involves a specific issue with FileLock and NamedTemporaryFile operations.,,False
qwen2.5:14b,A,8141,Fix regression in EmulatorPkg WinHost when image is loaded more than one or unloaded (Bugzilla Bug 2105),emulatorpkg,bug,low,lgao4,0.85,"The bug is related to EmulatorPkg and WinHost, which does not match any specific rare assignees or common patterns listed.",,False
qwen2.5:14b,A,8140,Exiting a shell application does not correctly unload the DLL under EmulatorPkg causing stability issues (Bugzilla Bug 2104),emulatorpkg,bug,high,YangGangUEFI,0.85,"The bug is related to EmulatorPkg and stability issues with shell applications, which aligns with previous assignments of similar UI or application behavior bugs.",,False
qwen2.5:14b,A,8139,CopyFileOnChange() and SaveFileOnChange() should support Long FilePath in windows (Bugzilla Bug 2103),basetools,bug,high,AshrafAliS,0.95,"The bug is related to BaseTools and involves handling long file paths in Windows, which matches the pattern of previous high-priority bugs handled by AshrafAliS.",,False
qwen2.5:14b,A,8138,BaseTools: pre-process the input string for regular expression findall function (Bugzilla Bug 2102),basetools,bug,low,AshrafAliS,0.95,"The bug is related to BaseTools and involves preprocessing input strings for regular expressions, matching historical patterns of AshrafAliS handling BaseTools issues.",,False
qwen2.5:14b,A,8137,BaseTools: remove unnecessary the checking for file existing (Bugzilla Bug 2101),basetools,bug,low,AshrafAliS,0.95,The bug is related to BaseTools and matches the pattern of previous BaseTools issues handled by AshrafAliS.,,False
qwen2.5:14b,A,8135,BaseTools: The error message for missing library instance is incorrect (Bugzilla Bug 2099),basetools,bug,high,AshrafAliS,0.95,The bug is related to BaseTools and matches the pattern of previous high-priority issues in this component.,,False
qwen2.5:14b,A,9781,IPV6 PXE Failure on 3 Layer network (Bugzilla Bug 2097),networkpkg,bug,low,SaloniKasbekar,0.9,"The bug is related to IPV6 PXE failure in the network package, which matches historical patterns of replacing hardcoded values with existing define constants.",,False
qwen2.5:14b,A,10651,Apply new TimerLib instances from CpuTimerLib to use CPUID Lead 0x15 XTAL clock frequency to calculate TSC (Bugzilla Bug 2096),ueficpupkg,bug,low,philnoh2,0.95,The bug is related to TimerLib instances in CpuTimerLib which matches the historical pattern of bugs assigned to philnoh2 within UefiCpuPkg.,,False
qwen2.5:14b,A,8134,Potential memory leak in HMAC Sha256 flow (Bugzilla Bug 2095),cryptopkg,bug,low,mdkinney,0.95,The bug is related to a potential memory leak in the HMAC Sha256 flow within the Cryptography package.,,False
qwen2.5:14b,A,9780,PrePiLib: incorrect population of FV2 HOB FvName field (Bugzilla Bug 2094),embeddedpkg,bug,low,AshrafAliS,0.95,The bug is related to PrePiLib in EmbeddedPkg and matches the pattern of BaseTools FMMT handling issues previously assigned to AshrafAliS.,,False
qwen2.5:14b,A,8133,'PlatformAutoGen' object has no attribute 'DataPile' in BuildReport (Bugzilla Bug 2093),basetools,bug,low,AshrafAliS,0.95,"The bug is related to BaseTools and BuildReport, matching AshrafAliS's historical pattern of handling BaseTools issues.",,False
qwen2.5:14b,A,8132,BaseTools: Incremental build genmake failed on python3 (Bugzilla Bug 2090),basetools,bug,low,AshrafAliS,0.95,Historical pattern shows AshrafAliS handles BaseTools related issues.,,False
qwen2.5:14b,A,9778,Wild & dangling pointers in the acpiview ACPI table parsers (Bugzilla Bug 2089),shellpkg,bug,low,YangGangUEFI,0.85,The bug is related to ShellPkg and involves parsing issues which aligns with previous assignments for similar UI or parser bugs in this package.,,False
qwen2.5:14b,A,8131,BaseTools: Incorrect Module UniqueName generated if there are more than one instance for the same module (Bugzilla Bug 2088),basetools,bug,low,AshrafAliS,0.95,The bug is related to BaseTools and matches the pattern of previous BaseTools issues handled by AshrafAliS.,,False
qwen2.5:14b,A,8130,ECC reports an false positive error (Bugzilla Bug 2087),basetools,bug,low,bexcran,0.95,"The bug is related to BaseTools and ECC false positive errors, matching bexcran's historical pattern of handling such issues.",,False
qwen2.5:14b,A,8128,Process_files.pl needs to be updated to add missing header files in generated inf files (Bugzilla Bug 2085),cryptopkg,bug,low,ardbiesheuvel,0.95,"The bug is related to Cryptopkg and involves updating a script for header files, which matches the common pattern of handling build scripts and configurations in this package.",,False
qwen2.5:14b,A,8127,BaseTools: ECC failed with ModuleNotFoundError (Bugzilla Bug 2081),basetools,bug,low,bexcran,0.95,"The bug is related to BaseTools and ECC failure, matching the pattern of previous BaseTools ECC issues.",,False
qwen2.5:14b,A,8126,BaseTools: Fixed issue on IgnoreAutoGen build option (Bugzilla Bug 2080),basetools,bug,low,AshrafAliS,0.95,The bug is related to BaseTools and matches the pattern of previous issues handled by AshrafAliS.,,False
qwen2.5:14b,A,8125,AutoGen file saving and copying report IOError occasionally if work with multi-process (Bugzilla Bug 2079),basetools,bug,medium,AshrafAliS,0.95,"The bug is related to BaseTools and involves multi-process issues, matching AshrafAliS's historical pattern of handling BaseTools bugs.",,False
qwen2.5:14b,A,8124,BaseTools: Incorrect incremental build behavior (Bugzilla Bug 2078),basetools,bug,high,AshrafAliS,0.95,Historical pattern shows AshrafAliS handles BaseTools issues.,,False
qwen2.5:14b,A,8123,LzmaCompress need support switches to set compression mode and dictionary size (Bugzilla Bug 2077),basetools,bug,medium,AshrafAliS,0.95,"The bug is related to BaseTools and requires a feature addition in LzmaCompress, which aligns with previous high-priority issues handled by AshrafAliS.",,False
qwen2.5:14b,A,9776,The UEFI Shell editor will Assert  with in Emulator for Windows (Bugzilla Bug 2076),emulatorpkg,bug,low,YangGangUEFI,0.85,The bug is related to the UEFI Shell editor in EmulatorPkg and matches historical patterns of UI or form issues assigned to YangGangUEFI.,,False
qwen2.5:14b,A,9775,gUefiCpuPkgTokenSpaceGuid.PcdCpuApTargetCstate definition is unclear. (Bugzilla Bug 2075),ueficpupkg,bug,medium,philnoh2,0.95,The bug is related to UefiCpuPkgTokenSpaceGuid.PcdCpuApTargetCstate which matches the sub-component handled by philnoh2.,,False
qwen2.5:14b,A,9774,"BaseTool: With --hash build option, build can't resume after build break in make phase. (Bugzilla Bug 2072)",basetools,bug,low,AshrafAliS,0.9,Historical pattern shows AshrafAliS handles BaseTools related issues.,,False
qwen2.5:14b,A,9771,Calls to EFI_PCI_IO_PROTOCOL.Map should always unmap on errors (Bugzilla Bug 2069),mdemodulepkg,bug,low,YangGangUEFI,0.85,The bug is related to MdeModulePkg and involves a specific protocol handling issue.,,False
qwen2.5:14b,A,8118,GetVariable not returning attributes on EFI_BUFFER_TOO_SMALL (Bugzilla Bug 2062),mdemodulepkg,bug,medium,lgao4,0.85,The bug is related to GetVariable behavior in MdeModulePkg which matches previous lgao4 assignments for similar protocol interface issues.,,False
qwen2.5:14b,A,8117,"UefiCpuPkg: remove useless ""ConsoleLogLock"" from RegisterCpuFeaturesLib and PiSmmCpuDxeSmm (Bugzilla Bug 2060)",ueficpupkg,bug,low,philnoh2,0.95,"The bug is related to UefiCpuPkg and involves CPU features, matching the expertise of philnoh2 who handles similar issues in UefiCpuPkg.",,False
qwen2.5:14b,A,8116,Failure caused by python tool occurs when building ShellPkg (Bugzilla Bug 2058),basetools,bug,medium,AshrafAliS,0.95,The bug is related to BaseTools and involves a python tool failure during ShellPkg build.,,False
qwen2.5:14b,A,8115,Ecc needs to handle another copyright format (Bugzilla Bug 2057),basetools,bug,medium,AshrafAliS,0.95,"The bug is related to BaseTools and specifically mentions handling a new copyright format, which aligns with previous work on BaseTools by AshrafAliS.",,False
qwen2.5:14b,A,8114,VS20xx IA32 builds of EmulatorPkg can not boot (Bugzilla Bug 2056),emulatorpkg,bug,low,AshrafAliS,0.95,"The bug is related to EmulatorPkg and build issues, which aligns with AshrafAliS's pattern of handling BaseTools and build-related bugs.",,False
qwen2.5:14b,A,8113,Remove use of UNIX_SEC_BUILD and WIN_SEC_BUILD defines in EmulatorPkg DSC file (Bugzilla Bug 2055),emulatorpkg,bug,low,AshrafAliS,0.95,The bug is related to EmulatorPkg DSC file and does not match any specific sub-component or rare assignee listed.,,False
qwen2.5:14b,A,9769,OpenSSL reuses pointers across SetVirtualAdressMap() (Bugzilla Bug 2053),cryptopkg,bug,medium,liyi77,0.95,The bug is related to OpenSSL in the cryptopkg package and requires an update or fix for a security vulnerability.,,False
qwen2.5:14b,A,8111,A parameter needs description in comments (Bugzilla Bug 2052),ueficpupkg,bug,medium,lgao4,0.85,"The bug is related to a parameter needing description in comments within UefiCpuPkg, and lgao4 has handled similar issues before.",,False
qwen2.5:14b,A,8110,A pointer is not safe when dereferenced in DebugCommunicationLibUsb3Dxe.c (Bugzilla Bug 2051),sourceleveldebugpkg,bug,medium,AshrafAliS,0.95,The bug is related to DebugCommunicationLibUsb3Dxe.c in SourceLevelDebugPkg and does not match any specific historical pattern for other listed assignees.,,False
qwen2.5:14b,A,9768,MdeModulePkg/Logo Outdated (Bugzilla Bug 2050),mdemodulepkg,bug,medium,YangGangUEFI,0.95,Historical pattern shows YangGangUEFI handles MdeModulePkg issues.,,False
qwen2.5:14b,A,8109,Pointer Response in ShellPkg needs to be checked (Bugzilla Bug 2049),shellpkg,bug,medium,YangGangUEFI,0.85,The bug is related to ShellPkg and previous similar issues were assigned to YangGangUEFI.,,False
qwen2.5:14b,A,8107,BaseTools: Build raise exception if there is libraryclass missing in dsc file and --pcd build option is used (Bugzilla Bug 2047),basetools,bug,low,AshrafAliS,0.95,The bug is related to BaseTools and involves a specific build issue with libraryclass and --pcd option.,,False
qwen2.5:14b,A,8106,EmulatorPkg builds fail with XCODE5 toolchain tag for IA32 and X64 (Bugzilla Bug 2046),emulatorpkg,bug,low,AshrafAliS,0.95,The bug is related to a specific toolchain issue in EmulatorPkg which has been handled by AshrafAliS before.,,False
qwen2.5:14b,A,8105,EmulatorPkg build fails VS2015x86 if VS2017 is also installed (Bugzilla Bug 2045),emulatorpkg,bug,low,AshrafAliS,0.95,"The bug is related to EmulatorPkg build issues with specific VS versions installed, matching AshrafAliS's historical pattern of handling such build environment issues.",,False
qwen2.5:14b,A,8104,PatchCheck .py is producing false positives in patch evaluation (Bugzilla Bug 2044),basetools,bug,low,AshrafAliS,0.95,"The bug is related to BaseTools and specifically PatchCheck.py, which matches the historical pattern of AshrafAliS handling BaseTools issues.",,False
qwen2.5:14b,A,9766,Need a way to inform consumers the side effect of using PEI memory pool services (Bugzilla Bug 2042),mdemodulepkg,bug,medium,os-d,0.95,"The bug is related to PEI memory pool services and potential side effects, which falls under the DXE core memory management and protection feature.",,False
qwen2.5:14b,A,8103,Improve FSP Python scripts to support 3.x. (Bugzilla Bug 2041),intelfsp2pkg,bug,low,praravin,0.95,"The bug is related to IntelFsp2Pkg and improving Python scripts, which matches the historical pattern of praravin handling similar issues.",,False
qwen2.5:14b,A,8102,IA32_FEATURE_CONTROL stays unlocked in S3 after a warm reset (Bugzilla Bug 2040),ueficpupkg,bug,high,philnoh2,0.95,"The bug is related to UEFI core package and involves CPU feature control during S3 resume, matching the expertise of philnoh2 in handling such issues.",,False
qwen2.5:14b,A,9765,BaseTools: build will fail if running Edksetup.bat under VS2015 developer command and the VS2017 are also installed (Bugzilla Bug 2039),basetools,bug,medium,AshrafAliS,0.95,The bug is related to BaseTools and Edksetup.bat build issues under specific VS environments.,,False
qwen2.5:14b,A,8101,GenFds multithread generate wrong SectionAlign option for GenFfs command in makefile (Bugzilla Bug 2038),basetools,bug,medium,AshrafAliS,0.95,"The bug is related to BaseTools and specifically multithreading in makefile, matching AshrafAliS's historical pattern of handling BaseTools issues.",,False
qwen2.5:14b,A,8100,Fix warning: Module MetaFile [Sources] is missing local header! (Bugzilla Bug 2036),mdepkg,bug,medium,YangGangUEFI,0.85,"The bug is related to MdePkg and involves a warning in the Module MetaFile, which aligns with previous assignments for similar issues within this package.",,False
qwen2.5:14b,A,9764,BaseTools/FMMT: Cannot handle nested FV when deleting PEIMs. (Bugzilla Bug 2034),basetools,bug,medium,AshrafAliS,0.95,The bug is related to BaseTools/FMMT and matches historical patterns of AshrafAliS handling BaseTools issues.,,False
qwen2.5:14b,A,8099,Comments need to be improved in UefiCpuPkg/Cpuid.c (Bugzilla Bug 2033),ueficpupkg,bug,medium,YangGangUEFI,0.95,"The bug is related to improving comments in UefiCpuPkg/Cpuid.c, which falls under the general maintenance and documentation category for this package.",,False
qwen2.5:14b,A,8098,Ping6OnEchoReplyReceived crash (Bugzilla Bug 2032),shellpkg,bug,low,NingFengGit,0.95,"The bug is related to ShellPkg and involves a crash in Ping6OnEchoReplyReceived, which aligns with NingFengGit's previous work on similar issues within the package.",,False
qwen2.5:14b,A,8097,ARP packet receive crash (Bugzilla Bug 2031),mdemodulepkg,bug,medium,SaloniKasbekar,0.9,The bug involves replacing hardcoded values with existing #define constants in the network package.,,False
qwen2.5:14b,A,8096,tools_def.txt contains hard-coded path to mtoc (*_XCODE5_*_MTOC_PATH) (Bugzilla Bug 2030),basetools,bug,medium,AshrafAliS,0.95,"The bug involves hard-coded paths in BaseTools, which is a common issue handled by AshrafAliS for BaseTools.",,False
qwen2.5:14b,A,9763,CryptoPkg Broken on MSVC after upgrade to 1.1.1b (Bugzilla Bug 2029),cryptopkg,bug,low,ardbiesheuvel,0.95,"The bug is related to MSVC build issues in CryptoPkg after an upgrade, matching the pattern of previous MSVC build error reports.",,False
qwen2.5:14b,A,8095,Comparisons in CapsuleOnDisk.c should be improved (Bugzilla Bug 2028),mdemodulepkg,bug,medium,YangGangUEFI,0.85,"The bug is in MdeModulePkg and involves code improvements, matching historical patterns for this assignee.",,False
qwen2.5:14b,A,8094,Comparisons in CryptPkcs7VerifyEku.c should be improved (Bugzilla Bug 2027),cryptopkg,bug,medium,mdkinney,0.95,"The bug is related to improving comparisons in CryptPkcs7VerifyEku.c within the CryptoPkg, which matches historical patterns of CLANG compiler build errors.",,False
qwen2.5:14b,A,8093,Strings are missing in SecurityPkg.uni (Bugzilla Bug 2026),securitypkg,bug,low,HunterChang030,0.9,The bug is related to missing strings in SecurityPkg.uni which matches HunterChang030's previous work on DeviceList handling and string issues in SecurityPkg.,,False
qwen2.5:14b,A,8092,"Should add build option ""-fno-omit-frame-pointer"" in SecMain.inf (Bugzilla Bug 2024)",ovmfpkg,bug,medium,r1chard-lyu,0.8,The bug is related to OvmfPkg build options and does not match the specific sub-components of other assignees.,,False
qwen2.5:14b,A,8091,Move MmAccess & MmControl PPI from MdeModulePkg to MdePkg (Bugzilla Bug 2023),mdepkg,bug,medium,os-d,0.95,"The bug involves moving PPIs from MdeModulePkg to MdePkg, which is related to core memory management and protection features.",,False
qwen2.5:14b,A,8090,Change from 01.org bug emails to Groups.io (Bugzilla Bug 2021),-,bug,medium,lgao4,0.75,"The bug is related to a change in communication platform and does not specify a particular package or component, suggesting it might be a general infrastructure or tooling issue.",,False
qwen2.5:14b,A,8089,EFI_SMRAM_HOB_DESCRIPTOR_BLOCK isn't defined in MdePkg though it's in PI spec 1.5 (Bugzilla Bug 2020),mdepkg,bug,medium,AshrafAliS,0.95,"The bug is related to MdePkg and HOB descriptor block definition, which aligns with previous work on similar foundational components in BaseTools.",,False
qwen2.5:14b,A,8088,"Change ""EDK II Trunk"" in Bugzilla's `Release(s) the issue is observed` to ""EDK II Master"" (Bugzilla Bug 2019)",-,bug,medium,AshrafAliS,1.0,The bug is related to BaseTools and specifically about handling a case in FMMT.,,False
qwen2.5:14b,A,8087,IntelFsp2Pkg: PeiService pointer not reset to 0 in SecMain (Bugzilla Bug 2018),intelfsp2pkg,bug,low,praravin,0.95,"The bug is related to IntelFsp2Pkg and specifically mentions PeiService pointer handling in SecMain, matching the pattern of praravin who handles similar issues within this package.",,False
qwen2.5:14b,A,8086,Added arch output to build report (Bugzilla Bug 2016),basetools,bug,medium,AshrafAliS,0.95,The bug is related to BaseTools and involves handling a specific case in the build report.,,False
qwen2.5:14b,A,8085,Updata the output encoding of the Popen  function (Bugzilla Bug 2015),basetools,bug,medium,AshrafAliS,0.95,The bug is related to BaseTools and involves updating the Popen function's output encoding.,,False
qwen2.5:14b,A,8084,Add extra debugging to improve error identification. (Bugzilla Bug 2014),basetools,bug,medium,AshrafAliS,0.95,"The bug is related to BaseTools and improving error identification, matching AshrafAliS's historical pattern of handling BaseTools issues.",,False
qwen2.5:14b,A,8083,"replace the chinese quotation mark with  unicode "" (Bugzilla Bug 2013)",basetools,bug,medium,AshrafAliS,0.95,The bug is related to BaseTools and involves handling specific character encodings or text issues.,,False
qwen2.5:14b,A,8082,UefiDebugLibStdErr library lacks destructor to close event (Bugzilla Bug 2012),mdepkg,bug,medium,os-d,0.95,"The bug is related to MdePkg and involves a destructor for an event in UefiDebugLibStdErr library, which falls under memory management and core functionality issues typically handled by os-d.",,False
qwen2.5:14b,A,9762,"Help content for ""comp"" Shell command is incorect (Bugzilla Bug 2011)",shellpkg,bug,medium,YangGangUEFI,0.95,The bug is related to Shell command help content which falls under the Device Manager or Setup UI form category historically handled by YangGangUEFI.,,False
qwen2.5:14b,A,8080,[MdePkg/PciExpress21.h]: The existing PCI industry standard registers are not up to date as per PCIe Base Specification 4.0 (Bugzilla Bug 2007),mdepkg,bug,high,AshrafAliS,0.95,"The bug is related to updating industry standard registers in MdePkg, which aligns with previous high-priority updates and maintenance tasks.",,False
qwen2.5:14b,A,9761,Introduce new library SecurityLockAuditLib to provide a consistant debug log message of security event (Bugzilla Bug 2006),mdemodulepkg,bug,low,HunterChang030,0.9,The bug involves SecurityLockAuditLib in MdeModulePkg which matches HunterChang030's previous work on OpalPassword security issues.,,False
qwen2.5:14b,A,9760,GUID override doesn't work in Apriori section (Bugzilla Bug 2005),basetools,bug,medium,AshrafAliS,0.95,The bug is related to BaseTools and specifically mentions a case handling issue in FMMT.,,False
qwen2.5:14b,A,8079,Basetools: misuse of lstrip (Bugzilla Bug 2003),basetools,bug,low,AshrafAliS,0.95,"The bug is related to BaseTools and involves a misuse of lstrip, matching historical patterns for BaseTools issues.",,False
qwen2.5:14b,A,9758,SMM pointer leak in SmmVariableGetStatistics() (Bugzilla Bug 2002),mdemodulepkg,bug,medium,HunterChang030,0.9,The bug is related to SMM pointer leak in SecurityPkg which HunterChang030 has handled before.,,False
qwen2.5:14b,A,8078,Integer truncation issues in S3BootScript[Save]*() API (Bugzilla Bug 2001),mdemodulepkg,bug,medium,YangGangUEFI,0.85,The bug is related to MdeModulePkg and involves an API issue which historically has been handled by YangGangUEFI.,,False
qwen2.5:14b,A,9757,PE loader should zero out dest buffer on allocation (Bugzilla Bug 1999),mdemodulepkg,bug,low,lgao4,0.85,The bug is related to PE loader in MdeModulePkg and lgao4 has handled similar issues before.,,False
qwen2.5:14b,A,8077,CoreLoadPeImage() allows fixed mappings (Bugzilla Bug 1998),mdemodulepkg,bug,low,YangGangUEFI,0.85,The bug is related to MdeModulePkg and does not match any specific rare assignees or unique historical patterns.,,False
qwen2.5:14b,A,8076,CoreLoadImageCommon() security violation (Bugzilla Bug 1997),mdemodulepkg,bug,low,lgao4,0.75,"The bug is related to CoreLoadImageCommon() security violation in MdeModulePkg, which matches the pattern of previous bugs handled by lgao4.",,False
qwen2.5:14b,A,8075,Wifi manager exposes sensitive material to HostOS (Bugzilla Bug 1996),mdemodulepkg,bug,medium,YangGangUEFI,0.85,The bug is related to the Wifi manager in MdeModulePkg and matches historical patterns for this component.,,False
qwen2.5:14b,A,8074,"Error corner cases in Hii Os Runtime support, where Host OS could trigger use after free (Bugzilla Bug 1995)",mdemodulepkg,bug,medium,YangGangUEFI,0.85,The bug is related to Hii Os Runtime support and matches historical patterns for this component within MdeModulePkg.,,False
qwen2.5:14b,A,8073,Integer overflows in PeCoffLoaderRelocateImage (Bugzilla Bug 1993),mdepkg,bug,medium,os-d,0.95,The bug is related to MdePkg and involves a potential memory corruption issue in PeCoffLoaderRelocateImage.,,False
qwen2.5:14b,A,8072,All LoadImage() callers should handle EFI_SECURITY_VIOLATION explicitly (Bugzilla Bug 1992),shellpkg,bug,low,YangGangUEFI,0.85,"The bug is related to ShellPkg and involves handling of EFI_SECURITY_VIOLATION, which aligns with previous assignments for similar issues in this package.",,False
qwen2.5:14b,A,8071,Double EFI_PCI_ROOT_BRIDGE_IO_PROTOCOL_UNMAP in SdMmcCreateTrb (Bugzilla Bug 1989),mdemodulepkg,bug,medium,YangGangUEFI,0.85,The bug is related to MdeModulePkg and does not match specific patterns for other assignees.,,False
qwen2.5:14b,A,9756,BaseTools: Remove gDatabasePath global variable (Bugzilla Bug 1987),basetools,bug,medium,AshrafAliS,0.95,The bug is related to BaseTools and matches historical patterns of AshrafAliS handling BaseTools issues.,,False
qwen2.5:14b,A,8070,"Basetools: Create "".cache"" folder as early as possible (Bugzilla Bug 1986)",basetools,bug,low,AshrafAliS,0.95,The bug is related to BaseTools and involves handling of cache folder creation.,,False
qwen2.5:14b,A,9755,edksetup.bat/edksetup.sh Reconfig option should reset EDK_TOOLS_PATH/PYTHONPATH (Bugzilla Bug 1985),-,bug,medium,AshrafAliS,0.95,"The bug is related to edksetup scripts and BaseTools handling, matching AshrafAliS's historical pattern of working on such issues.",,False
qwen2.5:14b,A,8069,UefiCpuPkg RegisterCpuFeaturesLib: cautious to debug print on AP (Bugzilla Bug 1984),ueficpupkg,bug,medium,philnoh2,0.95,"The bug is related to UefiCpuPkg and specifically mentions RegisterCpuFeaturesLib, which matches the historical pattern of philnoh2 handling bugs in this area.",,False
qwen2.5:14b,A,8068,Performed Microcode copy from flash on both PEI and DXE (Bugzilla Bug 1982),ueficpupkg,bug,high,philnoh2,0.95,The bug involves microcode copy in UEFI CPUPkg which matches the expertise of philnoh2 as seen in previous similar issues.,,False
qwen2.5:14b,A,8067,OvmfPkg/EnrollDefaultKeys: clean up Base64Decode() retval handling (Bugzilla Bug 1981),ovmfpkg,bug,low,mikebeaton,0.95,"The bug is related to OvmfPkg and involves cleanup of Base64Decode() retval handling, which aligns with common tasks in this package.",,False
qwen2.5:14b,A,8066,BaseLib/Base64Decode(): move variable declarations from nested block scope to function block scope (Bugzilla Bug 1980),mdepkg,bug,low,AshrafAliS,0.95,The bug is related to BaseLib in MdePkg and does not match the specific sub-components of other packages or rare assignees.,,False
qwen2.5:14b,A,9754,Add a pcd PcdBootManagerInBootOrder to control whether BootManger is in BootOrder variable (Bugzilla Bug 1979),mdemodulepkg,bug,low,YangGangUEFI,0.85,The bug is related to a PCD in MdeModulePkg and does not match any specific rare assignees or unique historical patterns.,,False
qwen2.5:14b,A,8065,DxeMain: Fix for missing MAT update when code uses  AllocateAddress after ReadyToBoot. (Bugzilla Bug 1978),mdemodulepkg,bug,medium,os-d,0.95,"The bug is related to DxeMain and MAT update after ReadyToBoot, which falls under MdeModulePkg's DXE core functionality.",,False
qwen2.5:14b,A,8064,build returns exit code 0 when Postbuild process fails (Bugzilla Bug 1977),basetools,bug,high,AshrafAliS,0.95,The bug is related to BaseTools and involves a failure in the Postbuild process.,,False
qwen2.5:14b,A,8063,SnpDxe: ExitBootServices notification function uses UNDI functions (Bugzilla Bug 1974),networkpkg,bug,medium,SaloniKasbekar,0.9,The bug involves replacing hardcoded values with existing #define constants in the NetworkPkg.,,False
qwen2.5:14b,A,8062,CpuFeaturesPei driver enter deadloop if package level MSR used (Bugzilla Bug 1973),ueficpupkg,bug,low,philnoh2,0.95,The bug is related to CpuFeaturesPei driver in UefiCpuPkg and matches the pattern of a specific sub-component issue.,,False
qwen2.5:14b,A,8061,UefiCpuPkg RegisterCpuFeaturesLib should not use PcdCpuFeaturesSetting for AP code (Bugzilla Bug 1972),ueficpupkg,bug,medium,philnoh2,0.95,"The bug is related to UefiCpuPkg and specifically mentions RegisterCpuFeaturesLib, which matches the historical pattern of philnoh2 handling bugs in this area.",,False
qwen2.5:14b,A,8060,EDK generates PE32 instead of PE32+ (Bugzilla Bug 1971),-,bug,medium,AshrafAliS,0.95,"The bug is related to BaseTools and the generation of PE32 vs PE32+, which matches historical patterns for AshrafAliS.",,False
qwen2.5:14b,A,8059,Acpiview shell command does not build for IA32 (Bugzilla Bug 1970),shellpkg,bug,low,YangGangUEFI,0.95,The bug is related to shell command build issues in ShellPkg.,,False
qwen2.5:14b,A,8058,Handle NULL Data Pointer Properly in ReportStatusCodeRouterRuntimeDxe at TPL Less Than TPL_HIGH (Bugzilla Bug 1969),mdemodulepkg,bug,medium,lgao4,0.85,The bug is related to ReportStatusCodeRouterRuntimeDxe in MdeModulePkg and lgao4 has handled similar issues before.,,False
qwen2.5:14b,A,8057,UefiCpuPkg: ASSERT in RegisterCpuFeaturesLib (Bugzilla Bug 1968),ueficpupkg,bug,low,philnoh2,0.95,"The bug is related to UefiCpuPkg and involves a specific sub-component (RegisterCpuFeaturesLib), matching the pattern of previous bugs assigned to philnoh2.",,False
qwen2.5:14b,A,8056,"BaseLib.h linked list macros should define ""delete safe iterator loop"" instead of having EFI_LIST_FOR_EACH_SAFE defined numerous places in edk2 code (Bugzilla Bug 1967)",mdepkg,bug,medium,AshrafAliS,0.95,The bug is related to BaseLib.h in MdePkg and involves code refactoring which aligns with AshrafAliS's previous work on similar issues.,,False
qwen2.5:14b,A,8055,InsertNewGuidNameMapping() overflowing ReallocatePool if called a 3rd time. (Bugzilla Bug 1965),shellpkg,bug,medium,YangGangUEFI,0.85,"The bug is related to ShellPkg and involves a function call issue, matching historical patterns for YangGangUEFI in handling similar issues within ShellPkg.",,False
qwen2.5:14b,A,8054,TypeFileByHandle underflows buffer if 1st char is \r or \n (Bugzilla Bug 1964),shellpkg,bug,medium,YangGangUEFI,0.85,The bug is related to ShellPkg and does not match any specific rare assignees or unique historical patterns.,,False
qwen2.5:14b,A,8053,Typos in BaseTools\Source\C\FMMT and BfmLib (Bugzilla Bug 1963),basetools,bug,low,AshrafAliS,0.95,The bug is about typos in BaseTools which matches the historical pattern of AshrafAliS handling issues related to BaseTools.,,False
qwen2.5:14b,A,9751,Apply new ModuleType HOST_APPLICATION into EmulatorPkg (Bugzilla Bug 1962),emulatorpkg,bug,medium,lgao4,0.75,"The bug involves applying a new ModuleType to EmulatorPkg, which is not listed in the historical patterns but lgao4 has handled similar issues before.",,False
qwen2.5:14b,A,8052,CpuCommonFeaturesLib Ppin.c Enhance the code to disable and lock (Bugzilla Bug 1961),ueficpupkg,bug,medium,philnoh2,0.95,"The bug is related to CPU common features and BSP/AP handling, matching the expertise of philnoh2 in UEFI CPUPkg.",,False
qwen2.5:14b,A,9750,Basetool FMMT module build fails with gcc 7.4.0 (Bugzilla Bug 1960),basetools,bug,medium,AshrafAliS,0.95,"The bug is related to Basetools FMMT module build failure with gcc 7.4.0, matching historical pattern of AshrafAliS handling BaseTools issues.",,False
qwen2.5:14b,A,8051,"BaseLib.h linked list macros should define ""delete safe iterator loop"" instead of having EFI_LIST_FOR_EACH_SAFE defined numerous places in edk2 code (Bugzilla Bug 1959)",mdepkg,bug,medium,AshrafAliS,0.95,The bug is related to BaseLib.h in MdePkg and involves code refactoring which aligns with AshrafAliS's previous work on similar issues.,,False
qwen2.5:14b,A,8050,Build cache cannot generate the offset file for hii/vfr module (Bugzilla Bug 1958),basetools,bug,high,AshrafAliS,0.95,"The bug is related to BaseTools and specifically mentions an issue with generating offset files for hii/vfr modules, matching AshrafAliS's historical pattern of handling BaseTools issues.",,False
qwen2.5:14b,A,8048,pci command for gen 4 devices displays incorrect info (Bugzilla Bug 1955),shellpkg,bug,medium,praveensankarn,0.95,"The bug is related to ShellPkg and involves incorrect information display for gen 4 devices, matching previous assignments for similar issues in ShellPkg.",,False
qwen2.5:14b,A,8047,[EmulatorPkg] Remove unused module MiscSubClassPlatformDxe (Bugzilla Bug 1953),emulatorpkg,bug,low,AshrafAliS,0.95,The bug is about removing an unused module in EmulatorPkg which aligns with AshrafAliS's previous work on similar issues.,,False
qwen2.5:14b,A,8046,Build cache should not use [self.Arch][self.Name] info as key to identify module (Bugzilla Bug 1951),basetools,bug,low,AshrafAliS,0.95,The bug is related to BaseTools and matches the pattern of previous BaseTools issues handled by AshrafAliS.,,False
qwen2.5:14b,A,8045,File MdeModulePkg/Include/Protocol/Dpc.h should be placed in NetworkPkg (Bugzilla Bug 1949),mdemodulepkg,bug,medium,SaloniKasbekar,0.9,The bug involves moving a header file to NetworkPkg and replacing hardcoded values with existing constants.,,False
qwen2.5:14b,A,8044,Use unique data structure signatures in MdeModulePkg PiSmmCore module (Bugzilla Bug 1948),mdemodulepkg,bug,low,YangGangUEFI,0.85,The bug is related to MdeModulePkg PiSmmCore module and matches historical patterns for this package.,,False
qwen2.5:14b,A,8043,SCT 2.7 test -DevicePathToTextProcotolTest\ConvertDeviceNodeToText_Coverage -- FAILURE (Bugzilla Bug 1947),mdepkg,bug,low,lgao4,0.85,"The bug is related to MdePkg and involves a test failure, matching historical patterns for lgao4.",,False
qwen2.5:14b,A,8041,"Scripts\FormatDosFiles.py  ""--exclude"" cannot use absolute paths (Bugzilla Bug 1944)",basetools,bug,medium,AshrafAliS,0.95,The bug is related to BaseTools scripts and matches historical patterns of AshrafAliS handling BaseTools issues.,,False
qwen2.5:14b,A,8039,drivers command issue (Bugzilla Bug 1941),shellpkg,bug,medium,YangGangUEFI,0.85,"The bug is related to the ShellPkg package and involves a command issue, which matches historical patterns for this type of bug in the ShellPkg component.",,False
qwen2.5:14b,A,8038,ACPI DATA being measured after table patch (Bugzilla Bug 1940),securitypkg,bug,medium,HunterChang030,0.9,"The bug is related to SecurityPkg and involves potential issues with ACPI data measurement, matching HunterChang030's previous work on OpalPassword in SecurityPkg.",,False
qwen2.5:14b,A,9748,"After performing PXE boot to Grub, exit to setup. Not able to perform PXE boot again (Bugzilla Bug 1938)",networkpkg,bug,low,SaloniKasbekar,0.9,The bug involves PXE boot functionality which is a common network-related issue handled by the NetworkPkg maintainers for replacing hardcoded values or constants.,,False
qwen2.5:14b,A,8036,Add pointer check for the new allocate pool in CapsulePei/UefiCapsule.c (Bugzilla Bug 1935),mdemodulepkg,bug,low,YangGangUEFI,0.85,"The bug is related to MdeModulePkg and involves a pointer check in CapsulePei/UefiCapsule.c, which matches previous assignments to YangGangUEFI for similar issues within this package.",,False
qwen2.5:14b,A,8035,MicrocodeDetect: Incorrect checksum before verify the microcode's header (Bugzilla Bug 1934),ueficpupkg,bug,low,HunterChang030,0.9,"The bug is related to microcode detection in UefiCpuPkg and involves incorrect checksum verification, matching HunterChang030's previous work on OpalPassword device list handling.",,False
qwen2.5:14b,A,9746,Windows debug build is not reproducible even in the same path workspace (Bugzilla Bug 1933),basetools,bug,high,AshrafAliS,0.95,Historical pattern shows AshrafAliS handles BaseTools related reproducibility issues.,,False
qwen2.5:14b,A,8034,BaseTool: Separate current CreateAsBuiltInf function into two (Bugzilla Bug 1932),basetools,bug,low,AshrafAliS,0.95,The bug is related to BaseTools and matches the pattern of previous BaseTools issues handled by AshrafAliS.,,False
qwen2.5:14b,A,9745,[PciBus] SRIOV device may reserve additional one bus (Bugzilla Bug 1931),mdemodulepkg,bug,medium,YangGangUEFI,0.85,"The bug is related to MdeModulePkg and involves PCI bus reservation, which aligns with previous assignments of EricGao2015 but using a different assignee for variety.",,False
qwen2.5:14b,A,8033,"Running edksetup.sh will make an error because ""bc"" is not installed on Linux (Bugzilla Bug 1929)",basetools,bug,medium,AshrafAliS,0.95,The bug is related to edksetup.sh in BaseTools and matches the pattern of handling issues within BaseTools scripts.,,False
qwen2.5:14b,A,8030,Problems using HTTPS boot due to TlsInitialize failed. (Bugzilla Bug 1926),cryptopkg,bug,low,liyi77,0.95,"The bug is related to TlsInitialize failure in the cryptopkg package, which matches historical patterns for OpenSSL updates and TLS issues.",,False
qwen2.5:14b,A,8029,Build cache need more comprehensive info to explain why cache miss (Bugzilla Bug 1925),basetools,bug,medium,AshrafAliS,0.95,"The bug is related to BaseTools and requires comprehensive info for build cache misses, matching AshrafAliS's historical pattern of handling BaseTools issues.",,False
qwen2.5:14b,A,8027,GenFds multi-thread build fails if enable the build cache (Bugzilla Bug 1923),basetools,bug,high,AshrafAliS,0.95,Historical pattern shows AshrafAliS handles BaseTools related issues.,,False
qwen2.5:14b,A,8026,SMBIOS Type 4 Processor Voltage information can be various to reflect processor current voltage when Bit 7 is set (Bugzilla Bug 1922),mdemodulepkg,bug,medium,YangGangUEFI,0.85,"The bug is related to SMBIOS Type 4 Processor Voltage information and falls under the MdeModulePkg package, which YangGangUEFI has handled before.",,False
qwen2.5:14b,A,8025,Build tool need to detect the change of NASM_PREFIX environment variable (Bugzilla Bug 1921),basetools,bug,low,makubacki,0.95,"The bug is related to Build tool functionality and NASM_PREFIX environment variable detection, matching the pattern of previous BaseTools package issues.",,False
qwen2.5:14b,A,8024,Platform exception when callback function was destroyed by unconnected controller in setup browser. (Bugzilla Bug 1920),mdemodulepkg,bug,medium,YangGangUEFI,0.95,"The bug is related to the MdeModulePkg and specifically involves a setup browser issue, matching previous assignments to YangGangUEFI for similar issues in this package.",,False
qwen2.5:14b,A,8023,Remove DxeDeferImageLoadLib form SecurityPkg (Bugzilla Bug 1919),securitypkg,bug,low,HunterChang030,0.9,"The bug is related to SecurityPkg and involves a specific library removal, matching HunterChang030's historical pattern of handling similar issues in SecurityPkg.",,False
qwen2.5:14b,A,9744,Feature request: Provide interface to copy memory contents above 4GB area in PEI phase. (Bugzilla Bug 1918),mdepkg,bug,low,os-d,0.95,"The bug is related to MdePkg and involves a feature request for memory handling above 4GB in PEI phase, which aligns with os-d's expertise in memory management and low-level system components.",,False
qwen2.5:14b,A,8022,HTTPS TLS causes unhandled exception due to corruption of SetSessionData pointer (Bugzilla Bug 1917),networkpkg,bug,low,SaloniKasbekar,0.9,"The bug involves corruption of a pointer in HTTPS TLS, which falls under the NetworkPkg and matches the pattern of replacing hardcoded values or constants.",,False
qwen2.5:14b,A,8021,Build cache cannot store .efi and .pdb files in second incremental build (Bugzilla Bug 1915),basetools,bug,low,AshrafAliS,0.95,The bug is related to BaseTools and involves build caching issues.,,False
qwen2.5:14b,A,8020,NULL pointer dereference in AuthenticodeVerify() (Bugzilla Bug 1914),securitypkg,bug,high,HunterChang030,0.9,"The bug is related to SecurityPkg and involves a NULL pointer dereference in AuthenticodeVerify(), which matches HunterChang030's previous work on similar issues within the SecurityPkg.",,False
qwen2.5:14b,A,9743,HttpDxe: calling Response() after end of stream causes assert in HttpResponseWorker (Bugzilla Bug 1912),networkpkg,bug,medium,BritChesley,0.95,The bug is related to HttpDxe in NetworkPkg and matches the historical pattern of CodeQl errors reported in this package.,,False
qwen2.5:14b,A,8018,BaseTools doesn't throw an error when a FixAtBuildPcd is used but people forgot to declare the pcd name on inf (Bugzilla Bug 1908),basetools,bug,medium,AshrafAliS,0.95,The bug is related to BaseTools and involves a specific build process issue.,,False
qwen2.5:14b,A,9742,Add a Pcd and variable to control gRT->CapsuleUpdate and QueryCapsuleCapabilities (Bugzilla Bug 1907),mdemodulepkg,bug,low,YangGangUEFI,0.95,"The bug is related to MdeModulePkg and involves adding a Pcd and variable control for gRT->CapsuleUpdate and QueryCapsuleCapabilities, which matches previous assignments to YangGangUEFI in similar contexts.",,False
qwen2.5:14b,A,8017,Return a null in ShellPromptForResponse (Bugzilla Bug 1906),shellpkg,bug,low,YangGangUEFI,0.85,The bug is related to ShellPromptForResponse in ShellPkg and matches historical patterns of UI or prompt-related issues.,,False
qwen2.5:14b,A,8015,Add missing instances to SourceLevelDebugPkg.dsc for build only (Bugzilla Bug 1903),sourceleveldebugpkg,bug,low,AshrafAliS,0.95,"The bug is related to SourceLevelDebugPkg and involves build configuration, matching AshrafAliS's historical pattern of handling BaseTools-related issues.",,False
qwen2.5:14b,A,8014,Add missing instances to SecurityPkg.dsc for build only (Bugzilla Bug 1902),securitypkg,bug,low,HunterChang030,0.9,The bug is related to SecurityPkg and involves build configuration issues.,,False
qwen2.5:14b,A,8013,Set the returned buffer to null while fail to create HOB in PeiAllocatePool (Bugzilla Bug 1901),mdemodulepkg,bug,medium,lgao4,0.85,The bug is related to PeiAllocatePool in MdeModulePkg and does not match any specific rare assignees or historical patterns closely.,,False
qwen2.5:14b,A,8012,Add missing instances to CryptoPkg.dsc (Bugzilla Bug 1900),cryptopkg,bug,low,ardbiesheuvel,0.95,The bug is related to CryptoPkg.dsc and previous CLANG compiler issues were handled by ardbiesheuvel.,,False
qwen2.5:14b,A,8010,"remove BUFSIZ from ""CrtLibSupport.h"" at the next OpenSSL rebase (Bugzilla Bug 1897)",cryptopkg,bug,low,liyi77,0.95,"The bug is related to OpenSSL rebase in CrtLibSupport.h, matching liyi77's historical pattern of handling OpenSSL updates and CVEs.",,False
qwen2.5:14b,A,8008,Build cache cannot store cache for the same library modules in different arch together (Bugzilla Bug 1895),basetools,bug,low,AshrafAliS,0.95,The bug is related to BaseTools and involves build cache functionality.,,False
qwen2.5:14b,A,8007,Basetool need CopyFileOnChange function to avoid cache file writing race in multi-thread build (Bugzilla Bug 1894),basetools,bug,low,AshrafAliS,0.95,"The bug is related to BaseTools and involves multi-thread build issues, matching AshrafAliS's historical pattern of handling BaseTools-related bugs.",,False
qwen2.5:14b,A,8006,Base64Decode does not follow its specification (Bugzilla Bug 1891),mdepkg,bug,medium,os-d,0.95,"The bug is related to MdePkg and involves a specification issue with Base64Decode, which aligns with os-d's expertise in handling core MdePkg issues.",,False
qwen2.5:14b,A,8004,Remove unused Edk2\BuildNotes2.txt (Bugzilla Bug 1889),-,bug,medium,AshrafAliS,0.95,"The bug is about removing an unused file in the Edk2 directory, which aligns with BaseTools maintenance tasks previously handled by AshrafAliS.",,False
qwen2.5:14b,A,9741,Add and adjust the performance code (Bugzilla Bug 1888),-,bug,low,lgao4,0.75,"The bug does not specify a package or component and is related to performance code adjustment, which could be generic and handled by someone with general module experience.",,False
qwen2.5:14b,A,9740,DnsDxe uses only the first DNS server (Bugzilla Bug 1886),networkpkg,bug,low,SaloniKasbekar,0.9,"The bug is related to DNS server usage in DnsDxe, which falls under the NetworkPkg and involves replacing hardcoded values with existing constants.",,False
qwen2.5:14b,A,8003,Enabling HeapGuard NULL pointer detection doesn't reserve page 0 (Bugzilla Bug 1885),mdemodulepkg,bug,low,os-d,0.95,"The bug is related to HeapGuard and memory reservation in MdeModulePkg, which falls under the DXE core memory protection feature.",,False
qwen2.5:14b,A,8002,obsolete network feature test macros (build flags) in OvmfPkg/README (Bugzilla Bug 1884),ovmfpkg,bug,low,SaloniKasbekar,0.9,"The bug involves obsolete build flags in OvmfPkg/README related to network features, matching SaloniKasbekar's pattern of handling #define constant replacements and similar build flag issues.",,False
qwen2.5:14b,A,7999,Update process_files.pl in OpensslLib to exclude err_all.c (Bugzilla Bug 1881),cryptopkg,bug,low,liyi77,0.95,The bug involves updating OpensslLib in the Cryptolib package for CVE exclusion.,,False
qwen2.5:14b,A,7998,QemuVideoDxe driver has a bug that it shouldn’t assume that system is running in VGA alias mode. (Bugzilla Bug 1880),ovmfpkg,bug,medium,Vogtinator,0.95,The bug is related to QemuVideoDxe driver in OvmfPkg and Vogtinator has handled similar TPM2/TCG2 issues on RISC-V before.,,False
qwen2.5:14b,A,7996,VS2017 build failure in module linked against OpensslLibCrypto (Bugzilla Bug 1878),cryptopkg,bug,low,ardbiesheuvel,0.95,VS2017 build failure in OpenSSLLibCrypto module matches historical pattern of VS2017/CLANG compiler issues within CryptoPkg.,,False
qwen2.5:14b,A,7995,Commit 7cea4d71a8a8 regresses CPU speed display (from SMBIOS) in MdeModulePkg/UiApp (Bugzilla Bug 1877),mdemodulepkg,bug,high,YangGangUEFI,0.95,"The bug is related to MdeModulePkg/UiApp and involves a regression in CPU speed display, which matches historical patterns for UI-related issues assigned to YangGangUEFI.",,False
qwen2.5:14b,A,9739,Add a PCD to skip Hdd password prompt (Bugzilla Bug 1876),securitypkg,bug,low,HunterChang030,0.9,The bug is related to SecurityPKG and involves PCD changes for HDD password prompt.,,False
qwen2.5:14b,A,7993,FSP related Python build script error log enhancement (Bugzilla Bug 1872),basetools,bug,high,AshrafAliS,0.95,The bug is related to BaseTools and involves enhancing Python build script error logs.,,False
qwen2.5:14b,A,7992,"OpensslLib should use proper entropy sources, not the timestamp counter (Bugzilla Bug 1871)",cryptopkg,bug,high,liyi77,0.95,The bug is related to OpenSSLLib entropy sources in the Cryptography package.,,False
qwen2.5:14b,A,7991,Build Cache need output notification message if module cache miss & cache hit happen (Bugzilla Bug 1868),basetools,bug,low,AshrafAliS,0.95,The bug is related to BaseTools and requires handling specific cases in FMMT.,,False
qwen2.5:14b,A,7990,Build cache cannot store the cache files for library package (Bugzilla Bug 1867),basetools,bug,medium,AshrafAliS,0.95,Historical pattern shows AshrafAliS handles BaseTools related issues.,,False
qwen2.5:14b,A,7989,IpSecDxe.efi and IKEv2 (Bugzilla Bug 1866),-,bug,low,BritChesley,0.85,The bug involves IpSecDxe.efi and IKEv2 which is likely related to the NetworkPkg component.,,False
qwen2.5:14b,A,7988,[AhciPei] Hard disk device cannot be found in non-S3 boot path for some AHCI controller capabilities (Bugzilla Bug 1862),mdemodulepkg,bug,low,YangGangUEFI,0.85,The bug is related to AHCI controller capabilities and device detection in non-S3 boot path within MdeModulePkg.,,False
qwen2.5:14b,A,7987,Wrap OpenSSL SM3 algorithm into BaseCryptLib (Bugzilla Bug 1861),cryptopkg,bug,medium,liyi77,0.95,"The bug involves updating OpenSSL within the CryptPkg, matching liyi77's historical pattern of handling OpenSSL updates for CVEs and other security patches.",,False
qwen2.5:14b,A,7986,placing the q35 PCIEXBAR above the 32-bit MMIO aperture causes QEMU to generate an invalid ACPI \_SB.PCI0._CRS object (Bugzilla Bug 1859),ovmfpkg,bug,low,AndreasBBS,0.95,"The bug involves QEMU and network protocol drivers, matching AndreasBBS's historical pattern for handling QEMU_EFI issues.",,False
qwen2.5:14b,A,7985,Clean up some unused parameters and change some incorrect parameter defaults (Bugzilla Bug 1858),basetools,bug,medium,AshrafAliS,0.95,"The bug is related to BaseTools and involves cleaning up unused parameters and correcting defaults, matching previous work by AshrafAliS on similar BaseTools issues.",,False
qwen2.5:14b,A,7984,Add instances to MdeModulePkg.dsc [Components] section for build (Bugzilla Bug 1857),mdemodulepkg,bug,low,YangGangUEFI,0.95,The bug is related to MdeModulePkg.dsc build configuration which matches historical patterns for this assignee.,,False
qwen2.5:14b,A,7983,SmmLockBoxPeiLib only support IA32 and X64 (Bugzilla Bug 1856),mdemodulepkg,bug,low,YangGangUEFI,0.85,The bug is related to MdeModulePkg and does not match any specific rare assignees or unique patterns.,,False
qwen2.5:14b,A,7982,Buffer overflow in modules AcpiPlatform (Bugzilla Bug 1854),vlv2tbltdevicepkg,bug,medium,AshrafAliS,0.95,"The bug is related to BaseTools and involves handling of data structures, matching AshrafAliS's historical pattern of fixing similar issues in BaseTools.",,False
qwen2.5:14b,A,7981,Optimize the code of CapsulePei driver for easier maintain (Bugzilla Bug 1853),mdemodulepkg,bug,low,YangGangUEFI,0.85,The bug is related to MdeModulePkg and involves code optimization for maintainability.,,False
qwen2.5:14b,A,7979,Add new script to detect unused items in package dec file (Bugzilla Bug 1850),basetools,bug,high,AshrafAliS,0.95,The bug is related to BaseTools and involves script development for detecting unused items in package dec files.,,False
qwen2.5:14b,A,9738,Add FCE tool into edk2 BaseTools (Bugzilla Bug 1848),basetools,bug,high,AshrafAliS,0.95,The bug is related to adding a tool into BaseTools which matches historical patterns of AshrafAliS handling BaseTools issues.,,False
qwen2.5:14b,A,7978,Add FMMT tool into edk2 BaseTools (Bugzilla Bug 1847),basetools,bug,high,AshrafAliS,0.95,The bug is about adding FMMT tool into BaseTools which matches historical pattern of AshrafAliS handling BaseTools related issues.,,False
qwen2.5:14b,A,7975,[OvmfPkg] Update modules in OvmfPkg to drop their dependencies on IntelFramework[Module]Pkg (Bugzilla Bug 1843),ovmfpkg,bug,low,r1chard-lyu,0.9,"The bug is related to OvmfPkg and involves updating modules to drop dependencies on IntelFramework[Module]Pkg, which matches previous work done by r1chard-lyu in similar areas.",,False
qwen2.5:14b,A,7974,[OvmfPkg] Drop the consume of the ISA stack in PcAtChipsetPkg/IntelFrameworkModulePkg (Bugzilla Bug 1842),ovmfpkg,bug,low,YangGangUEFI,0.85,"The bug is related to OvmfPkg and chipset package modifications, which aligns with previous assignments for similar issues in this area.",,False
qwen2.5:14b,A,9737,Error when build BaseTools (Bugzilla Bug 1841),basetools,bug,high,AshrafAliS,0.95,Historical pattern shows AshrafAliS handles BaseTools build issues.,,False
qwen2.5:14b,A,7973,[CapsuleApp] Enhance Capsule-On-Disk related functions (Bugzilla Bug 1840),mdemodulepkg,bug,medium,YangGangUEFI,0.85,The bug is related to Capsule-On-Disk functions in MdeModulePkg and matches historical patterns for this type of issue.,,False
qwen2.5:14b,A,7972,OVMF found EFI executable on USB Attached SCSI device but fail to boot (Bugzilla Bug 1838),ovmfpkg,bug,medium,AndreasBBS,0.95,"The bug involves OVMF failing to boot an EFI executable from a USB Attached SCSI device, which matches the pattern of issues related to protocol driver loading and network functionality in QEMU_EFI.",,False
qwen2.5:14b,A,7970,Add tools/scripts to automate setup of git environment for EDK II dev process (Bugzilla Bug 1836),basetools,bug,medium,AshrafAliS,0.95,"The bug is related to BaseTools and involves automating git environment setup for EDK II development, which aligns with existing high-priority work in BaseTools.",,False
qwen2.5:14b,A,7969,"""edksetup.bat ReBuild"" fail on ""echo."" of Makefile on Windows (NMAKE : fatal error U1045: spawn failed : Permission denied) (Bugzilla Bug 1835)",-,bug,medium,AshrafAliS,0.95,"The issue is related to BaseTools and NMAKE on Windows, matching AshrafAliS's historical pattern of handling BaseTools issues.",,False
qwen2.5:14b,A,7967,The python 3 version CParser in Ecc and Eot tools work incorrectly (Bugzilla Bug 1833),basetools,bug,medium,AshrafAliS,0.95,The bug is related to BaseTools and specifically mentions issues with Python scripts in Ecc and Eot tools.,,False
qwen2.5:14b,A,9736,CpuCommonFeaturesLib MachineCheck.c Make sure the CPU generation check is correct (Bugzilla Bug 1831),ueficpupkg,bug,medium,philnoh2,0.95,The bug is related to CPU generation check in UefiCpuPkg which matches the historical pattern of philnoh2 handling similar bugs.,,False
qwen2.5:14b,A,9735,CpuCommonFeaturesLib FeatureControl.c Make sure the CPU generation check is correct (Bugzilla Bug 1830),ueficpupkg,bug,medium,philnoh2,0.95,The bug is related to CPU generation check in UefiCpuPkg which matches the historical pattern of philnoh2 handling bugs within this package.,,False
qwen2.5:14b,A,7965,CpuCommonFeaturesLib MachineCheck.c There will be ASSERT if LMCE is supported (Bugzilla Bug 1829),ueficpupkg,bug,low,philnoh2,0.95,The bug is related to CpuCommonFeaturesLib in UefiCpuPkg and matches the pattern of a specific sub-component issue.,,False
qwen2.5:14b,A,9734,"EmulatorPkg: Create postbuild script to make ""build run"" work (Bugzilla Bug 1828)",emulatorpkg,bug,medium,AshrafAliS,0.95,"The bug is related to EmulatorPkg and requires a postbuild script for 'build run', which aligns with AshrafAliS's previous work on similar issues in BaseTools.",,False
qwen2.5:14b,A,9733,UEFIPayloadPkg: coreboot on QEMU with UEFIPayload leads to assertion (Bugzilla Bug 1827),uefipayloadpkg,bug,high,AshrafAliS,0.95,"The bug is related to UEFIPayloadPkg and involves coreboot on QEMU, which does not match any specific common assignees but aligns with handling complex build or CI issues.",,False
qwen2.5:14b,A,7964,Use AsciiStrnCpyS to replace AsciiStrCpyS while copy a truncate string (Bugzilla Bug 1826),intelframeworkmodulepkg,bug,low,YangGangUEFI,0.85,"The bug is related to IntelFrameworkModulePkg and involves string handling functions, matching historical patterns for this package.",,False
qwen2.5:14b,A,9732,source code about disabling the DMAR of IOMMU in IntelSiliconPkg (Bugzilla Bug 1823),intelsiliconpkg,bug,medium,Vogtinator,0.95,"The bug is related to IntelSiliconPkg and involves IOMMU configuration, matching Vogtinator's expertise in similar hardware-related issues.",,False
qwen2.5:14b,A,7963,OpensslLib: Missing local header files in [Sources] section of .INFs (Bugzilla Bug 1821),cryptopkg,bug,medium,liyi77,0.95,"The bug is related to OpensslLib and missing header files in .INFs, which matches the pattern of updating OpenSSL for CVE fixes.",,False
qwen2.5:14b,A,7961,Possible heap corruption with LzmaUefiDecompressGetInfo (Bugzilla Bug 1816),intelframeworkmodulepkg,bug,medium,AshrafAliS,0.95,"The bug is related to BaseTools and IntelFrameworkModulePkg, which matches the pattern of AshrafAliS handling issues within these packages.",,False
qwen2.5:14b,A,7960,outdated mailing list address in BaseTools error messages (Bugzilla Bug 1815),basetools,bug,high,AshrafAliS,0.95,Historical pattern shows AshrafAliS handles BaseTools issues.,,False
qwen2.5:14b,A,7959,"""unusual"" QEMU guest RAM sizes cause ASSERT()s to fail in OvmfPkg/PlatformPei (Bugzilla Bug 1814)",ovmfpkg,bug,low,os-d,0.95,"The bug is related to OvmfPkg and involves ASSERT() failures with unusual RAM sizes, which aligns with os-d's expertise in memory management and page table issues.",,False
qwen2.5:14b,A,7957,Remove Nt32Pkg (Bugzilla Bug 1812),nt32pkg,bug,low,lgao4,0.75,"No specific historical pattern matches the removal of Nt32Pkg, but lgao4 has handled similar generic package issues before.",,False
qwen2.5:14b,A,7956,[OVMF] Duplicate the required CSM components from IntelFramework[Module]Pkg into OvmfPkg (Bugzilla Bug 1811),ovmfpkg,bug,low,AshrafAliS,0.95,"The bug involves duplicating CSM components from another package into OvmfPkg, which is a build or configuration issue rather than a runtime or protocol issue.",,False
qwen2.5:14b,A,7955,CpuCommonFeaturesLib ClockModulation.c reduce writing MSR_IA32_CLOCK_MODULATION times (Bugzilla Bug 1810),ueficpupkg,bug,medium,philnoh2,0.95,The bug is related to CPU features and BSP/AP interactions in UEFI Core Package.,,False
qwen2.5:14b,A,7954,"CpuCommonFeaturesLib ProcTrace.c could disable TraceEn at the beginning of ProcTraceInitialize(), but not the end (Bugzilla Bug 1809)",ueficpupkg,bug,medium,philnoh2,0.95,The bug is related to UEFI CPU features and matches the pattern of previous bugs assigned to philnoh2 in UefiCpuPkg.,,False
qwen2.5:14b,A,7953,CpuCommonFeaturesLib ProcTrace.c has bug about register table write for RTIT_OUTPUT_BASE and RTIT_OUTPUT_MASK_PTRS (Bugzilla Bug 1808),ueficpupkg,bug,medium,philnoh2,0.95,The bug is related to CpuCommonFeaturesLib in UefiCpuPkg and matches the historical pattern of bugs assigned to philnoh2 within this package.,,False
qwen2.5:14b,A,7952,Error LibGdtoa unresolved external symbol __fpclassifyd while build SampleCApp on Visual Studio 2017 (Bugzilla Bug 1807),stdlib,bug,high,mdkinney,0.95,The bug involves a build error with the CLANG compiler for SampleCApp in Visual Studio 2017.,,False
qwen2.5:14b,A,7951,Different platform caches might overlay each other inside Binary Cache database if they use same platform name (Bugzilla Bug 1806),basetools,bug,low,AshrafAliS,0.95,The bug is related to BaseTools and specifically mentions handling of Binary Cache database issues.,,False
qwen2.5:14b,A,7950,Remove IPF code in BaseCryptLib not used any more (Bugzilla Bug 1805),cryptopkg,bug,low,liyi77,0.95,The bug is about removing unused IPF code in BaseCryptLib within the CryptPkg.,,False
qwen2.5:14b,A,7949,BaseTools: Add a checking for Sources section in INF file (Bugzilla Bug 1804),basetools,bug,medium,AshrafAliS,0.95,"The bug is related to BaseTools and involves checking INF files, matching AshrafAliS's historical pattern of handling BaseTools issues.",,False
qwen2.5:14b,A,7948,Binary EFI in INF's do not respect TARGET distinction (Bugzilla Bug 1803),basetools,bug,high,AshrafAliS,0.95,"The bug is related to BaseTools and involves handling of INF files, matching AshrafAliS's historical pattern for BaseTools issues.",,False
qwen2.5:14b,A,9730,Add PCD to skip password prompt in device unlocked status (Bugzilla Bug 1801),securitypkg,bug,low,HunterChang030,0.9,"The bug is related to SecurityPkg and involves PCD for password prompt handling, matching HunterChang030's previous work on OpalPassword issues.",,False
qwen2.5:14b,A,7947,Extend the binary cache to support library cache (Bugzilla Bug 1797),basetools,bug,low,AshrafAliS,0.95,"The bug is related to BaseTools and involves extending the binary cache to support library cache, which aligns with previous work on BaseTools by AshrafAliS.",,False
qwen2.5:14b,A,7946,PciBusDxe: duplicate node insertion for every PPB device in the system (Bugzilla Bug 1796),mdemodulepkg,bug,medium,YangGangUEFI,0.85,The bug is related to PciBusDxe in MdeModulePkg and matches historical patterns for this package.,,False
qwen2.5:14b,A,7945,ECC reports 16 errors on version a642e2 (Bugzilla Bug 1795),mdemodulepkg,bug,medium,bexcran,0.95,The bug is related to ECC in MdeModulePkg and matches the pattern of previous ECC-related issues handled by bexcran.,,False
qwen2.5:14b,A,7944,Move OptionRomPkg into new Drivers directory edk2-platforms repo (Bugzilla Bug 1793),optionrompkg,bug,low,AshrafAliS,0.95,The bug is related to repository restructuring and does not fit into any specific package's common issues.,,False
qwen2.5:14b,A,7943,Deprecate HmacXxxGetContextSize in BaseCryptLib (Bugzilla Bug 1792),cryptopkg,bug,medium,liyi77,0.95,The bug is related to deprecating functions in BaseCryptLib within the CryptPkg.,,False
qwen2.5:14b,A,9729,"Basetools: Clean up the support for "".C"" files (Bugzilla Bug 1790)",basetools,bug,low,AshrafAliS,0.95,"The bug is related to BaseTools and involves cleanup of support for '.C' files, matching historical patterns where AshrafAliS has handled similar issues in BaseTools.",,False
qwen2.5:14b,A,7942,BaseTools: Read size is not checked and it may cause dead loop (Bugzilla Bug 1789),basetools,bug,high,AshrafAliS,0.95,The bug is related to BaseTools and involves a potential dead loop in the code.,,False
qwen2.5:14b,A,7941,BaseTools: Library hashing fix and optimization for --hash feature (Bugzilla Bug 1788),basetools,bug,medium,AshrafAliS,0.95,The bug is related to BaseTools and involves optimization for the --hash feature.,,False
qwen2.5:14b,A,7940,BaseTools: Include headers not mentioned in inf are not hashed (Bugzilla Bug 1787),basetools,bug,medium,AshrafAliS,0.95,"The bug is related to BaseTools and involves handling of headers in inf files, matching AshrafAliS's historical pattern for BaseTools issues.",,False
qwen2.5:14b,A,7939,BaseTool: Module size and Build Time Stamp are missing in build report (Bugzilla Bug 1786),basetools,bug,low,AshrafAliS,0.95,The bug is related to BaseTools and involves build report issues which matches AshrafAliS's historical pattern of handling BaseTools bugs.,,False
qwen2.5:14b,A,7938,Issue in SecurityPkg AuthVariableLib to remove the variable at certdb (Bugzilla Bug 1783),securitypkg,bug,high,HunterChang030,1.0,The bug is related to SecurityPkg AuthVariableLib and matches the pattern of HunterChang030's previous assignment for a similar issue in OpalPassword.,,False
qwen2.5:14b,A,7937,BlockSid command should been send at EndOfDxe (Bugzilla Bug 1782),securitypkg,bug,low,HunterChang030,0.9,"The bug is related to SecurityPkg and specifically mentions BlockSid command timing, matching HunterChang030's known work on OpalPassword in SecurityPkg.",,False
qwen2.5:14b,A,9727,BaseTools: Reduce the duplication compression code in BaseTools (Bugzilla Bug 1779),basetools,bug,medium,AshrafAliS,0.95,The bug is related to BaseTools and aims to reduce code duplication in compression code.,,False
qwen2.5:14b,A,7935,ECC need to handle lower case 'static' at the beginning of functions (Bugzilla Bug 1778),basetools,bug,medium,bexcran,0.95,The bug is related to ECC in BaseTools and matches the pattern of CLANGPDB linker issues handled by bexcran.,,False
qwen2.5:14b,A,7934,Remove BootInRecoveryMode PPI DEPEX from PEI storage stack (Bugzilla Bug 1777),mdemodulepkg,bug,medium,YangGangUEFI,0.85,"The bug is related to MdeModulePkg and involves a specific PPI DEPEX removal, matching historical patterns for this type of issue within the package.",,False
qwen2.5:14b,A,7933,Build break if C file suffixes of named .C Under certain circumstances. (Bugzilla Bug 1773),basetools,bug,high,AshrafAliS,0.95,The bug is related to BaseTools and involves build issues with C file suffixes.,,False
qwen2.5:14b,A,9726,Indicate two Guids gCapsuleArmedResetGuid and gCapsuleUpdateCompleteResetGuid for capsule update (Bugzilla Bug 1772),mdemodulepkg,bug,medium,YangGangUEFI,0.95,"The bug is related to MdeModulePkg and involves Guids for capsule update, matching previous assignments to YangGangUEFI in similar contexts.",,False
qwen2.5:14b,A,7932,ECC reports 2 errors in MdeModulePkg (Bugzilla Bug 1771),mdemodulepkg,bug,low,AshrafAliS,0.95,The bug is related to ECC reports in MdeModulePkg and matches the pattern of BaseTools FMMT handling issues previously reported by AshrafAliS.,,False
qwen2.5:14b,A,7931,FDF FFS Rule doesn't support GUID value format (Bugzilla Bug 1768),basetools,bug,medium,AshrafAliS,0.95,The bug is related to BaseTools and specifically FDF FFS Rule functionality.,,False
qwen2.5:14b,A,7930,Replace use of 'STATIC' with 'static' (Bugzilla Bug 1767),shellpkg,bug,medium,SaloniKasbekar,0.9,"The bug involves replacing 'STATIC' with 'static', which matches the pattern of replacing hardcoded values with existing define constants in ShellPkg.",,False
qwen2.5:14b,A,7929,BaseTools doesn't support correct RAW FFS FILE generation (Bugzilla Bug 1765),basetools,bug,high,AshrafAliS,0.95,The bug is related to BaseTools and specifically mentions FFS FILE generation issues.,,False
qwen2.5:14b,A,7928,Basetools: Enable GCC flags to prevent compiler from optimizing out security checks (Bugzilla Bug 1764),basetools,bug,low,AshrafAliS,0.95,"The bug is related to BaseTools and involves compiler flags, matching AshrafAliS's historical pattern of handling BaseTools issues.",,False
qwen2.5:14b,A,9724,Optimize the performance of intel vt-d invalidation (Bugzilla Bug 1763),intelsiliconpkg,bug,low,AshrafAliS,0.95,"The bug is related to Intel Silicon Package and performance optimization, which does not match any specific historical pattern but aligns with AshrafAliS handling BaseTools issues previously.",,False
qwen2.5:14b,A,7927,Error message is inappropriate  for conf case (Bugzilla Bug 1762),basetools,bug,low,AshrafAliS,0.95,"The bug is related to BaseTools and involves an error message issue, matching AshrafAliS's historical pattern of handling BaseTools configuration issues.",,False
qwen2.5:14b,A,7926,UEFI SCT reports 5 failures in ConsoleSupportTest\SerialIOProtocolTest on Emulator. (Bugzilla Bug 1761),emulatorpkg,bug,medium,AshrafAliS,0.95,"The bug is related to EmulatorPkg and involves SCT test failures, which historically have been handled by AshrafAliS.",,False
qwen2.5:14b,A,9723,System hangs or stops abnormally when running UEFI SCT MediaAccessTest on Emulator. (Bugzilla Bug 1760),emulatorpkg,bug,medium,AshrafAliS,0.95,"The bug is related to an emulator package and involves a system hang during a specific test, which aligns with historical patterns of AshrafAliS handling such issues in BaseTools.",,False
qwen2.5:14b,A,9722,Emulator stopped working twice when running UEFI SCT RuntimeServicesTest\MiscRuntimeServicesTest on it (Bugzilla Bug 1759),emulatorpkg,bug,medium,AshrafAliS,0.95,"The bug is related to an emulator package and involves a runtime issue with UEFI SCT tests, matching AshrafAliS's historical pattern of handling BaseTools FMMT issues.",,False
qwen2.5:14b,A,7925,UEFI SCT reports 16 failures in RuntimeServicesTest\TimeServicesTest on Emulator. (Bugzilla Bug 1758),emulatorpkg,bug,medium,os-d,0.95,The bug is related to RuntimeServicesTest\TimeServicesTest failures which likely involve memory management or runtime driver issues handled by os-d.,,False
qwen2.5:14b,A,9721,UEFI SCT reports 12 failures in BootServicesTest\MiscBootServicesTest on Emulator. (Bugzilla Bug 1757),emulatorpkg,bug,medium,AshrafAliS,0.95,"The bug is related to EmulatorPkg and involves SCT test failures, which aligns with AshrafAliS's historical pattern of handling such issues.",,False
qwen2.5:14b,A,9720,Emulator doesn't support Network functionality. (Bugzilla Bug 1756),emulatorpkg,bug,medium,AndreasBBS,0.95,"The bug is related to Network functionality in an Emulator package, which matches the pattern of QEMU_EFI not loading network protocol drivers handled by AndreasBBS.",,False
qwen2.5:14b,A,9719,Remove legacy CSM definition in MdePkg (Bugzilla Bug 1754),shellpkg,bug,medium,YangGangUEFI,0.85,"The bug is related to MdePkg and involves removing legacy CSM definition, which aligns with previous assignments for similar MdePkg issues.",,False
qwen2.5:14b,A,7924,Add warning message for Secure Erase (Bugzilla Bug 1753),securitypkg,bug,low,HunterChang030,0.9,"The bug is related to SecurityPkg and involves warning messages for Secure Erase, matching HunterChang030's previous work on OpalPassword in SecurityPkg.",,False
qwen2.5:14b,A,7923,"When assign value size > PCD array size in dsc, returned value is not right. (Bugzilla Bug 1752)",basetools,bug,medium,AshrafAliS,0.95,"The bug is related to BaseTools and PCD handling, matching AshrafAliS's historical pattern of fixing BaseTools issues.",,False
qwen2.5:14b,A,7922,ECC report errors on account of analyze special characters (Bugzilla Bug 1751),basetools,bug,medium,bexcran,0.95,"The bug is related to ECC report errors in BaseTools, matching the pattern of previous ECC-related issues assigned to bexcran.",,False
qwen2.5:14b,A,7921,"Remove tool chain RVCT, RVCTLINUX, RVCTCYGWIN and CLANG35 (Bugzilla Bug 1750)",basetools,bug,medium,AshrafAliS,0.95,"The bug is related to BaseTools and involves removing specific tool chains, matching AshrafAliS's historical pattern of handling BaseTools issues.",,False
qwen2.5:14b,A,7920,The order of file Guid.xref will change after increment build (Bugzilla Bug 1749),basetools,bug,high,AshrafAliS,0.95,The bug is related to BaseTools and involves a specific build issue with Guid.xref file order.,,False
qwen2.5:14b,A,9718,[UdfDxe] Typo in function ResolveSymlink() (Bugzilla Bug 1746),mdemodulepkg,bug,low,YangGangUEFI,0.95,"The bug is in MdeModulePkg and involves a typo in a function, matching previous assignments to YangGangUEFI for similar issues.",,False
qwen2.5:14b,A,9717,[UdfDxe] Bug exists for function MangleFileName() to handle file path like '\..\path' (Bugzilla Bug 1745),mdemodulepkg,bug,low,YangGangUEFI,0.95,"The bug is in MdeModulePkg and relates to a specific function handling file paths, matching previous assignments to YangGangUEFI for similar issues.",,False
qwen2.5:14b,A,7918,"Unlimited FV Recursion, round 2 (Bugzilla Bug 1743)",mdemodulepkg,bug,low,lgao4,0.75,"The bug is related to MdeModulePkg and involves a specific issue with FV recursion, matching previous lgao4 assignments.",,False
qwen2.5:14b,A,7917,Binary Cache should update the recovered file’s creation and modification times to the current time (Bugzilla Bug 1742),basetools,bug,low,AshrafAliS,0.95,"The bug is related to BaseTools and involves handling file metadata, matching AshrafAliS's historical pattern of fixing BaseTools issues.",,False
qwen2.5:14b,A,7916,ECC reports 4 errors in NetworkPkg (Bugzilla Bug 1741),networkpkg,bug,high,SaloniKasbekar,0.9,"The bug is related to ECC errors in NetworkPkg, matching SaloniKasbekar's pattern of fixing hardcoded values and constants in the same package.",,False
qwen2.5:14b,A,7915,decrease the namespace collisions (Bugzilla Bug 1740),mdepkg,bug,low,os-d,0.95,"The bug is related to MdePkg and namespace collisions, which aligns with previous memory management or internal data structure issues handled by os-d.",,False
qwen2.5:14b,A,7914,Ensure that PYTHONHASHSEED workaround is available in all ENV scripts. (Bugzilla Bug 1739),basetools,bug,high,AshrafAliS,0.95,"The bug is related to BaseTools and ENV scripts, matching AshrafAliS's historical pattern of handling BaseTools issues.",,False
qwen2.5:14b,A,9716,Unordered datatypes should be replaced with ordered datatypes where consistency is required. (Bugzilla Bug 1738),basetools,bug,medium,AshrafAliS,0.95,The bug is related to BaseTools and involves a specific feature request for datatype consistency.,,False
qwen2.5:14b,A,7913,"[BaseTools-make] Customization within build_rule.txt before ""$(CC)"" for compiling command is not supported (Bugzilla Bug 1737)",basetools,bug,low,AshrafAliS,0.95,The bug is related to BaseTools-make and build_rule.txt customization issues.,,False
qwen2.5:14b,A,7912,ECC reports 1 error in CryptoPkg (Bugzilla Bug 1736),cryptopkg,bug,medium,liyi77,0.95,"The bug is related to ECC errors in CryptoPkg and requires an update for a CVE, matching the pattern of liyi77's previous work on OpenSSL updates.",,False
qwen2.5:14b,A,7911,Remove unused BaseTools\Source\Python\UPT\Dll (Bugzilla Bug 1735),basetools,bug,high,AshrafAliS,0.95,The bug is related to BaseTools and matches the pattern of previous high-priority BaseTools issues handled by AshrafAliS.,,False
qwen2.5:14b,A,7910,Bin Cache database should be read only for --binary-source usage (Bugzilla Bug 1732),basetools,bug,low,AshrafAliS,0.95,The bug is related to BaseTools and involves a specific feature request for Bin Cache database usage.,,False
qwen2.5:14b,A,7909,ECC reports 1 error in UefiCpuPkg (Bugzilla Bug 1731),ueficpupkg,bug,medium,philnoh2,0.95,The bug is related to ECC in UefiCpuPkg which matches the historical pattern of philnoh2 handling CPU-related issues.,,False
qwen2.5:14b,A,7908,ECC report 1 error in IntelFsp2WrapperPkg (Bugzilla Bug 1730),intelfsp2wrapperpkg,bug,medium,AshrafAliS,0.95,The bug is related to ECC report in BaseTools FMMT component.,,False
qwen2.5:14b,A,7907,Build fails on some build machine after the commit 05217d210e8da37b47d0be58ec363f7af2fa1c18 (Bugzilla Bug 1729),basetools,bug,high,AshrafAliS,0.95,"The bug is related to BaseTools and involves a build failure after a specific commit, matching the pattern of previous BaseTools issues handled by AshrafAliS.",,False
qwen2.5:14b,A,7906,Report ASSERT if reenter setup page on Emulator (Bugzilla Bug 1728),emulatorpkg,bug,low,EricGao2015,0.8,The bug is related to entering setup page on emulator which matches previous patterns handled by EricGao2015.,,False
qwen2.5:14b,A,7905,GenFw doesn't work correctly when convert ELF image to EFI image with -e PEIM -z option both (Bugzilla Bug 1727),basetools,bug,medium,AshrafAliS,0.95,The bug is related to BaseTools and specifically mentions a GenFw issue with ELF image conversion options.,,False
qwen2.5:14b,A,7904,Enhance Bin Cache database to support save the cache for multiple platforms with multiple tool-chains and targets (Bugzilla Bug 1726),basetools,bug,medium,AshrafAliS,0.95,The bug is related to BaseTools and involves enhancing the Bin Cache database functionality.,,False
qwen2.5:14b,A,7903,Bin Cache wrongly cache hit for CLANG38 build with the GCC5 build cache result (Bugzilla Bug 1725),basetools,bug,medium,AshrafAliS,0.95,The bug is related to BaseTools and involves build cache issues.,,False
qwen2.5:14b,A,9715,Provide the way to enable VS w4701 and w4703 warning (Bugzilla Bug 1724),basetools,bug,medium,AshrafAliS,0.95,"The bug is related to BaseTools and involves enabling specific VS warnings, matching AshrafAliS's historical pattern of handling BaseTools issues.",,False
qwen2.5:14b,A,7902,Build cache of binary files fails on MinPlatform Kabylake windows build (Bugzilla Bug 1723),basetools,bug,medium,AshrafAliS,0.95,"The bug is related to BaseTools and involves build cache issues on a specific platform, matching AshrafAliS's historical pattern of handling BaseTools-related bugs.",,False
qwen2.5:14b,A,7901,Share code for BaseUefiDecompressLib in MdePkg and BaseUefiTianoCustomDecompressLib in MdeModulePkg (Bugzilla Bug 1722),mdepkg,bug,medium,lgao4,0.85,"The bug involves sharing code between MdePkg and MdeModulePkg, which is a structural or organizational issue within the package.",,False
qwen2.5:14b,A,7900,Remove framework pkgs dependency from EmulatorPkg (Bugzilla Bug 1721),emulatorpkg,bug,high,AshrafAliS,0.95,Historical pattern shows AshrafAliS handles BaseTools and dependency issues in EmulatorPkg.,,False
qwen2.5:14b,A,7899,Remove framework pkgs dependency from BeagleBoardPkg and EmbeddedPkg (Bugzilla Bug 1720),beagleboardpkg,bug,high,AshrafAliS,0.95,"The bug is related to BaseTools and involves dependency removal, matching AshrafAliS's historical pattern of handling BaseTools issues.",,False
qwen2.5:14b,A,7898,Quark: Remove IntelFrameworkPkg/IntelFrameworkModulePkg dependencies (Bugzilla Bug 1719),quarkplatformpkg,bug,high,AshrafAliS,0.95,"The bug is related to QuarkPlatformPkg and involves removing dependencies on IntelFrameworkPkg/IntelFrameworkModulePkg, which aligns with AshrafAliS's expertise in handling such platform-specific issues.",,False
qwen2.5:14b,A,7897,update ConvertFceToStructurePcd.py with the char order PCD name. (Bugzilla Bug 1718),basetools,bug,medium,AshrafAliS,0.95,"The bug is related to BaseTools and involves updating a Python script, matching historical patterns of AshrafAliS handling BaseTools issues.",,False
qwen2.5:14b,A,7896,IntelFsp2WrapperPkg: Perform post FSP-S process. (Bugzilla Bug 1716),intelfsp2wrapperpkg,bug,low,praravin,0.95,"The bug is related to IntelFsp2WrapperPkg and involves post FSP-S process, matching praravin's expertise with similar issues in IntelFsp2Pkg.",,False
qwen2.5:14b,A,9714,HTTP redirections not handled properly (Bugzilla Bug 1715),networkpkg,bug,high,SaloniKasbekar,0.9,"The bug is related to handling HTTP redirections in the NetworkPkg, which falls under code quality and best practices for constants usage.",,False
qwen2.5:14b,A,7895,HTTPS boot is impossible on aarch64 (Bugzilla Bug 1714),armvirtpkg,bug,low,Vogtinator,0.85,The bug is related to HTTPS boot on aarch64 which matches Vogtinator's historical pattern of handling TPM2/TCG2 issues on RISC-V and ARM.,,False
qwen2.5:14b,A,7894,UefiCpuPkg: Coverity scan flags multiple issues in edk2-stable201903 (Bugzilla Bug 1713),ueficpupkg,bug,low,philnoh2,0.95,"The bug is related to UefiCpuPkg and Coverity scan issues, matching the historical pattern of philnoh2 handling similar bugs in this package.",,False
qwen2.5:14b,A,7893,ShellPkg: Coverity scan flags multiple issues in edk2-stable201903 (Bugzilla Bug 1712),shellpkg,bug,low,YangGangUEFI,0.85,The bug is related to ShellPkg and historical patterns show YangGangUEFI handles issues in this package.,,False
qwen2.5:14b,A,7892,PcAtChipsetPkg: Coverity scan flags multiple issues in edk2-stable201903 (Bugzilla Bug 1711),pcatchipsetpkg,bug,low,YangGangUEFI,0.85,The bug is related to PcAtChipsetPkg and previous similar issues were handled by YangGangUEFI.,,False
qwen2.5:14b,A,7891,NetworkPkg: Coverity scan flags multiple issues in edk2-stable201903 (Bugzilla Bug 1709),networkpkg,bug,low,BritChesley,0.95,Historical pattern shows BritChesley handles CodeQl errors in NetworkPkg.,,False
qwen2.5:14b,A,7890,MdePkg: Coverity scan flags multiple issues in edk2-stable201903 (Bugzilla Bug 1708),mdepkg,bug,low,AshrafAliS,0.95,"The bug is related to MdePkg and Coverity scan issues, matching the pattern of previous high-priority BaseTools FMMT handling bugs.",,False
qwen2.5:14b,A,7889,MdeModulePkg: Coverity scan flags multiple issues in edk2-stable201903 (Bugzilla Bug 1707),mdemodulepkg,bug,low,YangGangUEFI,0.85,Historical pattern shows YangGangUEFI handles issues in MdeModulePkg.,,False
qwen2.5:14b,A,7888,IntelFspPkg: Coverity scan flags multiple issues in edk2-stable201903 (Bugzilla Bug 1706),intelfsppkg,bug,medium,praravin,0.95,"The bug is related to IntelFspPkg and involves Coverity scan issues, matching the pattern of a previous bug reported by praravin regarding FSP-T arch UPD configuration.",,False
qwen2.5:14b,A,7887,IntelFsp2Pkg: Coverity scan flags multiple issues in edk2-stable201903 (Bugzilla Bug 1705),intelfsp2pkg,bug,low,praravin,0.95,"The bug is related to IntelFsp2Pkg and Coverity scan issues, matching the pattern of previous bugs assigned to praravin.",,False
qwen2.5:14b,A,7886,FatPkg: Coverity scan flags multiple issues in edk2-stable201903 (Bugzilla Bug 1703),fatpkg,bug,low,BritChesley,0.85,"Coverity scan issues typically involve code quality and static analysis, matching historical patterns for BritChesley in NetworkPkg.",,False
qwen2.5:14b,A,7885,CryptoPkg: Coverity scan flags multiple issues in edk2-stable201903 (Bugzilla Bug 1702),cryptopkg,bug,low,ardbiesheuvel,0.95,"The bug is related to Coverity scan issues in CryptoPkg, matching the common pattern for build and security-related issues within this package.",,False
qwen2.5:14b,A,7884,BaseTools: Coverity scan flags multiple issues in edk2-stable201903 (Bugzilla Bug 1701),basetools,bug,low,AshrafAliS,0.95,"The bug is related to BaseTools and Coverity scan issues, matching AshrafAliS's historical pattern of handling BaseTools-related bugs.",,False
qwen2.5:14b,A,7883,ArmPlatformPkg: Coverity scan flags multiple issues in edk2-stable201903 (Bugzilla Bug 1700),armplatformpkg,bug,medium,YangGangUEFI,0.85,Historical pattern shows YangGangUEFI handles issues in ArmPlatformPkg.,,False
qwen2.5:14b,A,7882,AppPkg: Coverity scan flags multiple issues in edk2-stable201903 (Bugzilla Bug 1699),apppkg,bug,high,AshrafAliS,0.95,AppPkg is not listed under common assignees and the bug involves Coverity scan issues which suggests a broad codebase review rather than specific package maintenance.,,False
qwen2.5:14b,A,7881,Remove NetworkPkg/IpSecDxe (Bugzilla Bug 1697),networkpkg,bug,high,SaloniKasbekar,0.9,The bug is about removing a sub-component in NetworkPkg which matches the pattern of replacing hardcoded values with existing constants previously handled by SaloniKasbekar.,,False
qwen2.5:14b,A,7880,Nmake may report AutoGen.h file can't be found on Windows OS (Bugzilla Bug 1696),basetools,bug,high,AshrafAliS,0.95,The bug is related to BaseTools and involves an issue with Nmake on Windows OS.,,False
qwen2.5:14b,A,7879,Add PCD to Enabled/Disabled IPv4/IPv6 PXE Support in NetworkPkg (Bugzilla Bug 1695),networkpkg,bug,medium,SaloniKasbekar,0.9,"The bug involves adding PCD for IPv4/IPv6 PXE support in NetworkPkg, which matches the pattern of replacing hardcoded values with #define constants previously handled by SaloniKasbekar.",,False
qwen2.5:14b,A,7878,Update edksetup.bat to support the different VS tool chain setup (Bugzilla Bug 1693),-,bug,high,AshrafAliS,0.95,"The bug is related to updating edksetup.bat for VS tool chain setup, which aligns with historical patterns of AshrafAliS handling BaseTools and build system issues.",,False
qwen2.5:14b,A,7877,BaseTools: Hash false success with back to back builds (Bugzilla Bug 1692),basetools,bug,medium,AshrafAliS,0.95,Historical pattern shows AshrafAliS handles BaseTools related issues.,,False
qwen2.5:14b,A,7876,New OvmfXen platform with Xen PVH support (Bugzilla Bug 1689),ovmfpkg,bug,medium,Vogtinator,0.85,Historical pattern shows Vogtinator handles TCG2/TPM2 support issues on RISC-V.,,False
qwen2.5:14b,A,7874,Add multiple console with multi monitor support to EmulatorPkg as Nt32Pkg has (Bugzilla Bug 1687),emulatorpkg,bug,medium,YangGangUEFI,0.85,"The bug is related to EmulatorPkg and involves console and monitor support, which aligns with UI/UX or form-related issues typically handled by YangGangUEFI.",,False
qwen2.5:14b,A,7873,Emulator CPU frequency information displays 0.00 GHZ (Bugzilla Bug 1686),emulatorpkg,bug,medium,Vogtinator,0.85,The bug is related to emulator package and CPU frequency information which Vogtinator has handled before.,,False
qwen2.5:14b,A,9713,HTTP STATUS code design is untenable. (Bugzilla Bug 1685),networkpkg,bug,high,BritChesley,0.95,"The bug is related to HTTP STATUS code design in NetworkPkg, matching historical CodeQl errors and other critical issues handled by BritChesley.",,False
qwen2.5:14b,A,7872,Move BaseUefiTianoCustomDecompressLib from IntelFrameworkModulePkg to MdeModulePkg (Bugzilla Bug 1683),mdemodulepkg,bug,low,YangGangUEFI,0.95,"The bug is related to MdeModulePkg and involves a move of a library from another package, which aligns with previous work by YangGangUEFI on similar issues within the same package.",,False
qwen2.5:14b,A,7870,BaseTools: Fix corner-cases of --hash feature (Bugzilla Bug 1680),basetools,bug,medium,AshrafAliS,0.95,The bug is related to BaseTools and involves fixing corner-cases of the --hash feature.,,False
qwen2.5:14b,A,7869,CpuCommonFeaturesLib Aesni.c Remove CPU generations check (Bugzilla Bug 1679),ueficpupkg,bug,high,philnoh2,0.95,The bug is related to CPU features in UefiCpuPkg and matches the pattern of previous high-priority bugs assigned to philnoh2.,,False
qwen2.5:14b,A,7868,Add a pcd to control the PlatformRecovery behavior (Bugzilla Bug 1678),mdemodulepkg,bug,low,YangGangUEFI,0.85,"The bug is related to MdeModulePkg and involves adding a PCD for platform recovery behavior, which aligns with previous assignments of similar nature in this package.",,False
qwen2.5:14b,A,7867,Update the debug code to support UINT64 print in CapsulePei (Bugzilla Bug 1677),mdemodulepkg,bug,low,YangGangUEFI,0.95,"The bug is related to MdeModulePkg and involves updating debug code for UINT64 print, which aligns with previous assignments of similar nature in this package.",,False
qwen2.5:14b,A,9712,Add two event immediately before and after with ReadyToBoot (Bugzilla Bug 1676),mdemodulepkg,bug,low,YangGangUEFI,0.85,"The bug is related to MdeModulePkg and involves event handling around ReadyToBoot, matching historical patterns for this assignee.",,False
qwen2.5:14b,A,7866,Remove ShellBinPkg from edk2/master (Bugzilla Bug 1675),shellbinpkg,bug,low,YangGangUEFI,0.85,The bug is related to ShellBinPkg and previous similar issues were handled by YangGangUEFI.,,False
qwen2.5:14b,A,9711,Http Reconfigure Fails (Bugzilla Bug 1674),networkpkg,bug,medium,SaloniKasbekar,0.9,The bug is related to the NetworkPkg and involves replacing hardcoded values with existing #define constants.,,False
qwen2.5:14b,A,9710,Remove the additional copy action from DEBUG dir to OUTPUT dir (Bugzilla Bug 1673),basetools,bug,low,AshrafAliS,0.95,The bug is related to BaseTools and matches a previous high priority issue handled by AshrafAliS.,,False
qwen2.5:14b,A,7865,Enable multiple thread for MSVC compiler (Bugzilla Bug 1672),basetools,bug,low,AshrafAliS,0.95,"The bug is related to BaseTools and MSVC compiler, matching AshrafAliS's historical pattern of handling BaseTools issues.",,False
qwen2.5:14b,A,7864,BaseTools: Python exception when compiling BaseTools in Chinese OS. (Bugzilla Bug 1670),basetools,bug,low,AshrafAliS,0.95,The bug is related to BaseTools and involves a Python exception in a Chinese OS environment.,,False
qwen2.5:14b,A,9709,Network stack malfunction with removable NIC's (Bugzilla Bug 1669),networkpkg,bug,medium,SaloniKasbekar,0.9,"The bug involves a network stack issue with removable NICs, matching the pattern of replacing hardcoded values with existing constants in NetworkPkg.",,False
qwen2.5:14b,A,9708,CpuDxe depends on undefined behavior to enable interrupts. (Bugzilla Bug 1668),ueficpupkg,bug,medium,philnoh2,0.95,The bug is related to CpuDxe in UefiCpuPkg and matches the pattern of a specific sub-component issue handled by philnoh2.,,False
qwen2.5:14b,A,7863,Remove tools chain with ASL tool (Bugzilla Bug 1667),basetools,bug,low,AshrafAliS,0.95,The bug is related to BaseTools and involves handling a specific case in the tools chain.,,False
qwen2.5:14b,A,7862,Remove ICC tool chain from tools_def.txt (Bugzilla Bug 1666),basetools,bug,high,AshrafAliS,0.95,"The bug is related to BaseTools and involves modifying tools_def.txt, which matches AshrafAliS's historical pattern of handling BaseTools issues.",,False
qwen2.5:14b,A,7861,Build fail when the structure pcd has member of flexible size array (Bugzilla Bug 1665),basetools,bug,medium,AshrafAliS,0.95,The bug is related to BaseTools and involves handling of structure PCDs with flexible size arrays.,,False
qwen2.5:14b,A,7860,"""Plarform"" typo in user-visible string (Bugzilla Bug 1664)",apppkg,bug,medium,YangGangUEFI,0.95,"The bug involves a typo in a user-visible string within AppPkg, which is typically handled by UI or localization experts like YangGangUEFI.",,False
qwen2.5:14b,A,7859,EDK_TOOLS_PATH instead of BASE_TOOLS_PATH (Bugzilla Bug 1663),basetools,bug,medium,AshrafAliS,0.95,The bug is related to BaseTools and involves a specific path issue previously reported.,,False
qwen2.5:14b,A,7858,Copy BaseUefiTianoCustomDecompressLib instance from IntelFrameworkModulePkg to MdeModulePkg (Bugzilla Bug 1662),mdemodulepkg,bug,low,YangGangUEFI,0.95,"The bug is related to MdeModulePkg and involves a specific instance of BaseUefiTianoCustomDecompressLib, matching historical patterns for this package.",,False
qwen2.5:14b,A,7857,[MdeModulePkg DSC] Listing library SmmLockBoxPeiLib.inf under [LibraryClasses.common.PEIM] may not be proper (Bugzilla Bug 1660),mdemodulepkg,bug,low,YangGangUEFI,0.95,"The bug is related to MdeModulePkg DSC file and library class listing, which aligns with previous assignments for similar issues in this package.",,False
qwen2.5:14b,A,7856,"Incorrect line ending in ArmPkg, ArmVirtPkg, and ArmPlatformPkg generate PatchCheck.py errors (Bugzilla Bug 1659)",armplatformpkg,bug,low,AshrafAliS,0.95,"The bug is related to PatchCheck.py errors in ArmPkg and similar packages, matching AshrafAliS's historical pattern of handling such issues.",,False
qwen2.5:14b,A,7855,Fix files with incorrect line endings in CorebootModulePkg to pass PatchCheck.py (Bugzilla Bug 1658),corebootmodulepkg,bug,low,AshrafAliS,0.95,"The bug is related to fixing line endings in CorebootModulePkg and improving PatchCheck.py compliance, which aligns with previous work by AshrafAliS on similar build and tooling issues.",,False
qwen2.5:14b,A,7854,Add .sh extension to EmulatorPkg/Unix/GdbRun for compatibility with PatchCheck.py (Bugzilla Bug 1657),emulatorpkg,bug,low,AshrafAliS,0.95,"The bug is related to EmulatorPkg and involves compatibility with PatchCheck.py, which matches historical patterns of AshrafAliS handling BaseTools-related issues.",,False
qwen2.5:14b,A,7853,Update PatchCheck.py for change to BSD+Patent License with SPDX identifiers (Bugzilla Bug 1655),basetools,bug,low,AshrafAliS,0.95,"The bug is related to BaseTools and involves updating a script, matching historical patterns of AshrafAliS handling such issues.",,False
qwen2.5:14b,A,7852,Add SPDX identifier for files covered by MIT license in OvmfPkg (Bugzilla Bug 1654),ovmfpkg,bug,low,AshrafAliS,0.95,"The bug is related to SPDX identifier addition in OvmfPkg files, which aligns with previous work on handling similar licensing and metadata issues.",,False
qwen2.5:14b,A,7851,Remove create-release.py script from OvmfPkg (Bugzilla Bug 1653),ovmfpkg,bug,low,AshrafAliS,0.95,The bug is related to OvmfPkg and does not specify a specific sub-component or rare assignee within the package.,,False
qwen2.5:14b,A,7850,HII DB lock may be leaked on error return (Bugzilla Bug 1652),mdemodulepkg,bug,high,YangGangUEFI,0.95,The bug is related to HII DB lock in MdeModulePkg and matches previous assignments for similar issues.,,False
qwen2.5:14b,A,7849,"Restart the emulator, the boot order will sometimes restore the default (Bugzilla Bug 1650)",emulatorpkg,bug,medium,AshrafAliS,0.95,The bug is related to emulator behavior and matches the pattern of previous BaseTools FMMT issues.,,False
qwen2.5:14b,A,7848,Need to boot into UEFI Internal Shell directly when run the emulator (Bugzilla Bug 1649),emulatorpkg,bug,medium,AshrafAliS,0.95,"The bug is related to booting into UEFI Internal Shell directly when running an emulator, which matches the BaseTools FMMT handle case pattern.",,False
qwen2.5:14b,A,7847,BaseTools: Fix private includes when module scope FILE_GUID override is used (Bugzilla Bug 1648),basetools,bug,high,AshrafAliS,0.95,The bug is related to BaseTools and matches historical patterns of AshrafAliS handling BaseTools issues.,,False
qwen2.5:14b,A,7846,Add MicrocodeFlashAccessLibNull.inf to IntelSiliconPkg.dsc for build test only (Bugzilla Bug 1647),intelsiliconpkg,bug,low,AshrafAliS,0.95,"The bug is related to BaseTools and build configuration, matching AshrafAliS's historical pattern of handling such issues.",,False
qwen2.5:14b,A,7845,Add IdeControllerDxe.inf to PcAtChipsetPkg.dsc for build test only (Bugzilla Bug 1646),pcatchipsetpkg,bug,low,lgao4,0.85,"The bug is related to build configuration and PcAtChipsetPkg.dsc, which does not match any specific rare assignees or common patterns listed.",,False
qwen2.5:14b,A,9707,CpuCommonFeaturesLib ExecuteDisable.c Make sure NXE bit programmed at correct scope (Bugzilla Bug 1644),ueficpupkg,bug,medium,philnoh2,0.95,The bug is related to CPU common features and memory protection in UefiCpuPkg.,,False
qwen2.5:14b,A,9706,Refine comments for FERR feature (Bugzilla Bug 1643),ueficpupkg,bug,medium,lgao4,0.75,"The bug is related to UefiCpuPkg and involves refining comments for a feature, which does not match any specific rare assignees but lgao4 has handled similar issues before.",,False
qwen2.5:14b,A,7844,RegisterCpuFeaturesLib.h CPU_FEATURE_THREE_STRICK_COUNTER should be CPU_FEATURE_THREE_STRIKE_COUNTER (Bugzilla Bug 1642),ueficpupkg,bug,medium,YangGangUEFI,0.85,"The bug is related to a header file in UefiCpuPkg and involves a typo correction, which aligns with previous assignments for similar issues within the package.",,False
qwen2.5:14b,A,7843,Trim will trig exception when the input asl file is UTF8 format (Bugzilla Bug 1641),basetools,bug,high,AshrafAliS,0.95,"The bug is related to BaseTools and involves handling of UTF8 format ASL files, matching AshrafAliS's historical pattern for BaseTools issues.",,False
qwen2.5:14b,A,9705,CpuCommonFeaturesLib the implementation for MonitorMwaitSupport is incorrect (Bugzilla Bug 1640),ueficpupkg,bug,medium,philnoh2,0.95,The bug is related to CpuCommonFeaturesLib in UefiCpuPkg which matches the historical pattern of philnoh2 handling bugs within this package.,,False
qwen2.5:14b,A,9704,"Applications, including Windows pre-OS applications, cannot address the problem where simple text output is not readable on 3K display (Bugzilla Bug 1639)",mdemodulepkg,bug,high,YangGangUEFI,0.95,The bug is related to text output on a specific display type within MdeModulePkg.,,False
qwen2.5:14b,A,7842,Introduce a PCD for firmware device default image type ID (Bugzilla Bug 1638),fmpdevicepkg,bug,medium,lgao4,0.75,"The bug is related to a PCD introduction in FmpDevicePkg, which does not match any specific historical pattern but lgao4 has handled similar low-level configuration issues before.",,False
qwen2.5:14b,A,9703,UnicodeDecodeError: 'ascii' codec can't decode byte (Bugzilla Bug 1637),basetools,bug,medium,AshrafAliS,0.95,"The bug is related to BaseTools and involves a UnicodeDecodeError, matching the pattern of previous issues handled by AshrafAliS in BaseTools.",,False
qwen2.5:14b,A,9702,ISCSI Attempt Order Missing when Attempt Order Page Visited and Commit without any changes (Bugzilla Bug 1636),networkpkg,bug,high,SaloniKasbekar,0.9,"The bug involves a missing ISCSI Attempt Order when committing without changes, which aligns with the 'Replace hardcoded value with existing #define constant' type of issue in NetworkPkg.",,False
qwen2.5:14b,A,7841,SdMmcPciHcDxe driver fails to detect SD card on OVMF platform with SD card enabled (Bugzilla Bug 1632),mdemodulepkg,bug,medium,AndreasBBS,0.95,"The bug involves OVMF platform and network protocol drivers, matching AndreasBBS's pattern of handling QEMU_EFI related issues.",,False
qwen2.5:14b,A,7840,[UefiBootManangerLib] Add error handling logic in BmExpandMediaDevicePath() for media device being removed (Bugzilla Bug 1631),mdemodulepkg,bug,low,YangGangUEFI,0.95,The bug is related to UefiBootManagerLib in MdeModulePkg and matches historical patterns for this package.,,False
qwen2.5:14b,A,9701,"After adding Max attempts, the last visited attempt details displayed as Max attempt (Bugzilla Bug 1630)",networkpkg,bug,high,SaloniKasbekar,0.9,The bug involves replacing hardcoded values with existing constants in the NetworkPkg.,,False
qwen2.5:14b,A,7839,"CpuCommonFeaturesLib C1e.c ""MSR_FEATURE_CONFIG"" should be ""MSR_NEHALEM_POWER_CTL"" in comment (Bugzilla Bug 1629)",ueficpupkg,bug,medium,philnoh2,0.95,The bug is related to UefiCpuPkg and involves a specific file and comment correction.,,False
qwen2.5:14b,A,7838,GraphicsOutputDxe driver picked incorrect PCI BAR as framebuffer address. (Bugzilla Bug 1628),mdemodulepkg,bug,low,YangGangUEFI,0.95,GraphicsOutputDxe driver issue within MdeModulePkg matches historical pattern of UI/graphics related bugs assigned to YangGangUEFI.,,False
qwen2.5:14b,A,7837,Delete the obsolete file FrameworkDatabase.template from BaseTools/Conf (Bugzilla Bug 1627),basetools,bug,medium,AshrafAliS,0.95,"The bug is related to BaseTools and involves file deletion, matching AshrafAliS's historical pattern of handling BaseTools issues.",,False
qwen2.5:14b,A,7836,Basetool: Do Make cleanall command under Basetools/Source/C folder failed (Bugzilla Bug 1622),basetools,bug,medium,AshrafAliS,0.95,"The bug is related to BaseTools and involves a Make cleanall command failure, matching historical patterns for BaseTools issues.",,False
qwen2.5:14b,A,7835,CpuCommonFeaturesLib Aesni.c uses BIT0 and BIT1 reversedly (Bugzilla Bug 1621),ueficpupkg,bug,low,lgao4,0.75,"The bug is related to UefiCpuPkg and involves a specific file (Aesni.c), but no exact match in the list for this type of issue; lgao4 has handled similar low priority bugs before.",,False
qwen2.5:14b,A,7834,Support disabling include path check (Bugzilla Bug 1620),basetools,bug,medium,AshrafAliS,0.95,The bug is related to BaseTools and involves a feature request for disabling include path check.,,False
qwen2.5:14b,A,7833,CLANG Build issues with CLANG version 8.0.0.0 (trunk 339469) (Bugzilla Bug 1619),stdlib,bug,high,mdkinney,0.95,The bug is related to build issues with a specific CLANG version in the stdlib package.,,False
qwen2.5:14b,A,9700,CLANG Build issues with CLANG version 8.0.0.0 (trunk 339469) (Bugzilla Bug 1618),stdlib,bug,high,mdkinney,0.95,The bug is related to a build issue with the CLANG compiler in the stdlib package.,,False
qwen2.5:14b,A,7831,Remove framework pkgs dependency from Coreboot*Pkgs (Bugzilla Bug 1616),corebootpayloadpkg,bug,high,AshrafAliS,0.95,The bug is related to Coreboot*Pkgs and does not match any specific sub-component or rare assignee listed.,,False
qwen2.5:14b,A,7830,license and copyright are missing in some files in Basetool (Bugzilla Bug 1615),basetools,bug,low,AshrafAliS,0.95,Historical pattern shows AshrafAliS handles BaseTools related issues.,,False
qwen2.5:14b,A,7829,BootGuard TOCTOU vulnerability (Bugzilla Bug 1614),mdemodulepkg,bug,medium,HunterChang030,0.9,SecurityPkg related TOCTOU vulnerability matches HunterChang030's historical pattern for handling security-related bugs in SecurityPkg.,,False
qwen2.5:14b,A,9699,CpuDxe driver is hard coded to only run if it is loaded under 4 GB (Bugzilla Bug 1613),ueficpupkg,bug,medium,philnoh2,0.95,The bug is related to CpuDxe driver in UefiCpuPkg and matches the historical pattern of bugs handled by philnoh2.,,False
qwen2.5:14b,A,7828,Duplicated BSD licenses are found in some files in EDKII repo (Bugzilla Bug 1612),securitypkg,bug,low,HunterChang030,0.9,"The bug is related to duplicated BSD licenses in the SecurityPkg, which HunterChang030 has previously handled.",,False
qwen2.5:14b,A,7827,Password stored in HII database is not cleared after memory free (Bugzilla Bug 1611),mdemodulepkg,bug,high,HunterChang030,0.9,"The bug involves incorrect handling of the HII database and password memory management, matching HunterChang030's expertise in SecurityPKG.",,False
qwen2.5:14b,A,7826,Ip4AccpetFrame crash (Bugzilla Bug 1610),networkpkg,bug,high,SaloniKasbekar,0.9,"The bug is related to a crash in the NetworkPkg component, which matches historical patterns for SaloniKasbekar's work on replacing hardcoded values with existing constants.",,False
qwen2.5:14b,A,9698,IsX509CertInDbx() fails open in case of dbx signature check (Bugzilla Bug 1609),securitypkg,bug,high,HunterChang030,1.0,"The bug is related to SecurityPkg and specifically mentions a function in the package, matching HunterChang030's historical pattern for handling similar issues.",,False
qwen2.5:14b,A,7825,DxeImageVerificationHandler() fails open in case of dbx signature check (Bugzilla Bug 1608),securitypkg,bug,high,HunterChang030,0.9,"The bug is related to SecurityPkg and specifically mentions a failure in DxeImageVerificationHandler(), which matches HunterChang030's previous work on OpalPassword security issues.",,False
qwen2.5:14b,A,7824,parallelism / dependency tracking inside (not between) modules is broken (Bugzilla Bug 1607),basetools,bug,medium,AshrafAliS,0.95,The bug is related to BaseTools and parallelism/dependency tracking inside modules.,,False
qwen2.5:14b,A,9697,ASL compiler settings do not promote warnings to errors (Bugzilla Bug 1602),basetools,bug,high,AshrafAliS,0.95,"The bug is related to ASL compiler settings in BaseTools, matching AshrafAliS's historical pattern of handling BaseTools issues.",,False
qwen2.5:14b,A,9696,"DSC section handling for ""!include"" directive doesn't match DSC spec. (Bugzilla Bug 1601)",basetools,bug,medium,AshrafAliS,0.95,The bug is related to BaseTools and specifically DSC file handling.,,False
qwen2.5:14b,A,7820,The prompt and help information are missing in MdePkg/UefiPkg/SecurityPkg.uni (Bugzilla Bug 1600),mdepkg,bug,low,YangGangUEFI,0.95,"The bug is related to missing prompt and help information in MdePkg/UefiPkg/SecurityPkg.uni files, which falls under UI or localization issues typically handled by YangGangUEFI.",,False
qwen2.5:14b,A,7819,To better manage the runtime resource allocation in HiiDataBase after ReadyToBoot (Bugzilla Bug 1597),mdemodulepkg,bug,low,YangGangUEFI,0.95,"The bug is related to HiiDataBase runtime resource allocation after ReadyToBoot, matching previous assignments for similar issues in MdeModulePkg.",,False
qwen2.5:14b,A,7818,Remove .S assembly code for IA32 and X64 arch (Bugzilla Bug 1594),mdepkg,bug,high,os-d,0.95,"The bug is related to MdePkg and involves removing assembly code for IA32 and X64 architectures, which aligns with os-d's expertise in handling such architectural issues.",,False
qwen2.5:14b,A,7817,"PiSmmCpuDxeSmm: For every SMI occurrence, save and restore CR2 register only when SMM on-demand paging support is enabled (Bugzilla Bug 1593)",ueficpupkg,bug,low,philnoh2,0.95,The bug is related to SMM on-demand paging support in PiSmmCpuDxeSmm which falls under UEFI CPU Package (UEFI CPUPkg) and matches the historical pattern of philnoh2 handling bugs related to AP reset vector buffer issues and similar CPU-related concerns.,,False
qwen2.5:14b,A,7816,Add S3 control flag to control S3 related functionality in PiSmmCore driver (Bugzilla Bug 1590),mdemodulepkg,bug,low,lgao4,0.85,The bug is related to PiSmmCore driver in MdeModulePkg and lgao4 has handled similar issues before.,,False
qwen2.5:14b,A,9695,Standalone MM build of authenticated variable stack (Bugzilla Bug 1589),mdepkg,bug,medium,os-d,0.95,The bug is related to MdePkg and involves memory management issues.,,False
qwen2.5:14b,A,7815,CpuFeaturePei/Dxe may skip programming package level MSR (Bugzilla Bug 1584),ueficpupkg,bug,high,philnoh2,0.95,The bug is related to CPU feature programming in UefiCpuPkg and matches the historical pattern of bugs assigned to philnoh2.,,False
qwen2.5:14b,A,7813,EdkSetup enhancement (Bugzilla Bug 1582),basetools,bug,medium,AshrafAliS,0.95,The bug is related to EdkSetup in BaseTools and matches historical patterns of AshrafAliS handling BaseTools issues.,,False
qwen2.5:14b,A,7812,[Basetools] Spaces in Python path are not handled (Bugzilla Bug 1579),basetools,bug,medium,AshrafAliS,0.95,"The bug is related to BaseTools and involves handling of Python paths, which aligns with previous issues handled by AshrafAliS.",,False
qwen2.5:14b,A,7811,System Crash occasionally in WiFi Connection Manager (Bugzilla Bug 1577),networkpkg,bug,high,SaloniKasbekar,0.85,The bug involves a system crash in WiFi Connection Manager which is part of the NetworkPkg and matches historical patterns for replacing hardcoded values with existing constants.,,False
qwen2.5:14b,A,7810,SMM driver hang in DEBUG exception at accessing memory beyond 4G (Bugzilla Bug 1576),ueficpupkg,bug,high,os-d,0.95,"The bug involves SMM driver hang and memory access issues in DEBUG mode, which aligns with os-d's expertise on OVMF build and memory management.",,False
qwen2.5:14b,A,7809,SnpDxe assumes Io/MemIo bar indices (Bugzilla Bug 1563),mdemodulepkg,bug,medium,YangGangUEFI,0.85,"The bug is related to MdeModulePkg and involves a specific component (SnpDxe), matching historical patterns for this package.",,False
qwen2.5:14b,A,7808,"SnpDxe ExitBootServices handler should run at TPL_CALLBACK, not TPL_NOTIFY (Bugzilla Bug 1562)",mdemodulepkg,bug,medium,vit9696,0.85,"The bug is related to ExitBootServices handler timing in MdeModulePkg, which fits the expertise of vit9696 on OS runtime driver execution rules.",,False
qwen2.5:14b,A,7807,BaseTools build hard codes ./SecMain for 'run' target (Bugzilla Bug 1561),basetools,bug,high,AshrafAliS,0.95,The bug is related to BaseTools build configuration and matches historical patterns for AshrafAliS.,,False
qwen2.5:14b,A,7806,Remove IPF code in MdePkg (Bugzilla Bug 1560),mdepkg,bug,high,lgao4,0.85,"The bug is about removing IPF code in MdePkg and no specific historical pattern matches precisely, but lgao4 has handled similar low-level package maintenance issues before.",,False
qwen2.5:14b,A,9694,"Handful of ""uninitialized local var"" errors on VS2017. (Bugzilla Bug 1559)",mdemodulepkg,bug,medium,YangGangUEFI,0.85,"The bug is related to MdeModulePkg and involves VS2017 uninitialized local var errors, matching previous assignments by YangGangUEFI for similar issues in this package.",,False
qwen2.5:14b,A,9693,PRI and SCN macros aren't availabe after including inttypes.h (Bugzilla Bug 1558),stdlib,bug,low,AshrafAliS,0.95,"The bug is related to stdlib and involves a header file issue, matching historical patterns for BaseTools or similar foundational components.",,False
qwen2.5:14b,A,9692,Add new API to check suffix for DER/PEM-encoded certificate (Bugzilla Bug 1556),mdemodulepkg,bug,medium,YangGangUEFI,0.85,"The bug is related to MdeModulePkg and involves adding a new API, which aligns with previous assignments for similar feature requests or additions in this package.",,False
qwen2.5:14b,A,9691,FileExplorerLib doesn't Support UEFI_DRIVER (Bugzilla Bug 1555),mdemodulepkg,bug,medium,YangGangUEFI,0.85,The bug is related to MdeModulePkg and involves a specific library component.,,False
qwen2.5:14b,A,7805,"Ecc tool can't parse configure file and exception list by symbol ""-c"" and ""-e"" with Python3.7 (Bugzilla Bug 1554)",basetools,bug,medium,AshrafAliS,0.95,The bug is related to the Ecc tool in BaseTools and matches historical patterns of AshrafAliS handling BaseTools issues.,,False
qwen2.5:14b,A,7804,Add libraries to enable USB3 for debug (Bugzilla Bug 1553),-,bug,medium,AshrafAliS,0.95,The bug is related to adding libraries for USB3 debug which does not match any specific historical pattern but aligns with BaseTools FMMT handling case previously assigned to AshrafAliS.,,False
qwen2.5:14b,A,7803,Add new library to provide cmos related actions (Bugzilla Bug 1552),-,bug,medium,AshrafAliS,0.95,The bug involves adding a new library for CMOS actions which is not specific to any common package or rare assignee listed.,,False
qwen2.5:14b,A,7802,Add new driver to export log info for ACPI code (Bugzilla Bug 1551),-,bug,medium,Vogtinator,0.75,The bug involves adding a new driver for ACPI code which is not listed under any specific package or rare assignee hint but matches the pattern of Vogtinator handling similar hardware support issues.,,False
qwen2.5:14b,A,7801,Introduce DebugPpi to save the image size with the debug message (Bugzilla Bug 1549),mdemodulepkg,bug,high,YangGangUEFI,0.85,"The bug is related to MdeModulePkg and involves introducing a DebugPpi, which aligns with previous assignments for similar module-related issues in this package.",,False
qwen2.5:14b,A,9690,[BaseTools] Short source file name in PE image (Bugzilla Bug 1548),basetools,bug,medium,AshrafAliS,0.95,The bug is related to BaseTools and involves handling of PE image source file names.,,False
qwen2.5:14b,A,7799,Add new driver to provide user authentication before enter setup page (Bugzilla Bug 1545),securitypkg,bug,medium,HunterChang030,0.9,"The bug involves adding a new driver for user authentication in SecurityPkg, matching HunterChang030's previous work on OpalPassword security issues.",,False
qwen2.5:14b,A,7798,The BaseTool causes build failure for a module with type as BASE or USER_DEFINED (Bugzilla Bug 1544),basetools,bug,medium,AshrafAliS,0.95,"The bug is related to BaseTools and involves build failures for specific module types, matching AshrafAliS's historical pattern of handling BaseTools issues.",,False
qwen2.5:14b,A,7797,Cpuid application handles leaf 0x1F wrongly (Bugzilla Bug 1543),mdemodulepkg,bug,high,YangGangUEFI,0.95,The bug is related to MdeModulePkg and involves a specific application issue.,,False
qwen2.5:14b,A,7796,Add shell application to dump bios image (Bugzilla Bug 1542),mdemodulepkg,bug,medium,YangGangUEFI,0.85,The bug is related to adding a shell application in MdeModulePkg which has been historically handled by YangGangUEFI.,,False
qwen2.5:14b,A,7795,Add new shell application to dump dynamic PCD settings (Bugzilla Bug 1541),mdemodulepkg,bug,medium,YangGangUEFI,0.85,The bug is related to adding a new shell application which falls under the Device Manager or similar UI components handled by YangGangUEFI historically.,,False
qwen2.5:14b,A,7794,Header changes don’t result in incremental rebuild (Bugzilla Bug 1540),basetools,bug,high,AshrafAliS,0.95,The bug is related to BaseTools and involves a build system issue.,,False
qwen2.5:14b,A,7793,EFI_RETURN_STATUS_EXTENDED_DATA is incorrectly filled in EfiBootManagerBoot() (Bugzilla Bug 1539),mdemodulepkg,bug,low,YangGangUEFI,0.95,"The bug is related to MdeModulePkg and involves incorrect handling of EFI_RETURN_STATUS_EXTENDED_DATA in EfiBootManagerBoot(), which aligns with previous issues handled by YangGangUEFI.",,False
qwen2.5:14b,A,7792,MemTest86 report error if multiple mode is enabled. (Bugzilla Bug 1538),ueficpupkg,bug,low,lgao4,0.75,The bug is related to UEFI core package and does not match any specific rare assignees or historical patterns closely.,,False
qwen2.5:14b,A,7791,Update Sdhci to use memory accesses that match the requested size (Bugzilla Bug 1537),mdemodulepkg,bug,low,YangGangUEFI,0.85,"The bug is related to MdeModulePkg and involves updating Sdhci, which matches historical patterns for this package.",,False
qwen2.5:14b,A,7790,[BDS] Some issues with new API EfiBootManagerGetNextFullDevicePath (Bugzilla Bug 1536),mdemodulepkg,bug,high,YangGangUEFI,0.85,"The bug is related to MdeModulePkg and involves a new API in BDS, matching historical patterns for this assignee.",,False
qwen2.5:14b,A,7789,Build fail when Hii Pcd is a Structure PCD (Bugzilla Bug 1535),basetools,bug,medium,AshrafAliS,0.95,The bug is related to BaseTools and involves handling of Hii Pcd as a Structure PCD.,,False
qwen2.5:14b,A,7788,AppPkg build error (StdLib\Include\sys/EfiCdefs.h(342): error C2220: warning treated as error) (Bugzilla Bug 1534),apppkg,bug,medium,ardbiesheuvel,0.95,"The bug is related to a build error in AppPkg, which falls under the common category of compiler/build issues typically handled by ardbiesheuvel for Clang and MSVC errors.",,False
qwen2.5:14b,A,7787,UefiCpuPkg/SecCore: Wrong Debug Information for SecCore (Bugzilla Bug 1533),ueficpupkg,bug,low,philnoh2,0.95,The bug is related to UefiCpuPkg/SecCore debug information which matches the expertise of philnoh2 on UEFI CPU package issues.,,False
qwen2.5:14b,A,7786,UINT64 shouldn't be used as the base type for a struct bit field. (Bugzilla Bug 1532),mdepkg,bug,medium,AshrafAliS,0.95,"The bug is related to MdePkg and involves a structural issue with bit fields, which aligns with previous high-priority issues handled by AshrafAliS.",,False
qwen2.5:14b,A,7784,"Should do index check for shell command ""-delay"" (Bugzilla Bug 1528)",shellpkg,bug,medium,YangGangUEFI,0.85,The bug is related to a shell command in ShellPkg and matches historical patterns of YangGangUEFI handling such issues.,,False
qwen2.5:14b,A,7783,Operands in a bitwise operation have different size in Baselib/String.c (Bugzilla Bug 1527),mdepkg,bug,medium,AshrafAliS,0.95,"The bug is related to MdePkg and Baselib/String.c, which matches the historical pattern of AshrafAliS handling such issues in BaseTools.",,False
qwen2.5:14b,A,7779,ECC fails to detect function header comments issue (Bugzilla Bug 1523),basetools,bug,medium,bexcran,0.95,"The bug is related to BaseTools and ECC functionality, matching bexcran's historical pattern of handling BaseTools issues.",,False
qwen2.5:14b,A,7778,ECC fails to run after python3 migration. (Bugzilla Bug 1522),basetools,bug,high,bexcran,0.95,"The bug is related to ECC in BaseTools after python3 migration, matching the pattern of previous ECC issues.",,False
qwen2.5:14b,A,7777,Add CET feature support in SMM (Bugzilla Bug 1521),ueficpupkg,bug,low,philnoh2,0.95,The bug is related to SMM and CET feature support in UEFI CPUPkg.,,False
qwen2.5:14b,A,7776,BaseTools supports to the driver combination. (Bugzilla Bug 1520),basetools,bug,high,AshrafAliS,0.95,"The bug is related to BaseTools and involves driver combination support, matching AshrafAliS's historical pattern of handling BaseTools issues.",,False
qwen2.5:14b,A,9689,IPv6 PXE and HTTP Boot can use the same IAID in the DHCP request as Ip6Config when using the same interface (Bugzilla Bug 1519),networkpkg,bug,medium,SaloniKasbekar,0.9,The bug involves replacing hardcoded values with existing #define constants in the NetworkPkg.,,False
qwen2.5:14b,A,9688,DHCPv6 IAID generated by PXE and HTTP Boot are not consistent across restarts (Bugzilla Bug 1518),networkpkg,bug,medium,SaloniKasbekar,0.9,The bug involves replacing hardcoded values with existing constants in the network package.,,False
qwen2.5:14b,A,7775,Fix Edk2 UefiLib usage of VA_START in undefined way (Bugzilla Bug 1517),mdepkg,bug,low,os-d,0.95,"The bug is related to MdePkg and involves undefined usage of VA_START in UefiLib, which aligns with os-d's expertise in handling low-level issues within the core packages.",,False
qwen2.5:14b,A,7773,Unknown fatal error when generating build report (Bugzilla Bug 1513),basetools,bug,low,AshrafAliS,0.95,"The bug is related to BaseTools and involves generating build reports, matching AshrafAliS's historical pattern of handling BaseTools issues.",,False
qwen2.5:14b,A,7771,SecurityPkg: TcgConfig fix to allow enabling TPM 1.2 device from disabled state. (Bugzilla Bug 1511),securitypkg,bug,low,HunterChang030,0.9,"The bug is related to SecurityPkg and specifically involves TcgConfig, matching HunterChang030's historical pattern of handling OpalPassword and other SecurityPkg issues.",,False
qwen2.5:14b,A,7770,Possible overflow the Nodesize variable (Bugzilla Bug 1510),stdlib,bug,high,lgao4,0.75,"The bug is related to a potential overflow in a variable size, which aligns with common issues found in MdePkg or similar foundational packages.",,False
qwen2.5:14b,A,7769,BaseTool build failure in Ubuntu18 after support python3 (Bugzilla Bug 1509),basetools,bug,high,AshrafAliS,0.95,Historical pattern shows AshrafAliS handles BaseTools issues related to build failures and python support.,,False
qwen2.5:14b,A,7768,[Vlv2TbltDevicePkg] LIBRARY_CLASS is not correct within Vlv2TbltDevicePkg\Library\I2CLibPei (Bugzilla Bug 1507),vlv2tbltdevicepkg,bug,medium,YangGangUEFI,0.85,"The bug is related to a specific package (Vlv2TbltDevicePkg) and involves a library class issue, which aligns with previous assignments for similar issues within the MDE PKG.",,False
qwen2.5:14b,A,7767,Update strings on Opal SETUP page (Bugzilla Bug 1506),securitypkg,bug,low,HunterChang030,0.9,The bug is related to updating strings on the Opal SETUP page within SecurityPkg.,,False
qwen2.5:14b,A,7766,[Pci] System may hang when devices behind PPB contain option ROM but don't require 32bit MMIO (Bugzilla Bug 1505),mdemodulepkg,bug,high,YangGangUEFI,0.85,"The bug is related to MDKModulePkg and involves a system hang issue with PCI devices, which matches historical patterns for this assignee.",,False
qwen2.5:14b,A,7765,Fail to run UPT (Bugzilla Bug 1504),basetools,bug,medium,AshrafAliS,0.95,"The bug is related to BaseTools and involves running UPT, which matches historical patterns for AshrafAliS.",,False
qwen2.5:14b,A,7764,Add NULL pointer check in Opal driver (Bugzilla Bug 1503),securitypkg,bug,low,HunterChang030,0.9,The bug is related to the Opal driver in SecurityPkg and HunterChang030 has handled similar issues before.,,False
qwen2.5:14b,A,7763,Need to remove CMOS locations used in EDK2 drivers. (Bugzilla Bug 1502),-,bug,low,SaloniKasbekar,0.85,"The bug involves removing hardcoded CMOS locations in EDK2 drivers, which matches the pattern of replacing hardcoded values with existing constants.",,False
qwen2.5:14b,A,9686,Potential conflict between LoadFileOnFv2::InstallFileLoadProtocol() and DxeCore::CoreLoadImageCommon() (Bugzilla Bug 1501),mdemodulepkg,bug,medium,lgao4,0.85,"The bug involves a potential conflict within DxeCore and LoadFileOnFv2, which are components of MdeModulePkg.",,False
qwen2.5:14b,A,7762,[Microcode Update] some error message enhancement (Bugzilla Bug 1500),intelsiliconpkg,bug,low,lgao4,0.75,"The bug is related to error message enhancement in IntelSiliconPkg, but no specific assignee for this package exists; lgao4 has handled similar issues before.",,False
qwen2.5:14b,A,7760,Error in DisplaySysEventLogData in EventLogInfo.c (Bugzilla Bug 1498),shellpkg,bug,medium,YangGangUEFI,0.85,"The bug is related to ShellPkg and involves a function in EventLogInfo.c, which matches historical patterns of YangGangUEFI handling similar issues within the package.",,False
qwen2.5:14b,A,7759,Add specific sanity check for device path of type MEDIA_FILEPATH_DP (Bugzilla Bug 1497),mdepkg,bug,low,YangGangUEFI,0.85,"The bug is related to MdePkg and involves a specific sanity check for device path, which aligns with previous assignments of similar nature in the same package.",,False
qwen2.5:14b,A,7758,Move 8259/8254 components from IntelFrameworkPkg/PcAtChipsetPkg to OvmfPkg (Bugzilla Bug 1496),pcatchipsetpkg,bug,medium,mikebeaton,0.85,"The bug involves moving components from one package to another, which is typically handled by maintainers or those familiar with the overall architecture and design of OvmfPkg.",,False
qwen2.5:14b,A,7757,Change OvmfPkg to stop using ISA drivers in framework pkg (Bugzilla Bug 1495),ovmfpkg,bug,medium,Vogtinator,0.75,"The bug is related to OvmfPkg and involves framework changes, matching Vogtinator's expertise in handling such issues.",,False
qwen2.5:14b,A,9685,HTTPDxe Driver Error Handling (Bugzilla Bug 1494),networkpkg,bug,high,SaloniKasbekar,0.9,"The bug is related to the HTTPDxe driver in NetworkPkg and involves error handling, which aligns with previous issues handled by SaloniKasbekar for NetworkPkg.",,False
qwen2.5:14b,A,7756,CryptoPkg/RuntimeCryptLib: Pkcs7GetAttachedContent() is for boot time but will be built into runtime as well. (Bugzilla Bug 1493),cryptopkg,bug,low,ardbiesheuvel,0.95,"The bug is related to CryptoPkg/RuntimeCryptLib and involves build-time issues, matching the CLANG compiler error pattern for CryptoPkg handled by ardbiesheuvel.",,False
qwen2.5:14b,A,7755,Open Source Wi-Fi Connection Manager for UEFI Wi-Fi connections (Bugzilla Bug 1492),networkpkg,bug,medium,SaloniKasbekar,0.9,The bug involves a Wi-Fi connection manager which falls under the NetworkPkg and requires replacing hardcoded values with existing constants.,,False
qwen2.5:14b,A,7754,VS tool chain build failure in ShellPkg\Library\UefiShellAcpiViewCommandLib\Parsers\Pptt\PpttParser.c (Bugzilla Bug 1491),shellpkg,bug,low,ardbiesheuvel,0.95,"The bug is related to a build failure in ShellPkg with VS tool chain, matching the pattern of CLANG compiler issues within ShellPkg.",,False
qwen2.5:14b,A,9684,IP Mode strings as per Industry Standard (Bugzilla Bug 1490),networkpkg,bug,medium,SaloniKasbekar,0.9,The bug is related to IP Mode strings in NetworkPkg and matches the pattern of replacing hardcoded values with existing #define constants.,,False
qwen2.5:14b,A,9683,Events not closed on error paths (Bugzilla Bug 1488),networkpkg,bug,medium,SaloniKasbekar,0.9,"The bug is related to the NetworkPkg and involves a common issue of not closing events on error paths, which matches SaloniKasbekar's pattern of handling such issues in this package.",,False
qwen2.5:14b,A,7753,tftp command always returns 0xE status (not found) (Bugzilla Bug 1487),shellpkg,bug,low,NingFengGit,0.95,The bug is related to the tftp command in ShellPkg which previously had issues with protocol drivers and commands.,,False
qwen2.5:14b,A,7752,Update TCG spec support info into SecurityPkg (Bugzilla Bug 1486),securitypkg,bug,medium,HunterChang030,0.9,"The bug is related to SecurityPkg and involves updating TCG spec support info, matching HunterChang030's previous work on OpalPassword in the same package.",,False
qwen2.5:14b,A,7750,Add a PCD to skip Opal password prompt (Bugzilla Bug 1484),securitypkg,bug,low,HunterChang030,0.9,The bug is related to Opal password handling in SecurityPkg.,,False
qwen2.5:14b,A,7748,Enhance CapsuleApp to support Capsule-on-Disk feature. (Bugzilla Bug 1482),mdemodulepkg,bug,medium,YangGangUEFI,0.85,"The bug is related to MdeModulePkg and involves enhancing CapsuleApp functionality, which aligns with previous assignments of similar nature.",,False
qwen2.5:14b,A,7747,[MtrrLib] might wrongly set cache setting to UC for memory below 1MB (Bugzilla Bug 1481),ueficpupkg,bug,high,philnoh2,0.95,"The bug is related to UefiCpuPkg and specifically deals with memory management issues, matching the expertise of philnoh2 who has handled similar bugs in this package before.",,False
qwen2.5:14b,A,7746,ECC report some coding style issue in MdeModulePkg (Bugzilla Bug 1479),mdemodulepkg,bug,medium,YangGangUEFI,0.95,"ECC reports coding style issues in MdeModulePkg, similar to previous YangGangUEFI assignments.",,False
qwen2.5:14b,A,7745,ECC report some coding style issue in MdePkg (Bugzilla Bug 1478),mdepkg,bug,medium,AshrafAliS,0.95,ECC reports coding style issues which aligns with AshrafAliS's pattern of handling BaseTools and related coding standards.,,False
qwen2.5:14b,A,7744,ECC tool report a coding style issue in IntelFsp2Pkg\Include\Ppi\FspmArchConfigPpi.h (Bugzilla Bug 1477),intelfsp2pkg,bug,low,BritChesley,0.95,"The bug is related to coding style issues reported by ECC tool in a specific header file within IntelFsp2Pkg, matching historical pattern of BritChesley handling CodeQl and similar static analysis errors.",,False
qwen2.5:14b,A,7743,VS EBC and XCODE build failure in MdeModulePkg FaultTolerantWriteDxe related modules (Bugzilla Bug 1476),mdemodulepkg,bug,medium,lgao4,0.85,"The bug involves build failures in MdeModulePkg FaultTolerantWriteDxe modules across different environments, matching previous lgao4 assignments for similar issues.",,False
qwen2.5:14b,A,7742,Deprecate driver PropertiesTableAttributesDxe in MdeModulePkg (Bugzilla Bug 1475),mdemodulepkg,bug,medium,YangGangUEFI,0.95,"The bug is related to deprecating a driver in MdeModulePkg, which matches historical patterns for YangGangUEFI.",,False
qwen2.5:14b,A,7741,[UfsBlockIoPei] Implementation of the Block IO (2) PPI services does not handle parameter 'DeviceIndex' properly (Bugzilla Bug 1474),mdemodulepkg,bug,low,YangGangUEFI,0.85,The bug is related to MdeModulePkg and does not match any specific rare assignees or unique patterns.,,False
qwen2.5:14b,A,7740,Build fail when enable FixedAtBuild (VOID*) PCD use in the [DEPEX] section of INF files (Bugzilla Bug 1473),basetools,bug,medium,AshrafAliS,0.95,"The bug is related to BaseTools and INF file handling, matching AshrafAliS's historical pattern of fixing BaseTools issues.",,False
qwen2.5:14b,A,7739,BaseTools: Build report generation fail when structure Pcd enabled (Bugzilla Bug 1472),basetools,bug,medium,AshrafAliS,0.95,The bug is related to BaseTools and build report generation issues.,,False
qwen2.5:14b,A,7737,Enable GPT support for recovery feature (Bugzilla Bug 1470),fatpkg,bug,high,AshrafAliS,0.95,"The bug is related to BaseTools and FMMT, matching the historical pattern of AshrafAliS handling such issues.",,False
qwen2.5:14b,A,7736,[Network] Remove the unnecessary NULL pointer check after retrieving the value from list Entry. (Bugzilla Bug 1469),networkpkg,bug,low,SaloniKasbekar,0.9,The bug involves removing unnecessary NULL pointer checks in the network package code.,,False
qwen2.5:14b,A,7735,Move BeagleBoardPkg and Omap35xxPkg from edk2 to edk2-platforms repo (Bugzilla Bug 1467),beagleboardpkg,bug,low,AshrafAliS,0.95,"The bug is about moving packages to a different repository, which aligns with AshrafAliS's pattern of handling repo-related issues.",,False
qwen2.5:14b,A,7734,BaseTools should support empty value for DynamicHii type PCD in DSC (Bugzilla Bug 1466),basetools,bug,high,AshrafAliS,0.95,"The bug is related to BaseTools and involves handling of DynamicHii type PCD in DSC files, matching AshrafAliS's historical pattern for BaseTools issues.",,False
qwen2.5:14b,A,7733,Remove PcdFrameworkCompatibilitySupport and related code (Bugzilla Bug 1464),mdemodulepkg,bug,low,YangGangUEFI,0.85,"The bug is related to MdeModulePkg and involves removing PcdFrameworkCompatibilitySupport code, which matches previous assignments to YangGangUEFI for similar issues in this package.",,False
qwen2.5:14b,A,9681,Exception with HeapGuard active and using FvSimpleFileSystemDxe (Bugzilla Bug 1463),shellpkg,bug,medium,os-d,0.95,"The bug involves FvSimpleFileSystemDxe and HeapGuard in ShellPkg, which is related to memory management and protection features.",,False
qwen2.5:14b,A,7732,[ResetSystemRuntimeDxe] doesn't call EnterS3WithImmediateWake() in warm reset path (Bugzilla Bug 1462),mdemodulepkg,bug,medium,vit9696,0.85,The bug is related to runtime drivers and EndOfDxe behavior.,,False
qwen2.5:14b,A,7731,[ResetSystemLib] Add a library instance that can be linked against Runtime driver (Bugzilla Bug 1461),mdemodulepkg,bug,medium,vit9696,0.85,"The bug is related to Runtime driver linking and ResetSystemLib, which falls under the category of runtime driver execution after EndOfDxe.",,False
qwen2.5:14b,A,7730,[ResetSystemLib] Adds a new API ResetSystem() (Bugzilla Bug 1460),mdemodulepkg,bug,medium,YangGangUEFI,0.85,"The bug is related to MdeModulePkg and involves a new API addition, which aligns with previous assignments for similar issues in this package.",,False
qwen2.5:14b,A,7729,[ResetUtilityLib] Add ResetSystemWithSubtype API. (Bugzilla Bug 1458),mdemodulepkg,bug,medium,YangGangUEFI,0.85,"The bug is related to MdeModulePkg and involves adding an API, which aligns with previous assignments for similar tasks in this package.",,False
qwen2.5:14b,A,7727,[NetLib] The possible NULL pointer dereference issue for the usage of NET_LIST_FOR_EACH & NET_LIST_FOR_EACH_SAFE (Bugzilla Bug 1456),networkpkg,bug,low,BritChesley,0.95,"The bug involves a code quality issue related to NULL pointer dereference in NetLib, matching BritChesley's historical pattern for CodeQl errors and similar issues in NetworkPkg.",,False
qwen2.5:14b,A,7726,Move SmiEntry.nasm into SmmCpuFeaturesLib as this is CPU and CPU features specific. (Bugzilla Bug 1455),ueficpupkg,bug,medium,YangGangUEFI,0.85,"The bug is related to UefiCpuPkg and involves moving a file into a specific library, which aligns with previous assignments for this package.",,False
qwen2.5:14b,A,7725,Update IGD_OPREGION_MBOX3 structure with two additional members as per latest Opregion spec (Bugzilla Bug 1454),intelsiliconpkg,bug,medium,AshrafAliS,0.95,The bug is related to updating a structure in IntelSiliconPkg which does not match any specific historical pattern for other assignees.,,False
qwen2.5:14b,A,9679,Lack of examine the FAT table in FAT driver causes a BIOS hang when calling fs->OpenVolume() (Bugzilla Bug 1452),fatpkg,bug,high,AshrafAliS,0.95,The bug is related to the FAT driver in BaseTools and matches historical patterns of AshrafAliS handling such issues.,,False
qwen2.5:14b,A,7724,ARM Page Table Generation Math is Buggy (Bugzilla Bug 1451),armpkg,bug,high,os-d,0.95,The bug is related to ARM page table generation math which falls under the memory management and protection features of OVMF or similar core packages.,,False
qwen2.5:14b,A,7723,build tool crashes when --genfds-multi-thread is used (Bugzilla Bug 1450),basetools,bug,high,AshrafAliS,0.95,"The bug is related to BaseTools and involves a crash with a specific flag, matching historical patterns of AshrafAliS handling BaseTools issues.",,False
qwen2.5:14b,A,7722,Module Override Ability in DSC (Bugzilla Bug 1449),basetools,bug,high,AshrafAliS,0.95,"The bug is related to BaseTools and specifically involves DSC file handling, matching AshrafAliS's historical pattern of addressing BaseTools issues.",,False
qwen2.5:14b,A,7721,IpV6 NV data out of date causes Driver Binding Start to fail (Bugzilla Bug 1448),networkpkg,bug,high,SaloniKasbekar,0.9,"The bug involves outdated NV data causing a driver binding start failure, which aligns with the pattern of replacing hardcoded values or constants in NetworkPkg.",,False
qwen2.5:14b,A,7720,gEfiIp6ServiceBindingProtocolGuid not uninstalled on error path of Driver Binding Start (Bugzilla Bug 1447),networkpkg,bug,high,SaloniKasbekar,0.9,"The bug is related to the NetworkPkg and involves a protocol uninstallation issue on an error path, matching SaloniKasbekar's pattern of handling protocol-related issues in this package.",,False
qwen2.5:14b,A,7719,UEFI Drivers use UEFILib Protocol Un/Installation Abstraction (Bugzilla Bug 1444),-,bug,medium,YangGangUEFI,0.85,The bug is related to protocol installation abstraction in UEFI drivers which falls under the general category of MdeModulePkg issues handled by YangGangUEFI.,,False
qwen2.5:14b,A,9677,Need library class check when parsing DSC file (Bugzilla Bug 1443),basetools,bug,high,AshrafAliS,0.95,The bug is related to BaseTools and requires a specific check during DSC file parsing.,,False
qwen2.5:14b,A,7718,migrate FTW and variable drivers to new MM foundation (Bugzilla Bug 1442),mdepkg,bug,medium,os-d,0.95,"The bug is related to migrating FTW and variable drivers to new MM foundation within MdePkg, which aligns with os-d's expertise in handling memory management issues.",,False
qwen2.5:14b,A,7717,[SdMmcPciHcDxe] Update the comments in files to reflect the spec compliance status for the driver (Bugzilla Bug 1441),mdemodulepkg,bug,low,YangGangUEFI,0.95,The bug is related to updating comments in MdeModulePkg driver files for spec compliance status.,,False
qwen2.5:14b,A,7713,BaseTools StructurePcd doesn't generate the correct line number in PcdValueInit.c (Bugzilla Bug 1435),basetools,bug,high,AshrafAliS,0.95,The bug is related to BaseTools and matches the pattern of previous high-priority bugs in BaseTools handled by AshrafAliS.,,False
qwen2.5:14b,A,9676,UnicodeDecodeError when reading Japanese characters in NmakeSubdirs.py (Bugzilla Bug 1434),basetools,bug,low,AshrafAliS,0.95,The bug is related to BaseTools and involves a UnicodeDecodeError in NmakeSubdirs.py.,,False
qwen2.5:14b,A,7712,Tftp shell command hangs after download large file. (Bugzilla Bug 1433),shellpkg,bug,low,NingFengGit,0.95,The bug is related to the Tftp shell command in ShellPkg and matches historical patterns for this component.,,False
qwen2.5:14b,A,7711,XhciPei: Hang within UsbHcFreeMemPool (Bugzilla Bug 1432),mdemodulepkg,bug,low,YangGangUEFI,0.85,"The bug is related to MdeModulePkg and involves a specific component (XhciPei), matching historical patterns for this package.",,False
qwen2.5:14b,A,7710,OPAL BlockSID setting disabled on boot (Bugzilla Bug 1431),securitypkg,bug,low,HunterChang030,0.9,"The bug is related to SecurityPkg and specifically mentions OPAL BlockSID setting, which matches HunterChang030's historical pattern of handling OpalPassword issues.",,False
qwen2.5:14b,A,7709,Incorrect Flags used in S3Resume.c (Bugzilla Bug 1430),ueficpupkg,bug,medium,philnoh2,0.95,"The bug is related to UEFI CPU package and involves incorrect flags in S3Resume.c, matching the pattern of previous bugs assigned to philnoh2.",,False
qwen2.5:14b,A,7708,Provide library functions that abstract driver model protocols uninstallation. (Bugzilla Bug 1429),mdepkg,bug,high,lgao4,0.85,"The bug is related to MdePkg and involves abstracting driver model protocols uninstallation, which matches previous lgao4 assignments for similar protocol handling issues.",,False
qwen2.5:14b,A,7707,Fix IScsiDxe Cleanup Sequence (Bugzilla Bug 1428),networkpkg,bug,high,SaloniKasbekar,0.9,The bug is related to IScsiDxe Cleanup Sequence in NetworkPkg and matches the pattern of replacing hardcoded values with existing #define constants.,,False
qwen2.5:14b,A,7706,Need to remove code under SecurityPkg\UserIdentification\ (Bugzilla Bug 1427),securitypkg,bug,medium,HunterChang030,0.9,"The bug is related to SecurityPkg and specifically mentions removing code under UserIdentification, matching HunterChang030's previous work on similar issues in the same package.",,False
qwen2.5:14b,A,7705,Add more check for API PeCoffLoaderRelocateImageForRuntime in BasePeCoffLib (Bugzilla Bug 1426),mdepkg,bug,low,os-d,0.95,"The bug is related to MdePkg and involves a check for an API in BasePeCoffLib, which aligns with os-d's expertise in handling memory protection and loader issues.",,False
qwen2.5:14b,A,7704,VS2015 IA32 NOOPT build failure in SdMmcPciHcDxe (Bugzilla Bug 1425),mdemodulepkg,bug,low,YangGangUEFI,0.95,"The bug is related to MdeModulePkg and a build failure in SdMmcPciHcDxe, which matches previous assignments to YangGangUEFI for similar issues.",,False
qwen2.5:14b,A,7702,Edk2 Coding style check tool (ECC) report an error in MdeModulePkg\Bus\Pci\NonDiscoverablePciDeviceDxe\NonDiscoverablePciDeviceIo.c (Bugzilla Bug 1422),mdemodulepkg,bug,medium,bexcran,0.95,"The bug is related to ECC tool reporting an error in MdeModulePkg code, matching the pattern of previous ECC issues assigned to bexcran.",,False
qwen2.5:14b,A,7701,Incorrect warning message for Opal admin revert action when user select to keep user data (Bugzilla Bug 1421),securitypkg,bug,low,HunterChang030,0.9,"The bug is related to SecurityPkg and specifically deals with OpalPassword, matching HunterChang030's previous work on similar issues.",,False
qwen2.5:14b,A,7700,"UDK2018 compile failure after I define ""OPENSSL_CPUID_OBJ"" in CryptoPkg\Library\Include\opensslconf.h. (Bugzilla Bug 1420)",cryptopkg,bug,low,mdkinney,0.95,"The bug is related to a compile failure in CryptoPkg after defining OPENSSL_CPUID_OBJ, matching the historical pattern of mdkinney handling CLANG compiler build errors in CryptoPkg.",,False
qwen2.5:14b,A,9675,Remove Timeout logic in AcquireSpinLock function (Bugzilla Bug 1419),mdepkg,bug,medium,os-d,0.95,"The bug is related to MdePkg and involves a spinlock function, which falls under memory management and protection features typically handled by os-d.",,False
qwen2.5:14b,A,7699,multiple targets no longer get built correctly (Bugzilla Bug 1418),basetools,bug,high,AshrafAliS,0.95,The bug is related to BaseTools and matches a previous high-priority issue handled by AshrafAliS.,,False
qwen2.5:14b,A,7698,use abstraction for speculation barriers instead of X86 specific load fence (Bugzilla Bug 1417),mdepkg,bug,medium,mikebeaton,0.85,"The bug involves abstraction for speculation barriers in MdePkg, which is a common architectural improvement and aligns with mikebeaton's expertise.",,False
qwen2.5:14b,A,7697,UefiDebugLibDebugPortProtocol is not runtime safe (Bugzilla Bug 1416),mdepkg,bug,medium,os-d,0.95,"The bug is related to runtime safety of a protocol in MdePkg, which matches historical patterns for os-d handling memory and runtime issues.",,False
qwen2.5:14b,A,7696,VfrCompile: Integer overflow warning should probably be an error (Bugzilla Bug 1415),basetools,bug,medium,AshrafAliS,0.95,"The bug is related to BaseTools and specifically VfrCompile, which matches the historical pattern of AshrafAliS handling BaseTools issues.",,False
qwen2.5:14b,A,7694,ConSplitter should not perform TextOut SetMode during device add flow if the required mode is already set (Bugzilla Bug 1412),mdemodulepkg,bug,medium,YangGangUEFI,0.85,The bug is related to ConSplitter in MdeModulePkg and matches historical patterns of similar issues assigned to YangGangUEFI.,,False
qwen2.5:14b,A,7693,CpuFeaturesPei driver boot failure (Bugzilla Bug 1411),ueficpupkg,bug,high,philnoh2,0.95,"The bug is related to the UefiCpuPkg and involves a boot failure in CpuFeaturesPei driver, matching the pattern of bugs handled by philnoh2.",,False
qwen2.5:14b,A,7692,BaseTools should not generate C structure array initial value if the value is not specified with CODE style (Bugzilla Bug 1410),basetools,bug,high,AshrafAliS,0.95,The bug is related to BaseTools and matches the pattern of previous high-priority issues handled by AshrafAliS.,,False
qwen2.5:14b,A,7690,Add report status code calls to failed NVME operations so that the system can process issues (Bugzilla Bug 1408),mdemodulepkg,bug,medium,YangGangUEFI,0.85,"The bug is related to MdeModulePkg and involves adding status code calls for NVME operations, which aligns with previous assignments of similar nature in this package.",,False
qwen2.5:14b,A,7689,The metadata files are parsed multiple times in a build (Bugzilla Bug 1406),basetools,bug,medium,AshrafAliS,0.95,The bug is related to BaseTools and involves build process optimization.,,False
qwen2.5:14b,A,7688,[MdeModulePkg] Remove PcdPeiCoreMaxXXX PCDs (Bugzilla Bug 1405),mdemodulepkg,bug,low,YangGangUEFI,0.85,"The bug is related to MdeModulePkg and does not specify a rare or unique sub-component, matching historical patterns for general MdeModulePkg issues.",,False
qwen2.5:14b,A,9672,Add Cpu2 protocol to abstract the necessary methods to have a safe idle loop.  Also propose changes to WaitForEvent (Bugzilla Bug 1400),mdemodulepkg,bug,medium,YangGangUEFI,0.85,"The bug is related to MdeModulePkg and involves protocol changes, which matches historical patterns for this assignee.",,False
qwen2.5:14b,A,7684,An unused function in ShellPkg/UefiShellDebug1CommandsLib (Bugzilla Bug 1399),shellpkg,bug,low,YangGangUEFI,0.95,"The bug is related to an unused function in ShellPkg, which matches previous assignments for similar issues within the same package.",,False
qwen2.5:14b,A,7683,Log Extended data to report status code when a boot option fails (Bugzilla Bug 1398),mdemodulepkg,bug,medium,YangGangUEFI,0.95,"The bug is related to MdeModulePkg and involves logging status codes for boot options, which aligns with previous assignments to YangGangUEFI in similar components.",,False
qwen2.5:14b,A,7680,[PCI] System may get hang when there is no option rom (Bugzilla Bug 1394),mdemodulepkg,bug,high,YangGangUEFI,0.95,The bug is related to MDK Module Package and involves system hang issues which are typically handled by YangGangUEFI.,,False
qwen2.5:14b,A,7679,[OpenSSL] Update version to 1.1.0j (Bugzilla Bug 1393),cryptopkg,bug,medium,liyi77,0.95,"The bug is about updating the OpenSSL version in the cryptopkg package, which matches previous updates handled by liyi77.",,False
qwen2.5:14b,A,7678,IntelFsp2Pkg: Create a function to retrieve boot loader stack address (Bugzilla Bug 1391),intelfsp2pkg,bug,medium,praravin,1.0,The bug is specific to IntelFsp2Pkg and matches the pattern of previous bugs assigned to praravin within this package.,,False
qwen2.5:14b,A,7677,BaseTools C Array doesn't work as the expectation (Bugzilla Bug 1390),basetools,bug,high,AshrafAliS,0.95,Historical pattern shows AshrafAliS handles BaseTools issues.,,False
qwen2.5:14b,A,9670,Many duplicate definitions of default HII_VENDOR_DEVICE_PATH (Bugzilla Bug 1388),intelframeworkmodulepkg,bug,medium,YangGangUEFI,0.85,"The bug is related to HII_VENDOR_DEVICE_PATH in IntelFrameworkModulePkg, which falls under the general category of framework module issues typically handled by YangGangUEFI.",,False
qwen2.5:14b,A,7676,[BaseTool] Build failed when there are DynamicHii structured PCD. (Bugzilla Bug 1387),basetools,bug,medium,AshrafAliS,0.95,"The bug is related to BaseTools and involves a build failure with DynamicHii structured PCDs, matching AshrafAliS's historical pattern of handling BaseTools issues.",,False
qwen2.5:14b,A,7675,[BaseTool] Build failed when there are duplicate structure pcd field value assignment in dsc (Bugzilla Bug 1386),basetools,bug,medium,AshrafAliS,0.95,The bug is related to BaseTools and involves handling duplicate structure PCD field value assignments in DSC files.,,False
qwen2.5:14b,A,7674,[BaseTool] PcdNvStoreDefaultValueBuffer Vpd offset is incorrect (Bugzilla Bug 1385),basetools,bug,medium,AshrafAliS,0.95,The bug is related to BaseTools and involves a specific issue with PcdNvStoreDefaultValueBuffer Vpd offset.,,False
qwen2.5:14b,A,9669,TAB_STAR should not be used for mathematical multiply (Bugzilla Bug 1384),basetools,bug,low,AshrafAliS,0.95,The bug is related to BaseTools and involves a coding standard issue.,,False
qwen2.5:14b,A,7673,Enable parallel compiling in files level inside module internal for Edk2 multi-threaded build (Bugzilla Bug 1383),basetools,bug,medium,AshrafAliS,0.95,The bug is related to BaseTools and improving multi-threaded build capabilities.,,False
qwen2.5:14b,A,9668,Edk2 multi-threaded build cannot compile reasonable number modules in parallel (Bugzilla Bug 1382),basetools,bug,high,AshrafAliS,0.95,"The bug is related to BaseTools and multi-threaded build issues, matching AshrafAliS's historical pattern of handling BaseTools-related bugs.",,False
qwen2.5:14b,A,7672,IntelFsp2Pkg: Add FspmArchConfigPpi to support Dispatch mode (Bugzilla Bug 1381),intelfsp2pkg,bug,medium,praravin,1.0,The bug is related to IntelFsp2Pkg and matches the pattern of a previous bug reported by praravin.,,False
qwen2.5:14b,A,7671,Double carriage return inserted from Trim.py on Python3 Branch (Bugzilla Bug 1379),basetools,bug,medium,AshrafAliS,0.95,"The bug is related to BaseTools and Trim.py, matching the historical pattern of AshrafAliS handling BaseTools issues.",,False
qwen2.5:14b,A,7670,Remove unused tool chain configuration in tools_def.template (Bugzilla Bug 1377),basetools,bug,medium,AshrafAliS,0.95,"The bug is related to BaseTools and involves cleaning up unused configurations, matching AshrafAliS's historical pattern of handling BaseTools issues.",,False
qwen2.5:14b,A,7669,[PciBus] Certain device Option ROM may not be able to read out (Bugzilla Bug 1376),mdemodulepkg,bug,low,YangGangUEFI,0.85,"The bug is related to MdeModulePkg and involves Option ROM reading issues, which aligns with previous assignments of EricGao2015 but using a different assignee for variety.",,False
qwen2.5:14b,A,7668,Simplify CPU feature initialization PCDs (Bugzilla Bug 1375),ueficpupkg,bug,medium,philnoh2,0.95,The bug is related to CPU feature initialization in UefiCpuPkg and matches the pattern of a previous medium priority bug assigned to philnoh2.,,False
qwen2.5:14b,A,7667,Move MinnowMax and Quark platform to edk2-platforms repo (Bugzilla Bug 1374),quarkplatformpkg,bug,medium,AshrafAliS,0.95,The bug is related to moving platforms to another repo which aligns with AshrafAliS's previous work on similar issues.,,False
qwen2.5:14b,A,7666,Replace BSD 2-Clause License with BSD + Patent License with SPDX-License-Identifier (Bugzilla Bug 1373),shellpkg,bug,medium,YangGangUEFI,0.95,The bug is related to license replacement in ShellPkg which is a common task handled by YangGangUEFI for such components.,,False
qwen2.5:14b,A,7665,IsDevicePathValid needs better input parameter checking (Bugzilla Bug 1372),mdepkg,bug,medium,lgao4,0.85,"The bug is related to MdePkg and involves input parameter checking in IsDevicePathValid, which aligns with previous lgao4 assignments for similar issues.",,False
qwen2.5:14b,A,9665,DebugLib add feature to dump a block of memory with formatting options (Bugzilla Bug 1371),mdepkg,bug,medium,os-d,0.95,"The bug is related to MdePkg and involves adding a feature to DebugLib, which falls under common MdePkg development tasks handled by os-d.",,False
qwen2.5:14b,A,7663,Promote CharToUpper and AsciiToUpper to public functions in baselib (Bugzilla Bug 1369),mdepkg,bug,medium,AshrafAliS,0.95,"The bug is related to MdePkg and involves promoting functions in baselib, which aligns with previous work on similar issues by AshrafAliS.",,False
qwen2.5:14b,A,7662,spelling error for define in UefiTcgPlatform.h (Bugzilla Bug 1368),mdepkg,bug,medium,YangGangUEFI,0.95,"The bug is related to a spelling error in a header file of MdePkg, which has been handled by YangGangUEFI before.",,False
qwen2.5:14b,A,7661,BaseTools can't parse the error message from XCODE compiler when enable StrucutrePcd (Bugzilla Bug 1367),basetools,bug,high,AshrafAliS,0.95,The bug is related to BaseTools and parsing error messages from XCODE compiler.,,False
qwen2.5:14b,A,7660,Remove usage of deprecated macros CPU_FEATURE_BEFORE and CPU_FEATURE_AFTER (Bugzilla Bug 1366),ueficpupkg,bug,medium,philnoh2,0.95,"The bug is related to UEFI CPU package and involves deprecated macros, matching the pattern of previous bugs assigned to philnoh2.",,False
qwen2.5:14b,A,9664,Build Report adds the library constructor order information (Bugzilla Bug 1365),basetools,bug,medium,AshrafAliS,0.95,"The bug is related to BaseTools and involves a feature request for build reports, matching AshrafAliS's historical pattern of handling BaseTools issues.",,False
qwen2.5:14b,A,7659,Add Release.txt in Edk2 root directory (Bugzilla Bug 1364),-,bug,medium,AshrafAliS,0.95,The bug is related to BaseTools and involves handling a specific case in FMMT.,,False
qwen2.5:14b,A,7658,PcdVpdBaseAddress64's PROMPT and HELP string are missing in the MdeModulePkg.uni file (Bugzilla Bug 1363),mdemodulepkg,bug,low,YangGangUEFI,0.95,"The bug is related to missing PROMPT and HELP strings in the MdeModulePkg.uni file, which falls under localization or documentation issues typically handled by YangGangUEFI.",,False
qwen2.5:14b,A,9663,[Patch] BaseTools: Compiler switches selection should not depend on host OS (Bugzilla Bug 1362),basetools,bug,medium,AshrafAliS,0.95,"The bug is related to BaseTools and compiler switches selection, matching AshrafAliS's historical pattern of handling BaseTools issues.",,False
qwen2.5:14b,A,7657,The CCFlag generated in PcdValueinit makefile is incorrect (Bugzilla Bug 1361),basetools,bug,medium,AshrafAliS,0.95,The bug is related to BaseTools and involves a makefile issue.,,False
qwen2.5:14b,A,9662,TcgSmm and Tcg2Smm assert when AcpiTable protocol doesn't exist (Bugzilla Bug 1360),securitypkg,bug,medium,HunterChang030,0.9,"The bug is related to SecurityPkg and involves potential issues with protocol handling, matching HunterChang030's previous work on similar DeviceList handling in OpalPassword.",,False
qwen2.5:14b,A,7655,Invalid line ending are detected in IntelFsp2WrapperPkg (Bugzilla Bug 1358),intelfsp2wrapperpkg,bug,low,AshrafAliS,0.95,The bug is related to line endings in a specific package and does not match common patterns for other assignees.,,False
qwen2.5:14b,A,7654,MdeModulePkg: Support Dynamic 64bit PcdVpdBaseAddress (Bugzilla Bug 1356),mdemodulepkg,bug,medium,YangGangUEFI,0.85,Historical pattern shows YangGangUEFI handles MdeModulePkg issues.,,False
qwen2.5:14b,A,7653,OvmfPkg with XCODE5 tool chain can't boot to shell (Bugzilla Bug 1355),ovmfpkg,bug,low,os-d,0.95,"The bug is related to OvmfPkg and toolchain issues, which os-d has handled before.",,False
qwen2.5:14b,A,7652,Remove IntelFrameworkModulePkg/Universal/Acpi/AcpiS3SaveDxe (Bugzilla Bug 1354),intelframeworkmodulepkg,bug,medium,YangGangUEFI,0.85,The bug is related to a specific module in IntelFrameworkModulePkg and previous similar issues were handled by YangGangUEFI.,,False
qwen2.5:14b,A,7651,IntelFsp2WrapperPkg: Fix line ending format issue (Bugzilla Bug 1352),intelfsp2wrapperpkg,bug,low,AshrafAliS,0.95,The bug is related to fixing line ending format issues in IntelFsp2WrapperPkg which aligns with AshrafAliS's historical pattern of handling BaseTools and similar formatting issues.,,False
qwen2.5:14b,A,7650,IntelFsp2WrapperPkg: Fix constant 'if' statements issue (Bugzilla Bug 1351),intelfsp2wrapperpkg,bug,low,praravin,0.95,"The bug is related to IntelFsp2WrapperPkg and involves fixing 'if' statements, matching praravin's expertise with similar issues in IntelFsp2WrapperPkg.",,False
qwen2.5:14b,A,9661,Remove unused tool logic in BaseTools\C\Python (Bugzilla Bug 1350),basetools,bug,medium,AshrafAliS,0.95,"The bug is related to BaseTools and involves removing unused logic, matching AshrafAliS's historical pattern of handling BaseTools issues.",,False
qwen2.5:14b,A,7649,Remove IPF specific BaseTools\Source\C\GenVtf (Bugzilla Bug 1349),basetools,bug,medium,AshrafAliS,0.95,"The bug is related to BaseTools and involves removing IPF specific files, matching AshrafAliS's historical pattern of handling BaseTools issues.",,False
qwen2.5:14b,A,7648,Remove IntelFrameworkModulePkg/Universal/Acpi/AcpiSupportDxe (Bugzilla Bug 1348),intelframeworkmodulepkg,bug,medium,YangGangUEFI,0.85,"The bug is related to a specific package (IntelFrameworkModulePkg) and involves removing a sub-component, which aligns with previous assignments for similar maintenance tasks within the same package.",,False
qwen2.5:14b,A,7647,Remove IntelFrameworkModulePkg\Universal\(SectionExtractionDxe|FirmwareVolume\UpdateDriverDxe) (Bugzilla Bug 1347),intelframeworkmodulepkg,bug,medium,YangGangUEFI,0.85,"The bug is related to IntelFrameworkModulePkg and involves removing specific components, which aligns with previous work by YangGangUEFI on similar module management tasks.",,False
qwen2.5:14b,A,7646,Remove IntelFrameworkModulePkg/Universal/FirmwareVolume/UpdateDriverDxe (Bugzilla Bug 1346),intelframeworkmodulepkg,bug,medium,YangGangUEFI,0.85,The bug is related to a specific module in IntelFrameworkModulePkg and matches historical patterns of YangGangUEFI handling such issues.,,False
qwen2.5:14b,A,7645,Remove IntelFrameworkModulePkg/Universal/LegacyRegionDxe (Bugzilla Bug 1345),intelframeworkmodulepkg,bug,medium,YangGangUEFI,0.85,The bug is related to a module in IntelFrameworkModulePkg and previous similar issues were handled by YangGangUEFI.,,False
qwen2.5:14b,A,7644,Remove IntelFrameworkModulePkg/Universal/CpuIoDxe (Bugzilla Bug 1344),intelframeworkmodulepkg,bug,medium,YangGangUEFI,0.85,"The bug is related to IntelFrameworkModulePkg and involves a specific sub-component (CpuIoDxe), matching historical patterns for this package.",,False
qwen2.5:14b,A,7642,Remove IntelFrameworkModulePkg/Library/DxeCapsuleLib (Bugzilla Bug 1342),intelframeworkmodulepkg,bug,medium,YangGangUEFI,0.85,"The bug is related to IntelFrameworkModulePkg and involves a specific library removal, matching historical patterns for this package.",,False
qwen2.5:14b,A,7641,[UfsPassThruDxe] Buffer for REQUEST SENSE command needs to be roundup from 18-bytes to 20-bytes (Bugzilla Bug 1341),mdemodulepkg,bug,low,SaloniKasbekar,0.9,The bug involves replacing a hardcoded value with an existing define constant in MdeModulePkg.,,False
qwen2.5:14b,A,7640,Remove IntelFrameworkModulePkg/Library/LzmaCustomDecompressLib (Bugzilla Bug 1340),intelframeworkmodulepkg,bug,medium,YangGangUEFI,0.85,The bug is related to IntelFrameworkModulePkg and previous similar issues were handled by YangGangUEFI.,,False
qwen2.5:14b,A,7639,Remove IntelFrameworkModulePkg/Pci/IdeBusDxe (Bugzilla Bug 1339),intelframeworkmodulepkg,bug,medium,YangGangUEFI,0.85,"The bug is related to a specific package (IntelFrameworkModulePkg) and involves removing a sub-component (IdeBusDxe), which aligns with previous assignments for similar module/package issues.",,False
qwen2.5:14b,A,7638,Update CPUID definition to follow latest SDM (Bugzilla Bug 1338),ueficpupkg,bug,low,philnoh2,0.95,The bug is related to CPUID definition in UefiCpuPkg which matches the pattern of previous bugs handled by philnoh2.,,False
qwen2.5:14b,A,7637,[MdePkg]Check input Ptrs in GetSectionFromAnyFvByFileType (Bugzilla Bug 1337),mdepkg,bug,low,os-d,0.95,"The bug is related to MdePkg and involves checking input pointers in a function, which aligns with os-d's expertise in handling memory management and data structure consistency issues.",,False
qwen2.5:14b,A,7636,[MdePkg]Check Length parameter before using in DevPathToTextUsbWWID (Bugzilla Bug 1336),mdepkg,bug,low,lgao4,0.85,"The bug is related to MdePkg and involves a specific function check, matching historical patterns of lgao4's assignments.",,False
qwen2.5:14b,A,9660,Non-stop mode of heap guard doesn't work as expected if source level debug is also enabled (Bugzilla Bug 1333),ueficpupkg,bug,medium,philnoh2,0.95,The bug is related to UEFI core package and heap guard functionality which matches the historical pattern of philnoh2.,,False
qwen2.5:14b,A,9659,Default value of PcdCpuKnownGoodStackSize is not big enough for debug agent (Bugzilla Bug 1332),ueficpupkg,bug,medium,philnoh2,0.95,The bug is related to UEFI CPU package and specifically deals with PcdCpuKnownGoodStackSize which matches the historical pattern of this assignee.,,False
qwen2.5:14b,A,9658,TR register might have invalid descriptor after GDT table is updated (Bugzilla Bug 1331),ueficpupkg,bug,medium,philnoh2,0.9,"The bug is related to UEFI CPU package and involves GDT table, matching the pattern of previous bugs assigned to philnoh2.",,False
qwen2.5:14b,A,7635,PcdDynamic gets an invalid token (Bugzilla Bug 1330),basetools,bug,high,AshrafAliS,0.95,The bug is related to BaseTools and involves a specific issue with PcdDynamic tokens.,,False
qwen2.5:14b,A,9657,Improve performance of UEFI Decompression code (Bugzilla Bug 1329),basetools,bug,high,AshrafAliS,0.95,"The bug is related to BaseTools and aims to improve performance of UEFI Decompression code, matching historical patterns for BaseTools optimization bugs.",,False
qwen2.5:14b,A,9656,BaseTools redundant check in BuildOptionPcd (Bugzilla Bug 1328),basetools,bug,medium,AshrafAliS,0.95,The bug is related to BaseTools and matches historical patterns of AshrafAliS handling BaseTools issues.,,False
qwen2.5:14b,A,9655,BaseTools gFdfParser redundant assignment (Bugzilla Bug 1327),basetools,bug,medium,AshrafAliS,0.95,"The bug is related to BaseTools and involves a redundant assignment in gFdfParser, matching historical patterns of AshrafAliS handling BaseTools issues.",,False
qwen2.5:14b,A,7634,Memory between 1MB and 4GB disappears (Bugzilla Bug 1326),duetpkg,bug,low,os-d,0.95,"The bug is related to memory management and disappears in a specific range, which aligns with os-d's expertise in handling OVMF build issues and memory protection features.",,False
qwen2.5:14b,A,7633,Build fails if file extension exist in path before the end (Bugzilla Bug 1325),basetools,bug,medium,AshrafAliS,0.95,The bug is related to BaseTools and matches the pattern of previous BaseTools issues handled by AshrafAliS.,,False
qwen2.5:14b,A,7632,tftp download using 65464 block size doesn't always succeed (Bugzilla Bug 1324),networkpkg,bug,medium,SaloniKasbekar,0.9,"The bug is related to tftp download block size issue in NetworkPkg, which falls under the category of replacing hardcoded values with existing #define constants.",,False
qwen2.5:14b,A,7631,[Variable]Merge EmuVariable and Real variable driver (Bugzilla Bug 1323),mdemodulepkg,bug,medium,lgao4,0.75,The bug is related to merging variable drivers which falls under the mdemodulepkg package and lgao4 has handled similar issues before.,,False
qwen2.5:14b,A,7630,Remove DuetPkg (Bugzilla Bug 1322),duetpkg,bug,low,lgao4,0.85,"The bug is related to DuetPkg and there's no specific historical pattern for this package, but lgao4 has handled similar low priority bugs before.",,False
qwen2.5:14b,A,9654,Remove SecurityPkg\TpmCommonLib (Bugzilla Bug 1321),securitypkg,bug,low,HunterChang030,0.9,"The bug is related to SecurityPkg and specifically mentions TpmCommonLib, which matches HunterChang030's historical pattern of handling issues within the SecurityPkg.",,False
qwen2.5:14b,A,7629,revert OvmfPkg patches unjustifiedly pushed past the edk2-201811 Soft Feature Freeze (Bugzilla Bug 1319),ovmfpkg,bug,medium,YangGangUEFI,0.85,The bug is related to OvmfPkg patches and seems to involve setup or configuration issues.,,False
qwen2.5:14b,A,7628,Remove ReportStatusCode libraries/modules and DataHub in IntelFrameworkModulePkg (Bugzilla Bug 1318),intelframeworkmodulepkg,bug,low,YangGangUEFI,0.85,"The bug is related to IntelFrameworkModulePkg and involves removing specific libraries/modules, which aligns with previous work done by YangGangUEFI on similar components within this package.",,False
qwen2.5:14b,A,7627,TianoCompress doesn't decompress some image (Bugzilla Bug 1317),basetools,bug,high,AshrafAliS,0.95,The bug is related to BaseTools and involves a specific issue with TianoCompress decompression.,,False
qwen2.5:14b,A,7626,Remove VgaMiniPortDxe and VgaClassDxe in IntelFrameworkModulePkg (Bugzilla Bug 1316),intelframeworkmodulepkg,bug,low,YangGangUEFI,0.95,The bug is related to IntelFrameworkModulePkg and previous similar issues were handled by YangGangUEFI.,,False
qwen2.5:14b,A,7625,Remove IntelFrameworkModulePkg\Bus\Isa\* (Bugzilla Bug 1315),intelframeworkmodulepkg,bug,low,YangGangUEFI,0.95,"The bug is related to IntelFrameworkModulePkg and involves removing specific files, which aligns with previous assignments for this package.",,False
qwen2.5:14b,A,7624,Remove IntelFrameworkModulePkg/Bds (Bugzilla Bug 1314),intelframeworkmodulepkg,bug,low,YangGangUEFI,0.85,The bug is related to IntelFrameworkModulePkg/Bds and matches historical patterns for this package.,,False
qwen2.5:14b,A,9653,Combine the set register table code in RegisterCpuFeaturesLib and PiSmmCpuDxeSmm driver (Bugzilla Bug 1313),ueficpupkg,bug,low,philnoh2,0.95,"The bug involves PiSmmCpuDxeSmm driver and RegisterCpuFeaturesLib in UefiCpuPkg, matching the pattern of CPU-related bugs assigned to philnoh2.",,False
qwen2.5:14b,A,7623,incorrect check for DisplayOnly text format in when convert device path to text for AcpiEx (Bugzilla Bug 1312),mdepkg,bug,low,YangGangUEFI,0.85,"The bug is related to MdePkg and involves a specific text format check in AcpiEx, which aligns with previous assignments for similar issues within the package.",,False
qwen2.5:14b,A,7622,Mixed scope specifiers cause incorrect feature sorting result at PACKAGE/CORE level. (Bugzilla Bug 1311),ueficpupkg,bug,medium,lgao4,0.75,"The bug is related to UefiCpuPkg and involves feature sorting issues at the package/core level, which matches lgao4's previous work on similar issues in MdeModulePkg.",,False
qwen2.5:14b,A,7621,[Shell] 1 possible null ptr deference issue in UefiShellLib (Bugzilla Bug 1310),shellpkg,bug,low,YangGangUEFI,0.95,The bug is related to UefiShellLib in ShellPkg and historical patterns show YangGangUEFI handles such issues.,,False
qwen2.5:14b,A,7620,TransferBuffer bug 1142 in NvmExpressPassthru.c may be a security concern. (Bugzilla Bug 1309),mdemodulepkg,bug,low,YangGangUEFI,0.85,The bug is related to NvmExpressPassthru.c in MdeModulePkg and does not match any specific rare assignees or unique historical patterns.,,False
qwen2.5:14b,A,7618,[CpuSmm] Allow access-out when static paging is disabled. (Bugzilla Bug 1307),ueficpupkg,bug,medium,philnoh2,0.95,"The bug is related to CPU SMM and BSP/AP handling, matching the expertise of philnoh2 in UEFI CPUPkg.",,False
qwen2.5:14b,A,7617,Remove useless NULL pointer check in MdeModulePkg\Universal\DisplayEngine (Bugzilla Bug 1306),mdemodulepkg,bug,low,YangGangUEFI,0.95,"The bug is in MdeModulePkg and involves a NULL pointer check removal, matching previous assignments to YangGangUEFI for similar issues.",,False
qwen2.5:14b,A,7616,"Disabling ""Lock Feature Control Register""  in HII has no effect after reset. (Bugzilla Bug 1305)",ueficpupkg,bug,low,YangGangUEFI,0.95,The bug is related to UEFICPUPkg and HII feature control register behavior post-reset.,,False
qwen2.5:14b,A,7615,Remove PcdIdentifyMappingPageTablePtr in MdeModulePkg (Bugzilla Bug 1304),mdemodulepkg,bug,low,YangGangUEFI,0.95,"The bug is related to MdeModulePkg and involves a specific PCD removal, matching historical patterns for this type of issue in the package.",,False
qwen2.5:14b,A,7614,XCODE Ovmf Boot to shell fail (Bugzilla Bug 1303),mdepkg,bug,high,os-d,0.95,"The bug is related to OvmfPkg and involves boot issues, which aligns with os-d's expertise in handling memory protection and consistency issues within MdePkg.",,False
qwen2.5:14b,A,7612,BaseTools: Enable Hash build by default (Bugzilla Bug 1301),basetools,bug,medium,AshrafAliS,0.95,The bug is related to BaseTools and involves build configuration changes.,,False
qwen2.5:14b,A,7611,IntelFsp2WrapperPkg: Support FSP Dispatch mode (Bugzilla Bug 1300),intelfsp2wrapperpkg,bug,low,praravin,0.95,"The bug is related to IntelFsp2WrapperPkg and involves FSP Dispatch mode support, matching praravin's expertise with similar issues in IntelFsp2Pkg.",,False
qwen2.5:14b,A,7610,Remove S3Lib and RecoveryLib (Bugzilla Bug 1299),intelframeworkmodulepkg,bug,low,lgao4,0.75,The bug is related to a specific package (IntelFrameworkModulePkg) and does not match any of the previously listed specific sub-components or rare assignees exactly.,,False
qwen2.5:14b,A,7609,PcdShellFile reference can be removed from platform DSC file (Bugzilla Bug 1298),emulatorpkg,bug,medium,YangGangUEFI,0.85,The bug is related to a platform DSC file and likely involves UI or configuration aspects handled by YangGangUEFI historically.,,False
qwen2.5:14b,A,7608,BaseTools ConvertFceToStructurePcd script should report the warning message when the found file is not .h (Bugzilla Bug 1297),basetools,bug,medium,AshrafAliS,0.95,"The bug is related to BaseTools and involves a script issue, matching AshrafAliS's historical pattern of handling BaseTools-related bugs.",,False
qwen2.5:14b,A,7607,Unable to launch EmulatorPkg under X64 windows environment (Bugzilla Bug 1296),emulatorpkg,bug,high,AshrafAliS,0.95,Historical pattern shows AshrafAliS handles BaseTools related issues.,,False
qwen2.5:14b,A,7606,Guard page setup before cpu driver loaded keep ineffective afterwards (Bugzilla Bug 1295),mdemodulepkg,bug,low,os-d,0.95,"The bug is related to memory protection and guard pages in DXE core, which matches os-d's expertise on OVMF build issues and memory management.",,False
qwen2.5:14b,A,7605,ARM_GICD_IROUTER icorrect writes for SPIs on GICv3 (Bugzilla Bug 1294),armpkg,bug,low,YangGangUEFI,0.85,The bug is related to ARM_GICD_IROUTER in ARMPkg which has no exact match but seems similar to other setup or configuration issues handled by YangGangUEFI.,,False
qwen2.5:14b,A,7604,Move network related components from MdeModulePkg to NetworkPkg (Bugzilla Bug 1293),mdemodulepkg,bug,low,SaloniKasbekar,0.9,The bug involves moving network related components which aligns with previous work on replacing hardcoded values in NetworkPkg.,,False
qwen2.5:14b,A,7602,Remove UnixPkg from edk2/master (Bugzilla Bug 1291),unixpkg,bug,low,lgao4,0.85,"The bug is related to UnixPkg removal and no specific pattern matches exactly, but lgao4 has handled similar generic package issues before.",,False
qwen2.5:14b,A,7601,[TlsDxe] Failed to process multiple TLS records. (Bugzilla Bug 1290),networkpkg,bug,low,BritChesley,0.95,The bug is related to TlsDxe in NetworkPkg and matches the historical pattern of CodeQl errors reported in NetworkPkg.,,False
qwen2.5:14b,A,7600,[BaseTool] Suggestions for improving building performance (Bugzilla Bug 1288),basetools,bug,medium,AshrafAliS,0.95,"The bug is related to BaseTools and improving building performance, which matches historical patterns for AshrafAliS.",,False
qwen2.5:14b,A,7599,"doesn't like L""\\"" in dec file (Bugzilla Bug 1287)",basetools,bug,high,AshrafAliS,0.95,"The bug is related to BaseTools and involves a specific issue with DEC files, matching AshrafAliS's historical pattern of handling BaseTools issues.",,False
qwen2.5:14b,A,7598,Potential NULL pointer access issue in Gcd.c (Bugzilla Bug 1286),mdemodulepkg,bug,low,lgao4,0.75,"The bug is related to MdeModulePkg and involves a potential NULL pointer access issue in Gcd.c, which matches historical patterns of lgao4 handling similar issues.",,False
qwen2.5:14b,A,7597,VS2015 IA32 NOOPT build failure in UefiCpuPkg. (Bugzilla Bug 1285),ueficpupkg,bug,low,ardbiesheuvel,0.95,VS2015 build failure in UefiCpuPkg matches historical pattern of compiler-specific issues handled by rare assignees like ardbiesheuvel for Cryptopkg builds.,,False
qwen2.5:14b,A,7596,1 coding style issue in MdeModulePkg\Core\Dxe\Mem\HeapGuard.c (Bugzilla Bug 1284),mdemodulepkg,bug,medium,YangGangUEFI,0.95,"The bug is related to MdeModulePkg and involves coding style issues, which historically YangGangUEFI has handled.",,False
qwen2.5:14b,A,7595,GCC build failure in UefiCpuPkg\Library\RegisterCpuFeaturesLib (Bugzilla Bug 1283),ueficpupkg,bug,low,philnoh2,0.95,The bug is related to GCC build failure in UefiCpuPkg which matches the historical pattern of this assignee handling issues within this package.,,False
qwen2.5:14b,A,7594,System might hang at SMM AP if SMM heap guard is enabled (Bugzilla Bug 1281),ueficpupkg,bug,low,philnoh2,0.95,The bug is related to SMM heap guard in UEFI CPUPkg which matches the expertise of philnoh2.,,False
qwen2.5:14b,A,7593,IntelFsp2Pkg: Fixed potentially NULL pointer accessing (Bugzilla Bug 1280),intelfsp2pkg,bug,low,praravin,0.95,"The bug is related to IntelFsp2Pkg and involves a potential NULL pointer access, matching the pattern of previous bugs assigned to praravin in this package.",,False
qwen2.5:14b,A,7592,[UdfDxe] Additional checks are needed for ResolveSymlink() (Bugzilla Bug 1279),mdemodulepkg,bug,low,YangGangUEFI,0.95,The bug is related to UdfDxe in MdeModulePkg and matches historical patterns of YangGangUEFI handling similar issues.,,False
qwen2.5:14b,A,7591,Delete IPv4 only TCP/iSCSI/PXE drivers in MdeModulePkg (Bugzilla Bug 1278),networkpkg,bug,low,SaloniKasbekar,0.9,The bug involves deleting IPv4 only drivers in MdeModulePkg which aligns with the pattern of replacing hardcoded values with existing define constants in NetworkPkg.,,False
qwen2.5:14b,A,7590,IA32 build failure in DxeCore/HeapGuard.c (Bugzilla Bug 1277),mdemodulepkg,bug,low,os-d,0.95,"The bug is related to IA32 build failure in DxeCore/HeapGuard.c within MdeModulePkg, which aligns with os-d's expertise on OVMF and memory management issues.",,False
qwen2.5:14b,A,7589,IntelFsp2Pkg GCC49/XCODE build failure (Bugzilla Bug 1276),intelfsp2pkg,bug,low,praravin,0.95,The bug is related to IntelFsp2Pkg build failure which matches the historical pattern of praravin handling issues within this package.,,False
qwen2.5:14b,A,7588,CryptoPkg/RuntimeCryptLib: Potential integer overflow issue in RuntimeMemAllocation implementation (Bugzilla Bug 1275),cryptopkg,bug,medium,liyi77,0.95,The bug is related to a potential integer overflow in CryptoPkg/RuntimeCryptLib and matches the pattern of security-related issues within the CryptoPkg.,,False
qwen2.5:14b,A,7587,XhciDxe/EhciDxe: remove unnecessary Map/Unmap for AsyncInterruptTransfer (Bugzilla Bug 1274),mdemodulepkg,bug,low,YangGangUEFI,0.95,"The bug is related to MdeModulePkg and involves a specific driver optimization, matching historical patterns for this assignee.",,False
qwen2.5:14b,A,7586,VTdDxe: Report status code for VTd error (Bugzilla Bug 1273),intelsiliconpkg,bug,low,AshrafAliS,0.95,"The bug is related to BaseTools and FMMT handling, matching AshrafAliS's historical pattern of handling such issues.",,False
qwen2.5:14b,A,7585,VTdDxe: Add option to force no early IOMMU access attribute request (Bugzilla Bug 1272),intelsiliconpkg,bug,low,AshrafAliS,0.95,The bug is related to BaseTools and involves handling a specific case within FMMT.,,False
qwen2.5:14b,A,7584,Improve the CPU MP MSR programming performance (Bugzilla Bug 1271),ueficpupkg,bug,low,philnoh2,0.95,The bug is related to CPU MP MSR programming performance in UefiCpuPkg.,,False
qwen2.5:14b,A,7583,[USB] Fails to write file on USB key always (Bugzilla Bug 1270),mdemodulepkg,bug,low,YangGangUEFI,0.85,The bug is related to USB functionality within MdeModulePkg and matches historical patterns for this assignee.,,False
qwen2.5:14b,A,9652,"Running EFI Shell script file which has CLS command in it creates overlap of output messages problem, if we press Page Up button after the execution of script (Bugzilla Bug 1269)",shellbinpkg,bug,low,YangGangUEFI,0.95,The bug is related to EFI Shell behavior and historical patterns indicate YangGangUEFI handles such issues.,,False
qwen2.5:14b,A,9651,[SmmIpl] doesn't need to reset SMRAM to UC (Bugzilla Bug 1268),mdemodulepkg,bug,medium,os-d,0.95,"The bug is related to SMRAM reset in MdeModulePkg, which falls under memory management and protection features typically handled by os-d.",,False
qwen2.5:14b,A,7582,Xhci: Handle value 5 in Port Speed field of PORTSC (Bugzilla Bug 1267),mdemodulepkg,bug,low,YangGangUEFI,0.85,The bug is related to MDKModulePkg and involves handling a specific value in the XHCI controller's PORTSC register.,,False
qwen2.5:14b,A,7581,Check Table against NULL in ScanTableInSDT (Bugzilla Bug 1266),mdepkg,bug,low,lgao4,0.85,"The bug is related to MdePkg and involves a function check, matching previous lgao4 assignments for similar issues in this package.",,False
qwen2.5:14b,A,7580,IntelFsp2Pkg: FSP should not override IDT (Bugzilla Bug 1265),intelfsp2pkg,bug,low,praravin,1.0,The bug is specific to IntelFsp2Pkg and matches the pattern of previous bugs assigned to praravin.,,False
qwen2.5:14b,A,7579,BaseTools: use Dynamic Structure Pcd in the FDF file cause crash issue (Bugzilla Bug 1264),basetools,bug,medium,AshrafAliS,0.95,"The bug is related to BaseTools and involves a crash issue with Dynamic Structure Pcd in FDF files, matching AshrafAliS's historical pattern of handling BaseTools issues.",,False
qwen2.5:14b,A,9650,DxeCapsuleLibFmp/DxeRuntimeCapsuleLib is not runtime safe (Bugzilla Bug 1263),mdemodulepkg,bug,high,vit9696,0.85,"The bug is related to runtime safety in DXE core components, matching the expertise of vit9696 on runtime driver issues.",,False
qwen2.5:14b,A,7578,AsciiStrToUnicodeStr/AsciiStrToUnicodeStrS convert EASCII to Unicode incorrectly (Bugzilla Bug 1262),mdepkg,bug,high,os-d,0.95,"The bug is related to MdePkg and involves incorrect conversion in a string function, which falls under common memory management or core functionality issues typically handled by os-d.",,False
qwen2.5:14b,A,9649,MigratePeiServicesTablePointer() allocates IDT on 4-byte aligned address (Bugzilla Bug 1261),mdepkg,bug,medium,os-d,0.95,"The bug is related to memory allocation and alignment in MdePkg, which matches os-d's expertise with OVMF builds and memory management issues.",,False
qwen2.5:14b,A,7577,[NvmExpressDxe] There is an assumption for NvmExpressPassThru() on Create I/O Completion/Submission Queue commands (Bugzilla Bug 1260),mdemodulepkg,bug,low,YangGangUEFI,0.85,The bug is related to MdeModulePkg and does not match specific patterns for rare assignees or unique sub-components.,,False
qwen2.5:14b,A,7576,[NvmExpressDxe] NvmExpressPassThru() needs to always copy the content of completion queue entry to the PassThru packect (Bugzilla Bug 1259),mdemodulepkg,bug,low,YangGangUEFI,0.85,The bug is related to NvmExpressDxe in MdeModulePkg and matches historical patterns of bugs assigned to YangGangUEFI within this package.,,False
qwen2.5:14b,A,9648,[iSCSI] Processor got divide by zero exception in ScsiDisk driver (Bugzilla Bug 1258),mdemodulepkg,bug,medium,YangGangUEFI,0.85,The bug is related to a driver issue in MdeModulePkg and matches historical patterns for this assignee.,,False
qwen2.5:14b,A,7575,Remove the step to freeze python tool as windows exe (Bugzilla Bug 1257),basetools,bug,medium,AshrafAliS,0.95,The bug is related to BaseTools and involves a specific tool handling issue.,,False
qwen2.5:14b,A,7574,"BaseTools: use Pcd in the expression, with --pcd option it report build failure (Bugzilla Bug 1256)",basetools,bug,high,AshrafAliS,0.95,The bug is related to BaseTools and involves build failures with Pcd options.,,False
qwen2.5:14b,A,7573,[UdfDxe] Possible memory use-after-free in function ReadFile() (Bugzilla Bug 1255),mdemodulepkg,bug,low,lgao4,0.85,The bug is related to UdfDxe in MdeModulePkg and lgao4 has handled similar issues before.,,False
qwen2.5:14b,A,7572,[UdfDxe] Additional check is needed within GetPdFromLongAd() (Bugzilla Bug 1254),mdemodulepkg,bug,low,YangGangUEFI,0.95,The bug is related to UdfDxe in MdeModulePkg and matches historical patterns of YangGangUEFI handling such issues.,,False
qwen2.5:14b,A,7571,[UdfDxe] Typo in SetFileInfo() (Bugzilla Bug 1253),intelfsppkg,bug,low,YangGangUEFI,0.95,"The bug is in the IntelFspPkg and involves a typo in SetFileInfo(), which aligns with previous low-priority bugs handled by YangGangUEFI.",,False
qwen2.5:14b,A,7570,[UdfDxe] UdfSetPosition() behaviour is incorrect when handling 'Position' equals to 0xFFFFFFFFFFFFFFFF (Bugzilla Bug 1252),mdepkg,bug,low,lgao4,0.75,The bug is related to MdePkg and involves a specific function behavior issue without clear historical pattern match for rare assignees.,,False
qwen2.5:14b,A,7569,[IpSecDxe] Failed to create the Child SA during parsing SA Payload. (Bugzilla Bug 1251),networkpkg,bug,low,SaloniKasbekar,0.9,The bug is related to IpSecDxe in NetworkPkg and involves replacing hardcoded values with existing constants.,,False
qwen2.5:14b,A,7568,Need to validate the data from HW device (Bugzilla Bug 1250),mdemodulepkg,bug,low,YangGangUEFI,0.85,"The bug is related to validating data from a hardware device and falls under the MdeModulePkg, which YangGangUEFI has handled before.",,False
qwen2.5:14b,A,7567,[UdfDxe] Need to refine dead codes in module MdeModulePkg\Universal\Disk\UdfDxe (Bugzilla Bug 1249),mdemodulepkg,bug,low,YangGangUEFI,0.95,"The bug is related to refining dead codes in MdeModulePkg, which matches previous assignments to YangGangUEFI for similar issues.",,False
qwen2.5:14b,A,7566,[UdfDxe] Use error handling logic instead of asserts for error status/values are returned (Bugzilla Bug 1248),mdemodulepkg,bug,low,YangGangUEFI,0.95,"The bug is related to MdeModulePkg and involves error handling logic in UdfDxe, which matches historical patterns for this assignee.",,False
qwen2.5:14b,A,7565,[UdfDxe] Use error handling logic instead of asserts for memory allocation failure (Bugzilla Bug 1247),mdemodulepkg,bug,low,YangGangUEFI,0.95,The bug is related to UdfDxe in MdeModulePkg and involves error handling logic changes.,,False
qwen2.5:14b,A,9647,[UefiSpec.h] Removable media UEFI Image file name definition for x64 is incorrect in case-sensitive manner (Bugzilla Bug 1246),mdepkg,bug,low,YangGangUEFI,0.95,"The bug is related to UefiSpec.h in MdePkg and involves a definition issue, matching historical patterns for YangGangUEFI.",,False
qwen2.5:14b,A,7564,ASSERT PcdSetNvStoreDefaultId set in PcdDxe (Bugzilla Bug 1245),mdemodulepkg,bug,low,YangGangUEFI,0.95,"The bug is related to MdeModulePkg and involves a PCD setting assertion, matching previous assignments to YangGangUEFI for similar issues in this package.",,False
qwen2.5:14b,A,7563,BaseTools: Missing the .depex file info in increment build generate Asbuilt inf file. (Bugzilla Bug 1244),basetools,bug,medium,AshrafAliS,0.95,The bug is related to BaseTools and matches the pattern of previous BaseTools issues handled by AshrafAliS.,,False
qwen2.5:14b,A,7562,UefiDevicePathLib miss to the cases that some optional parameter is not specified for Sata/Usbxx/AcpiExp device path (Bugzilla Bug 1243),mdepkg,bug,low,YangGangUEFI,0.85,The bug is related to UefiDevicePathLib in MdePkg and matches historical patterns for this component.,,False
qwen2.5:14b,A,9646,CpuExceptionHandlerLib hides frame that took interrupt/exception from stack backtrace. (Bugzilla Bug 1242),ueficpupkg,bug,high,philnoh2,0.95,The bug is related to CpuExceptionHandlerLib in UefiCpuPkg and matches the pattern of bugs handled by philnoh2 for this package.,,False
qwen2.5:14b,A,7561,IntelFsp2Pkg: Support FSP Dispatch mode (Bugzilla Bug 1241),intelfsp2pkg,bug,high,praravin,1.0,The bug is specifically about IntelFsp2Pkg and matches the historical pattern of praravin handling issues related to FSP-T arch UPD configuration.,,False
qwen2.5:14b,A,9644,There're chances that PEI stack guard will be compromised during S3 resume (Bugzilla Bug 1238),ueficpupkg,bug,medium,philnoh2,0.95,"The bug is related to PEI stack guard during S3 resume in UefiCpuPkg, matching the expertise of philnoh2 on CPU package issues.",,False
qwen2.5:14b,A,7559,Occasional #GP occurred if PEI stack guard is enbabled (Bugzilla Bug 1237),ueficpupkg,bug,high,philnoh2,0.95,"The bug is related to PEI stack guard and BSP/AP interaction, matching the historical pattern of philnoh2 handling such issues in UefiCpuPkg.",,False
qwen2.5:14b,A,7558,[dmem]should not by default dump 512 bytes starting from SystemTable (gST) (Bugzilla Bug 1236),shellpkg,bug,high,mikebeaton,0.95,"The bug is related to ShellPkg and involves a feature of the dmem command, which fits MikeBeaton's expertise based on previous assignments.",,False
qwen2.5:14b,A,7557,The update operation of HiiDatabase should be atomic (Bugzilla Bug 1235),mdemodulepkg,bug,low,YangGangUEFI,0.95,The bug is related to HiiDatabase in MdeModulePkg and matches previous assignments for similar components.,,False
qwen2.5:14b,A,7556,LzmaEnc.c fails to compile (Bugzilla Bug 1234),basetools,bug,low,AshrafAliS,0.95,The bug is related to BaseTools compilation issues.,,False
qwen2.5:14b,A,7555,[SdMmcPciHcDxe] Allow host controllers with spec. version higher than 3.0 recognizable by the driver (Bugzilla Bug 1233),mdemodulepkg,bug,high,YangGangUEFI,0.85,"The bug is related to MdeModulePkg and involves a driver component, matching historical patterns for this assignee.",,False
qwen2.5:14b,A,7554,System S3 resume hang if system enable stack guard feature in PEI phase. (Bugzilla Bug 1232),ueficpupkg,bug,low,philnoh2,0.95,The bug is related to stack guard feature in PEI phase which falls under UEFI CPU package issues.,,False
qwen2.5:14b,A,7553,GenCfgOpt.py: support PCD input by command line (Bugzilla Bug 1231),intelfsp2pkg,bug,low,Vogtinator,0.75,The bug is related to IntelFsp2Pkg and does not match any specific patterns for other assignees.,,False
qwen2.5:14b,A,7552,Correct comments to align with the input parameter. (Bugzilla Bug 1230),shellpkg,bug,low,YangGangUEFI,0.85,"The bug is related to ShellPkg and involves correcting comments, which aligns with previous assignments for similar documentation or minor fixes in this package.",,False
qwen2.5:14b,A,7551,Use VENDOR_DEVICE_PATH structure for Debug Port device path (Bugzilla Bug 1229),mdepkg,bug,medium,YangGangUEFI,0.85,"The bug is related to MdePkg and involves a device path structure change, matching historical patterns for YangGangUEFI.",,False
qwen2.5:14b,A,7550,Current code miss to display PciRoot/PcieRoot text for ACPI Expanded Device Path (Bugzilla Bug 1228),mdepkg,bug,low,YangGangUEFI,0.95,"The bug is related to MdePkg and involves a display issue in ACPI Expanded Device Path text, matching previous assignments of EricGao2015 but using the most recent similar pattern.",,False
qwen2.5:14b,A,7549,Correct the string order of ACPI Expanded Device Path (Bugzilla Bug 1227),mdepkg,bug,low,lgao4,0.75,The bug is related to MdePkg and does not match any specific rare assignees or historical patterns closely.,,False
qwen2.5:14b,A,7548,The check for using AcpiExp text format for ACPI Expanded Device Path doesn't follow UEFI Spec (Bugzilla Bug 1226),mdepkg,bug,low,YangGangUEFI,0.85,The bug is related to MdePkg and involves a spec compliance issue for ACPI Expanded Device Path.,,False
qwen2.5:14b,A,7547,Convert UTF8 vendor device path to text incorrectly (Bugzilla Bug 1225),mdepkg,bug,low,YangGangUEFI,0.85,"The bug is related to MdePkg and involves incorrect conversion of device paths, which aligns with previous issues handled by YangGangUEFI in this package.",,False
qwen2.5:14b,A,7546,Covert IFR binary to EFI_IFR_CHECKBOX structure incorrectly in HiiDatabase (Bugzilla Bug 1224),mdemodulepkg,bug,low,YangGangUEFI,0.95,The bug is related to HiiDatabase in MdeModulePkg and matches previous assignments for similar issues.,,False
qwen2.5:14b,A,9643,PcdShellSupportOldProtocols doesn't seem to be working (Bugzilla Bug 1223),shellpkg,bug,low,YangGangUEFI,0.85,The bug is related to ShellPkg and previous similar issues have been assigned to YangGangUEFI.,,False
qwen2.5:14b,A,7545,TianoCore Bugzilla instance: make the home page title more specific (Bugzilla Bug 1222),-,bug,medium,AshrafAliS,1.0,"The bug is about improving the Bugzilla instance's home page title, which does not relate to any specific package or component listed in historical patterns.",,False
qwen2.5:14b,A,7544,ShellOpenFileByName declared in ShellLib has wrong parameter name FilePath (Bugzilla Bug 1221),shellpkg,bug,medium,YangGangUEFI,0.95,The bug is related to ShellLib in ShellPkg and matches historical patterns of YangGangUEFI handling similar issues.,,False
qwen2.5:14b,A,7543,Pkcs7GetCertificatesList in BaseCryptLib will cause NULL pointer dereference implicitly. (Bugzilla Bug 1220),cryptopkg,bug,high,mdkinney,0.95,The bug is related to a NULL pointer dereference in BaseCryptLib of CryptPkg.,,False
qwen2.5:14b,A,7542,Tool build fail with vs2015 win7 64bit (Bugzilla Bug 1219),basetools,bug,high,AshrafAliS,0.95,Historical pattern shows AshrafAliS handles BaseTools build issues.,,False
qwen2.5:14b,A,7541,GCC48/GCC49 build failure in mdemodulepkg\universal\regularexpressiondxe (Bugzilla Bug 1218),mdemodulepkg,bug,high,YangGangUEFI,0.95,The bug is related to a build failure in mdemodulepkg and matches historical patterns for this assignee.,,False
qwen2.5:14b,A,7540,Potentially uninitialized local variable 'Mtftp4Token' used in TFTP shell command. (Bugzilla Bug 1217),shellpkg,bug,low,SaloniKasbekar,0.9,The bug involves replacing a hardcoded value with an existing define constant in the ShellPkg package.,,False
qwen2.5:14b,A,7539,iSCSI device node present LUN is incorrect (Bugzilla Bug 1216),mdepkg,bug,low,os-d,0.95,"The bug is related to MdePkg and involves an issue with iSCSI device node LUN, which falls under the common domain of handling storage protocols and drivers in DXE core.",,False
qwen2.5:14b,A,7538,IA32 build of Nt32Pkg boot failure (Bugzilla Bug 1215),emulatorpkg,bug,low,AshrafAliS,0.95,The bug is related to Nt32Pkg boot failure in IA32 build which falls under BaseTools or emulatorpkg category and matches historical pattern of AshrafAliS handling such issues.,,False
qwen2.5:14b,A,7537,Comment typo 'end' should be 'start' in GetStartPointer (Bugzilla Bug 1214),mdemodulepkg,bug,low,YangGangUEFI,0.95,"The bug is in MdeModulePkg and involves a comment typo, matching previous assignments to YangGangUEFI for similar issues.",,False
qwen2.5:14b,A,7536,Support MSR definitions include in SDM 2018-05 version (Bugzilla Bug 1213),ueficpupkg,bug,low,lgao4,0.75,"The bug is related to UEFI CPU package and involves MSR definitions, which does not match any specific rare assignees but lgao4 has handled similar issues in the past.",,False
qwen2.5:14b,A,7535,GenCfgOpt.py: remove tailing space from output file (Bugzilla Bug 1212),intelfsp2pkg,bug,low,Vogtinator,0.75,The bug is related to IntelFsp2Pkg and no specific historical pattern matches precisely.,,False
qwen2.5:14b,A,7534,GenCfgOpt.py: Support UPD offset auto assignment (Bugzilla Bug 1211),intelfsp2pkg,bug,low,Vogtinator,0.85,"The bug is related to IntelFsp2Pkg and involves UPD configuration, matching Vogtinator's expertise in handling RISC-V specific issues including FSP-T arch UPD configurations.",,False
qwen2.5:14b,A,7533,GenCfgOpt.py: support FixedAtBuild PCD (Bugzilla Bug 1210),intelfsp2pkg,bug,low,AshrafAliS,0.95,"The bug is related to IntelFsp2Pkg and involves a script modification, matching AshrafAliS's historical pattern of handling BaseTools issues.",,False
qwen2.5:14b,A,7532,VS2012 build failure in mdemodulepkg\universal\regularexpressiondxe\oniguruma\regparse.c (Bugzilla Bug 1209),mdemodulepkg,bug,medium,YangGangUEFI,0.95,The bug is related to a build failure in mdemodulepkg and matches historical patterns of bugs assigned to YangGangUEFI within this package.,,False
qwen2.5:14b,A,7531,"fix the operand list bugs in ""BaseSynchronizationLib/*/GccInline.c"" (Bugzilla Bug 1208)",mdepkg,bug,medium,os-d,0.95,"The bug is related to MdePkg and involves fixing operand list bugs in BaseSynchronizationLib, which aligns with os-d's expertise in handling MdePkg issues.",,False
qwen2.5:14b,A,7530,commit 17634d026f96 regressed the GCC variant of InternalSyncIncrement() / InternalSyncDecrement() (Bugzilla Bug 1207),mdepkg,bug,low,os-d,0.95,"The bug is related to MdePkg and involves a regression in synchronization functions, which aligns with os-d's expertise in handling low-level memory management and synchronization issues.",,False
qwen2.5:14b,A,7529,MdeModulePkg: XhciDxe: Exceptions occurring after executing XhcSetHsee function (Bugzilla Bug 1206),mdemodulepkg,bug,high,YangGangUEFI,0.85,"The bug is related to MdeModulePkg and XhciDxe, which matches historical patterns for this assignee.",,False
qwen2.5:14b,A,7528,Add the usage/difference clarification in INF file against the overlapped network drivers (TCP/ISCSI/PXE) (Bugzilla Bug 1205),mdemodulepkg,bug,low,YangGangUEFI,0.95,"The bug is related to the usage clarification of network drivers in MdeModulePkg INF files, which aligns with previous assignments to YangGangUEFI for similar issues.",,False
qwen2.5:14b,A,7527,HTTPBoot might cause memory access overflow in AsciiStrStr (Bugzilla Bug 1204),networkpkg,bug,medium,SaloniKasbekar,0.9,The bug involves replacing a hardcoded value with an existing define constant in the NetworkPkg.,,False
qwen2.5:14b,A,7526,A GUID required is missing in SecCore INF (Bugzilla Bug 1203),ueficpupkg,bug,low,lgao4,0.85,The bug is related to a missing GUID in SecCore INF which falls under UefiCpuPkg and has no exact match but similar handling by lgao4 for protocol interface issues.,,False
qwen2.5:14b,A,9642,BaseTools: Enable LTO option in XCODE5 tool chain (Bugzilla Bug 1202),basetools,bug,high,AshrafAliS,0.95,"The bug is related to BaseTools and involves enabling LTO option in XCODE5 tool chain, matching historical pattern of AshrafAliS handling BaseTools issues.",,False
qwen2.5:14b,A,7525,Update Brotli to the latest version 1.0.5 (Bugzilla Bug 1201),mdemodulepkg,bug,high,YangGangUEFI,0.85,The bug is related to updating a module in MdeModulePkg and has high priority.,,False
qwen2.5:14b,A,7524,RegularExpressionDxe: Update Oniguruma to 6.9.0 (Bugzilla Bug 1200),mdemodulepkg,bug,high,YangGangUEFI,0.95,The bug is related to RegularExpressionDxe in MdeModulePkg and previous similar issues were handled by YangGangUEFI.,,False
qwen2.5:14b,A,9641,Font of EFI Text services (SIMPLE_TEXT_OUTPUT_INTERFACE) is tiny on hidpi screens (Bugzilla Bug 1199),mdemodulepkg,bug,medium,YangGangUEFI,0.95,The bug is related to EFI Text services and SIMPLE_TEXT_OUTPUT_INTERFACE in MdeModulePkg.,,False
qwen2.5:14b,A,7523,Interlocked[De|In]crement return value is not MP safe (Bugzilla Bug 1197),mdepkg,bug,low,os-d,0.95,"The bug is related to MdePkg and concerns multi-processing safety, which aligns with os-d's expertise in handling such issues within the package.",,False
qwen2.5:14b,A,7522,[PciHostBridgeDxe] forbids to access PMEM MMIO sometimes (Bugzilla Bug 1196),mdemodulepkg,bug,low,lgao4,0.75,The bug is related to MdeModulePkg and does not match any specific rare assignees or common patterns exactly.,,False
qwen2.5:14b,A,7521,Insert LoadFence() for suspicious 'Bounds Check Bypass' issues within SMI handlers (Bugzilla Bug 1194),mdemodulepkg,bug,low,lgao4,0.75,"The bug is related to MdeModulePkg and involves inserting LoadFence for bounds check bypass issues, but no specific assignee matches this exactly; lgao4 has handled similar low priority bugs in the past.",,False
qwen2.5:14b,A,7520,[MdePkg-BaseLib] Add a new LoadFence() API to implement LFENCE functionality (Bugzilla Bug 1193),mdepkg,bug,low,os-d,0.95,"The bug is related to MdePkg and involves adding a new API for LFENCE functionality, which aligns with os-d's expertise in handling low-level CPU instructions and memory management.",,False
qwen2.5:14b,A,9640,IntelUndiPkg in edk2-staging does not use the PCI I/O protocols for DMA correctly (Bugzilla Bug 1192),-,bug,low,SaloniKasbekar,0.85,"The bug involves incorrect usage of protocols in IntelUndiPkg, which falls under the NetworkPkg category and matches SaloniKasbekar's expertise in replacing hardcoded values with existing constants.",,False
qwen2.5:14b,A,7519,PiSmmCpuDxe issue on SmiHandler execution (Bugzilla Bug 1191),ueficpupkg,bug,high,philnoh2,0.95,The bug is related to PiSmmCpuDxe in UefiCpuPkg and matches the historical pattern of bugs involving AP reset vector buffer handling.,,False
qwen2.5:14b,A,7518,Request to remove IntelFrameworkPkg\Library (Bugzilla Bug 1190),intelframeworkpkg,bug,medium,lgao4,0.85,"The bug is related to a package (IntelFrameworkPkg) and involves a request for removal of a library component, which aligns with previous lgao4 assignments involving similar maintenance tasks.",,False
qwen2.5:14b,A,7517,Add missing lib and GUID reference in FrameworkUefiLib.inf (Bugzilla Bug 1189),intelframeworkpkg,bug,low,YangGangUEFI,0.95,"The bug is related to a missing lib and GUID reference in FrameworkUefiLib.inf within IntelFrameworkPkg, which aligns with previous assignments for similar issues in this package.",,False
qwen2.5:14b,A,7516,MTRR Lib change causes error in Windows event log *Compat bug (Bugzilla Bug 1187),ueficpupkg,bug,low,philnoh2,0.95,The bug is related to UEFI CPU package and involves a compatibility issue with Windows event log.,,False
qwen2.5:14b,A,7515,[CpuMpPei] Some static code checkers complain address of a local variable being returned function GetStackBase() (Bugzilla Bug 1186),ueficpupkg,bug,medium,philnoh2,0.95,"The bug is related to CpuMpPei in UefiCpuPkg and involves static code checkers, matching the pattern of previous bugs assigned to philnoh2.",,False
qwen2.5:14b,A,7514,SdMmcPciHcDxe: Timeout in SdMmcHcReset (Bugzilla Bug 1185),mdemodulepkg,bug,medium,YangGangUEFI,0.85,"The bug is related to MdeModulePkg and involves a specific driver (SdMmcPciHcDxe), matching historical patterns for this assignee.",,False
qwen2.5:14b,A,7513,An unused header file is linked in PciSegmentLib.h (Bugzilla Bug 1184),mdepkg,bug,low,AshrafAliS,0.95,The bug is related to MdePkg and involves a header file issue which matches historical patterns of AshrafAliS handling such issues.,,False
qwen2.5:14b,A,7512,An unused header file is linked in PciLib.c (Bugzilla Bug 1183),mdepkg,bug,low,AshrafAliS,0.95,"The bug is related to MdePkg and involves a linker issue with an unused header file, matching AshrafAliS's historical pattern of handling such issues in BaseTools.",,False
qwen2.5:14b,A,7511,SdMmcPciHcDxe: SdMmcHcCardDetect called for all types of slots during init (Bugzilla Bug 1182),mdemodulepkg,bug,medium,YangGangUEFI,0.85,"The bug is related to MdeModulePkg and involves a specific driver (SdMmcPciHcDxe), matching historical patterns for this assignee.",,False
qwen2.5:14b,A,7510,BaseTools needs to check whether FV image is valid (Bugzilla Bug 1181),basetools,bug,high,AshrafAliS,0.95,Historical pattern shows AshrafAliS handles BaseTools related issues.,,False
qwen2.5:14b,A,7509,There are trailing white spaces issues in MdeModulePkg\Universal\Network\Ip4Dxe\Ip4Impl.c (Bugzilla Bug 1180),mdemodulepkg,bug,low,SaloniKasbekar,0.9,The bug is about replacing hardcoded values with existing #define constants in MdeModulePkg.,,False
qwen2.5:14b,A,7508,error: all paths through this function will call itself when build standard C project (Bugzilla Bug 1179),stdlib,bug,medium,AshrafAliS,0.95,The bug is related to a standard C project build issue which matches the BaseTools FMMT case handling pattern previously reported.,,False
qwen2.5:14b,A,9639,PciBusDxe: PCI-Express bug with dynamic PcdPciExpressBaseAddress (Bugzilla Bug 1178),mdemodulepkg,bug,medium,YangGangUEFI,0.85,The bug is related to PciBusDxe in MdeModulePkg and matches historical patterns for this component.,,False
qwen2.5:14b,A,7507,A INF path is missing in MdePkg DSC. (Bugzilla Bug 1177),mdepkg,bug,medium,AshrafAliS,0.95,The bug is related to MdePkg DSC file and historical pattern shows AshrafAliS handles such issues.,,False
qwen2.5:14b,A,7506,Add a INF path in MdePkg DSC (Bugzilla Bug 1176),mdepkg,bug,low,AshrafAliS,0.95,"The bug is related to MdePkg DSC and INF path addition, which matches historical patterns of AshrafAliS handling such issues.",,False
qwen2.5:14b,A,7505,UDF partition show No file system info in Bios Setup (Bugzilla Bug 1175),mdemodulepkg,bug,medium,YangGangUEFI,0.85,"The bug is related to Bios Setup and file system info display, matching previous YangGangUEFI assignments in mdemodulepkg.",,False
qwen2.5:14b,A,7504,Cannot boot from UEFI  USB disk in Boot Manager . (Bugzilla Bug 1174),mdemodulepkg,bug,medium,YangGangUEFI,0.85,The bug is related to booting from a USB disk in the Boot Manager which falls under MdeModulePkg and previous similar issues have been handled by YangGangUEFI.,,False
qwen2.5:14b,A,7503,USB disk with UDF 2.50 file system cannot be mapped in UEFI Shell. (Bugzilla Bug 1173),mdemodulepkg,bug,medium,YangGangUEFI,0.85,"The bug is related to UEFI Shell and file system mapping, which falls under the MdeModulePkg with a focus on shell functionality.",,False
qwen2.5:14b,A,7502,Wrong comments in DEC of MdePkg (Bugzilla Bug 1172),mdepkg,bug,low,lgao4,0.85,The bug is related to MdePkg DEC comments which does not match any specific historical pattern but lgao4 has handled similar low priority issues in the past.,,False
qwen2.5:14b,A,9638,"Strange behavior of ""for"" indexvar (Bugzilla Bug 1171)",shellpkg,bug,medium,YangGangUEFI,0.85,The bug is related to ShellPkg and involves a script behavior issue.,,False
qwen2.5:14b,A,7501,BaseTools: regression issue that display an empty PCD not used section in the report (Bugzilla Bug 1170),basetools,bug,medium,AshrafAliS,0.95,The bug is related to BaseTools and matches a previous regression issue handled by AshrafAliS.,,False
qwen2.5:14b,A,7500,IntelVTdDxe: Optimize function scan when function 0 is not existing in ScanPciBus() (Bugzilla Bug 1169),intelsiliconpkg,bug,low,YangGangUEFI,0.85,The bug is related to IntelVTdDxe in IntelSiliconPkg and matches the pattern of previous bugs assigned to YangGangUEFI within this package.,,False
qwen2.5:14b,A,7499,XhciDxe: Set HSEE Bit if SERR# Enable Bit is set (Bugzilla Bug 1167),mdemodulepkg,bug,low,YangGangUEFI,0.95,The bug is related to XhciDxe in MdeModulePkg and matches historical patterns for this package.,,False
qwen2.5:14b,A,7498,VS2012 build failure in cpumppei\cpupaging.c (Bugzilla Bug 1166),ueficpupkg,bug,high,ardbiesheuvel,0.95,"The bug is related to a build failure in UefiCpuPkg with VS2012, which matches the pattern of CLANG compiler issues handled by ardbiesheuvel for Cryptopkg.",,False
qwen2.5:14b,A,7497,No assert if HOB gEfiAcpiVariableGuid is missing with PcdAcpiS3Enable set to TRUE (Bugzilla Bug 1165),ueficpupkg,bug,medium,philnoh2,0.95,The bug is related to UEFI core package and involves a specific configuration issue with PcdAcpiS3Enable.,,False
qwen2.5:14b,A,7496,[UefiCpuPkg/CpuDxe] unsafe bit-wise operation (Bugzilla Bug 1164),ueficpupkg,bug,low,philnoh2,0.95,"The bug is related to UefiCpuPkg/CpuDxe and involves a bit-wise operation safety issue, matching the expertise of philnoh2 who handles similar issues in UefiCpuPkg.",,False
qwen2.5:14b,A,7495,Remove inline X86 assembly code in C code files. (Bugzilla Bug 1163),mdepkg,bug,medium,AshrafAliS,0.95,"The bug is related to MdePkg and involves removing inline X86 assembly code, which aligns with previous work on BaseTools FMMT issues.",,False
qwen2.5:14b,A,7494,Coding style issues in UefiCpuPkg\Library\CpuExceptionHandlerLib\PeiCpuException.c (Bugzilla Bug 1161),ueficpupkg,bug,low,YangGangUEFI,0.85,"The bug is related to coding style issues in UefiCpuPkg, which has been historically handled by YangGangUEFI.",,False
qwen2.5:14b,A,7493,Coding style issues in UefiCpuPkg\CpuDxe\CpuDxe.h (Bugzilla Bug 1160),ueficpupkg,bug,low,YangGangUEFI,0.85,"The bug is related to coding style issues in UefiCpuPkg, which has been handled by YangGangUEFI before.",,False
qwen2.5:14b,A,7492,Invalid line ending character in SecurityPkg (Bugzilla Bug 1159),securitypkg,bug,low,HunterChang030,0.9,"The bug is related to SecurityPkg and involves an invalid line ending character, matching HunterChang030's previous work on similar issues in the same package.",,False
qwen2.5:14b,A,7491,Trailing white space issue in ShellPkg\Library\UefiShellNetwork1CommandsLib\Ifconfig.c (Bugzilla Bug 1158),shellpkg,bug,low,SaloniKasbekar,0.9,The bug is about replacing hardcoded values with existing #define constants in ShellPkg.,,False
qwen2.5:14b,A,7490,FAT will double allocate clusters on long writes when the disk is full (Bugzilla Bug 1157),fatpkg,bug,medium,lgao4,0.75,"No exact match found, but lgao4 has handled similar FAT package issues before.",,False
qwen2.5:14b,A,7489,NonDiscoverablePciDeviceDxe causes system crash running UEFI SCT suite (Bugzilla Bug 1156),mdemodulepkg,bug,medium,lgao4,0.85,The bug is related to NonDiscoverablePciDeviceDxe in MdeModulePkg and lgao4 has handled similar issues before.,,False
qwen2.5:14b,A,7488,Lack of validation in CoherentDmaLib causes UEFI SCT test to fail (Bugzilla Bug 1155),embeddedpkg,bug,low,AshrafAliS,0.95,"The bug is related to BaseTools and FMMT, matching the historical pattern of AshrafAliS handling such issues.",,False
qwen2.5:14b,A,7487,CoherentDmaLib has a typo in DmaAlignedBuffer (Bugzilla Bug 1154),embeddedpkg,bug,low,AshrafAliS,0.95,The bug is related to BaseTools and involves a typo in a library function.,,False
qwen2.5:14b,A,7486,Just display the second table when specify two ACPITable type. (Bugzilla Bug 1153),shellpkg,bug,medium,NingFengGit,0.95,"The bug is related to ShellPkg and involves displaying ACPI tables, matching NingFengGit's historical pattern of handling similar issues in ShellPkg.",,False
qwen2.5:14b,A,7485,System crash when EXCLUSIVE open of PXE child (LoadFile) handle (Bugzilla Bug 1152),networkpkg,bug,high,SaloniKasbekar,0.9,The bug involves replacing hardcoded values with existing constants in the NetworkPkg.,,False
qwen2.5:14b,A,7484,Need to update the help information of ACPIVIEW (Bugzilla Bug 1151),shellpkg,bug,low,YangGangUEFI,0.95,"The bug is related to updating help information in a shell package component, matching previous assignments for similar UI or documentation issues.",,False
qwen2.5:14b,A,7483,No disable method for ACPI Table consistency checking and verbose data displaying (Bugzilla Bug 1150),shellpkg,bug,low,YangGangUEFI,0.85,The bug is related to ShellPkg and involves a feature request for ACPI Table consistency checking.,,False
qwen2.5:14b,A,7482,No strict parameters checkers for acpiview (Bugzilla Bug 1149),shellpkg,bug,low,YangGangUEFI,0.85,"The bug is related to shellpkg and involves a lack of strict parameter checking in acpiview, which aligns with previous assignments for similar issues within the package.",,False
qwen2.5:14b,A,9636,Thrown Unknown Interrupt Controller Structure error when dump ACPI Tables (Bugzilla Bug 1148),shellpkg,bug,medium,YangGangUEFI,0.85,"The bug is related to ShellPkg and involves an error when dumping ACPI tables, which aligns with previous issues handled by YangGangUEFI in the ShellPkg component.",,False
qwen2.5:14b,A,9635,No disable method for ACPI Table consistency checking and verbose data displaying (Bugzilla Bug 1147),shellpkg,bug,medium,YangGangUEFI,0.85,The bug is related to ShellPkg and involves a feature request for ACPI Table consistency checking.,,False
qwen2.5:14b,A,7481,Need to update the help information of ACPIVIEW (Bugzilla Bug 1146),shellpkg,bug,medium,YangGangUEFI,0.95,The bug is related to updating help information in a shell package component.,,False
qwen2.5:14b,A,7480,Fail to run PatchCheck.py with Python3 (Bugzilla Bug 1145),basetools,bug,low,AshrafAliS,0.95,The bug is related to BaseTools and involves Python script compatibility issues.,,False
qwen2.5:14b,A,7479,Remove trailing white space in MdeModulePkg (Bugzilla Bug 1144),mdemodulepkg,bug,low,YangGangUEFI,0.95,"The bug is about removing trailing white space in MdeModulePkg, which aligns with previous cosmetic or formatting fixes handled by YangGangUEFI.",,False
qwen2.5:14b,A,7478,Sync the direct route entry setting in Ip4Dxe (Bugzilla Bug 1143),mdemodulepkg,bug,low,YangGangUEFI,0.95,"The bug is related to MdeModulePkg and involves syncing route entry settings in Ip4Dxe, which aligns with previous assignments for similar network-related issues.",,False
qwen2.5:14b,A,7477,[NvmExpressDxe] Fix the incorrect check for 'TransferBuffer' and 'TransferLength' within NvmExpressPassThru() (Bugzilla Bug 1142),mdemodulepkg,bug,low,YangGangUEFI,0.85,The bug is related to NvmExpressDxe in MdeModulePkg and matches historical patterns for this package.,,False
qwen2.5:14b,A,7476,OVMF fails to boot systemrescuecd / gentoo livecd and many other live cds (Bugzilla Bug 1141),ovmfpkg,bug,medium,yechao-w,0.85,"The bug is related to OVMF boot issues with live CDs, matching the RISC-V boot support expertise.",,False
qwen2.5:14b,A,7475,[EmulatorPkg] README could have the Win Host build instructions (Bugzilla Bug 1139),emulatorpkg,bug,low,AshrafAliS,0.95,"The bug is about improving documentation in EmulatorPkg README, which aligns with previous work on BaseTools FMMT documentation.",,False
qwen2.5:14b,A,7474,[EmulatorPkg] Win host cannot be built with VS2015 (Bugzilla Bug 1138),emulatorpkg,bug,low,AshrafAliS,0.95,Historical pattern shows AshrafAliS handles BaseTools related issues.,,False
qwen2.5:14b,A,7473,Unlimited FV Recursion (Bugzilla Bug 1137),mdemodulepkg,bug,low,lgao4,0.75,The bug is related to MdeModulePkg and does not match any specific rare assignees or historical patterns closely.,,False
qwen2.5:14b,A,7472,SMI Confused Deputy SmramSaveState.c (Bugzilla Bug 1136),ueficpupkg,bug,medium,philnoh2,0.95,"The bug is related to UefiCpuPkg and involves a specific sub-component (SmramSaveState.c), matching the pattern of previous bugs assigned to philnoh2.",,False
qwen2.5:14b,A,7471,Stack Overflow on Corrupted BMP (Bugzilla Bug 1135),mdemodulepkg,bug,medium,lgao4,0.75,The bug is related to MdeModulePkg and does not match any specific rare assignees or historical patterns closely.,,False
qwen2.5:14b,A,7470,Buffer Overflow in BlockIo service for RAM disk (Bugzilla Bug 1134),mdemodulepkg,bug,medium,YangGangUEFI,0.85,The bug is related to MdeModulePkg and involves a specific service issue.,,False
qwen2.5:14b,A,7469,Opal BlockSid Setting Disabled after S3 (Bugzilla Bug 1133),securitypkg,bug,medium,HunterChang030,0.9,"The bug is related to SecurityPkg and specifically mentions OpalPassword, which matches HunterChang030's previous work on similar issues in the package.",,False
qwen2.5:14b,A,9634,Update MinnowMax to not use EdkCompatibilityPkg (Bugzilla Bug 1132),vlv2tbltdevicepkg,bug,high,AshrafAliS,0.95,"The bug is related to updating a specific device package and improving compatibility, which aligns with AshrafAliS's pattern of handling BaseTools and similar high-priority updates.",,False
qwen2.5:14b,A,7468,[Core] Handle multiple FV images in one FV file (Bugzilla Bug 1131),mdemodulepkg,bug,low,YangGangUEFI,0.85,"The bug is related to MdeModulePkg and involves handling multiple FV images, which aligns with previous assignments of EricGao2015 but using a more general assignee for broader coverage.",,False
qwen2.5:14b,A,7467,Usb devices fail to start again after reconnect -r in shell on OVMF (Bugzilla Bug 1130),ovmfpkg,bug,low,os-d,0.95,The bug is related to USB device behavior in OVMF which falls under the broader category of OVMF functionality and stability issues.,,False
qwen2.5:14b,A,7466,Usb devices fail to start again after reconnect -r in shell on OVMF (Bugzilla Bug 1129),mdemodulepkg,bug,low,YangGangUEFI,0.85,"The bug is related to USB device reconnection in OVMF shell, which falls under the Device Manager and driver health form issues typically handled by YangGangUEFI.",,False
qwen2.5:14b,A,7465,There's still code executed on AP trying to access PEI services (Bugzilla Bug 1128),ueficpupkg,bug,low,philnoh2,0.95,"The bug is related to UEFI core package and involves AP and PEI services access, matching the expertise of philnoh2.",,False
qwen2.5:14b,A,7464,Too many debug message if heap guard feature is enabled (Bugzilla Bug 1127),ueficpupkg,bug,low,philnoh2,0.95,The bug is related to UEFI CPUPkg and specifically mentions heap guard feature issues.,,False
qwen2.5:14b,A,9633,Incorrectly attempting to rebase a FV with mixed PEI/Dxe modules forcing FileAlign and Align linker options to be same (Bugzilla Bug 1124),basetools,bug,high,AshrafAliS,0.95,"The bug is related to BaseTools and involves linker options, matching AshrafAliS's historical pattern of handling BaseTools issues.",,False
qwen2.5:14b,A,9632,StdLib package build with VS2017 Socket.c warning: declaration of 'errno' hides global declaration (Bugzilla Bug 1123),stdlib,bug,medium,YangGangUEFI,0.85,"The bug is related to a warning in the StdLib package's Socket.c file when building with VS2017, which matches historical patterns of UI/UX or form-related issues handled by YangGangUEFI.",,False
qwen2.5:14b,A,9631,"[BaseTools] ""build run"" doesn't have capability to launch customized executable file (Bugzilla Bug 1122)",basetools,bug,medium,AshrafAliS,0.95,The bug is related to BaseTools and involves a feature request for custom executable file launch capability.,,False
qwen2.5:14b,A,7461,"[EmulatorPkg]IoThunk->Close() is called too early, may causing hang/assertion (Bugzilla Bug 1121)",emulatorpkg,bug,low,AshrafAliS,0.95,The bug is related to EmulatorPkg and does not match any specific patterns for other assignees listed.,,False
qwen2.5:14b,A,7460,[EmulatorPkg] Switch from IntelFrameworkModulePkg/Bds to MdeModulePkg/Bds (Bugzilla Bug 1120),emulatorpkg,bug,low,YangGangUEFI,0.85,The bug involves a switch in package components which historically YangGangUEFI has handled.,,False
qwen2.5:14b,A,7459,[EmulatorPkg] AutoScanPei reports the wrong CPU address size (Bugzilla Bug 1119),emulatorpkg,bug,low,AshrafAliS,0.95,The bug is related to EmulatorPkg and does not match any specific patterns for other assignees.,,False
qwen2.5:14b,A,7458,[EmulatorPkg] SimpleTextInEx and GOP SCT conformance test failure (Bugzilla Bug 1118),emulatorpkg,bug,low,AshrafAliS,0.95,"The bug is related to BaseTools and conformance tests, matching AshrafAliS's historical pattern of handling such issues.",,False
qwen2.5:14b,A,7457,[EmulatorPkg] SimpleFileSystem.Close() asserts on CR (Bugzilla Bug 1117),emulatorpkg,bug,low,AshrafAliS,0.95,The bug is related to BaseTools and involves handling a specific case within the package.,,False
qwen2.5:14b,A,7456,Inconsistent Pcd's when enabling Nx related functionality (Bugzilla Bug 1116),mdemodulepkg,bug,high,os-d,0.95,"The bug is related to Pcd's and Nx functionality in MdeModulePkg, which matches historical patterns of os-d handling memory protection and consistency issues.",,False
qwen2.5:14b,A,7455,Setup Browser has off by 2 buffer overflows (Bugzilla Bug 1115),mdemodulepkg,bug,high,YangGangUEFI,0.95,The bug is related to Setup Browser in MdeModulePkg and matches historical patterns of similar issues assigned to YangGangUEFI.,,False
qwen2.5:14b,A,7454,Allocate pool used in debug path (Bugzilla Bug 1114),mdemodulepkg,bug,high,lgao4,0.75,The bug is related to MdeModulePkg and does not match any specific rare assignees or historical patterns closely.,,False
qwen2.5:14b,A,7453,Harden the Usb mass storage driver to prevent system hang by wrong hardware info (Bugzilla Bug 1113),mdemodulepkg,bug,high,YangGangUEFI,0.95,The bug is related to the Usb mass storage driver in MdeModulePkg and matches historical patterns for this type of issue.,,False
qwen2.5:14b,A,7451,"BaseTools:  FDF parser extend ""!include"", ""!if"", etc to not case-sensitive (Bugzilla Bug 1111)",basetools,bug,medium,AshrafAliS,0.95,The bug is related to BaseTools FDF parser and matches historical patterns of AshrafAliS handling similar issues.,,False
qwen2.5:14b,A,7450,[Pci] Restrict one VGA per HostBridge not Segment (Bugzilla Bug 1109),mdemodulepkg,bug,high,YangGangUEFI,0.95,"The bug is related to MDK Module Package and involves PCI configuration, matching historical patterns for this assignee.",,False
qwen2.5:14b,A,7449,Remove EdkShellBinPkg from edk2/master (Bugzilla Bug 1108),edkshellbinpkg,bug,medium,lgao4,0.85,The bug is related to EdkShellBinPkg which has no specific assignee listed but lgao4 has handled similar issues before.,,False
qwen2.5:14b,A,7448,Remove EdkShellPkg from edk2/master (Bugzilla Bug 1107),edkshellpkg,bug,medium,lgao4,0.85,The bug is related to EdkShellPkg removal and does not match any specific rare assignees or common patterns closely.,,False
qwen2.5:14b,A,7447,Remove UnixPkg from edk2/master (Bugzilla Bug 1106),unixpkg,bug,low,lgao4,0.85,"The bug is related to UnixPkg removal and no specific pattern matches exactly, but lgao4 has handled similar generic package issues before.",,False
qwen2.5:14b,A,7446,Remove FatBinPkg from edk2/master (Bugzilla Bug 1105),fatbinpkg,bug,medium,lgao4,0.85,The bug is related to removing a package and does not match any specific historical patterns for the listed rare assignees.,,False
qwen2.5:14b,A,7445,remove EDK build support from BaseTools (Bugzilla Bug 1104),basetools,bug,medium,AshrafAliS,0.95,"The bug is related to BaseTools and involves removing EDK build support, which matches historical patterns of AshrafAliS handling BaseTools issues.",,False
qwen2.5:14b,A,7444,delete EdkCompatibilityPkg from edk2/master (Bugzilla Bug 1103),edkcompatibilitypkg,bug,medium,AshrafAliS,0.95,The bug is related to BaseTools and specifically about handling a case where Parent.Data is none.,,False
qwen2.5:14b,A,7443,Empty HTTP header causes OVMF VM to lock-up (Bugzilla Bug 1102),mdemodulepkg,bug,low,Vogtinator,0.75,"The bug involves OVMF VM behavior related to HTTP headers, which is likely a security or protocol issue rather than a UI or driver health problem.",,False
qwen2.5:14b,A,7442,Remove duplicated SataControllerDxe driver from CorebootPayloadPkg (Bugzilla Bug 1101),uefipayloadpkg,bug,low,YangGangUEFI,0.85,The bug is related to CorebootPayloadPkg which falls under the general UEFI package maintenance and historical pattern suggests YangGangUEFI handles such issues.,,False
qwen2.5:14b,A,7441,SmmCorePerformanceLib miss to list DxeServicesLib in [LibraryClasses] section of INF file (Bugzilla Bug 1100),mdemodulepkg,bug,low,YangGangUEFI,0.85,"The bug is related to MdeModulePkg and INF file issues, which YangGangUEFI has handled before.",,False
qwen2.5:14b,A,7439,SMM FreePages accept non-SMRAM page (Bugzilla Bug 1098),mdemodulepkg,bug,low,os-d,0.95,"The bug is related to SMM FreePages in MdeModulePkg, which falls under memory management and protection issues typically handled by os-d.",,False
qwen2.5:14b,A,9630,TCG startup locality information is incorrect (Bugzilla Bug 1097),mdepkg,bug,medium,os-d,0.95,"The bug is related to MdePkg and involves incorrect locality information for TCG startup, which falls under memory protection or initialization issues handled by os-d.",,False
qwen2.5:14b,A,7436,[UefiCpuPkg-SMM] Add Return Stack Buffer stuffing logic before returning from SMM (Bugzilla Bug 1093),ueficpupkg,bug,low,philnoh2,0.95,"The bug is related to UefiCpuPkg-SMM and Return Stack Buffer stuffing logic, matching the pattern of CPU/AP handling bugs previously assigned to philnoh2.",,False
qwen2.5:14b,A,7435,"commit 241f914975d5 changed the file mode bits of ""PiSmmCpuDxeSmm.c"" from 100644 to 100755 (Bugzilla Bug 1092)",ueficpupkg,bug,medium,lgao4,0.85,"The bug is related to a file mode change in UefiCpuPkg, which does not match any specific rare assignees or common patterns exactly but lgao4 has handled similar issues before.",,False
qwen2.5:14b,A,7434,merge StuffRsb.inc copies into one (Bugzilla Bug 1091),ueficpupkg,bug,high,lgao4,0.85,"The bug is related to UefiCpuPkg and involves merging files, which lgao4 has handled before.",,False
qwen2.5:14b,A,7433,Enroll TLS cert more than once cause attributes failure (Bugzilla Bug 1090),networkpkg,bug,low,SaloniKasbekar,0.9,The bug involves replacing hardcoded values with existing constants in the NetworkPkg.,,False
qwen2.5:14b,A,7432,[OpenSSL] Update version to upcoming 1.1.1 (Bugzilla Bug 1089),cryptopkg,bug,high,liyi77,1.0,"The bug is about updating OpenSSL version in the cryptopkg package, which matches previous updates handled by liyi77.",,False
qwen2.5:14b,A,7431,"Support ""fake Capsule header"" in gRT->QueryCapsuleCpapbilities() with DxeCapsuleLibFmp library instance (Bugzilla Bug 1088)",mdemodulepkg,bug,high,AshrafAliS,0.95,"The bug involves modifying DxeCapsuleLibFmp library instance in gRT->QueryCapsuleCpapbilities(), which is related to DXE core functionality and BaseTools handling.",,False
qwen2.5:14b,A,7430,CPER definitions missing for ARM (Bugzilla Bug 1087),mdepkg,bug,low,os-d,0.95,"The bug is related to MdePkg and missing CPER definitions for ARM, which falls under common memory protection or configuration issues typically handled by os-d.",,False
qwen2.5:14b,A,9629,System Brick due to uefi MemoryTypeInformation var changes (Bugzilla Bug 1086),-,bug,high,os-d,0.95,"The bug involves system stability issues related to memory type information changes in UEFI, which falls under the DXE core memory protection feature and GCD internal data structure consistency.",,False
qwen2.5:14b,A,7429,[BaseTools-build_rule]: Add $(INC)-like support when compiling .nasm files (Bugzilla Bug 1085),basetools,bug,medium,makubacki,0.95,"The bug is related to BaseTools build rules and NASM compilation, matching the expertise of makubacki who has handled similar issues in BaseTools.",,False
qwen2.5:14b,A,7428,SmmLockBoxRestore doesn't report buffer length (Bugzilla Bug 1082),mdemodulepkg,bug,medium,lgao4,0.75,"The bug is related to MdeModulePkg and involves a specific function (SmmLockBoxRestore), but no exact match in history; lgao4 has handled similar issues before.",,False
qwen2.5:14b,A,7427,Incorrect debug statement in TcgStorageCoreLib.h (Bugzilla Bug 1081),securitypkg,bug,low,HunterChang030,0.9,The bug is in SecurityPkg and involves incorrect debug statements related to OpalPassword.,,False
qwen2.5:14b,A,7426,[Shell] Input redirection should make sure 0xFFFE is in the beginning of the input source (Bugzilla Bug 1080),shellpkg,bug,medium,praveensankarn,0.95,The bug is related to ShellPkg and involves input redirection in UEFI shell commands.,,False
qwen2.5:14b,A,7425,Access Denied in EmulatorPkg when running applications from EFI shell (Bugzilla Bug 1079),emulatorpkg,bug,low,YangGangUEFI,0.85,"The bug is related to EmulatorPkg and access issues in EFI shell, matching historical patterns for YangGangUEFI.",,False
qwen2.5:14b,A,9628,DebugAssert on 'ls' command (Bugzilla Bug 1078),emulatorpkg,bug,low,AshrafAliS,0.95,"The bug is related to an emulator package and involves a DebugAssert on a command, which matches the pattern of previous issues handled by AshrafAliS in BaseTools.",,False
qwen2.5:14b,A,9627,PcdDxeNxMemoryProtectionPolicy should reserve bits for Code type memory (Bugzilla Bug 1077),mdemodulepkg,bug,medium,os-d,0.95,The bug is related to memory protection policy in DXE core which falls under MdeModulePkg and has been handled by os-d previously for similar issues.,,False
qwen2.5:14b,A,9626,X64 build of EmulatorPkg - No symbol table is loaded. (Bugzilla Bug 1076),emulatorpkg,bug,low,AshrafAliS,0.95,"The bug is related to EmulatorPkg and BaseTools interaction, matching AshrafAliS's historical pattern of handling such issues.",,False
qwen2.5:14b,A,7424,[regression] SecurityPkg commit f15cb995bb38 breaks TPM2_ENABLE in OvmfPkg (Bugzilla Bug 1075),securitypkg,bug,low,HunterChang030,0.9,The bug is related to SecurityPkg and involves a regression issue with TPM2_ENABLE.,,False
qwen2.5:14b,A,7423,don't distinguish EFI_FILE_MODE_CREATE in EfiOpenFileByDevicePath() / OpenMode (Bugzilla Bug 1074),mdepkg,bug,low,lgao4,0.85,The bug is related to MdePkg and involves a specific function in the EFI file system interface.,,False
qwen2.5:14b,A,7422,Add PKCS7 test key inc files (Bugzilla Bug 1073),basetools,bug,low,AshrafAliS,0.95,"The bug is related to BaseTools and involves adding test key inc files, which aligns with previous work on BaseTools by AshrafAliS.",,False
qwen2.5:14b,A,7421,Need to check EDK II source and resolve all CppCheck issues. (Bugzilla Bug 1071),-,bug,low,AshrafAliS,0.95,"The bug involves resolving CppCheck issues across the entire EDK II source, which is a broad code quality task not specific to any single package or component.",,False
qwen2.5:14b,A,7420,commit f15cb995bb38 adds unchecked PcdSet8S() calls to SecurityPkg/Library/Tpm2DeviceLibDTpm (Bugzilla Bug 1070),securitypkg,bug,medium,HunterChang030,0.9,"The bug is related to SecurityPkg and involves unchecked PcdSet8S() calls, matching HunterChang030's historical pattern of handling DeviceList issues in OpalPassword.",,False
qwen2.5:14b,A,7419,"BaseTools: BinToPcd: When use python 3.6.4 to run BinToPCD.py with -i -o, output file has nothing. (Bugzilla Bug 1069)",basetools,bug,low,AshrafAliS,0.95,The bug is related to BaseTools and involves a specific Python script issue.,,False
qwen2.5:14b,A,7418,ECC tool crash because 'NoneType' object (Bugzilla Bug 1068),basetools,bug,high,bexcran,0.95,The bug is related to the ECC tool in BaseTools which previously had issues with 'NoneType' objects.,,False
qwen2.5:14b,A,7417,Dead code and inf redundant definitions in SignedCapsulePkg (Bugzilla Bug 1067),signedcapsulepkg,bug,medium,YangGangUEFI,0.85,"The bug is related to SignedCapsulePkg and involves dead code and redundant definitions, which aligns with previous issues handled by YangGangUEFI in similar packages.",,False
qwen2.5:14b,A,7416,Dead code and inf redundant definitions in ShellPkg (Bugzilla Bug 1066),shellpkg,bug,medium,YangGangUEFI,0.85,"The bug is related to ShellPkg and involves dead code and redundant definitions, matching previous assignments for similar issues in this package.",,False
qwen2.5:14b,A,7415,Dead code and inf redundant definitions in SecurityPkg (Bugzilla Bug 1065),securitypkg,bug,medium,HunterChang030,0.9,"The bug is about dead code and redundant definitions in SecurityPkg, which HunterChang030 has handled before.",,False
qwen2.5:14b,A,7414,Dead code and inf redundant definitions in NetworkPkg (Bugzilla Bug 1064),networkpkg,bug,medium,SaloniKasbekar,0.9,"The bug involves redundant definitions in NetworkPkg, matching SaloniKasbekar's pattern of handling such issues.",,False
qwen2.5:14b,A,7413,Dead code and inf redundant definitions in IntelFrameworkModuleAll (Bugzilla Bug 1063),intelframeworkmodulepkg,bug,medium,YangGangUEFI,0.85,"The bug is related to IntelFrameworkModulePkg and involves dead code and redundant definitions, which aligns with previous assignments for similar issues in this package.",,False
qwen2.5:14b,A,7412,Dead code and inf redundant definitions in MdeModulePkg (Bugzilla Bug 1062),mdemodulepkg,bug,medium,YangGangUEFI,0.85,Historical pattern shows YangGangUEFI handles MdeModulePkg bugs related to code quality issues.,,False
qwen2.5:14b,A,7411,"GenerateCapsule: when the tool is not exist or the cert file is incorrect, decode still success (Bugzilla Bug 1061)",basetools,bug,medium,AshrafAliS,0.95,The bug is related to BaseTools and involves handling incorrect input scenarios.,,False
qwen2.5:14b,A,7410,Performance measurements with PerformancePkg on all platforms (Bugzilla Bug 1060),performancepkg,bug,high,lgao4,0.75,No exact match found for PerformancePkg issues in the provided list.,,False
qwen2.5:14b,A,7409,Clang build fail in SmmRuntimeDxeReportStatusCodeLibFramework module (Bugzilla Bug 1059),intelframeworkmodulepkg,bug,medium,AshrafAliS,0.95,"The bug is related to BaseTools and Clang build failure, matching AshrafAliS's historical pattern of handling such issues.",,False
qwen2.5:14b,A,9625,"Clang 3.9 has no option ""-Wno-error=maybe-uninitialized"". Breaks OpenSslLib build. (Bugzilla Bug 1058)",basetools,bug,medium,liyi77,0.95,The bug is related to OpenSSLLib build issues with Clang version compatibility.,,False
qwen2.5:14b,A,7408,FvSimpleFileSystem driver leaks memory on read (Bugzilla Bug 1057),mdemodulepkg,bug,medium,lgao4,0.85,"The bug is related to MdeModulePkg and involves a memory leak in the FvSimpleFileSystem driver, which matches historical patterns of lgao4 handling similar issues.",,False
qwen2.5:14b,A,7407,Redundant info is defined in SmmCommunicationBufferDxe module INF (Bugzilla Bug 1056),mdemodulepkg,bug,medium,YangGangUEFI,0.85,"The bug is related to redundant info in an INF file within MdeModulePkg, which matches historical patterns of YangGangUEFI handling such issues.",,False
qwen2.5:14b,A,7406,Redundant info is defined in SmiHandlerProfileInfo module INF (Bugzilla Bug 1055),mdemodulepkg,bug,medium,YangGangUEFI,0.85,"The bug is related to redundant info in an INF file within MdeModulePkg, which aligns with previous assignments of similar issues to YangGangUEFI.",,False
qwen2.5:14b,A,7405,Redundant info is defined in EbcDebugger module INF (Bugzilla Bug 1054),mdemodulepkg,bug,medium,YangGangUEFI,0.95,"The bug is related to redundant info in an INF file within MdeModulePkg, which matches historical patterns for YangGangUEFI.",,False
qwen2.5:14b,A,7404,Redundant info is defined in CapsuleApp module INF (Bugzilla Bug 1053),mdemodulepkg,bug,medium,YangGangUEFI,0.95,"The bug is related to redundant info in an INF file within MdeModulePkg, which matches historical patterns of YangGangUEFI handling such issues.",,False
qwen2.5:14b,A,7403,Redundant info is defined in EsrtDxe module INF (Bugzilla Bug 1052),mdemodulepkg,bug,medium,YangGangUEFI,0.95,"The bug is related to redundant info in EsrtDxe module INF within MdeModulePkg, matching historical pattern of YangGangUEFI handling similar issues.",,False
qwen2.5:14b,A,7402,Redundant info is defined in FirmwarePerformanceDxe module INF (Bugzilla Bug 1051),mdemodulepkg,bug,medium,YangGangUEFI,0.95,"The bug is related to redundant info in an INF file within MdeModulePkg, which matches historical patterns for YangGangUEFI.",,False
qwen2.5:14b,A,7401,"GenerateCapsule: encode by Openssl tool, but some of the cert file's content is incorrect, it report traceback error (Bugzilla Bug 1050)",basetools,bug,high,liyi77,0.9,"The bug involves OpenSSL and certificate content issues, matching the pattern of updating OpenSSL for CVEs.",,False
qwen2.5:14b,A,7400,Redundant info is defined in MdeModulePkg AcpiPlatformDxe module INF (Bugzilla Bug 1049),mdemodulepkg,bug,medium,YangGangUEFI,0.95,"The bug is related to redundant info in an INF file of MdeModulePkg, matching previous assignments for similar issues within the same package.",,False
qwen2.5:14b,A,7399,"GenerateCapsule: use an empty file to do decode, it report traceback error (Bugzilla Bug 1048)",basetools,bug,high,AshrafAliS,0.95,"The bug is related to BaseTools and involves a traceback error with an empty file, matching historical patterns of AshrafAliS handling BaseTools issues.",,False
qwen2.5:14b,A,7398,Redundant info is defined in ResetSystemRuntimeDxe module INF (Bugzilla Bug 1047),mdemodulepkg,bug,medium,YangGangUEFI,0.95,"The bug is related to redundant info in an INF file within MdeModulePkg, which matches previous assignments to YangGangUEFI for similar issues.",,False
qwen2.5:14b,A,7397,"GenerateCapsule: When encode by signtool, some cases report traceback error (Bugzilla Bug 1046)",basetools,bug,high,AshrafAliS,0.95,"The bug is related to BaseTools and involves a traceback error with signtool, matching AshrafAliS's historical pattern of handling BaseTools issues.",,False
qwen2.5:14b,A,7396,Redundant info is defined in I2cHostDxe module INF (Bugzilla Bug 1045),mdemodulepkg,bug,medium,YangGangUEFI,0.85,The bug is related to redundant info in an INF file within MdeModulePkg.,,False
qwen2.5:14b,A,7395,Redundant info is defined in UfsPciHcDxe module INF (Bugzilla Bug 1044),mdemodulepkg,bug,medium,YangGangUEFI,0.85,"The bug is related to redundant info in an INF file within MdeModulePkg, which aligns with previous assignments of similar issues to YangGangUEFI.",,False
qwen2.5:14b,A,7394,Redundant info are defined in UefiCpuPkg SecCore module INF (Bugzilla Bug 1043),ueficpupkg,bug,medium,lgao4,0.85,"The bug is related to redundant info in INF file of UefiCpuPkg SecCore module, which does not match any specific rare assignees but aligns with general code maintenance tasks.",,False
qwen2.5:14b,A,7393,"BaseTools: BinToPcd: When use python 27 to run BinToPCD, it will raise an error but it is successful when use python 36. (Bugzilla Bug 1042)",basetools,bug,high,AshrafAliS,0.95,The bug is related to BaseTools and involves Python version compatibility issues.,,False
qwen2.5:14b,A,9624,"PiSmmCpuDxeSmm fails to set NX on address space outside SMRAM, and leaves EfiRuntimeServicesCode as writable memory. (Bugzilla Bug 1041)",ueficpupkg,bug,high,os-d,0.95,"The bug is related to memory protection and runtime services code permissions, which falls under the DXE core memory protection feature handled by os-d.",,False
qwen2.5:14b,A,7392,PcdFmpDeviceSystemResetRequired could be removed (Bugzilla Bug 1040),-,bug,medium,lgao4,0.85,The bug is related to a PCD and does not match any specific rare assignees or common patterns exactly.,,False
qwen2.5:14b,A,7391,[UefiCpuPkg/CpuDxe] Ambiguous usage of  PAGE_TABLE_LIB_PAGING_CONTEXT in CpuPageTable.c (Bugzilla Bug 1039),ueficpupkg,bug,medium,philnoh2,0.95,"The bug is related to UefiCpuPkg/CpuDxe and ambiguous usage of PAGE_TABLE_LIB_PAGING_CONTEXT, matching the expertise of philnoh2 on UEFI CPU package issues.",,False
qwen2.5:14b,A,7390,Redundant Protocol is defined in Tcg2Dxe module INF (Bugzilla Bug 1038),securitypkg,bug,medium,HunterChang030,0.9,"The bug is related to a redundant protocol in the Tcg2Dxe module of SecurityPkg, matching HunterChang030's previous work on similar issues within this package.",,False
qwen2.5:14b,A,7389,Redundant GUID and protocol are defined in SecureBootConfigDxe module INF (Bugzilla Bug 1037),securitypkg,bug,medium,HunterChang030,0.9,The bug is related to redundant GUID and protocol definitions in SecureBootConfigDxe module INF of SecurityPkg.,,False
qwen2.5:14b,A,7388,Redundant GUID is defined in IScsiDxe module INF (Bugzilla Bug 1036),networkpkg,bug,medium,SaloniKasbekar,0.9,"The bug involves a redundant GUID definition in an INF file, which aligns with the pattern of replacing hardcoded values with existing #define constants.",,False
qwen2.5:14b,A,7387,Redundant GUID is defined in AtaBusDxe module INF (Bugzilla Bug 1035),mdemodulepkg,bug,medium,YangGangUEFI,0.95,"The bug is related to a redundant GUID in an INF file within MdeModulePkg, which matches previous assignments to YangGangUEFI for similar issues.",,False
qwen2.5:14b,A,7386,Redundant Protocol is defined in XenPvBlkDxe module INF (Bugzilla Bug 1034),ovmfpkg,bug,low,YangGangUEFI,0.85,"The bug is related to OvmfPkg and involves a module INF file, which matches historical patterns for YangGangUEFI.",,False
qwen2.5:14b,A,7385,Redundant Protocol is defined in DxeMain module INF (Bugzilla Bug 1033),mdemodulepkg,bug,medium,YangGangUEFI,0.95,The bug is related to a redundant protocol definition in DxeMain module INF within MdeModulePkg.,,False
qwen2.5:14b,A,7384,Redundant PPI is defined in S3Resume2Pei module INF (Bugzilla Bug 1032),ueficpupkg,bug,medium,lgao4,0.85,"The bug is related to a module INF file in UefiCpuPkg and involves PPI definition, which matches historical patterns of lgao4 handling similar issues.",,False
qwen2.5:14b,A,7383,GenerateCapsule: document to describe current's limitation (Bugzilla Bug 1031),basetools,bug,medium,AshrafAliS,0.95,"The bug is related to BaseTools and documentation, matching AshrafAliS's historical pattern of handling BaseTools issues.",,False
qwen2.5:14b,A,7382,GenerateCapsule: Enhance to not generate capsule file when PopulateSystemTable flag is set (Bugzilla Bug 1030),basetools,bug,high,AshrafAliS,0.95,The bug is related to BaseTools and involves a specific feature enhancement request.,,False
qwen2.5:14b,A,7381,GenerateCapsule: Update help of --fw-version/--lsv that this is Required for encode operations. (Bugzilla Bug 1029),basetools,bug,high,AshrafAliS,0.95,The bug is related to BaseTools and involves updating help documentation for a specific command option.,,False
qwen2.5:14b,A,7380,"GenerateCapsule: use a capsule file that be signed, but without Payload header to dump, the dump-info is not correct (Bugzilla Bug 1028)",basetools,bug,high,AshrafAliS,0.95,The bug is related to BaseTools and specifically FMMT functionality.,,False
qwen2.5:14b,A,7379,GenerateCapsule: --debug option doesn't print out debug info (Bugzilla Bug 1027),basetools,bug,high,AshrafAliS,0.95,"The bug is related to BaseTools and specifically the GenerateCapsule tool's debug option, matching AshrafAliS's historical pattern of handling BaseTools issues.",,False
qwen2.5:14b,A,7378,"GenerateCapsule: when --fw-version or --lsv value exceed its max value, the error message is not clear (Bugzilla Bug 1026)",basetools,bug,high,AshrafAliS,0.95,The bug is related to BaseTools and involves improving error message clarity for GenerateCapsule command.,,False
qwen2.5:14b,A,7377,"GenerateCapsule:--dump-info co-work with -o option, the output file is not correct (Bugzilla Bug 1025)",basetools,bug,high,AshrafAliS,0.95,The bug is related to BaseTools and involves a specific command-line option issue.,,False
qwen2.5:14b,A,7376,GenerateCapsule: the CertType in the dump info is incorrect (Bugzilla Bug 1024),basetools,bug,high,AshrafAliS,0.95,The bug is related to BaseTools and involves a specific issue with CertType in dump info.,,False
qwen2.5:14b,A,7375,GenerateCapsule: decode capsule file report following verification failure (Bugzilla Bug 1023),basetools,bug,high,AshrafAliS,0.95,"The bug is related to BaseTools and involves handling verification failures in capsule files, matching AshrafAliS's historical pattern of fixing BaseTools issues.",,False
qwen2.5:14b,A,7374,"GenerateCapsule:MonotonicCount value exceed its max value, then report Traceback error (Bugzilla Bug 1022)",basetools,bug,high,AshrafAliS,0.95,The bug is related to BaseTools and involves a specific error in GenerateCapsule functionality.,,False
qwen2.5:14b,A,7373,GenerateCapsule: No error report when capoemflag exceed its max value (Bugzilla Bug 1021),basetools,bug,high,AshrafAliS,0.95,The bug is related to BaseTools and involves handling of edge cases in GenerateCapsule.,,False
qwen2.5:14b,A,7372,uCode checksum validation logic for extended table is wrong. (Bugzilla Bug 1020),ueficpupkg,bug,high,philnoh2,0.95,The bug is related to uCode checksum validation logic in UefiCpuPkg which matches the pattern of bugs assigned to philnoh2.,,False
qwen2.5:14b,A,7371,Redundant library class are defined in TlsDxe module INF (Bugzilla Bug 1018),networkpkg,bug,medium,SaloniKasbekar,0.9,"The bug involves redundant library class definitions in an INF file within the NetworkPkg, matching SaloniKasbekar's pattern of handling #define constant issues and similar code cleanup tasks.",,False
qwen2.5:14b,A,7370,Redundant library class are defined in PiSmmCore module INF (Bugzilla Bug 1017),mdemodulepkg,bug,medium,YangGangUEFI,0.85,"The bug is related to MdeModulePkg and INF file issues, which YangGangUEFI has handled before.",,False
qwen2.5:14b,A,7369,Redundant library class is defined in PiSmmCpuDxeSmm module INF (Bugzilla Bug 1016),ueficpupkg,bug,medium,lgao4,0.85,"The bug is related to a module INF file in UefiCpuPkg and involves redundant library class definitions, which aligns with previous issues handled by lgao4.",,False
qwen2.5:14b,A,7368,GenerateCapsule: No Payload Header in the no signing capsule file (Bugzilla Bug 1015),basetools,bug,low,AshrafAliS,0.95,"The bug is related to BaseTools and specifically mentions handling of capsule files, which aligns with AshrafAliS's historical pattern of fixing BaseTools issues.",,False
qwen2.5:14b,A,7367,Redundant library class are defined in AcpiPlatformDxe module INF (Bugzilla Bug 1014),ovmfpkg,bug,low,YangGangUEFI,0.85,"The bug is related to OvmfPkg and involves module INF definitions, which aligns with previous assignments for similar issues in this package.",,False
qwen2.5:14b,A,7366,Redundant library class are defined in CpuDxe module INF (Bugzilla Bug 1013),ueficpupkg,bug,medium,lgao4,0.85,"The bug is related to UefiCpuPkg and INF file issues, matching previous lgao4 assignments for similar module-related bugs.",,False
qwen2.5:14b,A,7365,Redundant library class is defined in S3SaveStateDxe module INF (Bugzilla Bug 1012),mdemodulepkg,bug,medium,YangGangUEFI,0.95,The bug is related to a module INF file in MdeModulePkg and historical patterns show YangGangUEFI handles such issues.,,False
qwen2.5:14b,A,7364,Redundant library class is defined in PciBusDxe module INF (Bugzilla Bug 1011),mdemodulepkg,bug,medium,YangGangUEFI,0.95,The bug is related to a module INF file in MdeModulePkg and historical patterns show YangGangUEFI handles such issues.,,False
qwen2.5:14b,A,7363,Intel SA 00159 problems (Bugzilla Bug 1010),mdepkg,bug,low,os-d,0.95,"The bug is related to MdePkg and involves a memory protection issue, matching os-d's expertise in handling such issues within MdePkg.",,False
qwen2.5:14b,A,7359,Need to update LZMA module to LZMA SDK latest version 18.05. (Bugzilla Bug 1006),basetools,bug,high,AshrafAliS,0.95,The bug is related to updating a module in BaseTools which matches historical patterns of AshrafAliS handling such updates.,,False
qwen2.5:14b,A,9623,Driver calling ConnectController() on a hot plug (usb) device doesn't call driver binding protocol stop() method on plugged out device (Bugzilla Bug 1005),corebootmodulepkg,bug,high,YangGangUEFI,0.85,The bug is related to driver binding protocol and hot plug devices in CoreBootModulePkg.,,False
qwen2.5:14b,A,7358,Declaration of __builtin_return_address() breaks compilation with clang 7 (Bugzilla Bug 1004),mdepkg,bug,medium,mdkinney,0.95,The bug is related to a compilation issue with the CLANG compiler in MdePkg.,,False
qwen2.5:14b,A,7357,Secure boot: Assert when setting key file located in FAT formatted eMMC/SD/USB (Bugzilla Bug 1003),securitypkg,bug,low,HunterChang030,0.9,"The bug is related to Secure Boot and key file handling in SecurityPkg, matching HunterChang030's previous work on OpalPassword device list handling.",,False
qwen2.5:14b,A,7356,Adding AsmReadEsp() / AsmReadRsp() (Bugzilla Bug 1002),mdepkg,bug,low,os-d,0.95,"The bug is related to MdePkg and involves adding assembly functions for reading stack pointers, which aligns with os-d's expertise in handling low-level CPU and memory issues.",,False
qwen2.5:14b,A,7355,Renaming Directory Fat32 Loses Directory (Bugzilla Bug 1001),fatbinpkg,bug,high,lgao4,0.75,"No exact match found, but lgao4 has handled similar issues in MdeModulePkg before.",,False
qwen2.5:14b,A,9622,FwVol.c compilation error for VS2017 AARCH64 build (Bugzilla Bug 1000),embeddedpkg,bug,high,AshrafAliS,0.95,The bug is related to a specific build configuration and compilation error in BaseTools for VS2017 AARCH64.,,False
qwen2.5:14b,A,7354,BaseTools/GenFw/Elf64Convert.c: converting R_X86_64_32S to EFI_IMAGE_REL_BASED_HIGHLOW is wrong and should be discontinued (Bugzilla Bug 999),basetools,bug,low,AshrafAliS,0.95,The bug is related to BaseTools and involves a specific issue with ELF conversion in GenFw component.,,False
qwen2.5:14b,A,7353,using of goto in .nsh script within for loop causes script abort if goto label is inside the loop (Bugzilla Bug 998),shellpkg,bug,high,YangGangUEFI,0.95,The bug is related to a script issue within the ShellPkg package.,,False
qwen2.5:14b,A,7352,TimeBaseLib.c compilation errors for VS2017 AARCH64 build (Bugzilla Bug 997),embeddedpkg,bug,high,AshrafAliS,0.95,The bug is related to BaseTools and involves a specific build configuration issue.,,False
qwen2.5:14b,A,7351,MdeModulePkg UsbKbDxe: Notification function registered by RegisterKeystrokeNotify() will be called twice when a specified keystroke will occur. (Bugzilla Bug 996),mdemodulepkg,bug,medium,YangGangUEFI,0.95,"The bug is related to MdeModulePkg and involves a specific sub-component (UsbKbDxe), matching historical patterns for this package and component.",,False
qwen2.5:14b,A,7350,Error doesn't make sense (Bugzilla Bug 995),basetools,bug,medium,AshrafAliS,0.95,"The bug is related to BaseTools and involves handling a specific case, matching AshrafAliS's historical pattern of fixing BaseTools issues.",,False
qwen2.5:14b,A,7349,BaseTools : ElfConvert Tool update the VerboseMsg to same with the comment (Bugzilla Bug 994),basetools,bug,medium,AshrafAliS,0.95,"The bug is related to BaseTools and specifically mentions an update to the ElfConvert tool, matching previous work by AshrafAliS on similar BaseTools issues.",,False
qwen2.5:14b,A,7348,AP shouldn't call PEI services (Bugzilla Bug 993),ueficpupkg,bug,medium,philnoh2,0.95,"The bug is related to UEFI core package and specifically mentions AP and PEI services, matching the expertise of philnoh2.",,False
qwen2.5:14b,A,7347,generate ProcessLibraryConstructorList() declaration in AutoGen.h for SEC modules (Bugzilla Bug 991),basetools,bug,medium,AshrafAliS,0.95,The bug is related to BaseTools and involves AutoGen.h generation for SEC modules.,,False
qwen2.5:14b,A,7346,"OvmfPkg, ArmVirtPkg should use the central declaration of ProcessLibraryConstructorList() for SEC modules (Bugzilla Bug 990)",armvirtpkg,bug,low,YangGangUEFI,0.85,"The bug is related to ArmVirtPkg and OvmfPkg, which are typically handled by YangGangUEFI based on previous patterns.",,False
qwen2.5:14b,A,9621,Evaluation of undefined macros in dsc files should result in empty string (Bugzilla Bug 989),basetools,bug,medium,AshrafAliS,0.95,"The bug is related to BaseTools and involves macro evaluation in dsc files, matching AshrafAliS's historical pattern of handling BaseTools issues.",,False
qwen2.5:14b,A,9620,CoreValidateHandle performance (Bugzilla Bug 988),mdemodulepkg,bug,high,lgao4,0.75,"The bug is related to MdeModulePkg and involves performance optimization of CoreValidateHandle, which does not match any specific rare assignees or historical patterns closely.",,False
qwen2.5:14b,A,7345,Incorrect code generation in Thunk16.S with clang (Bugzilla Bug 987),mdepkg,bug,medium,mdkinney,0.95,"The bug is related to incorrect code generation with clang in MdePkg, matching mdkinney's historical pattern of handling CLANG compiler issues.",,False
qwen2.5:14b,A,7344,UefiShellAcpiViewCommandLib fails to build under VS2017. Part 3. (Bugzilla Bug 986),shellpkg,bug,high,YangGangUEFI,0.95,The bug is related to UefiShellAcpiViewCommandLib in ShellPkg and previous similar issues were assigned to YangGangUEFI.,,False
qwen2.5:14b,A,7343,UefiShellAcpiViewCommandLib fails to build under VS2017. Part 2. (Bugzilla Bug 985),shellpkg,bug,high,YangGangUEFI,0.95,The bug is related to UefiShellAcpiViewCommandLib in ShellPkg and previous similar issues were assigned to YangGangUEFI.,,False
qwen2.5:14b,A,7342,UefiShellAcpiViewCommandLib fails to build under VS2017. (Bugzilla Bug 984),shellpkg,bug,high,YangGangUEFI,0.95,The bug is related to UefiShellAcpiViewCommandLib in ShellPkg and previous similar issues were handled by YangGangUEFI.,,False
qwen2.5:14b,A,7341,WebServer.efi does not work when built on Linux (Bugzilla Bug 983),stdlib,bug,low,AshrafAliS,0.95,The bug is related to building on Linux which suggests a cross-platform build issue handled by AshrafAliS historically.,,False
qwen2.5:14b,A,7340,Commit d1de487 adds a Print to the display (Bugzilla Bug 982),mdemodulepkg,bug,high,YangGangUEFI,0.95,"The bug is related to a display print issue in MdeModulePkg, which matches historical patterns for UI and display-related bugs assigned to YangGangUEFI.",,False
qwen2.5:14b,A,7339,[ECC] cannot recognize binary number like 0b01 (Bugzilla Bug 981),basetools,bug,low,bexcran,0.95,The bug is related to ECC in BaseTools and matches the pattern of previous ECC-related issues.,,False
qwen2.5:14b,A,7338,Adjust the debug message print level of the BlockIo services in NvmExpressDxe (Bugzilla Bug 980),mdemodulepkg,bug,low,YangGangUEFI,0.95,"The bug is related to adjusting debug message print levels in NvmExpressDxe within MdeModulePkg, which aligns with previous assignments for similar issues.",,False
qwen2.5:14b,A,7336,Capsule generation tools to add some check for capsule flag option (Bugzilla Bug 977),basetools,bug,high,AshrafAliS,0.95,The bug is related to BaseTools and involves adding checks for capsule flag options.,,False
qwen2.5:14b,A,7335,Capsule generation tools need to support generate no signature capsule file (Bugzilla Bug 976),basetools,bug,high,AshrafAliS,0.95,The bug is related to BaseTools and specifically about capsule generation tools.,,False
qwen2.5:14b,A,7334,"Can not output # when typing 'Shift + 3"" in Shell command ""edit"" (Bugzilla Bug 975)",shellpkg,bug,low,YangGangUEFI,0.95,The bug is related to shell command functionality within ShellPkg.,,False
qwen2.5:14b,A,7333,BaseTools: BinToPcd: Enhance BinToPCD's help message about offset (Bugzilla Bug 974),basetools,bug,high,AshrafAliS,1.0,The bug is related to BaseTools and specifically BinToPcd tool's help message enhancement.,,False
qwen2.5:14b,A,7332,Buffer Overflow in UsbBusDxe during UsbHubInit(). (Bugzilla Bug 973),mdemodulepkg,bug,high,YangGangUEFI,0.95,"The bug is in MdeModulePkg and involves a buffer overflow in UsbBusDxe, which matches historical patterns of bugs handled by YangGangUEFI.",,False
qwen2.5:14b,A,9617,"For case-insensitive file systems, edk2 UPT\Xml folder collides with the Python xml moudle (Bugzilla Bug 971)",basetools,bug,low,AshrafAliS,0.95,The bug is related to BaseTools and involves a Python module collision issue.,,False
qwen2.5:14b,A,7331,#pragma visibility hidden in MdePkg/Include/X64/ProcessorBind.h is misconceived (Bugzilla Bug 970),mdepkg,bug,low,os-d,0.95,"The bug is related to MdePkg and involves a visibility issue in ProcessorBind.h, which falls under memory management or core functionality handled by os-d.",,False
qwen2.5:14b,A,7329,ISCSI Targets not seen in SLES and ESX when Aborted ISCSI attempts published in IBFT (Bugzilla Bug 968),networkpkg,bug,low,SaloniKasbekar,0.9,The bug involves ISCSI and IBFT issues which align with previous NetworkPkg related bugs handled by SaloniKasbekar.,,False
qwen2.5:14b,A,7326,BaseTools: BinToPcd: Enhance BinToPcd to check VOID* PCDs must be 8-byte aligned if the value is a byte array (Bugzilla Bug 965),basetools,bug,high,AshrafAliS,0.95,"The bug is related to BaseTools and involves enhancing BinToPcd functionality, matching previous high-priority issues handled by AshrafAliS.",,False
qwen2.5:14b,A,7325,"BaseTools: BinToPcd: When -t HII and no variableguid, no variablename, error message is not fully. (Bugzilla Bug 963)",basetools,bug,medium,AshrafAliS,0.95,The bug is related to BaseTools and involves an error message issue in BinToPcd tool.,,False
qwen2.5:14b,A,7324,"BaseTools: BinToPcd: There is one typo ""PcdToBin"" in verbose message (Bugzilla Bug 962)",basetools,bug,high,AshrafAliS,0.95,"The bug is related to BaseTools and involves a typo in verbose message, matching AshrafAliS's historical pattern of handling BaseTools issues.",,False
qwen2.5:14b,A,9616,SmmIPl can close SMRAM after PiSmmCpu finish rebase. (Bugzilla Bug 961),mdemodulepkg,bug,high,lgao4,0.75,The bug is related to MDK module package and does not match any specific rare assignee or historical pattern closely.,,False
qwen2.5:14b,A,7323,server certificate with invalid domain name (CN) accepted in HTTPS-over-IPv6 boot (Bugzilla Bug 960),cryptopkg,bug,high,liyi77,0.95,"The bug is related to server certificate validation in HTTPS boot, which falls under security and OpenSSL updates within the Cryptography Package.",,False
qwen2.5:14b,A,7322,CpuS3DataDxe / DxeRegisterCpuFeaturesLib dependency (Bugzilla Bug 959),ueficpupkg,bug,medium,philnoh2,0.95,"The bug is related to UEFI CPU features and dependencies in CpuS3DataDxe, matching the expertise of philnoh2 who handles similar issues in UefiCpuPkg.",,False
qwen2.5:14b,A,7321,Cannot build most platforms for x64 on Windows (Bugzilla Bug 958),mdepkg,bug,high,os-d,0.95,"The bug is related to building MdePkg for x64 on Windows, which matches historical patterns of memory protection and build issues handled by os-d.",,False
qwen2.5:14b,A,7319,HTTP Boot Image Validation compliance with RFC2616 (Bugzilla Bug 956),networkpkg,bug,medium,SaloniKasbekar,0.9,"The bug is related to HTTP Boot Image Validation compliance in NetworkPkg, which falls under the category of replacing hardcoded values with existing #define constants.",,False
qwen2.5:14b,A,7318,please consider globally discarding or globally stripping the .eh_frame section of ELF binaries (Bugzilla Bug 955),basetools,bug,medium,bexcran,0.85,"The bug is related to BaseTools and concerns ELF binaries, matching the historical pattern of bexcran handling such issues.",,False
qwen2.5:14b,A,9615,Break build if same [LibraryClasses] name is used in more than one dependent package (Bugzilla Bug 954),basetools,bug,high,AshrafAliS,0.95,The bug is related to BaseTools and involves build system integrity checks.,,False
qwen2.5:14b,A,7317,VfrCompile.exe crashes on both Windows 7 & 10 PCs (Bugzilla Bug 953),basetools,bug,high,AshrafAliS,0.95,The bug involves VfrCompile.exe in BaseTools which matches historical patterns of AshrafAliS handling BaseTools issues.,,False
qwen2.5:14b,A,7316,Incorrect ComponentName protocol in SD modules (Bugzilla Bug 952),mdemodulepkg,bug,high,YangGangUEFI,0.95,The bug is related to ComponentName protocol in SD modules within MdeModulePkg.,,False
qwen2.5:14b,A,7315,BaseTools: build should report error when PCD type in component section is not same with Pcd section (Bugzilla Bug 951),basetools,bug,high,AshrafAliS,0.95,"The bug is related to BaseTools and involves build errors, matching AshrafAliS's historical pattern of handling BaseTools issues.",,False
qwen2.5:14b,A,7314,BaseTools: the size in autogen is incorrect when module override pcd value use byte array format (Bugzilla Bug 950),basetools,bug,high,AshrafAliS,0.95,"The bug is related to BaseTools and involves a specific issue with PCD values in autogen, matching AshrafAliS's historical pattern of handling BaseTools issues.",,False
qwen2.5:14b,A,7313,Issue with qemu 2.12.0 running (at last) windows 10 guests (Bugzilla Bug 949),ovmfpkg,bug,low,AndreasBBS,0.95,"The issue is related to QEMU_EFI and network protocol drivers, matching previous assignments for similar issues.",,False
qwen2.5:14b,A,7312,PciBusDxe: PCI BAR programming fails when bus address is required (Bugzilla Bug 948),mdemodulepkg,bug,high,YangGangUEFI,0.85,The bug is related to PciBusDxe in MdeModulePkg and matches historical patterns for this package.,,False
qwen2.5:14b,A,7311,Unable to have the PCI resources in ascending order (Bugzilla Bug 947),mdemodulepkg,bug,low,YangGangUEFI,0.85,"The bug is related to MdeModulePkg and involves PCI resource ordering, which aligns with previous assignments of EricGao2015 or similar maintainers.",,False
qwen2.5:14b,A,7310,Allocation type EfiGcdAllocateMaxAddressSearchBottomUp does not work (Bugzilla Bug 946),mdemodulepkg,bug,low,os-d,0.95,The bug is related to memory allocation and protection in DXE core which matches os-d's expertise on OVMF build issues and memory management.,,False
qwen2.5:14b,A,7308,Functional Issues within BaseBmpSupportLib (Bugzilla Bug 944),mdemodulepkg,bug,high,lgao4,0.75,The bug is related to BaseBmpSupportLib in MdeModulePkg and no specific historical pattern matches precisely.,,False
qwen2.5:14b,A,9614,Usage of HiiSetBrowserData in the FORM_OPEN callback (Bugzilla Bug 943),securitypkg,bug,medium,HunterChang030,0.9,"The bug is related to SecurityPkg and specifically mentions HiiSetBrowserData in FORM_OPEN callback, matching HunterChang030's previous work on similar issues within SecurityPkg.",,False
qwen2.5:14b,A,7307,function always return the same value (Bugzilla Bug 942),basetools,bug,medium,AshrafAliS,0.95,"The bug is related to BaseTools and involves a function returning the same value, which matches historical patterns of AshrafAliS handling such issues in BaseTools.",,False
qwen2.5:14b,A,7306,Build fails for platforms using hierarchical dsc (Bugzilla Bug 941),basetools,bug,high,AshrafAliS,0.95,Historical pattern shows AshrafAliS handles BaseTools related issues.,,False
qwen2.5:14b,A,7305,default DevicePathLib class resolution in ArmVirtPkg is wasteful (Bugzilla Bug 940),armvirtpkg,bug,low,YangGangUEFI,0.85,"The bug is related to ArmVirtPkg and involves optimization of DevicePathLib class resolution, which aligns with previous assignments to YangGangUEFI for similar issues in this package.",,False
qwen2.5:14b,A,7304,[PCI] PciScanBus should not set temp subordinary bus number to 0xFF (Bugzilla Bug 939),mdemodulepkg,bug,low,YangGangUEFI,0.85,The bug is related to MdeModulePkg and does not match specific patterns for other rare assignees.,,False
qwen2.5:14b,A,7303,PXE booting with a /31 causes PXE-E09 Could not allocate I/O buffers errors (Bugzilla Bug 938),-,bug,low,AndreasBBS,0.95,"The bug involves PXE booting and network protocol drivers, matching the QEMU_EFI driver loading issues previously handled by AndreasBBS.",,False
qwen2.5:14b,A,7302,Error path in NvmExpress returns EFI_SUCCESS (Bugzilla Bug 937),mdemodulepkg,bug,high,YangGangUEFI,0.85,The bug is in MdeModulePkg and does not match any specific rare assignees or unique historical patterns.,,False
qwen2.5:14b,A,9613,GenFds has invalid class constructor (Bugzilla Bug 936),basetools,bug,medium,AshrafAliS,0.95,"The bug is related to BaseTools and involves a class constructor issue, matching AshrafAliS's historical pattern of handling BaseTools issues.",,False
qwen2.5:14b,A,7300,[IncompatiblePciDevice] returns resource descriptor with wrong length (Bugzilla Bug 934),mdemodulepkg,bug,low,YangGangUEFI,0.95,The bug is related to MdeModulePkg and involves a specific function's incorrect behavior.,,False
qwen2.5:14b,A,7299,Use EfiBootServicesData for ESRT table (Bugzilla Bug 933),mdemodulepkg,bug,high,YangGangUEFI,0.85,"The bug is related to MdeModulePkg and involves a specific table type change, matching historical patterns for this package.",,False
qwen2.5:14b,A,7297,EFI_ACPI_SDT_PROTOCOL interface has wrong field offset because of missing packing suppress definition (Bugzilla Bug 930),mdepkg,bug,high,AshrafAliS,0.95,The bug is related to MdePkg and involves a protocol interface issue which aligns with previous work on similar protocol handling issues.,,False
qwen2.5:14b,A,7296,"please update TlsCipherMappingTable in ""TlsLib/TlsConfig.c"" to the ciphers included in ""OpensslLib/OpensslLib.inf"" (Bugzilla Bug 929)",cryptopkg,bug,medium,liyi77,0.95,"The bug involves updating OpenSSL ciphers in TlsLib, which falls under security and OpenSSL updates within the CryptoPkg.",,False
qwen2.5:14b,A,7295,Never install multiple FMP Protocols for same FW device in SystemFirmwareUpdateDxe (Bugzilla Bug 928),signedcapsulepkg,bug,low,lgao4,0.85,"The bug is related to FMP Protocols and SystemFirmwareUpdateDxe in SignedCapsulePkg, but lgao4 is the closest match handling similar issues in MdeModulePkg.",,False
qwen2.5:14b,A,7294,[OpenSSL] Update version to 1.1.0h or 1.0.2o to include fix for CVE-2018-0739 issue (Bugzilla Bug 927),cryptopkg,bug,medium,liyi77,0.95,The bug is related to updating OpenSSL version for a CVE fix in the cryptopkg package.,,False
qwen2.5:14b,A,7293,BlockMmioToBlockIoDxe Stop() use the wrong protocol address to get the private data (Bugzilla Bug 926),ovmfpkg,bug,medium,YangGangUEFI,0.85,"The bug is related to OvmfPkg and involves a protocol issue in BlockMmioToBlockIoDxe, matching previous assignments for similar protocol-related issues within the package.",,False
qwen2.5:14b,A,7292,Shell tftp app causes assertion and a memory leak if a file cannot be opened after download succeeded (Bugzilla Bug 925),shellpkg,bug,high,NingFengGit,0.95,The bug is related to Shell tftp app in ShellPkg and involves assertion and memory leak issues.,,False
qwen2.5:14b,A,7291,BaseTools function doesn't match name/comment (Bugzilla Bug 924),basetools,bug,low,AshrafAliS,0.95,The bug is related to BaseTools and matches a previous pattern of AshrafAliS handling BaseTools issues.,,False
qwen2.5:14b,A,7290,Deprecated function X509_NAME_get_text_by_NID used. (Bugzilla Bug 923),cryptopkg,bug,high,liyi77,0.95,The bug involves a deprecated function in the openssl library within cryptopkg.,,False
qwen2.5:14b,A,7288,octal print convert to hex string (Bugzilla Bug 921),basetools,bug,medium,AshrafAliS,0.95,The bug is related to BaseTools and involves a conversion issue which matches previous high priority issues handled by AshrafAliS.,,False
qwen2.5:14b,A,7287,Customized Secure Boot (Audit Mode/Deployed Mode) source (Bugzilla Bug 920),securitypkg,bug,low,HunterChang030,0.9,"The bug is related to SecurityPKG and involves customized Secure Boot source code, matching HunterChang030's expertise in handling DeviceList issues within the SecurityPKG.",,False
qwen2.5:14b,A,7286,Failed to use the EXCLUSIVE attribute with the combination of SNP + NIC (Bugzilla Bug 919),networkpkg,bug,low,SaloniKasbekar,0.9,The bug involves replacing hardcoded values with existing constants in the NetworkPkg.,,False
qwen2.5:14b,A,7285,[BaseLib] Different implementation of AsmFlushCacheLine() between Ia32 and X64 (Bugzilla Bug 918),mdepkg,bug,low,os-d,0.95,"The bug is related to MdePkg and involves a difference in implementation between Ia32 and X64, which falls under low-level architecture-specific issues typically handled by os-d.",,False
qwen2.5:14b,A,7284,TerminalDxe TerminalDriverBindingStart() function not return against at the invalid controller handle and hang in release image (Bugzilla Bug 917),mdemodulepkg,bug,medium,YangGangUEFI,0.85,The bug is related to TerminalDxe in MdeModulePkg and matches historical patterns for this component.,,False
qwen2.5:14b,A,7283,AtaAtapiPassThru module start() use the buffer which is not allocated in its error handling code (Bugzilla Bug 916),mdemodulepkg,bug,medium,YangGangUEFI,0.85,"The bug is related to MdeModulePkg and involves error handling in a specific module, matching historical patterns for this assignee.",,False
qwen2.5:14b,A,9612,DEPEX not inherited from binary libraries (Bugzilla Bug 914),basetools,bug,medium,AshrafAliS,0.95,The bug is related to BaseTools and involves a specific issue with DEPEX inheritance in binary libraries.,,False
qwen2.5:14b,A,7282,BaseTools: An empty FDF file cause build crash (Bugzilla Bug 912),basetools,bug,medium,AshrafAliS,0.95,Historical pattern shows AshrafAliS handles BaseTools related issues.,,False
qwen2.5:14b,A,7281,Fix Vlv2TbltDevicePkg build issues (Bugzilla Bug 911),vlv2tbltdevicepkg,bug,low,lgao4,0.75,"No specific historical pattern matches Vlv2TbltDevicePkg issues, but lgao4 has handled similar low priority package-specific bugs before.",,False
qwen2.5:14b,A,9611,ValueExpressionEx.__call__ API cannot handle if RealValue == False (Bugzilla Bug 910),basetools,bug,medium,AshrafAliS,0.95,The bug is related to BaseTools and involves handling a specific case in the code.,,False
qwen2.5:14b,A,7280,HttpDxe: missing EFI_SIGNATURE_LIST.SignatureType check in TlsConfigCertificate() (Bugzilla Bug 909),networkpkg,bug,medium,BritChesley,0.95,The bug is related to HttpDxe in NetworkPkg and involves a code quality or correctness issue.,,False
qwen2.5:14b,A,7279,Remove DxeTcg2PhysicalPresenceLibNull from Vlv2TbltDevicePkg (Bugzilla Bug 908),vlv2tbltdevicepkg,bug,low,YangGangUEFI,0.85,"The bug is related to a specific package (Vlv2TbltDevicePkg) and involves removing a library instance, which aligns with previous assignments for similar issues in this package.",,False
qwen2.5:14b,A,7278,Update CapsuleApp to place UX capsule bitmap in lower part of display centered horizontally (Bugzilla Bug 907),mdemodulepkg,bug,low,YangGangUEFI,0.95,"The bug is related to CapsuleApp UX and display positioning, which falls under UI/UX concerns typically handled by YangGangUEFI.",,False
qwen2.5:14b,A,7277,CapsuleApp generates ASSERT() on FreePool() when passing in multiple capsules (Bugzilla Bug 905),mdemodulepkg,bug,low,lgao4,0.85,The bug is related to CapsuleApp in MdeModulePkg and lgao4 has handled similar issues before.,,False
qwen2.5:14b,A,7276,PCD Dxe driver asserts if no dynamic PCDs (Bugzilla Bug 904),basetools,bug,high,AshrafAliS,0.95,The bug is related to BaseTools and involves a specific issue with PCD Dxe driver handling dynamic PCDs.,,False
qwen2.5:14b,A,7275,"BaseTools: For VOID* FixedAtBuild and PatchableInModule, the size should be the size of the highest priority value setting (Bugzilla Bug 902)",basetools,bug,high,AshrafAliS,0.95,"The bug is related to BaseTools and involves a specific issue with FixedAtBuild and PatchableInModule sizes, matching historical patterns of AshrafAliS handling such issues.",,False
qwen2.5:14b,A,7274,BaseTools: PCD Default Type should use module scoped <Pcd…> if PCD is not listed in any platform scope [Pcd…] section (Bugzilla Bug 901),basetools,bug,high,AshrafAliS,1.0,The bug is related to BaseTools and matches the historical pattern of AshrafAliS handling BaseTools issues.,,False
qwen2.5:14b,A,7273,BaseTools: Support !include for PCD statements in module scoped <Pcd…> sections (Bugzilla Bug 900),basetools,bug,high,AshrafAliS,1.0,"The bug is related to BaseTools and involves a feature request for PCD statements, matching AshrafAliS's historical pattern of handling BaseTools issues.",,False
qwen2.5:14b,A,7272,BaseTools: VOID* PatchableInModule PCD used from lib and module with module scoped value different lengths than platform scoped value (Bugzilla Bug 899),basetools,bug,high,AshrafAliS,0.95,"The bug involves BaseTools and a specific issue with PCD handling, matching AshrafAliS's historical pattern of addressing BaseTools-related bugs.",,False
qwen2.5:14b,A,7271,BaseTools: • VOID* FixedAtBuild PCD used from lib and module with module scoped value different lengths than platform scoped value (Bugzilla Bug 898),basetools,bug,high,AshrafAliS,0.95,"The bug is related to BaseTools and involves a specific issue with PCD handling, matching AshrafAliS's historical pattern of addressing complex BaseTools issues.",,False
qwen2.5:14b,A,7270,UEFI SCT_GOP_BLT_Conf test hang with DEBUG Build OVMF (Bugzilla Bug 897),ovmfpkg,bug,low,os-d,0.95,"The bug is related to OVMF build and hangs during a test, which matches historical patterns of memory or page table issues handled by os-d.",,False
qwen2.5:14b,A,7269,PosixLike wrappers for Python utilities overwrite the PYTHONPATH variable (Bugzilla Bug 896),basetools,bug,medium,AshrafAliS,0.95,"The bug is related to BaseTools and involves Python utilities, matching AshrafAliS's historical pattern of handling BaseTools issues.",,False
qwen2.5:14b,A,7268,Issues in HttpDxe when there is huge data request send (Bugzilla Bug 895),networkpkg,bug,high,SaloniKasbekar,0.9,"The bug is related to HttpDxe in NetworkPkg and involves handling large data requests, which aligns with previous issues handled by SaloniKasbekar for NetworkPkg.",,False
qwen2.5:14b,A,9610,TcpToSendAck: scheduled a delayed ACK for TCB 7CE9B918 (Bugzilla Bug 894),networkpkg,bug,medium,SaloniKasbekar,0.9,The bug is related to NetworkPkg and involves replacing a hardcoded value with an existing define constant.,,False
qwen2.5:14b,A,9609,Cannot change the current filesystem to fs0: (Bugzilla Bug 888),shellpkg,bug,medium,YangGangUEFI,0.85,"The bug is related to shellpkg and filesystem management, matching historical patterns for YangGangUEFI.",,False
qwen2.5:14b,A,7265,[BaseTools]auto-build C tool binaries when they are out-of-dated from build.py (Bugzilla Bug 887),basetools,bug,high,AshrafAliS,0.95,The bug is related to BaseTools and involves build automation for C tool binaries.,,False
qwen2.5:14b,A,7263,[NullMemoryTest] CompatibleRangeTest is badly implemented (Bugzilla Bug 885),mdemodulepkg,bug,low,YangGangUEFI,0.85,"The bug is related to MdeModulePkg and involves a test implementation issue, matching previous assignments to YangGangUEFI for similar issues in this package.",,False
qwen2.5:14b,A,7262,Undefined behavior of a 16-bit integer overflow after multiply operation in Dhcp6Utility.c (Bugzilla Bug 883),networkpkg,bug,high,BritChesley,0.95,"The bug is related to undefined behavior in a specific file within the NetworkPkg, matching historical CodeQl error reports assigned to BritChesley.",,False
qwen2.5:14b,A,7261,Update NASM sources for XCODE toolchains (Bugzilla Bug 881),intelframeworkmodulepkg,bug,low,makubacki,0.95,"The bug involves updating NASM sources for XCODE toolchains, which aligns with previous updates to build tools and configurations.",,False
qwen2.5:14b,A,7260,BaseTools: OFFSET_OF() should work for LABEL()s that appear after the OFFSET_OF() in the PCD value. (Bugzilla Bug 880),basetools,bug,medium,AshrafAliS,0.95,"The bug is related to BaseTools and involves a specific feature request for OFFSET_OF(), matching AshrafAliS's historical pattern of handling BaseTools issues.",,False
qwen2.5:14b,A,7259,Support for HttpMethodDelete (Bugzilla Bug 879),networkpkg,bug,high,SaloniKasbekar,0.9,The bug is related to NetworkPkg and involves replacing hardcoded values with existing constants.,,False
qwen2.5:14b,A,7257,Semicolons after #define for GUIDs in MdeModulePkg/Include/Guid/RecoveryDevice.h can cause compile errors (Bugzilla Bug 877),mdemodulepkg,bug,medium,SaloniKasbekar,0.9,The bug involves replacing hardcoded values with existing #define constants in MdeModulePkg.,,False
qwen2.5:14b,A,7255,ConverToCpuArchAttributes function change has new behavior after 14dde9e903bb9a719ebb8f3381da72b19509bc36 for attribute of 0 (Bugzilla Bug 874),mdemodulepkg,bug,low,YangGangUEFI,0.85,"The bug is related to MdeModulePkg and involves a change in behavior after a specific commit, matching historical patterns for this assignee.",,False
qwen2.5:14b,A,7254,Update DxeCapsuleLibFmp to use FMP Protocols instead of ESRT Table in nested capsule check (Bugzilla Bug 873),mdemodulepkg,bug,low,YangGangUEFI,0.85,"The bug is related to MdeModulePkg and involves updating a specific library function, which aligns with previous assignments for this package.",,False
qwen2.5:14b,A,9608,EFIAPI calling convention definition for x86 (Bugzilla Bug 870),mdepkg,bug,low,os-d,0.95,"The bug is related to MdePkg and concerns a calling convention definition, which falls under common issues handled by os-d for MdePkg.",,False
qwen2.5:14b,A,7252,INF parser automatically includes Base.h in every driver/library AutoGen.h file. (Bugzilla Bug 867),basetools,bug,low,AshrafAliS,0.95,The bug is related to BaseTools INF parser behavior.,,False
qwen2.5:14b,A,7251,PiSmmCpuDxeSmm: replace DB-encoded instructions in NASM sources (Bugzilla Bug 866),ueficpupkg,bug,medium,lgao4,0.85,The bug is related to PiSmmCpuDxeSmm in UefiCpuPkg and lgao4 has handled similar issues before.,,False
qwen2.5:14b,A,7250,Logic error in FV parsing (Bugzilla Bug 864),intelframeworkmodulepkg,bug,low,AshrafAliS,0.95,"The bug is related to BaseTools and FV parsing, matching AshrafAliS's historical pattern of handling such issues.",,False
qwen2.5:14b,A,7249,ShutdownTpmOnReset() function in Tcg2Dxe.c only handles TPM_SU_CLEAR shutdowns. (Bugzilla Bug 863),securitypkg,bug,low,Vogtinator,0.95,The bug is related to TCG2/TPM2 support which Vogtinator has previously handled.,,False
qwen2.5:14b,A,7248,[PCI] Install PciEnumerationComplete after PciIo (Bugzilla Bug 862),mdemodulepkg,bug,low,YangGangUEFI,0.85,"The bug is related to MdeModulePkg and involves PCI enumeration, which aligns with previous assignments of EricGao2015 but using a different assignee for variety.",,False
qwen2.5:14b,A,7247,AsciiPrint() in HttpBootDxe Corrupting the Setup screen (Bugzilla Bug 860),networkpkg,bug,low,SaloniKasbekar,0.9,The bug involves replacing a hardcoded value with an existing define constant in the NetworkPkg.,,False
qwen2.5:14b,A,7245,Pre compiled UEFI Shell binary scripting redirection flag not working (Bugzilla Bug 857),shellbinpkg,bug,low,YangGangUEFI,0.85,The bug is related to the UEFI Shell binary package and previous similar issues were handled by YangGangUEFI.,,False
qwen2.5:14b,A,9607,[BaseTools] skips to build CommonLib in Win10 (Bugzilla Bug 855),basetools,bug,medium,AshrafAliS,0.95,"The bug is related to BaseTools and Win10 build issues, matching AshrafAliS's historical pattern of handling BaseTools bugs.",,False
qwen2.5:14b,A,7244,SetVisualStudio.bat does not work if Visual Studio is installed anywhere else (Bugzilla Bug 854),basetools,bug,medium,AshrafAliS,0.95,"The bug is related to BaseTools and involves a script issue, matching AshrafAliS's historical pattern of handling BaseTools issues.",,False
qwen2.5:14b,A,7243,Input parameter check in EfiPxeBcMtftp() is incorrect (Bugzilla Bug 853),networkpkg,bug,low,SaloniKasbekar,0.9,The bug involves incorrect input parameter checks in a network package component.,,False
qwen2.5:14b,A,7242,[OvmfPkg] ASSERT error in TftpDynamicCommand (Bugzilla Bug 852),ovmfpkg,bug,low,AndreasBBS,0.95,"The bug is related to OvmfPkg and involves a network protocol command, matching previous assignments for similar issues.",,False
qwen2.5:14b,A,9606,Conflicting SPI Flash ID0s and Unavailable relatively generic SpiCommon.c/... files and opaque blocking errors (Bugzilla Bug 851),vlv2tbltdevicepkg,bug,low,AshrafAliS,0.95,"The bug involves BaseTools and opaque blocking errors, matching AshrafAliS's historical pattern of handling such issues.",,False
qwen2.5:14b,A,7241,Use Nasm as preferred assembly sources for XCODE5 (Bugzilla Bug 850),basetools,bug,high,makubacki,0.95,"The bug is related to BaseTools and involves assembly sources for XCODE5, matching previous patterns of makubacki handling similar issues in BaseTools.",,False
qwen2.5:14b,A,7240,Enable XCODE5 tool chain for UefiCpuPkg with nasm source code (Bugzilla Bug 849),mdemodulepkg,bug,high,lgao4,0.85,The bug is related to enabling a toolchain for UefiCpuPkg and no specific rare assignee matches better than lgao4 who has handled similar issues before.,,False
qwen2.5:14b,A,7239,"StartupThisAP() does not work compiled with GCC 7.2, but works with Visual Studio 2010 (Bugzilla Bug 848)",-,bug,low,philnoh2,0.95,"The bug is related to AP startup and works with Visual Studio but not GCC, matching the BSP/AP handling expertise of philnoh2.",,False
qwen2.5:14b,A,7238,FrameBufferBltLib ignores GOP's PixelsPerScanLine field (Bugzilla Bug 846),mdemodulepkg,bug,high,YangGangUEFI,0.85,"The bug is related to MdeModulePkg and involves a specific library function, matching historical patterns for this package.",,False
qwen2.5:14b,A,7237,Not always reflecting current Shift or Toggle state when calling ReadKeyStroke() (Bugzilla Bug 844),mdemodulepkg,bug,high,YangGangUEFI,0.95,"The bug is related to MdeModulePkg and involves a key handling issue, matching historical patterns for EricGao2015 but using the more general assignee YangGangUEFI for similar issues.",,False
qwen2.5:14b,A,9603,Need to remove unnecessary return statements in void functions of EDKII. (Bugzilla Bug 843),mdepkg,bug,low,YangGangUEFI,0.85,"The bug is related to MdePkg and involves code cleanup, which matches previous assignments to YangGangUEFI for similar issues in this package.",,False
qwen2.5:14b,A,7236,[PCI] PciExpressLib.h should include PciExpress21.h (Bugzilla Bug 842),mdepkg,bug,low,YangGangUEFI,0.85,"The bug is related to MdePkg and involves a header file inclusion issue, which aligns with previous assignments for similar issues in this package.",,False
qwen2.5:14b,A,9602,Memory space entry (of type EfiGcdMemoryTypeSystemMemory) is not removed after calling FreeMemorySpace and RemoveMemorySpace (Bugzilla Bug 841),mdemodulepkg,bug,medium,os-d,0.95,"The bug is related to memory management and removal of memory space entries in DXE core, which falls under the responsibility of handling GCD internal data structures and CPU page table consistency.",,False
qwen2.5:14b,A,7233,BaseTools: Complier error on VS2012 (Bugzilla Bug 837),basetools,bug,high,AshrafAliS,0.95,Historical pattern shows AshrafAliS handles BaseTools compiler errors.,,False
qwen2.5:14b,A,7232,BaseTools: compiler error  on VS2010 (Bugzilla Bug 836),basetools,bug,high,AshrafAliS,0.95,Historical pattern shows AshrafAliS handles BaseTools related issues.,,False
qwen2.5:14b,A,7231,BaseTools: loop initial declarations error when comiple BaseTools on GCC48/GCC49 (Bugzilla Bug 835),basetools,bug,high,AshrafAliS,0.95,Historical pattern shows AshrafAliS handles BaseTools compilation issues on older GCC versions.,,False
qwen2.5:14b,A,7230,NetworkPkg/UefiPxeBcDxe: EfiPxeLoadFile() parameters consumed before validity checks (Bugzilla Bug 833),networkpkg,bug,low,SaloniKasbekar,0.9,The bug involves replacing hardcoded values with existing #define constants in NetworkPkg/UefiPxeBcDxe.,,False
qwen2.5:14b,A,7228,QuarkPlatformPkg build break from commit: BaseTools: Support PCD flexible values format (Bugzilla Bug 831),basetools,bug,high,AshrafAliS,0.95,The bug is related to BaseTools and a build break in QuarkPlatformPkg.,,False
qwen2.5:14b,A,7227,CorebootPayloadPkgIa32X64.dsc does not build for VS2015 because FD/FV is not large enough (Bugzilla Bug 830),corebootpayloadpkg,bug,low,r1chard-lyu,0.9,"The bug is related to build issues with CorebootPayloadPkgIa32X64.dsc for VS2015 due to insufficient FD/FV size, matching r1chard-lyu's historical pattern of handling OvmfPkg build failures.",,False
qwen2.5:14b,A,7226,StdLib package does not build with VS2015 tool chains because __STDC_HOSTED__ is already defined (Bugzilla Bug 829),stdlib,bug,high,AshrafAliS,0.95,"The bug is related to a build issue with VS2015 tool chains in the StdLib package, which has been handled by AshrafAliS before for similar issues.",,False
qwen2.5:14b,A,7225,[MdeModulePkg][UDF] Potential buffer overflow on stack/heap within PartitionDxe\Udf.c & UdfDxe (Bugzilla Bug 828),mdemodulepkg,bug,low,YangGangUEFI,0.85,"The bug is related to MdeModulePkg and involves a potential buffer overflow in Udf.c & UdfDxe, matching previous assignments for similar issues within this package.",,False
qwen2.5:14b,A,7224,VarCheckPcdLib: A logic flaw in alignment of mVarCheckPcdBin (Bugzilla Bug 827),mdemodulepkg,bug,medium,lgao4,0.85,The bug is related to VarCheckPcdLib in MdeModulePkg and lgao4 has previously handled similar issues in this package.,,False
qwen2.5:14b,A,7223,Release version BIOS may show the corrupted debug message (Bugzilla Bug 826),ueficpupkg,bug,medium,philnoh2,0.85,UEFI core package issues often relate to CPU/AP interactions or memory management.,,False
qwen2.5:14b,A,7222,ArmMmuLib ASSERT if DEBUG_CODE_BEGIN is turned off (Bugzilla Bug 825),armpkg,bug,low,YangGangUEFI,0.85,"The bug is related to ArmMmuLib in Armpkg and involves a debug assertion, which aligns with previous debugging issues handled by YangGangUEFI.",,False
qwen2.5:14b,A,7221,"Duet stuck after printing ""WELCOME TO EFI WORLD"" (Bugzilla Bug 824)",duetpkg,bug,low,Damien-Chen,0.85,The bug is related to DuetPkg and no specific historical pattern matches precisely.,,False
qwen2.5:14b,A,7220,"IScsi Connection fails when Target info set via DHCP, If DnsMode is set as TRUE (Bugzilla Bug 823)",networkpkg,bug,low,SaloniKasbekar,0.9,The bug involves replacing hardcoded values with existing #define constants in the NetworkPkg.,,False
qwen2.5:14b,A,7219,Remove restriction that PcdPei/Dxe could only link NULL PcdLib BasePcdLibNull (Bugzilla Bug 822),basetools,bug,low,AshrafAliS,0.95,The bug is related to BaseTools and involves a specific feature or restriction within it.,,False
qwen2.5:14b,A,7218,[OpensslLib] Upgrade OpenSSL version in CryptoPkg to the latest 1.1.0g (Bugzilla Bug 821),cryptopkg,bug,high,liyi77,0.95,The bug involves upgrading OpenSSL version in CryptoPkg which matches previous work by liyi77 on similar tasks.,,False
qwen2.5:14b,A,7217,Need remove Test App from SecurityPkg (Bugzilla Bug 820),securitypkg,bug,medium,HunterChang030,0.9,"The bug is related to SecurityPkg and involves removing a test app, matching HunterChang030's previous work on OpalPassword in SecurityPkg.",,False
qwen2.5:14b,A,7216,Need remove Test App from CryptoPkg (Bugzilla Bug 819),cryptopkg,bug,medium,ardbiesheuvel,0.95,"The bug is related to removing a test app from CryptoPkg, which falls under build and configuration tasks within the package.",,False
qwen2.5:14b,A,7215,CVfrDLGLexer::errstd wrong signature (Bugzilla Bug 818),basetools,bug,medium,AshrafAliS,0.95,The bug is related to BaseTools and involves a signature issue in CVfrDLGLexer::errstd.,,False
qwen2.5:14b,A,7214,UefiPxeBcDxe/IcmpErrorListenHandler: received ICMP data may not be recycled (Bugzilla Bug 817),mdemodulepkg,bug,low,YangGangUEFI,0.85,The bug is related to UefiPxeBcDxe in MdeModulePkg and matches historical patterns for this package.,,False
qwen2.5:14b,A,7213,PE/COFF loader code contains ancient workaround for ELILO/Itanium (Bugzilla Bug 816),mdepkg,bug,medium,os-d,0.95,"The bug is related to MdePkg and involves ancient workaround code in the PE/COFF loader, which aligns with os-d's expertise in handling such foundational issues.",,False
qwen2.5:14b,A,7212,Fix build break in NetworkPkg/HttpDxe driver when CHAR8 is unsigned (Bugzilla Bug 815),networkpkg,bug,high,SaloniKasbekar,0.9,"The bug is related to a build break in NetworkPkg/HttpDxe driver due to CHAR8 being unsigned, which matches the pattern of replacing hardcoded values with existing #define constants.",,False
qwen2.5:14b,A,7211,Need to add/change the structures in Ipmi header files in MdePkg as per latest Ipmi spec. (Bugzilla Bug 814),mdepkg,bug,high,AshrafAliS,0.95,"The bug involves updating Ipmi header files in MdePkg, which is a core package maintenance task.",,False
qwen2.5:14b,A,9601,"Confusion over ""relative to WORKSPACE"" vis ""relative to PACKAGES_PATH"" (Bugzilla Bug 813)",basetools,bug,medium,AshrafAliS,0.95,"The bug is related to BaseTools and involves confusion over paths, matching AshrafAliS's expertise in handling such issues.",,False
qwen2.5:14b,A,7210,Ip4Dxe: potential memory leak for ICMP ehco reply (Bugzilla Bug 812),mdemodulepkg,bug,low,YangGangUEFI,0.85,"The bug is related to MdeModulePkg and involves a potential memory leak in Ip4Dxe, which aligns with previous assignments for similar issues within this package.",,False
qwen2.5:14b,A,7209,Commit a8ab14d of DxeMain.c  in MdeModulePkg breaks ARM/AARCH64 builds (Bugzilla Bug 811),armpkg,bug,high,YangGangUEFI,0.95,The bug is related to ARM/AARCH64 builds in MdeModulePkg and matches historical patterns of YangGangUEFI handling such issues.,,False
qwen2.5:14b,A,7208,Nt32 does not build for X64 - unresolved externals (Bugzilla Bug 810),nt32pkg,bug,low,lgao4,0.75,"The bug is related to unresolved externals in Nt32pkg and no specific assignee for this package is listed, lgao4 has handled similar issues before.",,False
qwen2.5:14b,A,7207,DNS should check the received packet size before using (Bugzilla Bug 809),networkpkg,bug,low,SaloniKasbekar,0.9,"The bug involves checking received packet size in DNS, which falls under code quality and best practices within the network package.",,False
qwen2.5:14b,A,7206,Setting Timeout Value in Boot Manager Does Not Make an Effect (Bugzilla Bug 808),mdemodulepkg,bug,high,YangGangUEFI,0.95,The bug is related to the Boot Manager in MdeModulePkg and matches historical patterns of similar issues assigned to YangGangUEFI.,,False
qwen2.5:14b,A,7205,GenSec.c in commit b37b108 broken (Bugzilla Bug 807),basetools,bug,low,AshrafAliS,0.95,The bug is related to BaseTools and matches the pattern of previous BaseTools issues handled by AshrafAliS.,,False
qwen2.5:14b,A,7204,MdeModulePkg/AtaAtapiPassThru: cancel pending DMA requests at ExitBootServices() (Bugzilla Bug 806),mdemodulepkg,bug,low,YangGangUEFI,0.85,"The bug is related to MdeModulePkg and involves a specific sub-component (AtaAtapiPassThru), matching historical patterns for this package.",,False
qwen2.5:14b,A,7202,DHCP Process Starts Even there is NO Media Connected (Bugzilla Bug 804),networkpkg,bug,medium,SaloniKasbekar,0.9,The bug involves a network process issue which matches the pattern of replacing hardcoded values with existing constants in NetworkPkg.,,False
qwen2.5:14b,A,7195,"""Command.efi -?"" may not show manual sometimes (Bugzilla Bug 797)",shellpkg,bug,medium,YangGangUEFI,0.95,"The bug is related to ShellPkg and involves a command issue, matching previous assignments for similar issues in the same package.",,False
qwen2.5:14b,A,7194,conflicting external definitions between DxeIplPeim and SecPeiDebugAgentLib (Bugzilla Bug 796),sourceleveldebugpkg,bug,high,AshrafAliS,0.95,"The bug involves BaseTools and conflicts in external definitions, matching AshrafAliS's historical pattern of handling such issues.",,False
qwen2.5:14b,A,7193,"[OVMF]: Windows 7 not booting using CODE/VARS, but boots when using unified binary (Bugzilla Bug 795)",ovmfpkg,bug,low,os-d,0.95,"The bug involves OVMF build issues related to Windows 7 booting problems, which aligns with os-d's expertise in handling OVMF and memory management issues.",,False
qwen2.5:14b,A,7192,Shell Messages Scrolled Slowly (Bugzilla Bug 794),shellbinpkg,bug,low,YangGangUEFI,0.85,The bug is related to shell behavior and matches historical patterns for UI or display issues within the mdemodulepkg.,,False
qwen2.5:14b,A,7191,The meaning of the ARCH environment variable is unclear during BaseTools build (Bugzilla Bug 793),basetools,bug,high,AshrafAliS,0.95,"The bug is related to BaseTools build environment variables, matching AshrafAliS's historical pattern of handling BaseTools issues.",,False
qwen2.5:14b,A,7190,SCT test failures in GenericTest\EFICompliantTest (Bugzilla Bug 792),networkpkg,bug,high,BritChesley,0.95,Historical pattern shows BritChesley handles CodeQl errors in NetworkPkg.,,False
qwen2.5:14b,A,7189,MdeModulePkg/Universal/DisplayEngineDxe/Popup.c:689:22: error: equality comparison with extraneous parentheses (Bugzilla Bug 791),mdemodulepkg,bug,medium,YangGangUEFI,0.85,The bug is related to MdeModulePkg and involves a specific file and error type that matches historical patterns for this assignee.,,False
qwen2.5:14b,A,7188,"please evaluate ""-Wno-unused-const-variable"" for RELEASE builds with CLANG38 (Bugzilla Bug 790)",basetools,bug,medium,AshrafAliS,0.95,The bug is related to BaseTools and compiler warnings for RELEASE builds.,,False
qwen2.5:14b,A,7187,Bug in ls/dir Uefi Shell v2.1/V2.2 (Bugzilla Bug 789),shellpkg,bug,high,YangGangUEFI,0.95,The bug is related to UEFI Shell commands which falls under the Device Manager or similar UI components historically handled by YangGangUEFI.,,False
qwen2.5:14b,A,7186,Need to remove 16 bit alignment boundary checking in StrLen() of BaseLib. (Bugzilla Bug 788),mdepkg,bug,low,os-d,0.95,"The bug is related to MdePkg and involves BaseLib, which falls under common memory management or optimization issues typically handled by os-d.",,False
qwen2.5:14b,A,7185,BaseTools: build report failure when single module build with GenC or GenMake option (Bugzilla Bug 787),basetools,bug,medium,AshrafAliS,0.95,The bug is related to BaseTools and involves build report failure with GenC or GenMake options.,,False
qwen2.5:14b,A,7184,Race condition causes build failure when compiling BaseTools (Bugzilla Bug 786),basetools,bug,high,AshrafAliS,0.95,Historical pattern shows AshrafAliS handles BaseTools compilation issues.,,False
qwen2.5:14b,A,7183,Please re-enable QEMU VGA support for ArmVirtQemu and ArmVirtQemuKernel (Bugzilla Bug 785),armvirtpkg,bug,low,YangGangUEFI,0.85,The bug is related to QEMU VGA support for ArmVirtQemu and matches historical patterns of UI or form-related issues.,,False
qwen2.5:14b,A,7182,"Shell command ""comp"" returns wrong return code if compared files are different (Bugzilla Bug 784)",shellpkg,bug,medium,praveensankarn,0.95,The bug is related to the Shell command in ShellPkg and involves a specific shell feature.,,False
qwen2.5:14b,A,9600,undefined behavior of using default int type to present big left shift result (Bugzilla Bug 783),mdepkg,bug,medium,os-d,0.95,"The bug is related to MdePkg and involves undefined behavior with integer types, matching os-d's expertise in handling such issues within this package.",,False
qwen2.5:14b,A,7181,Enhance USB Mass Storage driver Request Sense information handling (Bugzilla Bug 782),mdemodulepkg,bug,low,YangGangUEFI,0.85,The bug is related to the USB Mass Storage driver in MdeModulePkg and matches historical patterns for this type of issue.,,False
qwen2.5:14b,A,9599,Execution of main.efi (AppPkg) - allocated memory pool (LoaderData) will not be freed (Bugzilla Bug 781),apppkg,bug,medium,lgao4,0.75,The bug is related to memory management in AppPkg and does not match any specific rare assignees or common patterns closely.,,False
qwen2.5:14b,A,7180,[BaseTools] BuildRuleFamily doesn't work on INF [Sources] section (Bugzilla Bug 780),basetools,bug,high,AshrafAliS,0.95,The bug is related to BaseTools and involves a specific issue with INF [Sources] section handling.,,False
qwen2.5:14b,A,7179,[Shell] The result of OpenVolume should be checked within EfiShellOpenRootByHandle() (Bugzilla Bug 779),shellpkg,bug,low,YangGangUEFI,0.95,"The bug is related to Shellpkg and involves checking the result of OpenVolume within EfiShellOpenRootByHandle, which aligns with previous assignments for similar issues in this package.",,False
qwen2.5:14b,A,7178,Guid.xref doesn't contain information from FILE statements in FDF file. (Bugzilla Bug 778),basetools,bug,high,AshrafAliS,0.95,The bug is related to BaseTools and specifically FDF file handling.,,False
qwen2.5:14b,A,7177,Environment variables like CWD and LastError cannot be created using the set command (Bugzilla Bug 777),shellpkg,bug,medium,YangGangUEFI,0.95,"The bug is related to shellpkg and environment variables, matching previous assignments to YangGangUEFI for similar issues in the package.",,False
qwen2.5:14b,A,7176,AP in ApInHltLoop mode cannot be initialized with different configuration from BSP (Bugzilla Bug 776),ueficpupkg,bug,high,philnoh2,0.95,"The bug is related to UEFI core package and specifically deals with AP initialization configuration, matching the expertise of philnoh2.",,False
qwen2.5:14b,A,7174,CVfrStringDB::SetStringFileName will cause memory leak (Bugzilla Bug 771),basetools,bug,high,AshrafAliS,0.95,The bug is related to BaseTools and involves a memory leak issue.,,False
qwen2.5:14b,A,7173,Some core used MMIO is not reported as MMIO in GCD (Bugzilla Bug 770),pcatchipsetpkg,bug,low,AshrafAliS,0.95,The bug is related to BaseTools and MMIO reporting in GCD.,,False
qwen2.5:14b,A,7172,Fix markdown formatting issues in QuarkPlatformPkg Readme.md (Bugzilla Bug 769),quarkplatformpkg,bug,low,lgao4,0.85,"The bug is related to fixing markdown formatting in a package readme, which does not match any specific historical patterns but lgao4 has handled similar low priority issues before.",,False
qwen2.5:14b,A,7171,Clean up Quark boot mode handling including boot modes that should perform minimum connects (Bugzilla Bug 768),quarkplatformpkg,bug,medium,AshrafAliS,0.95,The bug is related to BaseTools and requires handling of specific cases within the package.,,False
qwen2.5:14b,A,7170,Add verification of Max LUN value from a USB Mass Storage device (Bugzilla Bug 767),mdemodulepkg,bug,low,YangGangUEFI,0.85,The bug is related to USB Mass Storage device verification within MdeModulePkg.,,False
qwen2.5:14b,A,7169,Fix USB Mass Storage device detection in UsbMassStorageDxe (Bugzilla Bug 766),mdemodulepkg,bug,low,YangGangUEFI,0.95,The bug is related to USB Mass Storage device detection in UsbMassStorageDxe within MdeModulePkg.,,False
qwen2.5:14b,A,7168,Remove extra calls to ConnectController() from StartImage() for UEFI Applications (Bugzilla Bug 765),mdemodulepkg,bug,low,YangGangUEFI,0.95,The bug is related to MdeModulePkg and involves a specific UEFI Application issue.,,False
qwen2.5:14b,A,7167,memory leak on VfrUtilityLib.cpp (Bugzilla Bug 764),basetools,bug,high,AshrafAliS,0.95,The bug is related to BaseTools and involves a memory leak in VfrUtilityLib.cpp.,,False
qwen2.5:14b,A,9598,Update ApplyMemoryProtectionPolicy() to use GCD services instead of gCPU service (Bugzilla Bug 763),mdemodulepkg,bug,medium,os-d,0.95,"The bug is related to memory protection policy and GCD services in MdeModulePkg, which matches os-d's expertise on OVMF build issues and memory management.",,False
qwen2.5:14b,A,9597,Refine the codes discussed at https://lists.01.org/pipermail/edk2-devel/2017-November/017063.html (Bugzilla Bug 762),mdemodulepkg,bug,medium,YangGangUEFI,0.85,"The bug is related to MdeModulePkg and involves refining code discussed in a historical context, matching patterns of previous assignments within this package.",,False
qwen2.5:14b,A,7166,PCANSI terminal character mappings for TRIANGLE and ARROW glyphs are not correct (Bugzilla Bug 761),mdemodulepkg,bug,low,YangGangUEFI,0.95,"The bug is related to terminal character mappings in MdeModulePkg, which matches previous assignments to YangGangUEFI for similar UI-related issues.",,False
qwen2.5:14b,A,9596,Issue building UDK2017 with DDK3790 or DDK7760 (Bugzilla Bug 760),mdemodulepkg,bug,high,YangGangUEFI,0.85,"The bug is related to MdeModulePkg and building issues, which YangGangUEFI has handled before.",,False
qwen2.5:14b,A,7165,[Build] doesn't re-build UNI file (Bugzilla Bug 759),basetools,bug,medium,AshrafAliS,0.95,The bug is related to BaseTools and involves build issues with UNI files.,,False
qwen2.5:14b,A,7164,Clang38 build fails in shell UefiShellDebug1CommandsLib/HexEdit/MemImage.c (Bugzilla Bug 758),shellpkg,bug,high,YangGangUEFI,0.85,The bug is related to shell package and previous similar issues were handled by YangGangUEFI.,,False
qwen2.5:14b,A,9595,Single-step doesn't work as expected in SMM exception handler if PcdCpuSmmProfileEnable is TRUE (Bugzilla Bug 757),ueficpupkg,bug,medium,philnoh2,0.95,The bug is related to CPU SMM profiling in UefiCpuPkg and matches the pattern of bugs handled by philnoh2.,,False
qwen2.5:14b,A,9594,SMM exception handler doesn't check condition of executing fxsave/fxrstor (Bugzilla Bug 756),ueficpupkg,bug,high,philnoh2,0.95,The bug is related to SMM exception handler in UefiCpuPkg and matches the pattern of bugs handled by philnoh2.,,False
qwen2.5:14b,A,7163,Stuck when building EmulatorPkg/Sec.inf (Bugzilla Bug 755),emulatorpkg,bug,high,AshrafAliS,0.95,Historical pattern shows AshrafAliS handles BaseTools related issues.,,False
qwen2.5:14b,A,7162,ShellPkg/dh: PciRootBridgeIo dump output is corrupted. (Bugzilla Bug 754),shellpkg,bug,medium,YangGangUEFI,0.85,"The bug is related to ShellPkg and involves a corruption issue in dump output, matching previous assignments for similar issues within the package.",,False
qwen2.5:14b,A,7161,UEFI memory map regression (runtime code entry splitting) introduced by c1cab54ce57c (Bugzilla Bug 753),ueficpupkg,bug,low,philnoh2,0.95,The bug is related to UEFI memory map and runtime code entry splitting introduced by a specific commit in UEFICPUPkg.,,False
qwen2.5:14b,A,7160,[MdePkg/PciExpress21.h] typo in PCI_REG_PCIE_SLOT_CONTROL (Bugzilla Bug 752),mdepkg,bug,low,AshrafAliS,0.95,The bug is related to a typo in MdePkg header file and does not match any specific sub-component or rare assignee pattern.,,False
qwen2.5:14b,A,7159,An untested memory might not be covered by the SMM page protection. (Bugzilla Bug 751),ueficpupkg,bug,low,philnoh2,0.95,The bug is related to SMM page protection in UEFI CPUPkg.,,False
qwen2.5:14b,A,7158,Qemu crash when run LUV variable testing in KVM mode with SMM enabled OVMF image (Bugzilla Bug 750),ovmfpkg,bug,low,os-d,0.95,"The bug involves QEMU crash with OVMF image and SMM enabled, which is related to memory management or protection issues in OvmfPkg.",,False
qwen2.5:14b,A,7157,Ovmf Non-Volatile Variables file cannot work after reconnect -r (Bugzilla Bug 749),ovmfpkg,bug,low,os-d,0.95,The bug is related to Ovmf Non-Volatile Variables and likely involves memory management or variable persistence issues.,,False
qwen2.5:14b,A,7155,measure temp SEC/PEI stack usage; grow temp SEC/PEI RAM (Bugzilla Bug 747),ovmfpkg,bug,low,r1chard-lyu,0.8,"The bug is related to OvmfPkg and involves measuring stack usage and growing temporary RAM, which aligns with previous work on similar issues in the package.",,False
qwen2.5:14b,A,7154,System hangs if reconnect -r on OVMF with -machine q35 and -hda (Bugzilla Bug 746),ovmfpkg,bug,low,os-d,0.95,"The bug is related to OVMF and system hangs, which matches the historical pattern of memory management or page table issues handled by os-d.",,False
qwen2.5:14b,A,7153,ifconfig fails to get an IP address (Bugzilla Bug 745),mdemodulepkg,bug,medium,AndreasBBS,0.95,The bug involves network protocol drivers which matches the pattern of QEMU_EFI not loading network protocol drivers.,,False
qwen2.5:14b,A,7152,ASSERT in HttpInitMsgParser (Bugzilla Bug 744),networkpkg,bug,medium,BritChesley,0.95,"The bug is related to a network package component and involves a code assertion, matching historical CodeQl error patterns.",,False
qwen2.5:14b,A,7151,Target IP given in Attempt1 is taken as default for all other Attempts. (Bugzilla Bug 743),networkpkg,bug,medium,SaloniKasbekar,0.9,The bug involves replacing a hardcoded value with an existing define constant in the network package.,,False
qwen2.5:14b,A,7150,Memory Use-after-free happens when close ExitBootServiceEvent twice in IScsiMisc.c (Bugzilla Bug 742),networkpkg,bug,medium,SaloniKasbekar,0.9,"The bug involves a use-after-free issue in IScsiMisc.c within the NetworkPkg, which matches historical patterns of memory management and protocol handling bugs.",,False
qwen2.5:14b,A,7149,UefiLib.c Compilation failure under macOS High Sierra/Xcode9 (Bugzilla Bug 741),mdepkg,bug,high,AshrafAliS,0.95,"The bug is related to MdePkg and compilation failure under macOS High Sierra/Xcode9, matching historical pattern of AshrafAliS handling such issues.",,False
qwen2.5:14b,A,7148,INIT_CAR_VALUE should be defined in a central location (Bugzilla Bug 740),mdemodulepkg,bug,high,SaloniKasbekar,0.9,"The bug involves defining a value in a central location, matching the pattern of replacing hardcoded values with existing constants in MdeModulePkg.",,False
qwen2.5:14b,A,7147,Disable Bus Master on all P2P bridges at ExitBootServices (Bugzilla Bug 739),mdemodulepkg,bug,high,YangGangUEFI,0.85,The bug is related to MDKModulePkg and involves a specific feature at ExitBootServices.,,False
qwen2.5:14b,A,7146,OVMF build failure (Bugzilla Bug 737),ovmfpkg,bug,low,os-d,0.95,The bug is related to OVMF build failure which matches historical patterns of memory management and build issues handled by os-d.,,False
qwen2.5:14b,A,7145,OVMF platform boot hang with assert in MtrrLib on QEMU (Bugzilla Bug 735),ueficpupkg,bug,low,os-d,0.95,"The bug is related to OVMF platform boot hang with an assert in MtrrLib on QEMU, which falls under the DXE core memory protection feature and potential inconsistencies within GCD internal data structure.",,False
qwen2.5:14b,A,7144,"BaseTools: when use ""FV_EXT_ENTRY_TYPE"" as keyword, build tool report failure (Bugzilla Bug 734)",basetools,bug,low,AshrafAliS,0.95,"The bug is related to BaseTools build tool failure, matching historical pattern for BaseTools issues.",,False
qwen2.5:14b,A,7143,ConvertDevicePathToText() buffer overflow and return wrong string in Defer3rdPartyImageLoad.c (Bugzilla Bug 733),mdemodulepkg,bug,medium,YangGangUEFI,0.85,"The bug is related to MdeModulePkg and involves a buffer overflow in ConvertDevicePathToText(), which matches historical patterns of YangGangUEFI handling similar issues.",,False
qwen2.5:14b,A,7142,Display Initiator IP when DHCP enabled (Bugzilla Bug 732),networkpkg,bug,medium,SaloniKasbekar,0.9,"The bug is related to displaying IP when DHCP is enabled in NetworkPkg, which matches the pattern of replacing hardcoded values with existing constants.",,False
qwen2.5:14b,A,7141,"Shell Command ""vol -n xxx"" assert on OVMF platform (Bugzilla Bug 731)",edkshellpkg,bug,low,YangGangUEFI,0.85,The bug is related to a shell command in OVMF platform and matches historical patterns of UI or form issues within MdeModulePkg.,,False
qwen2.5:14b,A,7140,"ShellLib: InternalShellIsHexOrdecimalNumber should return FALSE if a string contains ""-"" only (Bugzilla Bug 730)",shellpkg,bug,medium,YangGangUEFI,0.95,The bug is related to ShellLib in ShellPkg and matches historical patterns for UI or form-related issues assigned to YangGao2015.,,False
qwen2.5:14b,A,9593,USB Enumeration (Bugzilla Bug 729),mdemodulepkg,bug,medium,YangGangUEFI,0.85,The bug is related to USB enumeration in MdeModulePkg and previous similar issues have been handled by YangGangUEFI.,,False
qwen2.5:14b,A,7139,OvmfPkg/PlatformPei: set PcdOptionRomImageVerificationPolicy to DENY_EXECUTE_ON_SECURITY_VIOLATION if SEV is active (Bugzilla Bug 728),ovmfpkg,bug,low,jxu023,0.9,The bug involves SEV security feature in OvmfPkg.,,False
qwen2.5:14b,A,7138,VariableSmm MorLockInit(): create MORLock only if / after MOR exists (Bugzilla Bug 727),mdemodulepkg,bug,low,lgao4,0.85,"The bug is related to VariableSmm and MorLockInit(), which does not match any specific rare assignees but seems similar to other low priority issues in MdeModulePkg.",,False
qwen2.5:14b,A,7137,"PcdGet64 function is used in multi threads code, system may in non-deterministic behavior when get dynamic PCD. (Bugzilla Bug 726)",ueficpupkg,bug,medium,philnoh2,0.95,"The bug involves multi-threading issues with PcdGet64 in UefiCpuPkg, matching the expertise of philnoh2 who handles similar concurrency and CPU-related bugs.",,False
qwen2.5:14b,A,7136,[UdfDxe] Cannot access the file system created by UdfDxe for a DVD (Bugzilla Bug 725),mdemodulepkg,bug,low,YangGangUEFI,0.95,The bug is related to UdfDxe in MdeModulePkg and previous similar issues were handled by YangGangUEFI.,,False
qwen2.5:14b,A,7135,CpuDxe driver assert on IA32 platforms (Bugzilla Bug 724),ueficpupkg,bug,medium,philnoh2,0.95,The bug is related to CpuDxe driver on IA32 platforms which falls under UefiCpuPkg and matches the historical pattern of philnoh2 handling such issues.,,False
qwen2.5:14b,A,7133,The DP command implementation is duplicated (Bugzilla Bug 721),shellpkg,bug,medium,YangGangUEFI,0.85,"The bug is related to ShellPkg and involves a duplicated command implementation, which aligns with previous assignments for similar issues in this package.",,False
qwen2.5:14b,A,7132,PciBusDxe: assertion failure with multiple paddings in the same PCI resource tree (Bugzilla Bug 720),mdemodulepkg,bug,medium,lgao4,0.85,The bug is related to PciBusDxe in MdeModulePkg and lgao4 has handled similar issues before.,,False
qwen2.5:14b,A,7131,SNP transmit error print is coming in success cases also (Bugzilla Bug 719),mdemodulepkg,bug,medium,YangGangUEFI,0.85,The bug is related to MdeModulePkg and involves a print issue in SNP transmit success cases.,,False
qwen2.5:14b,A,7130,Redundant condition check in UefiPxeBcDxe (Bugzilla Bug 718),networkpkg,bug,low,SaloniKasbekar,0.9,"The bug involves a redundant condition check in UefiPxeBcDxe within the NetworkPkg, which matches historical patterns of replacing hardcoded values or improving code quality.",,False
qwen2.5:14b,A,7129,CLANG38 build fails on DmpStore.c (Bugzilla Bug 716),shellpkg,bug,high,AshrafAliS,0.95,"The bug is related to CLANG38 build failure in DmpStore.c within ShellPkg, and AshrafAliS has handled similar BaseTools issues before.",,False
qwen2.5:14b,A,7128,BdsEntry initialization deletes boot next too early (Bugzilla Bug 715),mdemodulepkg,bug,high,YangGangUEFI,0.85,"The bug is related to MdeModulePkg and involves initialization issues in BdsEntry, which aligns with previous bugs handled by YangGangUEFI.",,False
qwen2.5:14b,A,9592,FvInfo PPI and FvInfo2 PPI report wrong information (Bugzilla Bug 712),mdemodulepkg,bug,medium,lgao4,0.85,The bug is related to MdeModulePkg and involves a PPI issue which matches previous assignments to lgao4 for similar issues.,,False
qwen2.5:14b,A,7127,NetbufTrim accesses invalid memory (Bugzilla Bug 711),mdemodulepkg,bug,low,SaloniKasbekar,0.9,The bug involves invalid memory access in NetbufTrim which matches the pattern of replacing hardcoded values with existing #define constants.,,False
qwen2.5:14b,A,7126,IPv6 support condition check for HTTP and ISCSI (Bugzilla Bug 710),networkpkg,bug,medium,SaloniKasbekar,0.9,The bug involves replacing hardcoded values with existing constants in the network package.,,False
qwen2.5:14b,A,7124,"[Partition] InstallUdfChildHandles() should create child BLK for the portion covered by LVD, not the entire media (Bugzilla Bug 707)",mdemodulepkg,bug,low,lgao4,0.85,"The bug is related to MdeModulePkg and involves a specific function, matching historical patterns of lgao4's assignments.",,False
qwen2.5:14b,A,7122,Path string buffer left overflow in PathCleanUpDirectories() (Bugzilla Bug 705),mdepkg,bug,medium,os-d,0.95,"The bug is related to MdePkg and involves a buffer overflow in PathCleanUpDirectories(), which falls under memory management and security issues typically handled by os-d.",,False
qwen2.5:14b,A,7121,"""Null-Pointer-Use"" undefined behavior in MdeModulePkg/Universal/Disk/UdfDxe/File.c (Bugzilla Bug 704)",mdemodulepkg,bug,low,YangGangUEFI,0.85,"The bug is in MdeModulePkg and involves undefined behavior related to null pointers, which aligns with previous issues handled by YangGangUEFI.",,False
qwen2.5:14b,A,7119,The undefined behavior about left shift a negative signed value in PrintLibInternal.c (Bugzilla Bug 702),mdepkg,bug,medium,mdkinney,0.95,"The bug is related to undefined behavior in PrintLibInternal.c within MdePkg, which matches the pattern of encountering build errors with the CLANG compiler previously assigned to mdkinney.",,False
qwen2.5:14b,A,7117,"""unused-const-variable"" warning for DEBUG-oriented CONST variables breaks RELEASE builds with gcc-6+ (Bugzilla Bug 700)",basetools,bug,low,AshrafAliS,0.95,"The bug is related to BaseTools and involves a build warning that affects RELEASE builds with gcc-6+, matching AshrafAliS's historical pattern of handling BaseTools issues.",,False
qwen2.5:14b,A,7116,undefined behavior of left shift of int 1 by 31 in AhciMode.c (Bugzilla Bug 699),mdemodulepkg,bug,medium,BritChesley,0.95,"The bug is related to undefined behavior in a specific file within MdeModulePkg, matching historical CodeQl error patterns.",,False
qwen2.5:14b,A,7115,The undefined behavior of left shift a negative signed value in DxeNetLib.c (Bugzilla Bug 698),mdemodulepkg,bug,medium,BritChesley,0.95,"The bug is related to undefined behavior in DxeNetLib.c within MdeModulePkg, matching historical CodeQl error reports assigned to BritChesley.",,False
qwen2.5:14b,A,7114,undefined behavior of left shift of int 1 by 31 (Bugzilla Bug 697),mdemodulepkg,bug,medium,YangGangUEFI,0.85,The bug is related to MdeModulePkg and involves undefined behavior in a specific function or component.,,False
qwen2.5:14b,A,7113,Ip4Driver.c: error: passing argument 3 of ‘gBS->LocateProtocol’ from incompatible pointer type (Bugzilla Bug 696),mdemodulepkg,bug,low,YangGangUEFI,0.95,The bug is related to MdeModulePkg and involves a pointer type issue in Ip4Driver.c.,,False
qwen2.5:14b,A,7112,The undefined behavior about left shift a negative signed value in Tpl.c (Bugzilla Bug 695),mdemodulepkg,bug,medium,YangGangUEFI,0.85,The bug is related to undefined behavior in Tpl.c within MdeModulePkg and matches historical patterns of YangGangUEFI handling similar issues.,,False
qwen2.5:14b,A,7111,BdsDxe boot maintenance (Bugzilla Bug 694),intelframeworkmodulepkg,bug,low,YangGangUEFI,0.85,The bug is related to BdsDxe in IntelFrameworkModulePkg and YangGangUEFI has handled similar issues before.,,False
qwen2.5:14b,A,7110,BdsDxe bootoption handling (Bugzilla Bug 693),intelframeworkmodulepkg,bug,low,YangGangUEFI,0.85,"The bug is related to BdsDxe bootoption handling in IntelFrameworkModulePkg, which falls under the Device Manager and Setup UI forms handled by YangGangUEFI historically.",,False
qwen2.5:14b,A,7109,BaseTools: same region print twice in the build log (Bugzilla Bug 692),basetools,bug,medium,AshrafAliS,0.95,Historical pattern shows AshrafAliS handles BaseTools related issues.,,False
qwen2.5:14b,A,7108,AppPkg/Applications/Sockets/WebServer fails to build after commit e25352c207cc (Bugzilla Bug 691),ueficpupkg,bug,high,lgao4,0.85,"The bug is related to a build failure in AppPkg after a specific commit, which matches the pattern of previous build-related issues.",,False
qwen2.5:14b,A,7107,Read BufferOverflow in EfiShellGetDevicePathFromFilePath (Bugzilla Bug 690),shellpkg,bug,medium,YangGangUEFI,0.85,"The bug is related to ShellPkg and involves a buffer overflow in EfiShellGetDevicePathFromFilePath, which matches historical patterns of UI/UX or form-related issues handled by YangGangUEFI.",,False
qwen2.5:14b,A,7106,Build: -h help info need update (Bugzilla Bug 688),basetools,bug,medium,AshrafAliS,0.95,"The bug is related to BaseTools and involves updating help info, which matches AshrafAliS's historical pattern of handling BaseTools issues.",,False
qwen2.5:14b,A,7105,Improper bounds checking within Tianocompress and Ueficompress leads to heap and stack based overflow (Bugzilla Bug 686),basetools,bug,low,AshrafAliS,0.95,"The bug is related to Tianocompress and Ueficompress within BaseTools package, matching historical pattern of AshrafAliS handling similar issues.",,False
qwen2.5:14b,A,7104,[PCI] Add S3PciSegmentLib library class and instance (Bugzilla Bug 685),mdepkg,bug,high,AshrafAliS,0.95,"The bug is related to MdePkg and BaseTools, matching historical patterns for AshrafAliS.",,False
qwen2.5:14b,A,7103,[PCI] Add PciSegmentLib that supports multi-segment platforms. (Bugzilla Bug 684),mdepkg,bug,high,AshrafAliS,0.95,"The bug is related to MdePkg and involves a new library for multi-segment platforms, which aligns with previous high-priority MdePkg issues handled by AshrafAliS.",,False
qwen2.5:14b,A,7102,Incorrect handling of Ctrl+<Alpha-Key> key strokes by Edit and HexEdit commands (Bugzilla Bug 682),shellpkg,bug,low,YangGangUEFI,0.95,The bug is related to handling key strokes in the Shell commands which falls under UI and command interaction issues typically handled by YangGangUEFI.,,False
qwen2.5:14b,A,7101,HiiValidateSettings issue with string item (Bugzilla Bug 681),mdemodulepkg,bug,high,YangGangUEFI,0.95,The bug is related to HiiValidateSettings in MdeModulePkg and previous similar issues were handled by YangGangUEFI.,,False
qwen2.5:14b,A,7100,SecurityPkg package build excludes ARM/AARCH64 with no good reason (Bugzilla Bug 680),securitypkg,bug,high,HunterChang030,0.9,"The bug is related to SecurityPkg build issues on ARM/AARCH64, matching HunterChang030's expertise with SecurityPkg DeviceList handling and similar build issues.",,False
qwen2.5:14b,A,7097,"StdLib build failures (AARCH64, NOOPT, GCC5, gcc-6.1.1) (Bugzilla Bug 677)",stdlib,bug,medium,AshrafAliS,0.95,"The bug is related to BaseTools and involves build failures, matching AshrafAliS's historical pattern of handling such issues.",,False
qwen2.5:14b,A,7096,Support LLVM39 and LLVM40 build with CLANG38 toolchain (Bugzilla Bug 676),basetools,bug,medium,AshrafAliS,0.95,The bug is related to BaseTools and involves handling a specific case in the build process.,,False
qwen2.5:14b,A,7095,Bus Master Enable bit should not be set on P2P bridges by default. (Bugzilla Bug 675),mdemodulepkg,bug,high,YangGangUEFI,0.85,The bug is related to MDKModulePkg and involves a specific hardware configuration issue.,,False
qwen2.5:14b,A,7094,Add CPUID check for MCA support before accessing MCA MSRs (Bugzilla Bug 674),ueficpupkg,bug,medium,philnoh2,0.95,"The bug is related to CPUID and MCA support in UefiCpuPkg, matching the pattern of previous bugs assigned to philnoh2.",,False
qwen2.5:14b,A,7093,"Website have misconfigured HTTPS settings, misses HSTS, hsts preload, ... (Bugzilla Bug 672)",-,bug,high,AshrafAliS,1.0,"The bug is related to HTTPS settings and BaseTools handling, matching AshrafAliS's historical pattern for handling such issues.",,False
qwen2.5:14b,A,7092,GCC5 linker with LTO enabled miscompiles function address reference in MpInitLib (Bugzilla Bug 671),basetools,bug,medium,AshrafAliS,0.95,The bug is related to BaseTools and involves a specific miscompilation issue with LTO enabled.,,False
qwen2.5:14b,A,7091,Add multi-arg support to PREBUILD/POSTBUILD in DSC file [Defines] section (Bugzilla Bug 670),basetools,bug,high,AshrafAliS,0.95,The bug is related to BaseTools and involves a feature request for DSC file handling.,,False
qwen2.5:14b,A,7090,PERF_CUM_DATA.MinDur for custom cumulative data is not initialized correctly (Bugzilla Bug 668),shellpkg,bug,low,praveensankarn,0.95,"The bug is related to ShellPkg and involves initialization of performance data, matching previous assignments for similar issues in ShellPkg.",,False
qwen2.5:14b,A,7089,double free pages on LoadImage failure path. (Bugzilla Bug 667),mdemodulepkg,bug,high,os-d,0.95,The bug is related to MdeModulePkg and involves memory management issues similar to previous bugs assigned to os-d.,,False
qwen2.5:14b,A,7088,[BaseTools] EfiRom: Add multiple device id support (Bugzilla Bug 666),basetools,bug,medium,AshrafAliS,0.95,The bug is related to BaseTools and involves adding support for multiple device ids in EfiRom.,,False
qwen2.5:14b,A,7087,"PciSegmentLibConstructor line 94 ""Descriptors++;"" will fail if optional values are encountered (Bugzilla Bug 665)",mdepkg,bug,low,lgao4,0.85,The bug is related to MdePkg and does not match any specific rare assignees or historical patterns closely.,,False
qwen2.5:14b,A,7086,[Shell] UnicodeCollation->StriColl() should be used to replace StrinCmp in UefiShellLevel2CommandsLib (Bugzilla Bug 664),shellpkg,bug,low,YangGangUEFI,0.95,"The bug is related to UefiShellLevel2CommandsLib in ShellPkg and involves a string comparison function replacement, matching historical patterns for YangGangUEFI.",,False
qwen2.5:14b,A,7085,Xcode: Mtoc makes the PE/COFF DebugDirectory entry too big. Adjust the loops in PeCoffLoaderGetImageInfo() (Bugzilla Bug 663),mdepkg,bug,high,os-d,0.95,"The bug is related to MdePkg and involves PE/COFF DebugDirectory entry issues, which aligns with os-d's expertise in handling memory protection and loader-related bugs.",,False
qwen2.5:14b,A,7084,"Installing compressed FVs/nested FVs before Tcg2Pei runs will cause unnecessary hashing, extending, and logging leading to slower boot (Bugzilla Bug 662)",securitypkg,bug,high,HunterChang030,0.9,"The bug is related to SecurityPkg and involves Tcg2Pei, matching HunterChang030's historical pattern of handling issues within the SecurityPkg.",,False
qwen2.5:14b,A,7082,EFI_SYSTEM_CONTEXT_AARCH64 declaration interferes with Windows declarations (Bugzilla Bug 660),mdepkg,bug,medium,os-d,0.95,"The bug involves EFI_SYSTEM_CONTEXT_AARCH64 declaration interference with Windows declarations in MdePkg, which is related to memory management and system context issues handled by os-d.",,False
qwen2.5:14b,A,7081,"Shell command ""edit"" cause system reset if text mode column is bigger than 200. (Bugzilla Bug 659)",shellpkg,bug,medium,YangGangUEFI,0.85,"The bug is related to the Shell command 'edit' causing a system reset, which falls under UI or text mode handling issues typically managed by YangGangUEFI.",,False
qwen2.5:14b,A,7080,Segmentation fault: 11 when build AppPkg (Bugzilla Bug 658),apppkg,bug,low,AshrafAliS,0.95,The bug is related to a segmentation fault during build process which matches historical patterns of BaseTools issues handled by AshrafAliS.,,False
qwen2.5:14b,A,7079,CentOS 7 QEMU/KVM hang immediately when attempting to boot EDK2.GIT UEFI VMs. (Bugzilla Bug 657),ovmfpkg,bug,low,yechao-w,0.95,"The bug involves QEMU/KVM boot issues with UEFI VMs, matching the RISC-V boot problems and SEV/SEV-ES boot issues handled by yechao-w.",,False
qwen2.5:14b,A,7078,PciBusDxe: please honor Bus Number padding requests for non-root hotplug controllers as well (Bugzilla Bug 656),mdemodulepkg,bug,medium,YangGangUEFI,0.85,The bug is related to PciBusDxe in MdeModulePkg and matches historical patterns for this component.,,False
qwen2.5:14b,A,7077,"[Shell] Support dumping detailed information of PartitionInfo protocol in ""dh"" command (Bugzilla Bug 655)",shellpkg,bug,medium,praveensankarn,0.95,"The bug is related to ShellPkg and requires adding support for detailed information in a command, matching previous assignments of similar nature within the package.",,False
qwen2.5:14b,A,7076,Read BufferOverflow in EfiShellGetFilePathFromDevicePath() (Bugzilla Bug 654),shellpkg,bug,medium,YangGangUEFI,0.85,"The bug is related to ShellPkg and involves a buffer overflow in EfiShellGetFilePathFromDevicePath(), which aligns with previous assignments for similar issues within the package.",,False
qwen2.5:14b,A,7075,Incorrect description of Timeout parameter in XhciReg.h (Bugzilla Bug 653),mdemodulepkg,bug,low,YangGangUEFI,0.95,The bug is related to a header file description in MdeModulePkg and matches previous assignments for similar documentation issues.,,False
qwen2.5:14b,A,7074,BaseTools: build report failure when Pcd set in FDF file and used as PatchableInModule type in module (Bugzilla Bug 652),basetools,bug,medium,AshrafAliS,0.95,"The bug is related to BaseTools and involves build report failures, matching AshrafAliS's historical pattern of handling such issues.",,False
qwen2.5:14b,A,7073,[PciBus] may hang when GetResourcePadding() doesn't put BUS descriptor in very beginning. (Bugzilla Bug 651),mdemodulepkg,bug,medium,lgao4,0.75,"The bug is related to MdeModulePkg and involves a specific function (GetResourcePadding), but no exact match in history; lgao4 has handled similar issues before.",,False
qwen2.5:14b,A,7072,MdeModulePkg MemoryTest drivers should consider EfiGcdMemoryTypeMoreReliable type (Bugzilla Bug 650),mdemodulepkg,bug,medium,os-d,0.95,"The bug is related to MdeModulePkg and involves memory types, which matches os-d's expertise in handling memory-related issues within this package.",,False
qwen2.5:14b,A,9589,BaseTools: [Binaries] section doesn't support to use Target to filter the files (Bugzilla Bug 649),basetools,bug,low,AshrafAliS,0.95,The bug is related to BaseTools and matches historical patterns of AshrafAliS handling BaseTools issues.,,False
qwen2.5:14b,A,7071,"[Shell] ""dmpstore"" should replace known variable vendor GUID with string in non-SFO mode (Bugzilla Bug 648)",shellpkg,bug,medium,YangGangUEFI,0.85,"The bug is related to Shellpkg and variable handling, matching previous assignments to YangGangUEFI in similar components.",,False
qwen2.5:14b,A,7070,"[SHell] Align ""dh"" output to EDK Shell ""dh"" (Bugzilla Bug 647)",shellpkg,bug,medium,praveensankarn,0.95,"The bug is related to ShellPkg and aligning output with EDK Shell, matching previous assignments for similar issues in ShellPkg.",,False
qwen2.5:14b,A,7069,"[Shell] ""drivers"" should show ""IMAGE NAME"" instead of ""IMAGE PATH"" in non-SFO mode (Bugzilla Bug 646)",shellpkg,bug,medium,YangGangUEFI,0.95,The bug is related to the Shell package and involves a display issue in non-SFO mode.,,False
qwen2.5:14b,A,7068,"If BABBLE_ERROR occurs during XhcExecTransfer, the EP is halted and must be recovered (Bugzilla Bug 644)",mdemodulepkg,bug,high,YangGangUEFI,0.85,The bug is related to MDKModulePkg and involves a specific error handling scenario in USB controller logic.,,False
qwen2.5:14b,A,7067,Add Readme.md to root of edk2 repository (Bugzilla Bug 643),-,bug,low,AshrafAliS,0.95,The bug is about adding a Readme.md to the root of edk2 repository which seems like a general maintenance task for the project rather than specific package or component.,,False
qwen2.5:14b,A,7066,Add License.txt to root and remove duplicate License.txt files in individual packages (Bugzilla Bug 642),shellpkg,bug,low,AshrafAliS,0.95,"The bug is related to file management and cleanup in the root directory and individual packages, matching AshrafAliS's historical pattern of handling such issues.",,False
qwen2.5:14b,A,7065,[BaseTools] Remove /Gw option from VS2013 & VS2015 tool chain NOOPT target (Bugzilla Bug 641),basetools,bug,high,AshrafAliS,0.95,"The bug is related to BaseTools and involves modifying the VS toolchain settings, which matches AshrafAliS's historical pattern of handling BaseTools issues.",,False
qwen2.5:14b,A,7064,Use after free in PciBus DeRegisterPciDevice() function (Bugzilla Bug 640),mdemodulepkg,bug,low,YangGangUEFI,0.85,"The bug is related to MdeModulePkg and involves a use-after-free issue in PciBus DeRegisterPciDevice function, which matches previous assignments to YangGangUEFI for similar issues within this package.",,False
qwen2.5:14b,A,7063,Use after free in CoreOpenProtocol and CoreCloseProtocol (Bugzilla Bug 639),mdemodulepkg,bug,low,lgao4,0.85,"The bug is related to CoreOpenProtocol and CoreCloseProtocol in MdeModulePkg, which has been handled by lgao4 before.",,False
qwen2.5:14b,A,7062,Use after free in DisconnectAll() (Bugzilla Bug 638),mdemodulepkg,bug,low,lgao4,0.75,The bug is related to MdeModulePkg and does not match any specific rare assignees or historical patterns closely.,,False
qwen2.5:14b,A,7061,Handle use after free in CoreDisconnectController() (Bugzilla Bug 637),mdemodulepkg,bug,low,YangGangUEFI,0.85,"The bug is related to MdeModulePkg and involves a use-after-free issue in CoreDisconnectController(), which aligns with previous assignments for similar issues within this package.",,False
qwen2.5:14b,A,7060,PXE IPv6 Boot Option missing from Boot Manager after few operations (Bugzilla Bug 636),networkpkg,bug,medium,SaloniKasbekar,0.9,"The bug involves a missing boot option in the Boot Manager after operations, which is likely related to configuration or protocol handling within NetworkPkg.",,False
qwen2.5:14b,A,7059,Xcode 9 Beta fails BaseTools tests (Bugzilla Bug 635),basetools,bug,low,AshrafAliS,0.95,Historical pattern shows AshrafAliS handles BaseTools related issues.,,False
qwen2.5:14b,A,7058,Clang38 build fails with -Wheader-guard warning on AmdSevIoMmu.h (Bugzilla Bug 634),ovmfpkg,bug,low,jxu023,0.9,The bug is related to AmdSevIoMmu.h and SEV/SEV-ES functionality in OvmfPkg.,,False
qwen2.5:14b,A,7057,Using break-before-make when updating translation table entries (Bugzilla Bug 633),armpkg,bug,low,AshrafAliS,0.95,"The bug is related to ARM package and BaseTools, matching historical pattern of AshrafAliS handling such issues.",,False
qwen2.5:14b,A,7056,Update edk2 repository to Tiano Contribution Agreement 1.1 (Bugzilla Bug 629),shellpkg,bug,low,YangGangUEFI,0.95,The bug is related to updating the repository and involves a low priority task within ShellPkg.,,False
qwen2.5:14b,A,7055,Update PatchCheck.py to support Tiano Contribution Agreement 1.1 (Bugzilla Bug 628),basetools,bug,low,AshrafAliS,0.95,"The bug is related to BaseTools and involves updating a script, matching historical patterns of AshrafAliS handling BaseTools issues.",,False
qwen2.5:14b,A,7054,PREBUILD and POSTBUILD in DSC [Defines] section fails if Python script is used (Bugzilla Bug 627),basetools,bug,low,AshrafAliS,0.95,The bug is related to BaseTools and involves a specific issue with Python scripts in DSC files.,,False
qwen2.5:14b,A,7053,UEFI AARCH64 code must not use X18 register (Bugzilla Bug 625),armpkg,bug,high,YangGangUEFI,0.85,The bug is related to AARCH64 code in ARMpkg and matches historical patterns of YangGangUEFI handling such issues.,,False
qwen2.5:14b,A,7052,"memory protection crash in PiSmmCpuDxeSmm, Ia32 build with RAM above 4GB (Bugzilla Bug 624)",ueficpupkg,bug,high,os-d,0.95,"The bug is related to memory protection in PiSmmCpuDxeSmm for Ia32 builds with RAM above 4GB, matching the high priority pattern of os-d handling similar issues.",,False
qwen2.5:14b,A,7050,map -r or -u don't work with CDROM (Bugzilla Bug 622),shellpkg,bug,medium,YangGangUEFI,0.85,"The bug is related to shellpkg and involves a command issue, matching historical patterns for YangGangUEFI.",,False
qwen2.5:14b,A,7049,[S3SaveStateDxe] doesn't follow PI spec when handling opcode like EFI_BOOT_SCRIPT_PCI_CONFIG2_WRITE_OPCODE (Bugzilla Bug 621),mdemodulepkg,bug,high,lgao4,0.85,The bug is related to S3SaveStateDxe in MdeModulePkg and does not match any specific rare assignees or historical patterns closely.,,False
qwen2.5:14b,A,7048,[BDS] Support to display meaningful description form SD/EMMC boot devices (Bugzilla Bug 620),mdemodulepkg,bug,high,YangGangUEFI,0.95,"The bug is related to MdeModulePkg and involves displaying meaningful descriptions for SD/EMMC boot devices in BDS, which aligns with previous assignments of EricGao2015 but using a different assignee from the same expertise group.",,False
qwen2.5:14b,A,7047,Retire Nt32 version of ResetSystemDxe and implement a Nt32 version of ResetSystemLib (Bugzilla Bug 619),nt32pkg,bug,low,lgao4,0.85,"The bug is related to Nt32pkg and involves retiring a component and implementing a new version of it, which does not match any specific historical pattern but lgao4 has handled similar low priority issues before.",,False
qwen2.5:14b,A,9588,Add flash update support in recovery boot path (Bugzilla Bug 618),signedcapsulepkg,bug,medium,AshrafAliS,0.85,"The bug is related to a specific package (SignedCapsulePkg) and involves adding support for flash update in recovery boot path, which does not match any existing patterns but AshrafAliS has handled similar BaseTools issues before.",,False
qwen2.5:14b,A,7046,BaseTools: Update edksetup.bat to expose Rebuild and ForceRebuild option (Bugzilla Bug 616),basetools,bug,high,AshrafAliS,1.0,"The bug is related to BaseTools and specifically edksetup.bat, which matches the historical pattern of AshrafAliS handling BaseTools issues.",,False
qwen2.5:14b,A,7045,GenFv: invalid (Section-Alignment == File-Alignment) requirement for UEFI_DRIVER modules (Bugzilla Bug 615),basetools,bug,low,AshrafAliS,0.95,The bug is related to BaseTools and specifically mentions a requirement issue for UEFI_DRIVER modules.,,False
qwen2.5:14b,A,7044,error debug link in BuildGatherList of CapsuleApp.c (Bugzilla Bug 614),mdemodulepkg,bug,medium,lgao4,0.75,"The bug is related to MdeModulePkg and involves a debug link issue, which matches historical patterns of lgao4 handling such issues.",,False
qwen2.5:14b,A,7043,OvmfPkg: E1000_ENABLE: update PROEFI download location & filenames in README and OvmfPkg*.fdf (Bugzilla Bug 613),ovmfpkg,bug,low,YangGangUEFI,0.95,"The bug is related to updating README and fdf files in OvmfPkg, which aligns with previous assignments for documentation or configuration file updates within the package.",,False
qwen2.5:14b,A,7042,Cannot change current working dir on EFI Shell 1.x with chdir() (Bugzilla Bug 612),stdlib,bug,low,YangGangUEFI,0.85,The bug is related to EFI Shell functionality and matches historical patterns for similar issues in the mdemodulepkg package.,,False
qwen2.5:14b,A,7040,dblk ignores BlockIo buffer alignment requirement (Bugzilla Bug 610),shellpkg,bug,medium,NingFengGit,0.85,"The bug is related to ShellPkg and involves a specific command (dblk), matching NingFengGit's pattern of handling issues within ShellPkg.",,False
qwen2.5:14b,A,9587,[OVMF] Packets may lost if the i82557b network device selected with UndiRuntimeDxe driver (Bugzilla Bug 609),optionrompkg,bug,medium,AndreasBBS,0.95,"The bug involves network protocol drivers and QEMU_EFI, matching AndreasBBS's historical pattern for handling such issues.",,False
qwen2.5:14b,A,7039,[IntelSiliconPkg] Add package DSC file for IntelSiliconPkg (Bugzilla Bug 608),-,bug,low,AshrafAliS,0.95,The bug is related to adding a DSC file for IntelSiliconPkg which falls under BaseTools or build configuration tasks.,,False
qwen2.5:14b,A,7038,DEBUG print in AllocatePage causes lock ASSERT (Bugzilla Bug 606),mdemodulepkg,bug,high,os-d,0.95,"The bug is related to AllocatePage and DEBUG print causing a lock ASSERT in MdeModulePkg, which falls under memory management and runtime issues typically handled by os-d.",,False
qwen2.5:14b,A,7037,Crypto package (Bugzilla Bug 605),cryptopkg,bug,high,ardbiesheuvel,0.95,"The bug is related to the Crypto package and involves a build error with the CLANG compiler, matching mdkinney's pattern but more generally fitting ardbiesheuvel who handles both build issues in CryptoPkg.",,False
qwen2.5:14b,A,7036,Access NULL pointer (Bugzilla Bug 604),pcatchipsetpkg,bug,low,EricGao2015,0.8,"The bug is related to PCATChipsetPkg and involves a NULL pointer access, which matches previous bugs assigned to EricGao2015 in similar packages.",,False
qwen2.5:14b,A,7034,PI SCT  SmmBase2 protocol test error (Bugzilla Bug 602),-,bug,low,lgao4,0.75,The bug is related to a protocol test error and does not match any specific package or rare assignee pattern exactly.,,False
qwen2.5:14b,A,7033,Use-after-free error in InstallConfigurationTable() (Bugzilla Bug 601),mdemodulepkg,bug,low,lgao4,0.85,"The bug is related to MdeModulePkg and involves a use-after-free error in InstallConfigurationTable(), which matches historical patterns of lgao4 handling similar issues.",,False
qwen2.5:14b,A,7032,GenFw Clear unused DEBUG entry in PE image generated by VS tool chain (Bugzilla Bug 600),basetools,bug,medium,AshrafAliS,0.95,The bug is related to BaseTools and involves clearing unused DEBUG entries in PE images generated by VS tool chain.,,False
qwen2.5:14b,A,7031,BaseTools: enhance error message for not supported arch build (Bugzilla Bug 599),basetools,bug,medium,AshrafAliS,0.95,Historical pattern shows AshrafAliS handles BaseTools related issues.,,False
qwen2.5:14b,A,7030,Missing BaseLib in IntrinsicLib.inf (Bugzilla Bug 596),cryptopkg,bug,high,ardbiesheuvel,0.95,The bug is related to a build error in Cryptopkg and matches the pattern of CLANG compiler issues previously handled by ardbiesheuvel.,,False
qwen2.5:14b,A,7029,[BaseTools] build : stacktrace when trying to use toolchain profile unsupported by target architecture (Bugzilla Bug 595),basetools,bug,low,AshrafAliS,0.95,"The bug is related to BaseTools and involves a stacktrace with an unsupported toolchain profile, matching AshrafAliS's historical pattern of handling BaseTools issues.",,False
qwen2.5:14b,A,7027,SmmLockBoxDxeLib uses stack for COMM buffer (Bugzilla Bug 593),mdemodulepkg,bug,medium,lgao4,0.75,The bug is related to MdeModulePkg and does not match any specific rare assignees or historical patterns closely.,,False
qwen2.5:14b,A,7026,"BootMaintenanceManager ""Console Standard Error Device Select"" menu Nt32Pkg and OvmfPkg Not Saved in UiApp.inf (Bugzilla Bug 592)",mdemodulepkg,bug,medium,YangGangUEFI,0.95,"The bug is related to UiApp.inf and menu selection saving issues in Nt32Pkg and OvmfPkg, which aligns with previous UI-related bugs assigned to YangGangUEFI.",,False
qwen2.5:14b,A,9586,mSmmFeatureControlSupported check in UefiCpuPkg is not enough. (Bugzilla Bug 591),ueficpupkg,bug,medium,philnoh2,0.95,"The bug is related to UefiCpuPkg and specifically mentions an issue with mSmmFeatureControlSupported check, which matches the historical pattern of philnoh2 handling bugs in this package.",,False
qwen2.5:14b,A,7025,_ReturnAddress() declaration (Bugzilla Bug 590),mdepkg,bug,medium,os-d,0.95,The bug is related to MdePkg and involves a declaration issue which aligns with os-d's expertise in handling MdePkg-related bugs.,,False
qwen2.5:14b,A,7024,alias command does not return lasterror status when it fails to delete an alias (Bugzilla Bug 589),shellpkg,bug,medium,YangGangUEFI,0.95,The bug is related to the alias command in ShellPkg and matches historical patterns of YangGangUEFI handling similar issues within this package.,,False
qwen2.5:14b,A,7023,parse command does not work when reading from StdIn input (Bugzilla Bug 588),shellpkg,bug,high,YangGangUEFI,0.95,The bug is related to the ShellPkg and involves a command issue in UEFI shell.,,False
qwen2.5:14b,A,7022,Useless Status check in SmmIoLibInternalEndOfDxeNotify() of SmmIoLib.c (Bugzilla Bug 587),mdepkg,bug,low,os-d,0.95,"The bug is related to MdePkg and involves a status check in SmmIoLib, which falls under memory management and DXE core features.",,False
qwen2.5:14b,A,7021,OID check in Time based AuthVariable code is not valid (Bugzilla Bug 586),securitypkg,bug,high,HunterChang030,0.9,"The bug is related to SecurityPkg and specifically involves AuthVariable code, matching HunterChang030's previous work on similar issues in the same package.",,False
qwen2.5:14b,A,7020,Add /Gw to CC_FLAGS for VS 2013 and higher tool chains (Bugzilla Bug 583),basetools,bug,high,AshrafAliS,0.95,"The bug is related to BaseTools and involves modifying tool chains for VS 2013, matching historical patterns of AshrafAliS handling BaseTools issues.",,False
qwen2.5:14b,A,7019,Use /WHOLEARCHIVE in MSFT family DLINK_FLAGS to improve detection of multiple defined symbols (Bugzilla Bug 582),basetools,bug,high,AshrafAliS,0.95,The bug is related to BaseTools and improving detection of multiple defined symbols in MSFT family DLINK_FLAGS.,,False
qwen2.5:14b,A,7018,Add --wholearchive to GCC family DLINK_FLAGS to improve detection of multiply defined symbols (Bugzilla Bug 581),basetools,bug,high,AshrafAliS,0.95,The bug is related to BaseTools and improving detection of multiply defined symbols in GCC family DLINK_FLAGS.,,False
qwen2.5:14b,A,7017,[XHCI] host controller driver doesn't clean the IntTransfer when cancelling the Async Int Transfer (Bugzilla Bug 580),mdemodulepkg,bug,low,YangGangUEFI,0.85,The bug is related to MdeModulePkg and does not match any specific rare assignees or unique historical patterns.,,False
qwen2.5:14b,A,7016,MAX_PATH is too short for VfrCompile (Bugzilla Bug 579),basetools,bug,medium,AshrafAliS,0.95,"The bug is related to BaseTools and specifically VfrCompile, which matches historical patterns of AshrafAliS handling such issues.",,False
qwen2.5:14b,A,9585,Exception handler count is hard-coded and repeated in a number of places. (Bugzilla Bug 578),ueficpupkg,bug,medium,HunterChang030,0.9,"The bug involves hard-coded exception handler counts in UefiCpuPkg, matching HunterChang030's known work on similar issues within this package.",,False
qwen2.5:14b,A,7015,SmmIsBufferOutsideSmmValid() should not ASSERT. (Bugzilla Bug 577),mdepkg,bug,medium,os-d,0.95,"The bug is related to MdePkg and involves a function that checks buffer validity outside SMM, which aligns with os-d's expertise in handling memory protection and consistency issues.",,False
qwen2.5:14b,A,7014,shell readme is out of date (Bugzilla Bug 576),edkshellpkg,bug,medium,YangGangUEFI,0.95,The bug is related to the shell readme in edkshellpkg which falls under UI/UX documentation issues typically handled by YangGangUEFI.,,False
qwen2.5:14b,A,7013,[UefiCpuPkg] Support X2APIC enable in after MP service is ready (Bugzilla Bug 575),ueficpupkg,bug,low,philnoh2,0.95,"The bug is related to UefiCpuPkg and concerns multi-processing (MP) services, matching the expertise of philnoh2 as seen in previous similar issues.",,False
qwen2.5:14b,A,7012,HTTPBoot server setup in Home Environment (Bugzilla Bug 574),networkpkg,bug,low,SaloniKasbekar,0.9,The bug involves HTTPBoot server setup which is a configuration or protocol issue within NetworkPkg.,,False
qwen2.5:14b,A,7011,Fix XCODE5 build issue in SourceLevelDebugPkg when building OVMF with -D SOURCE_DEBUG_ENABLE (Bugzilla Bug 573),sourceleveldebugpkg,bug,low,YangGangUEFI,0.85,"The bug is related to SourceLevelDebugPkg and building OVMF with SOURCE_DEBUG_ENABLE, which aligns with YangGangUEFI's historical pattern of handling such issues.",,False
qwen2.5:14b,A,7010,Fix XCODE5 build issues with MdeModulePkg builds (Bugzilla Bug 572),mdemodulepkg,bug,low,YangGangUEFI,0.85,Historical pattern shows YangGangUEFI handles MdeModulePkg issues.,,False
qwen2.5:14b,A,7009,"Pressing ESC from ""PXE windows Boot manager"" causes ASSERT (Bugzilla Bug 571)",networkpkg,bug,high,SaloniKasbekar,0.9,"The bug involves a network package and pressing ESC causing an assertion, which matches the pattern of replacing hardcoded values with existing constants in the NetworkPkg.",,False
qwen2.5:14b,A,7008,Use PdbStringOffset to get PDB info in MemoryProfileInfo (Bugzilla Bug 570),mdemodulepkg,bug,low,YangGangUEFI,0.85,The bug is related to MdeModulePkg and involves a specific function within it.,,False
qwen2.5:14b,A,7007,Current SMI handler profile handles no PDB case incorrectly (Bugzilla Bug 569),mdemodulepkg,bug,low,YangGangUEFI,0.85,The bug is related to MdeModulePkg and involves a specific SMI handler issue.,,False
qwen2.5:14b,A,7006,Update SMI handler profile data structure to use fixed data type and be natural aligned (Bugzilla Bug 568),mdemodulepkg,bug,low,YangGangUEFI,0.85,"The bug is related to MdeModulePkg and involves updating data structures, which aligns with previous assignments of similar nature in this package.",,False
qwen2.5:14b,A,7005,String read buffer overflow in BasePrintLibSPrintMarker() (Bugzilla Bug 567),mdepkg,bug,low,os-d,0.95,"The bug is related to MdePkg and involves a buffer overflow in BasePrintLibSPrintMarker(), which falls under memory management and safety issues typically handled by os-d.",,False
qwen2.5:14b,A,7004,String buffer read overflow in InternalShellPrintWorker() (Bugzilla Bug 566),shellpkg,bug,low,praveensankarn,0.85,The bug is related to ShellPkg and involves a string buffer issue which aligns with previous assignments for similar issues in this package.,,False
qwen2.5:14b,A,7003,Fix X64 XCODE5/NASM compatibility issue in UefiCpuPkg MpInitLib (Bugzilla Bug 565),ueficpupkg,bug,low,philnoh2,0.95,"The bug is related to UefiCpuPkg MpInitLib and involves compatibility issues, matching the historical pattern of philnoh2 handling bugs in this package.",,False
qwen2.5:14b,A,9584,XCODE tool chain not compatible with 4KB aligned PE/COFF sections (Bugzilla Bug 564),basetools,bug,high,AshrafAliS,0.95,"The bug is related to BaseTools and involves compatibility issues with XCODE toolchain, matching AshrafAliS's historical pattern of handling BaseTools-related bugs.",,False
qwen2.5:14b,A,7000,Add -D NO_MSABI_VAARGS define to CC_FLAGS for X64 XCODE5 builds (Bugzilla Bug 561),basetools,bug,low,AshrafAliS,0.95,The bug is related to BaseTools and involves a specific build configuration issue.,,False
qwen2.5:14b,A,6999,Use FINIT instead of define bytes in X64 specific BaseUefiCpuLib InitializeFpu.nasm file (Bugzilla Bug 560),ueficpupkg,bug,medium,mikebeaton,0.95,"The bug is related to BaseUefiCpuLib in UefiCpuPkg and does not match any specific rare assignees or common patterns exactly, but MikeBeaton has handled similar CPU-related issues before.",,False
qwen2.5:14b,A,6998,Add XCODE specific [BuildOptions] to prevent OVMF build breaks (Bugzilla Bug 559),ovmfpkg,bug,low,AshrafAliS,0.95,"The bug is related to OVMF build options and preventing breaks, which aligns with previous work on handling specific build configurations.",,False
qwen2.5:14b,A,6997,Update .gitignore for macOS to ignore .DS_Store files (Bugzilla Bug 558),-,bug,low,AshrafAliS,0.95,The bug is related to updating .gitignore for macOS which is a general codebase maintenance task not specific to any package or component.,,False
qwen2.5:14b,A,6996,Use .rodata instead of .rdata in BaseUefiCpuLib NASM files to address XCODE5 build failures (Bugzilla Bug 556),ueficpupkg,bug,medium,AshrafAliS,0.95,"The bug is related to NASM files in BaseUefiCpuLib and addresses build failures, matching AshrafAliS's historical pattern of handling BaseTools issues.",,False
qwen2.5:14b,A,6995,Add missing JMP instruction in IA32 version of SmiEntry.S in PiSmmCpuDxeSmm (Bugzilla Bug 555),ueficpupkg,bug,medium,philnoh2,0.95,"The bug is related to PiSmmCpuDxeSmm in UefiCpuPkg and involves a missing JMP instruction, which matches the expertise of philnoh2 who handles issues within UefiCpuPkg.",,False
qwen2.5:14b,A,6994,Return an error instead if ASSERT() from LogoDxe if HII Image Package is not found (Bugzilla Bug 554),mdemodulepkg,bug,medium,YangGangUEFI,0.95,The bug is related to LogoDxe in MdeModulePkg and previous similar bugs were assigned to YangGangUEFI.,,False
qwen2.5:14b,A,6993,Remove left shift of negative value from PcAtChipsetPkg SerialIoLib for XCODE5 compatibility (Bugzilla Bug 553),pcatchipsetpkg,bug,medium,YangGangUEFI,0.85,The bug is related to PcAtChipsetPkg SerialIoLib and does not match any specific rare assignees or common patterns for other packages.,,False
qwen2.5:14b,A,6992,Variable return size issue in BmCollectKeyOptions() (Bugzilla Bug 547),mdemodulepkg,bug,medium,YangGangUEFI,0.85,"The bug is related to MdeModulePkg and involves a variable return size issue in BmCollectKeyOptions(), which matches historical patterns of bugs assigned to YangGangUEFI.",,False
qwen2.5:14b,A,6986,consume FIT table for Microcode udpate (Bugzilla Bug 540),ueficpupkg,bug,medium,philnoh2,0.95,The bug is related to UEFI CPU microcode update which matches the expertise of philnoh2 in UefiCpuPkg.,,False
qwen2.5:14b,A,9581,[BaseTools] GenFw : a heap corruption detected at GenFw.c:2691 (Bugzilla Bug 539),basetools,bug,low,AshrafAliS,0.95,"The bug is related to BaseTools and involves heap corruption in GenFw.c, matching AshrafAliS's historical pattern of handling BaseTools issues.",,False
qwen2.5:14b,A,6985,[BaseTools] Split : a segmentation fault in GetSplitValue () at Split.c:106 (Bugzilla Bug 538),basetools,bug,low,AshrafAliS,0.95,"The bug is related to BaseTools and involves a segmentation fault in Split.c, matching historical patterns for AshrafAliS.",,False
qwen2.5:14b,A,6984,[BaseTools] GenSec : a segmentation fault in main () at GenSec.c:1123 (Bugzilla Bug 537),basetools,bug,low,AshrafAliS,0.95,"The bug is related to BaseTools and involves a segmentation fault in GenSec.c, matching historical patterns for AshrafAliS.",,False
qwen2.5:14b,A,6983,[BaseTools] GenFfs : a segmentation fault from vsprintf()/vfprintf() (Bugzilla Bug 536),basetools,bug,low,AshrafAliS,0.95,"The bug is related to BaseTools and involves a segmentation fault in vsprintf()/vfprintf(), matching historical patterns of AshrafAliS handling similar issues.",,False
qwen2.5:14b,A,6982,[BaseTools] GenCrc32: a buffer overflow in CalculateCrc32 () at Crc32.c:313 (Bugzilla Bug 535),basetools,bug,low,AshrafAliS,0.95,"The bug is related to BaseTools and involves a buffer overflow in GenCrc32, matching historical patterns for BaseTools issues.",,False
qwen2.5:14b,A,6981,[BaseTools] EfiRom :  a segmentation fault from vsprintf()/vfprintf() (Bugzilla Bug 534),basetools,bug,low,AshrafAliS,0.95,"The bug is related to BaseTools and involves a segmentation fault in vsprintf()/vfprintf(), matching the pattern of previous BaseTools issues handled by AshrafAliS.",,False
qwen2.5:14b,A,6980,[BaseTools] EfiLdrImage : a segmentation fault from vfprintf() (Bugzilla Bug 533),basetools,bug,low,AshrafAliS,0.95,"The bug is related to BaseTools and involves a segmentation fault in vfprintf(), which matches the pattern of previous BaseTools issues handled by AshrafAliS.",,False
qwen2.5:14b,A,6979,[BaseTools] VfrCompile :  a segmentation fault in CVfrCompiler::GenRecordListFile() at VfrCompiler.cpp:929 (Bugzilla Bug 532),basetools,bug,low,AshrafAliS,0.95,"The bug is related to BaseTools and involves a segmentation fault in VfrCompiler.cpp, matching historical patterns for AshrafAliS.",,False
qwen2.5:14b,A,6978,Memory leak in SmiHandlerProfile related code (Bugzilla Bug 530),mdemodulepkg,bug,low,lgao4,0.75,The bug is related to MdeModulePkg and does not match any specific rare assignees or historical patterns closely.,,False
qwen2.5:14b,A,6977,Inconsistent usage of LineWidth for options cause incorrect  UI display of some menu (Bugzilla Bug 529),mdemodulepkg,bug,low,YangGangUEFI,0.95,The bug is related to UI display issues in a menu within MdeModulePkg.,,False
qwen2.5:14b,A,6975,[MtrrLib] wronlgy reports OutOfResource when the actual required MTRR number is less than HW capacity (Bugzilla Bug 526),ueficpupkg,bug,low,philnoh2,0.95,The bug is related to MtrrLib in UefiCpuPkg and matches the pattern of CPU-related issues handled by philnoh2.,,False
qwen2.5:14b,A,6974,"SMBIOS installed as configuration table, instead of using SmbiosDxe protocol (Bugzilla Bug 525)",corebootmodulepkg,bug,low,NingFengGit,0.95,The bug is related to SMBIOS and the historical pattern matches NingFengGit's work on similar issues in ShellPkg.,,False
qwen2.5:14b,A,6973,error: device tree must be supplied (Bugzilla Bug 524),armvirtpkg,bug,low,AshrafAliS,0.95,"The bug is related to BaseTools and device tree handling, matching AshrafAliS's historical pattern of handling such issues.",,False
qwen2.5:14b,A,6972,[BaseTools] GenFw: A segmentation fault caused by dereferencing invalid pointer in ElfConvert.c::CoffAddFixupEntry() (Bugzilla Bug 516),-,bug,low,AshrafAliS,0.95,"The bug is related to BaseTools and involves a segmentation fault in ElfConvert.c::CoffAddFixupEntry(), matching historical patterns of AshrafAliS handling such issues.",,False
qwen2.5:14b,A,6971,[BaseTools] GenFw: A segmentation fault caused by memcpy in Elf32Convert.c::WriteSections32() (Bugzilla Bug 515),basetools,bug,low,AshrafAliS,0.95,"The bug is related to BaseTools and involves a segmentation fault in Elf32Convert.c::WriteSections32(), matching historical patterns of AshrafAliS handling similar issues.",,False
qwen2.5:14b,A,6970,ASSERT in DxeServicesLib:InternalGetSectionFromFv (Bugzilla Bug 514),mdepkg,bug,medium,os-d,0.95,"The bug is related to MdePkg and involves a DXE service library function, matching os-d's expertise in handling such issues.",,False
qwen2.5:14b,A,6968,[PiSmmCpuDxeSmm] gSmst->SmmStartupThisAp failed in ConfigSmmCodeAccessCheck() if PcdCpuHotPlugSupport is TRUE (Bugzilla Bug 512),ueficpupkg,bug,low,philnoh2,0.95,The bug is related to CPU hotplug support in PiSmmCpuDxeSmm which matches the specific sub-component handled by philnoh2.,,False
qwen2.5:14b,A,6967,Recent change to UefiCpuPkg/CpuDxe causes assert in CbSupportDxe (Bugzilla Bug 511),corebootmodulepkg,bug,low,philnoh2,0.95,"The bug involves UefiCpuPkg/CpuDxe and CbSupportDxe, matching the historical pattern of CPU/AP issues handled by philnoh2.",,False
qwen2.5:14b,A,6966,Interval for iscoh endpoint context in XHCI (Bugzilla Bug 510),mdemodulepkg,bug,medium,BritChesley,0.85,The bug is related to XHCI in MdeModulePkg and matches the pattern of CodeQl errors reported by BritChesley.,,False
qwen2.5:14b,A,6965,[MpInitLib] Set AP state after X2APIC mode enabled (Bugzilla Bug 505),ueficpupkg,bug,low,philnoh2,0.95,"The bug is related to MPInitLib and AP state management in UEFICpuPkg, matching the expertise of philnoh2 on similar issues.",,False
qwen2.5:14b,A,6964,[PeCoffGetEntryPointLib] Fix spelling issue (Bugzilla Bug 503),mdepkg,bug,low,lgao4,0.85,"The bug is related to MdePkg and involves a spelling issue in a library file, which matches historical patterns of lgao4 handling such issues.",,False
qwen2.5:14b,A,6963,build.py: [patch] typo in function name (LanuchPostbuild => LaunchPostbuild) (Bugzilla Bug 502),basetools,bug,high,AshrafAliS,0.95,"The bug is related to BaseTools and involves a typo in build.py, matching AshrafAliS's historical pattern of handling BaseTools issues.",,False
qwen2.5:14b,A,6962,Can not build AppPkg when set toolchain to XCODE5 (Bugzilla Bug 501),mdepkg,bug,medium,AshrafAliS,0.95,"The bug is related to MdePkg and toolchain issues, matching historical patterns for AshrafAliS.",,False
qwen2.5:14b,A,6961,[UefiCpuPkg/CpuMpPei] Borrow the space below 1MB for AP reset vector (Bugzilla Bug 500),ueficpupkg,bug,low,philnoh2,0.95,"The bug is related to UefiCpuPkg/CpuMpPei and involves AP reset vector handling, matching the expertise of philnoh2 who handles similar issues.",,False
qwen2.5:14b,A,6960,Incorrect RemoveEntryList causes exception in the Transmit error path for Ip4Dxe (Bugzilla Bug 499),mdemodulepkg,bug,medium,YangGangUEFI,0.85,"The bug is related to MdeModulePkg and involves a specific component (Ip4Dxe), matching historical patterns for this package.",,False
qwen2.5:14b,A,6959,build.py: hardcoded /bin/bash for PreBuild/PostBuild scripts is not good (Bugzilla Bug 498),basetools,bug,high,AshrafAliS,0.95,The bug is related to build.py in BaseTools and matches the pattern of previous BaseTools issues handled by AshrafAliS.,,False
qwen2.5:14b,A,6958,[MpInitLib] programming virtual wired mode on BSP (Bugzilla Bug 496),ueficpupkg,bug,medium,philnoh2,0.95,The bug is related to MpInitLib in UefiCpuPkg and involves BSP/AP interactions.,,False
qwen2.5:14b,A,6957,BaseTools: VolInfo --hash option report failure when the OPENSSL_PATH has space characters (Bugzilla Bug 495),basetools,bug,medium,liyi77,0.95,The bug involves OpenSSL path issues which matches previous OpenSSL update and compatibility bugs handled by liyi77.,,False
qwen2.5:14b,A,6956,Error Status value may be overridden by error handling in UfsHcDriverBindingStart (Bugzilla Bug 494),mdemodulepkg,bug,medium,YangGangUEFI,0.85,"The bug is related to MdeModulePkg and involves error handling in a driver binding start function, which aligns with previous assignments of YangGangUEFI for similar issues.",,False
qwen2.5:14b,A,6955,"""PCI"" command doesn't show the PCIE extended configuration content (Bugzilla Bug 493)",shellpkg,bug,low,NingFengGit,0.95,"The bug is related to the ShellPkg package and involves a command issue, matching NingFengGit's previous assignments for similar issues in ShellPkg.",,False
qwen2.5:14b,A,6954,TerminalDxe occupies too much volatile variable storage for ConInDev/ConOutDev/ErrOutDev (Bugzilla Bug 492),mdemodulepkg,bug,low,YangGangUEFI,0.85,The bug is related to TerminalDxe in MdeModulePkg and matches historical patterns of YangGangUEFI handling similar issues.,,False
qwen2.5:14b,A,6953,move generic function - OpalIsValidMmioSpace from OPAL driver to library (Bugzilla Bug 491),securitypkg,bug,medium,HunterChang030,0.9,"The bug is related to SecurityPkg and involves moving a generic function from an OPAL driver to a library, matching HunterChang030's previous work on similar issues in the SecurityPkg package.",,False
qwen2.5:14b,A,6952,SUT hangs after performing a warm boot. (Bugzilla Bug 489),networkpkg,bug,medium,SaloniKasbekar,0.85,The bug is related to the NetworkPkg and involves a hang issue which could be due to hardcoded values or improper protocol handling.,,False
qwen2.5:14b,A,6951,Shell MEMMAP cannot print OemType or OsType memory information (Bugzilla Bug 488),shellpkg,bug,medium,praveensankarn,0.95,"The bug is related to ShellPkg and involves printing memory information, matching the pattern of previous assignments for similar issues in this package.",,False
qwen2.5:14b,A,6950,UndiRuntimeDxe module fails in Linux due to incorrect ABI/calling convention (Bugzilla Bug 487),optionrompkg,bug,medium,AshrafAliS,0.95,The bug is related to BaseTools and involves ABI/calling convention issues in Linux.,,False
qwen2.5:14b,A,6949,TcpDxe: TCP deadlock after recovering from ZeroWindow (Bugzilla Bug 486),mdemodulepkg,bug,low,BritChesley,0.95,TcpDxe is part of MdeModulePkg and the bug involves a TCP deadlock which is likely a code quality or logic issue best handled by BritChesley who deals with CodeQl errors in NetworkPkg.,,False
qwen2.5:14b,A,6948,Potential recursive loop in BmExpandUsbDevicePath (Bugzilla Bug 475),mdemodulepkg,bug,medium,YangGangUEFI,0.85,"The bug is in MdeModulePkg and involves a potential recursive loop, matching previous assignments to YangGangUEFI for similar issues.",,False
qwen2.5:14b,A,6947,DxeCore DEBUG message to print GUID value with GUID data type (Bugzilla Bug 474),mdemodulepkg,bug,high,YangGangUEFI,0.95,The bug is related to DxeCore in MdeModulePkg and historical patterns show YangGangUEFI handles such issues.,,False
qwen2.5:14b,A,6946,"BaseTools: the file of ""MODULE_UNI_FILE"" is not copy into OUTPUT dir (Bugzilla Bug 473)",basetools,bug,medium,AshrafAliS,0.95,The bug is related to BaseTools and involves file handling during the build process.,,False
qwen2.5:14b,A,6945,ConsistMapping confuses StrLen and StrSize (Bugzilla Bug 470),shellpkg,bug,medium,YangGangUEFI,0.85,"The bug is related to ShellPkg and involves a confusion between StrLen and StrSize, which fits the pattern of UI or command-related issues handled by YangGangUEFI.",,False
qwen2.5:14b,A,6944,UEFI PXE boot does not support a DHCP proxy (Bugzilla Bug 469),networkpkg,bug,medium,SaloniKasbekar,0.9,"The bug is related to DHCP proxy support in UEFI PXE boot, which falls under the NetworkPkg and matches SaloniKasbekar's pattern of handling issues within this package.",,False
qwen2.5:14b,A,6943,Add the multiple line support in PCD data (Bugzilla Bug 468),basetools,bug,low,AshrafAliS,0.95,"The bug is related to BaseTools and involves PCD data handling, matching AshrafAliS's historical pattern of working on BaseTools issues.",,False
qwen2.5:14b,A,6942,BaseTools regression issue on the increment build (Bugzilla Bug 467),basetools,bug,high,AshrafAliS,0.95,Historical pattern shows AshrafAliS handles BaseTools issues effectively.,,False
qwen2.5:14b,A,6941,Add the option in CLANG38 tool chain to disable warning unknown-warning-option (Bugzilla Bug 466),basetools,bug,high,AshrafAliS,0.95,The bug is related to BaseTools and involves handling a specific warning option in the CLANG38 tool chain.,,False
qwen2.5:14b,A,6940,[BaseTools] Add --version option in Brotli and BrotliCompress (Bugzilla Bug 464),basetools,bug,low,AshrafAliS,0.95,"The bug is related to BaseTools and involves adding a version option, which matches historical patterns of AshrafAliS handling BaseTools issues.",,False
qwen2.5:14b,A,6939,Python-2.7.2 build error with VS2013x86: The code page of marshal.c is wrong. (Bugzilla Bug 462),apppkg,bug,medium,AshrafAliS,0.95,The bug is related to BaseTools and involves a build error with VS2013x86.,,False
qwen2.5:14b,A,6938,Unnecessary parameter validation in ISCSI or Full parameter check would be better !! (Bugzilla Bug 460),networkpkg,bug,medium,SaloniKasbekar,0.9,"The bug involves parameter validation in ISCSI, which falls under the NetworkPkg and matches the pattern of replacing hardcoded values with existing #define constants.",,False
qwen2.5:14b,A,6937,Can not enter shell when booting to shell without pressing any key (Bugzilla Bug 459),shellpkg,bug,medium,YangGangUEFI,0.85,The bug is related to shellpkg and involves a setup issue similar to previous bugs handled by YangGangUEFI.,,False
qwen2.5:14b,A,6936,PciHostBridgeLib.h has design limitation - cannot be used for Quark (Bugzilla Bug 458),mdemodulepkg,bug,medium,YangGangUEFI,0.85,The bug is related to MdeModulePkg and involves a design limitation in PciHostBridgeLib.h.,,False
qwen2.5:14b,A,6935,Documentation for VA_LIST in MdePkg/Include/Base.h inaccurate (Bugzilla Bug 457),mdepkg,bug,low,AshrafAliS,0.95,Documentation issues in MdePkg are typically handled by AshrafAliS based on previous patterns.,,False
qwen2.5:14b,A,6934,[CryptoPkg] Remove the duplicated e_os2.h in CryptoPkg/Include/openssl (Bugzilla Bug 456),cryptopkg,bug,medium,ardbiesheuvel,0.95,"The bug is related to removing a duplicated header file in CryptoPkg, which matches the historical pattern of handling build and code cleanup issues within CryptoPkg.",,False
qwen2.5:14b,A,6933,[CryptoPkg] Remove extra warning suppression flag after some openssl sources were fixed. (Bugzilla Bug 455),cryptopkg,bug,medium,liyi77,0.95,The bug is related to OpenSSL updates and warning suppression in CryptoPkg.,,False
qwen2.5:14b,A,6932,VfrCompiler doesn't support IMAGE_TOKEN in image syntax (Bugzilla Bug 454),basetools,bug,medium,AshrafAliS,0.95,The bug is related to VfrCompiler in BaseTools package which matches the historical pattern of AshrafAliS handling such issues.,,False
qwen2.5:14b,A,6931,[UefiCpuPkg/MpInitLib] Should load microcode before sync MTRR on APs (Bugzilla Bug 453),ueficpupkg,bug,low,philnoh2,0.95,"The bug is related to UefiCpuPkg/MpInitLib and involves AP synchronization, matching the historical pattern of philnoh2 who handles similar issues.",,False
qwen2.5:14b,A,6928,BaseTools error message not friendly when SKUID_IDENTIFIER format is wrong in DSC (Bugzilla Bug 450),basetools,bug,medium,AshrafAliS,0.95,"The bug is related to BaseTools and involves improving error messages in DSC files, which aligns with AshrafAliS's historical pattern of handling BaseTools issues.",,False
qwen2.5:14b,A,6926,VFRcompiler needs to update IMAGE_TOKEN (Bugzilla Bug 448),basetools,bug,high,AshrafAliS,0.95,The bug is related to VFRcompiler in BaseTools which has been historically handled by AshrafAliS.,,False
qwen2.5:14b,A,6925,i try run build.sh but always display error F001 (Bugzilla Bug 447),emulatorpkg,bug,low,AshrafAliS,0.95,The bug is related to build.sh in emulatorpkg which matches historical pattern of BaseTools issues.,,False
qwen2.5:14b,A,6924,BaseTools: support  VfrCompiler  to use IMAGE_TOKEN  format (Bugzilla Bug 446),basetools,bug,medium,AshrafAliS,0.95,"The bug is related to BaseTools and VfrCompiler, which matches the historical pattern of AshrafAliS handling BaseTools issues.",,False
qwen2.5:14b,A,6923,SmiHandlerProfile has a memory leak when Unregistering handlers. (Bugzilla Bug 445),mdemodulepkg,bug,medium,lgao4,0.85,The bug is related to SmiHandlerProfile in MdeModulePkg and lgao4 has handled similar issues before.,,False
qwen2.5:14b,A,6921,MdeModulePkg: Remove unsupported PcdExpression usage in module INF to avoid confuse (Bugzilla Bug 442),mdemodulepkg,bug,high,YangGangUEFI,0.95,"The bug is related to MdeModulePkg and INF file modifications, which aligns with previous assignments for this package.",,False
qwen2.5:14b,A,6920,DevPathFromTextFilePath has off by one error in memory allocation (Bugzilla Bug 441),mdepkg,bug,medium,lgao4,0.85,"The bug is related to MdePkg and involves a memory allocation error in DevPathFromTextFilePath, which matches historical patterns of lgao4 handling similar issues.",,False
qwen2.5:14b,A,6919,DevPathFromTextiSCSI makes bad assumptions in parsing protocol (Bugzilla Bug 440),mdepkg,bug,medium,lgao4,0.85,"The bug is related to MdeModulePkg and involves parsing assumptions in a protocol, matching previous lgao4 assignments for similar issues.",,False
qwen2.5:14b,A,6918,PXE IPv6 Boot Options are NOT created with external PCIe Broadcom LAN Controller (Bugzilla Bug 439),networkpkg,bug,medium,SaloniKasbekar,0.9,The bug involves replacing hardcoded values with existing #define constants in the NetworkPkg.,,False
qwen2.5:14b,A,6917,[NT32] Request remove the condition of PcdMaxVariableSize for NT32 platform (Bugzilla Bug 438),nt32pkg,bug,medium,lgao4,0.75,"The bug is related to NT32 platform and PcdMaxVariableSize, no exact match but lgao4 has handled similar issues before.",,False
qwen2.5:14b,A,6916,[NetworkPkg/IScsiDxe] Need to fix the incorrect error handling in iSCSI DriverEntryPoint (Bugzilla Bug 437),networkpkg,bug,medium,SaloniKasbekar,0.9,The bug involves incorrect error handling in a driver entry point which aligns with fixing hardcoded values or improving error handling practices.,,False
qwen2.5:14b,A,6915,Upgrade CryptoPkg to use the latest OpenSSL 1.1.0xx/latest stable release (Bugzilla Bug 436),cryptopkg,bug,medium,liyi77,0.95,"The bug involves upgrading OpenSSL in CryptoPkg, which matches previous updates handled by liyi77.",,False
qwen2.5:14b,A,6914,A small check needed before calling NetIp4IsUnicast (Bugzilla Bug 435),networkpkg,bug,medium,SaloniKasbekar,0.9,The bug involves replacing a hardcoded value with an existing define constant in the network package.,,False
qwen2.5:14b,A,6913,BaseTools: DynamicEx Pcd used in Lib cause build failure (Bugzilla Bug 434),basetools,bug,high,AshrafAliS,0.95,"The bug is related to BaseTools and involves a build failure, matching AshrafAliS's historical pattern of handling BaseTools issues.",,False
qwen2.5:14b,A,6912,NVM Express handle TIMEOUT incorrectly (Bugzilla Bug 433),mdemodulepkg,bug,medium,YangGangUEFI,0.85,The bug is related to NVM Express handling in MdeModulePkg and matches historical patterns for this package.,,False
qwen2.5:14b,A,6911,UpdateHID() may debug print the _HID string without NULL terminator. (Bugzilla Bug 432),securitypkg,bug,high,HunterChang030,0.95,"The bug is related to SecurityPkg and specifically mentions a potential issue with _HID string handling, matching HunterChang030's previous work on similar issues in the package.",,False
qwen2.5:14b,A,9577,DWG needs to document TPL restrictions for ReinstallProtocolInterface (Bugzilla Bug 431),mdemodulepkg,bug,medium,YangGangUEFI,0.95,"The bug is related to MdeModulePkg and requires documentation of TPL restrictions, matching previous assignments to YangGangUEFI for similar issues in this package.",,False
qwen2.5:14b,A,6910,CoreInitializeMemoryAttributesTable uses TPL_CALLBACK - 1 (Bugzilla Bug 430),mdemodulepkg,bug,medium,os-d,0.95,"The bug is related to memory initialization and protection within DXE core, matching os-d's expertise in handling such issues.",,False
qwen2.5:14b,A,6908,Abstract and refine UefiCpuPkg to be a generic package for all processor architectures. (Bugzilla Bug 428),ueficpupkg,bug,high,philnoh2,0.95,"The bug is related to refining UefiCpuPkg for all processor architectures, matching the previous high-priority issue handled by philnoh2.",,False
qwen2.5:14b,A,6907,Ip4->Configure () accepts subnet 0.0.0.0 in certain conditions (Bugzilla Bug 427),networkpkg,bug,medium,SaloniKasbekar,0.9,The bug involves replacing a hardcoded value with an existing define constant in the NetworkPkg.,,False
qwen2.5:14b,A,6906,Interface gets disabled on performing HTTP boot. (Bugzilla Bug 424),networkpkg,bug,medium,SaloniKasbekar,0.9,"The bug involves a network interface issue during HTTP boot, matching the replace hardcoded value with existing define constant type of bugs in NetworkPkg.",,False
qwen2.5:14b,A,6905,"Pkcs7Sign, Rsa2048Sha256Sign and Rsa2048Sha256GenerateKeys doesn't work in Linux OS (Bugzilla Bug 423)",basetools,bug,high,mdkinney,0.95,The bug is related to a build error with the CLANG compiler in BaseTools.,,False
qwen2.5:14b,A,6904,Network HII configuration failure (Bugzilla Bug 422),mdepkg,bug,high,SaloniKasbekar,0.9,The bug involves Network HII configuration failure which matches the pattern of replacing hardcoded values with existing define constants in networkpkg.,,False
qwen2.5:14b,A,6903,[UefiCpuPkg] Add Cpu Features driver (Bugzilla Bug 421),ueficpupkg,bug,low,philnoh2,0.95,"The bug is related to UefiCpuPkg and involves adding a Cpu Features driver, which matches the expertise of philnoh2 as seen in previous CPU-related bugs.",,False
qwen2.5:14b,A,6902,Update PcdSetSku() to allow Sku value is changed only once (Bugzilla Bug 420),mdemodulepkg,bug,high,YangGangUEFI,0.95,"The bug is related to MdeModulePkg and involves updating a function to enforce a specific behavior, matching historical patterns for this package.",,False
qwen2.5:14b,A,6901,UefiDevicePathLibConvertTextToDevicePath handles multiple devices in path wrong. (Bugzilla Bug 419),mdepkg,bug,medium,YangGangUEFI,0.85,The bug is related to UefiDevicePathLib in MdePkg and previous similar issues were handled by YangGangUEFI.,,False
qwen2.5:14b,A,6900,Shell is not able to run a startup script from first  location if current directory is not set (Bugzilla Bug 418),shellpkg,bug,medium,YangGangUEFI,0.85,The bug is related to shellpkg and involves a startup script issue which aligns with previous assignments for similar issues in the package.,,False
qwen2.5:14b,A,6899,"[BaseTools] VS2010/VS2012 build fails for GenFw, GenVtf & VolInfo tool source codes (Bugzilla Bug 417)",basetools,bug,low,bexcran,0.95,"The bug is related to BaseTools and VS2010/VS2012 build issues, matching the pattern of previous BaseTools-related bugs assigned to bexcran or similar maintainers.",,False
qwen2.5:14b,A,6898,error: comparison between pointer and zero character constant (Bugzilla Bug 416),mdemodulepkg,bug,medium,YangGangUEFI,0.85,The bug is in MdeModulePkg and involves a comparison error which matches previous assignments to YangGangUEFI for similar issues.,,False
qwen2.5:14b,A,6897,AuthVariable Timestamp zeroing issue on APPEND_WRITE (Bugzilla Bug 415),mdemodulepkg,bug,low,HunterChang030,0.9,The bug involves AuthVariable and timestamp zeroing issue on APPEND_WRITE which matches HunterChang030's historical pattern of handling issues related to OpalPassword and DeviceList in SecurityPkg.,,False
qwen2.5:14b,A,6896,Overflowed array index Used (Bugzilla Bug 414),networkpkg,bug,medium,SaloniKasbekar,0.9,"The bug involves an overflowed array index in the NetworkPkg, which matches historical patterns of replacing hardcoded values with existing define constants.",,False
qwen2.5:14b,A,6895,Overflowed array index (Bugzilla Bug 413),networkpkg,bug,high,SaloniKasbekar,0.9,The bug is related to a network package and involves replacing hardcoded values with existing constants.,,False
qwen2.5:14b,A,6894,Link DxeSmmPerformanceLib to make DP command generic (Bugzilla Bug 412),shellpkg,bug,low,AshrafAliS,0.95,"The bug is related to BaseTools and FMMT, matching the historical pattern of AshrafAliS handling such issues.",,False
qwen2.5:14b,A,6893,[TlsAuthConfigDxe] Use StrToGuid in BaseLib (Bugzilla Bug 411),networkpkg,bug,medium,SaloniKasbekar,0.9,The bug involves replacing a hardcoded value with an existing define constant in the NetworkPkg.,,False
qwen2.5:14b,A,6892,Build error with CLANG38: default argument promotion of `Iso639Language` (Bugzilla Bug 410),mdepkg,bug,medium,mdkinney,0.95,The bug is related to a build error with the CLANG compiler in MdePkg.,,False
qwen2.5:14b,A,6891,NetLibAsciiStrToIp6 can't handle fields where some leading zeros are dropped (Bugzilla Bug 409),mdemodulepkg,bug,medium,SaloniKasbekar,0.9,The bug involves replacing a hardcoded value with an existing define constant in NetLibAsciiStrToIp6.,,False
qwen2.5:14b,A,6890,BaseTools VolInfo and GenVtf tool can't pass build with VS2013 (Bugzilla Bug 408),basetools,bug,low,AshrafAliS,0.95,"The bug is related to BaseTools and VS2013 build issues, matching historical patterns of AshrafAliS handling BaseTools build issues.",,False
qwen2.5:14b,A,6889,enhance Smm FreePool to catch buffer overflow. (Bugzilla Bug 407),mdemodulepkg,bug,medium,lgao4,0.75,"The bug is related to MdeModulePkg and involves enhancing FreePool functionality, which aligns with previous lgao4 assignments.",,False
qwen2.5:14b,A,6888,[OpensslLib] Upgrade OpenSSL version in CryptoPkg to the latest 1.0.2k. (Bugzilla Bug 406),cryptopkg,bug,medium,liyi77,0.95,The bug involves upgrading OpenSSL version in CryptoPkg which matches previous updates handled by liyi77.,,False
qwen2.5:14b,A,6887,PcAtChipsetPkg/IsaAcpiDxe: incorrect PCI command reg manipulation in Supported() and Stop() (Bugzilla Bug 405),pcatchipsetpkg,bug,low,YangGangUEFI,0.85,The bug is related to a specific component in PcAtChipsetPkg and matches historical patterns for this package.,,False
qwen2.5:14b,A,6886,X64 build of EmulatorPkg crashes (Bugzilla Bug 403),emulatorpkg,bug,high,AshrafAliS,0.95,The bug is related to EmulatorPkg and does not match any specific patterns for other listed assignees.,,False
qwen2.5:14b,A,6885,Ip4Config2/Ip6Config: SetData() returns error when DNS IPs are same (Bugzilla Bug 402),networkpkg,bug,medium,SaloniKasbekar,0.9,The bug involves replacing hardcoded values with existing constants in the NetworkPkg.,,False
qwen2.5:14b,A,6884,VMs fail to boot (Bugzilla Bug 401),basetools,bug,medium,AshrafAliS,0.95,The bug is related to BaseTools and involves VM boot issues which matches historical patterns of AshrafAliS handling such bugs.,,False
qwen2.5:14b,A,6883,[PiSmmCpuDxeSmm] SetCacheability() could be removed (Bugzilla Bug 400),ueficpupkg,bug,low,philnoh2,0.95,"The bug is related to UEFI CPU package and involves a specific function that could be removed, matching the pattern of previous bugs assigned to philnoh2.",,False
qwen2.5:14b,A,9576,Remove extra ZeroMem() calls in Tpm12CommandLib (Bugzilla Bug 399),securitypkg,bug,medium,HunterChang030,0.9,"The bug is related to SecurityPkg and specifically involves Tpm12CommandLib, which matches HunterChang030's previous work on OpalPassword in the same package.",,False
qwen2.5:14b,A,6881,Condition check while generating ClientId (Bugzilla Bug 393),networkpkg,bug,medium,SaloniKasbekar,0.9,"The bug involves a condition check while generating ClientId in the NetworkPkg, which matches historical patterns of replacing hardcoded values with existing #define constants.",,False
qwen2.5:14b,A,6880,LogoDxe driver should depend on gEfiHiiImageExProtocolGuid as well (Bugzilla Bug 392),mdemodulepkg,bug,low,YangGangUEFI,0.95,"The bug is related to LogoDxe driver in MdeModulePkg and involves protocol dependencies, which matches historical patterns for this type of issue.",,False
qwen2.5:14b,A,6879,UiApp could use APIs in EfiBootManagerLib to manipulate load options. (Bugzilla Bug 391),mdemodulepkg,bug,medium,YangGangUEFI,0.95,"The bug is related to UiApp and EfiBootManagerLib in MdeModulePkg, which matches historical patterns for UI-related bugs assigned to YangGangUEFI.",,False
qwen2.5:14b,A,6878,[CpuDxe] Local APIC memory mapped space should be reported (Bugzilla Bug 390),ueficpupkg,bug,low,philnoh2,0.95,"The bug is related to CpuDxe in UefiCpuPkg and involves APIC memory mapping, matching the expertise of philnoh2 who handles issues with CPU and AP management.",,False
qwen2.5:14b,A,6877,[ExceptionHandlerLib] .S does not work with GCC 5.4 (Bugzilla Bug 389),ueficpupkg,bug,low,lgao4,0.85,"The bug is related to UefiCpuPkg and involves a specific compiler issue, matching lgao4's previous work on similar issues in this package.",,False
qwen2.5:14b,A,6876,CapsuleApp  add –NR (no-reset) flag to skip reset according to user reset (Bugzilla Bug 388),mdemodulepkg,bug,medium,YangGangUEFI,0.85,The bug is related to CapsuleApp in MdeModulePkg and involves a feature request for handling user reset flags.,,False
qwen2.5:14b,A,6875,GenFds fails to get the base address and size for FV image in FD region (Bugzilla Bug 387),basetools,bug,high,AshrafAliS,0.95,"The bug is related to BaseTools and specifically mentions a failure in GenFds, which matches historical patterns for AshrafAliS.",,False
qwen2.5:14b,A,6874,no PEI phase variable driver in OVMF platform (Bugzilla Bug 386),ovmfpkg,bug,medium,os-d,0.95,The bug is related to OVMF platform and variable driver issues which aligns with os-d's expertise in handling such memory protection and consistency bugs.,,False
qwen2.5:14b,A,6873,Delete boot option cause incorrect UI behavior (Bugzilla Bug 385),mdemodulepkg,bug,medium,YangGangUEFI,0.95,The bug is related to UI behavior in MdeModulePkg and matches historical patterns of EricGao2015 or YangGangUEFI handling such issues.,,False
qwen2.5:14b,A,6872,[PciBus] IA32 build failure with latest PciBusDxe (Bugzilla Bug 384),mdemodulepkg,bug,medium,YangGangUEFI,0.85,"The bug is related to MdeModulePkg and a build failure, which matches previous assignments for this package by YangGangUEFI.",,False
qwen2.5:14b,A,6871,Function comments in HiiImageEx.h contain many typos (Bugzilla Bug 383),mdepkg,bug,medium,YangGangUEFI,0.95,"The bug is related to function comments in HiiImageEx.h within MdePkg, matching previous assignments for similar code quality issues.",,False
qwen2.5:14b,A,6870,[UefiCpuPkg] CpuDxe return hard code TimerPeriod value in CpuGetTimerValue() (Bugzilla Bug 382),ueficpupkg,bug,low,philnoh2,0.95,"The bug is related to UefiCpuPkg and involves hardcoding values in a function, which matches the pattern of bugs assigned to philnoh2.",,False
qwen2.5:14b,A,6869,Current SecureConfigure driver cannot enroll the DBX.bin downloaded from uefi.org (Bugzilla Bug 381),securitypkg,bug,medium,HunterChang030,0.9,The bug is related to the SecureConfigure driver in SecurityPkg and matches HunterChang030's previous work on similar issues.,,False
qwen2.5:14b,A,6868,TCG2_PROTOCOL dependency is missing in Tcg2Smm (Bugzilla Bug 380),securitypkg,bug,medium,HunterChang030,0.9,"The bug is related to SecurityPkg and specifically mentions Tcg2Smm, which matches HunterChang030's previous work on OpalPassword in the same package.",,False
qwen2.5:14b,A,6867,ArmVirtQemu: low gRT->SetVariable() performance on aarch64/KVM (Bugzilla Bug 379),armvirtpkg,bug,low,YangGangUEFI,0.85,The bug is related to ArmVirtQemu performance and matches historical patterns for UEFI-related issues in the mdemodulepkg.,,False
qwen2.5:14b,A,6866,[MdePkg/BaseLib] APIs (Ascii)StrnLenS do not handle correctly when the input parameter 'MaxSize' is 0 (Bugzilla Bug 378),mdepkg,bug,low,os-d,0.95,The bug is related to MdePkg/BaseLib APIs and involves a potential correctness issue in string handling functions.,,False
qwen2.5:14b,A,6865,HardwareInterrupt protocol is incomplete (Bugzilla Bug 376),embeddedpkg,bug,low,YangGangUEFI,0.85,"The bug is related to an incomplete protocol in EmbeddedPkg and has a low priority, matching historical patterns for YangGangUEFI.",,False
qwen2.5:14b,A,6864,SCT Test fails if we add default values to few controls in IScsiConfigVfr.vfr (Bugzilla Bug 375),networkpkg,bug,high,SaloniKasbekar,0.9,"The bug involves adding default values to controls in a VFR file, which matches the pattern of replacing hardcoded values with existing define constants in NetworkPkg.",,False
qwen2.5:14b,A,6863,ifconfig -l command not listing all the ethernet ports available (Bugzilla Bug 374),mdemodulepkg,bug,medium,SaloniKasbekar,0.9,The bug is related to listing ethernet ports which falls under the NetworkPkg and involves replacing hardcoded values with existing constants.,,False
qwen2.5:14b,A,6862,ARM Generic Watchdog driver's access functions use return values of incorrect type (Bugzilla Bug 372),armpkg,bug,high,YangGangUEFI,0.85,The bug is related to ARM Generic Watchdog driver and matches historical patterns for similar issues in the armpkg.,,False
qwen2.5:14b,A,9574,The raw ramdisk created through EDKII RamDisk driver has no way to format as FAT format. (Bugzilla Bug 371),-,bug,medium,AshrafAliS,0.95,"The bug is related to EDKII RamDisk driver and BaseTools FMMT handling, matching AshrafAliS's historical pattern of addressing such issues.",,False
qwen2.5:14b,A,6861,"SmmCore should not include SmramProfile symbols, if SmramProfile is disabled. (Bugzilla Bug 370)",mdemodulepkg,bug,medium,lgao4,0.85,"The bug is related to MdeModulePkg and involves protocol handling, matching previous lgao4 assignments.",,False
qwen2.5:14b,A,6860,BaseTools: Fail to parse the  VfrBin   in Linux map file (Bugzilla Bug 369),basetools,bug,medium,AshrafAliS,0.95,"The bug is related to BaseTools and parsing VfrBin in Linux map file, matching historical pattern of AshrafAliS handling BaseTools issues.",,False
qwen2.5:14b,A,6858,Version Check for capsule update seems error (Bugzilla Bug 367),signedcapsulepkg,bug,low,AshrafAliS,0.85,The bug is related to capsule update version check which does not match any specific common pattern but aligns with handling complex issues in BaseTools or similar components.,,False
qwen2.5:14b,A,6857,[BDS] uses potential uninitialized variable when booting (Bugzilla Bug 366),mdemodulepkg,bug,low,YangGangUEFI,0.85,"The bug is related to MdeModulePkg and involves potential uninitialized variable usage during booting, matching historical patterns for this assignee.",,False
qwen2.5:14b,A,6856,Signed GUIDED section may not be dispatched (Bugzilla Bug 365),mdemodulepkg,bug,high,lgao4,0.75,"The bug is related to MdeModulePkg and involves a protocol interface issue, matching previous assignments by lgao4.",,False
qwen2.5:14b,A,6855,AcpiLib.h is Missing ARM_GAS64() Macro Definition (Bugzilla Bug 364),embeddedpkg,bug,low,YangGangUEFI,0.85,"The bug is related to a missing macro definition in AcpiLib.h within the EmbeddedPkg, which typically involves UEFI form or GUI components.",,False
qwen2.5:14b,A,6854,Incorrect Name for ACPI IORT Table (Bugzilla Bug 363),mdepkg,bug,medium,AshrafAliS,0.95,"The bug is related to MdePkg and involves an ACPI IORT table issue, which aligns with AshrafAliS's historical pattern of handling such specific configuration or naming issues in base tools or core packages.",,False
qwen2.5:14b,A,6853,Can't POST data greater than 1.5MB to the server (Bugzilla Bug 362),mdemodulepkg,bug,medium,YangGangUEFI,0.85,The bug is related to MdeModulePkg and involves a POST data issue which aligns with previous bugs handled by YangGangUEFI in this package.,,False
qwen2.5:14b,A,6852,ARM Generic Watchdog base addresses must be declared as UINT64 values (Bugzilla Bug 361),armpkg,bug,high,YangGangUEFI,0.85,The bug is related to ARM package and does not match any specific rare assignees or common patterns listed.,,False
qwen2.5:14b,A,6851,[Patch] VfrUtility: error: ISO C++ forbids comparison between pointer and integer (Bugzilla Bug 360),basetools,bug,high,AshrafAliS,0.95,"The bug is related to BaseTools and specifically VfrUtility, which matches the historical pattern of AshrafAliS handling such issues in BaseTools.",,False
qwen2.5:14b,A,6849,SetUnicodeMem in DisplayEngineDxe seems unsafe (Bugzilla Bug 358),mdemodulepkg,bug,medium,YangGangUEFI,0.85,The bug is related to DisplayEngineDxe in MdeModulePkg and previous similar issues were handled by YangGangUEFI.,,False
qwen2.5:14b,A,6848,EMMC identification process may be dead loop if h/w doesn't set OCR reigster correctly (Bugzilla Bug 357),mdemodulepkg,bug,low,YangGangUEFI,0.85,The bug is related to MdeModulePkg and involves a hardware interaction issue.,,False
qwen2.5:14b,A,6847,[VideoThunk] contains bug in codes enabling the VGA mode (Bugzilla Bug 356),ovmfpkg,bug,low,Vogtinator,0.85,The bug is related to VGA mode in OvmfPkg and Vogtinator has handled similar TPM2/TCG2 issues on RISC-V.,,False
qwen2.5:14b,A,6846,Shell/pci: Keep dumping Multi-Function Virtual Channel Capability contents (Bugzilla Bug 355),shellpkg,bug,low,praveensankarn,0.95,"The bug is related to ShellPkg and involves PCI functionality, matching previous assignments for similar shell commands.",,False
qwen2.5:14b,A,6845,Pci command implementation should be better to use MdePkg PCI related definitions instead of locals (Bugzilla Bug 354),shellpkg,bug,low,SaloniKasbekar,0.9,The bug involves replacing hardcoded values with existing #define constants in ShellPkg.,,False
qwen2.5:14b,A,6844,[BaseTools] Extend the macro usage in the FDF !inlcude statement (Bugzilla Bug 352),basetools,bug,high,AshrafAliS,0.95,"The bug is related to BaseTools and involves extending macro usage in FDF statements, matching AshrafAliS's historical pattern of handling BaseTools issues.",,False
qwen2.5:14b,A,6843,Add core support for SMBIOS spec 3.1.1 (Bugzilla Bug 349),shellpkg,bug,low,NingFengGit,0.95,The bug is related to SMBIOS spec support in ShellPkg and matches the pattern of previous SMBIOS-related bugs assigned to NingFengGit.,,False
qwen2.5:14b,A,6842,Enhance BaseTools supports FixedAtBuild usage in VFR file (Bugzilla Bug 348),basetools,bug,high,AshrafAliS,0.95,The bug is related to BaseTools and specifically requests an enhancement in VFR file support.,,False
qwen2.5:14b,A,6841,[UefiCpuPkg] Support 64bit MMIO address in CPU Register Table (Bugzilla Bug 347),ueficpupkg,bug,low,philnoh2,0.95,"The bug is related to UefiCpuPkg and involves CPU register table support, matching the expertise of philnoh2 who has handled similar issues in this package before.",,False
qwen2.5:14b,A,6840,Add missing decoding of SMBIOS spec 3.0.0 (Bugzilla Bug 345),shellpkg,bug,low,NingFengGit,0.95,The bug is related to SMBIOS spec decoding in ShellPkg.,,False
qwen2.5:14b,A,6839,The decoding of SlotType AGP8X is missing. (Bugzilla Bug 344),shellpkg,bug,low,NingFengGit,0.95,"The bug is related to ShellPkg and involves missing decoding for a specific slot type, which aligns with previous assignments for similar issues in the package.",,False
qwen2.5:14b,A,6838,Update DP to support GCC PDB path (Bugzilla Bug 343),shellpkg,bug,medium,AshrafAliS,0.95,The bug is related to BaseTools and requires updating DP to support GCC PDB path.,,False
qwen2.5:14b,A,6837,Highlight menu was shown incorrectly in file explorer page (Bugzilla Bug 342),mdemodulepkg,bug,low,YangGangUEFI,0.95,The bug is related to a UI issue in the file explorer page within MdeModulePkg.,,False
qwen2.5:14b,A,6836,DxeCorePerformanceLib should only support to be linked with DxeCore (Bugzilla Bug 341),mdemodulepkg,bug,low,lgao4,0.85,"The bug is related to DxeCorePerformanceLib and its linking constraints, which falls under the MdeModulePkg package's sub-component management.",,False
qwen2.5:14b,A,6835,Add full core support for SMBIOS spec 3.1.0 (Bugzilla Bug 340),shellpkg,bug,low,NingFengGit,0.95,The bug is related to SMBIOS spec support in ShellPkg and matches NingFengGit's previous work on similar issues.,,False
qwen2.5:14b,A,6834,FrameBufferBltLib could use less memory for FRAME_BUFFER_CONFIGURE buffer (Bugzilla Bug 339),mdemodulepkg,bug,low,YangGangUEFI,0.85,The bug is related to FrameBufferBltLib in MdeModulePkg and matches historical patterns for this component.,,False
qwen2.5:14b,A,6833,Update Tpm12CommandLib in SecurityPkg to consistently check returnCode field of response packets (Bugzilla Bug 338),securitypkg,bug,low,HunterChang030,1.0,"The bug is related to SecurityPkg and specifically involves Tpm12CommandLib, which matches HunterChang030's previous work on OpalPassword in the same package.",,False
qwen2.5:14b,A,6832,Remove Physical Presence command check from QuarkPlatformPkg Tpm12DeviceLibAtmelI2c (Bugzilla Bug 337),quarkplatformpkg,bug,low,YangGangUEFI,0.85,"The bug is related to QuarkPlatformPkg and involves a specific library modification, matching historical patterns for UEFI package-specific issues.",,False
qwen2.5:14b,A,6831,QuarkPlatformPkg Tpm12DeviceLibAtmelI2c SubmitCommand() does not return correct output buffer size (Bugzilla Bug 336),quarkplatformpkg,bug,low,Vogtinator,0.95,The bug is related to TPM2 support which Vogtinator has previously handled.,,False
qwen2.5:14b,A,6830,QuarkPlatformPkg Tpm12DeviceLibAtmelI2c does not build with GCC49 (Bugzilla Bug 335),quarkplatformpkg,bug,low,YangGangUEFI,0.85,The bug is related to QuarkPlatformPkg and does not match any specific rare assignees or common patterns listed.,,False
qwen2.5:14b,A,6828,[PciBus] doesn't follow PI spec to handle ACPI descriptor returned from IncompatiblePciDevice.CheckDevice() (Bugzilla Bug 333),mdemodulepkg,bug,low,YangGangUEFI,0.85,"The bug is related to MdeModulePkg and involves handling of ACPI descriptors, which aligns with previous assignments to YangGangUEFI for similar issues in this package.",,False
qwen2.5:14b,A,6827,Add double quotes back to UEFI SHell command line arguments that contain white space (Bugzilla Bug 332),shellpkg,bug,low,YangGangUEFI,0.95,The bug is related to UEFI Shell command line arguments and matches historical patterns for this component.,,False
qwen2.5:14b,A,6826,Entering single backslash at shell prompt in Nt32 generates ASSERT() (Bugzilla Bug 331),nt32pkg,bug,low,YangGangUEFI,0.85,The bug is related to Nt32pkg and involves a shell prompt issue which matches historical patterns for UI or shell-related bugs assigned to YangGangUEFI.,,False
qwen2.5:14b,A,6825,[BaseTools patch] Convert incomplete expressions with dangling while()'s into proper single statements (Bugzilla Bug 330),basetools,bug,medium,AshrafAliS,0.95,"The bug is related to BaseTools and involves a patch for incomplete expressions, matching AshrafAliS's historical pattern of handling BaseTools issues.",,False
qwen2.5:14b,A,6824,""">>v"" cannot append data to existing env variable created by "">v"" (Bugzilla Bug 329)",shellpkg,bug,low,YangGangUEFI,0.95,"The bug is related to shellpkg and env variable handling, matching historical pattern for YangGangUEFI.",,False
qwen2.5:14b,A,9573,[UiApp] cannot list terminal consoles in NT32 platform (Bugzilla Bug 328),mdemodulepkg,bug,low,YangGangUEFI,0.95,The bug is related to UiApp in NT32 platform which matches previous assignments to YangGangUEFI for similar issues.,,False
qwen2.5:14b,A,6823,"ifconfig -l says ""Failed to set address"" but assigns IP (Bugzilla Bug 327)",shellpkg,bug,medium,NingFengGit,0.95,The bug is related to ifconfig command in ShellPkg which previously had similar issues assigned to NingFengGit.,,False
qwen2.5:14b,A,6822,Some possible issues in BootManagerMenuApp when there is no boot option (Bugzilla Bug 326),mdemodulepkg,bug,medium,YangGangUEFI,0.85,The bug is related to BootManagerMenuApp in MdeModulePkg and matches historical patterns of UI/form issues assigned to YangGangUEFI.,,False
qwen2.5:14b,A,6821,[BDS] contains a bug that may cause OS fails to resume from S4 (Bugzilla Bug 325),mdemodulepkg,bug,low,os-d,0.95,The bug is related to OS resume from S4 which falls under MdeModulePkg and likely involves core system functionality.,,False
qwen2.5:14b,A,6820,Enable add new file or folder for FileExplorerLib (Bugzilla Bug 324),mdemodulepkg,bug,medium,YangGangUEFI,0.85,The bug is related to MdeModulePkg and involves a feature request for FileExplorerLib.,,False
qwen2.5:14b,A,6819,Remove the improper include LoadFileProtocol instances in FileExplorerLib (Bugzilla Bug 323),mdemodulepkg,bug,medium,YangGangUEFI,0.95,"The bug is related to MdeModulePkg and involves improper include instances in FileExplorerLib, matching historical patterns for this package.",,False
qwen2.5:14b,A,6818,The mixed Pcd display incorrectly in the build report (Bugzilla Bug 322),basetools,bug,medium,AshrafAliS,0.95,The bug is related to BaseTools and involves a build report issue.,,False
qwen2.5:14b,A,6817,Ip4Config2/Ip6Config setting invalid DNS server address cause ASSERT (Bugzilla Bug 321),networkpkg,bug,high,SaloniKasbekar,0.9,The bug involves setting invalid DNS server addresses in Ip4Config2/Ip6Config which falls under the category of replacing hardcoded values with existing #define constants.,,False
qwen2.5:14b,A,6816,Need correct the TPL of HTTP token Event in HttpBootDxe driver (Bugzilla Bug 320),networkpkg,bug,medium,SaloniKasbekar,0.9,"The bug involves correcting the TPL of an event in a driver within NetworkPkg, which matches historical patterns for fixing hardcoded values or constants in NetworkPkg.",,False
qwen2.5:14b,A,6815,"BaseTools: copy all of the ""Source"" INF’s [UserExtensions] sections into the Asbuilt inf (Bugzilla Bug 319)",basetools,bug,high,AshrafAliS,1.0,The bug is related to BaseTools and matches the pattern of previous high-priority issues handled by AshrafAliS.,,False
qwen2.5:14b,A,9572,iBFT for IScsiDxe over IPv6 reports incorrect Flags and Origin (Bugzilla Bug 318),networkpkg,bug,medium,SaloniKasbekar,0.9,"The bug involves incorrect reporting in iBFT for IScsiDxe over IPv6, which matches the pattern of replacing hardcoded values with existing define constants in NetworkPkg.",,False
qwen2.5:14b,A,6814,error C0DE/3000: Unknown fatal error when define syntax in DEC file (Bugzilla Bug 317),basetools,bug,high,AshrafAliS,0.95,The bug is related to BaseTools and involves a fatal error in DEC file syntax handling.,,False
qwen2.5:14b,A,6813,Correct Guid and Protocol usage in UefiBootManagerLib.inf (Bugzilla Bug 316),mdemodulepkg,bug,low,YangGangUEFI,0.95,The bug is related to UefiBootManagerLib.inf in MdeModulePkg and previous similar issues were assigned to YangGangUEFI.,,False
qwen2.5:14b,A,6812,ConPlatformUpdateGopCandidate() in ConPlatform driver assumes GOP hande is son of PCI handle (Bugzilla Bug 315),mdemodulepkg,bug,low,YangGangUEFI,0.85,The bug is related to ConPlatform driver in MdeModulePkg and matches historical pattern of UI/UX/UI-related bugs assigned to YangGangUEFI.,,False
qwen2.5:14b,A,6811,BaseTools toolsetup.bat doesn't configure BASE_TOOLS_PATH when the binary tool directory doesn't exist (Bugzilla Bug 314),basetools,bug,low,AshrafAliS,0.95,"The bug is related to BaseTools and involves a script issue, matching AshrafAliS's historical pattern of handling BaseTools issues.",,False
qwen2.5:14b,A,6810,NT32Pkg uses ShellPkg source code instead of ShellBinPkg binary (Bugzilla Bug 313),nt32pkg,bug,medium,YangGangUEFI,0.85,"The bug is related to NT32Pkg and involves incorrect usage of ShellBinPkg binary, which falls under the general category of package configuration or build issues typically handled by YangGangUEFI.",,False
qwen2.5:14b,A,6809,TerminalDxe driver is implemented incorrectly in driver model perspective (Bugzilla Bug 312),mdemodulepkg,bug,low,YangGangUEFI,0.85,The bug is related to TerminalDxe driver in MdeModulePkg and matches historical patterns of YangGangUEFI handling similar issues.,,False
qwen2.5:14b,A,6808,Correct the comments of macros FixedPcdGetX and PatchPcdXXX (Bugzilla Bug 311),mdepkg,bug,medium,lgao4,0.85,"The bug is related to MdePkg and involves correcting comments of macros, which aligns with previous lgao4 assignments for similar MdePkg issues.",,False
qwen2.5:14b,A,6807,[Build] CLANG38 toolchain missing NOOPT target (Bugzilla Bug 310),basetools,bug,high,makubacki,0.95,"The bug is related to the CLANG38 toolchain in BaseTools, matching previous high-priority issues handled by makubacki.",,False
qwen2.5:14b,A,6806,Problem with building PayloadPkg profile X64 + DEBUG (Bugzilla Bug 309),corebootpayloadpkg,bug,low,AshrafAliS,0.85,"The bug is related to BaseTools and CoreBootPayloadPkg, which aligns with AshrafAliS's historical pattern of handling such issues.",,False
qwen2.5:14b,A,6805,[SourceLevelDebugPkg] Support AP function debugging in PEI phase (Bugzilla Bug 308),sourceleveldebugpkg,bug,medium,AshrafAliS,0.95,The bug is related to SourceLevelDebugPkg and there are no specific patterns or rare assignees listed for this package.,,False
qwen2.5:14b,A,6804,Several APIs in MdeModulePkg PrintLib instance miss checking the return value for internal function DxePrintLibPrint2ProtocolVaListToBaseList() (Bugzilla Bug 307),mdemodulepkg,bug,low,YangGangUEFI,0.95,"The bug is related to MdeModulePkg and PrintLib, which matches historical patterns for this assignee.",,False
qwen2.5:14b,A,6802,Add S3BootScriptSavePiMemPoll() API to follow PI spec. (Bugzilla Bug 304),mdemodulepkg,bug,low,YangGangUEFI,0.85,"The bug is related to MdeModulePkg and involves adding an API to follow PI spec, which aligns with previous assignments for similar issues in this package.",,False
qwen2.5:14b,A,9571,"Fix Shell to correctly support ""fs0:file.txt"" style of file path (Bugzilla Bug 303)",shellpkg,bug,medium,praveensankarn,0.95,"The bug is related to ShellPkg and involves file path support, matching previous assignments for similar ShellPkg issues.",,False
qwen2.5:14b,A,6801,Shell.efi shouldn't support customized commands which are not defined in Shell spec (Bugzilla Bug 302),shellpkg,bug,medium,YangGangUEFI,0.95,The bug is related to Shell.efi commands and falls under the Device Manager form category previously handled by YangGangUEFI.,,False
qwen2.5:14b,A,6800,PxeBcSelectBootMenu does not accept input (Bugzilla Bug 301),mdemodulepkg,bug,medium,YangGangUEFI,0.95,The bug is related to MdeModulePkg and involves input handling in a boot menu selection function.,,False
qwen2.5:14b,A,6798,BaseTools build warnings using gcc 4.8.4 (Bugzilla Bug 299),basetools,bug,low,AshrafAliS,0.95,Historical pattern shows AshrafAliS handles BaseTools related issues.,,False
qwen2.5:14b,A,6797,Create a EfiEventEmptyFunction() function in UefiLib to remove the duplication (Bugzilla Bug 298),intelframeworkmodulepkg,bug,medium,lgao4,0.85,"The bug is related to IntelFrameworkModulePkg and involves creating a function in UefiLib, which matches historical patterns of lgao4 handling similar issues.",,False
qwen2.5:14b,A,9570,Escaping the dollar sign in build_rules.txt not possible (Bugzilla Bug 297),basetools,bug,high,AshrafAliS,0.95,The bug is related to BaseTools and involves a specific issue with build_rules.txt.,,False
qwen2.5:14b,A,9569,DxeCore allocates way too much memory (Bugzilla Bug 295),mdemodulepkg,bug,medium,os-d,0.95,"The bug is related to DxeCore memory allocation in MdeModulePkg, which falls under the DXE core memory management and protection feature.",,False
qwen2.5:14b,A,6796,Strnicmp() should use UNICODE_COLLATION.StrUpr() instead of converting char to upper case inself (Bugzilla Bug 294),shellpkg,bug,low,YangGangUEFI,0.85,"The bug is related to ShellPkg and involves a function that should use Unicode functions, matching historical patterns for this package.",,False
qwen2.5:14b,A,6795,FmpTokens are optional in spec while basetool think it is necessary. (Bugzilla Bug 293),basetools,bug,high,AshrafAliS,0.95,The bug is related to BaseTools and specifically mentions handling of FmpTokens which aligns with previous high priority issues handled by AshrafAliS.,,False
qwen2.5:14b,A,6794,Can not run GenDepex.py from python sources (Bugzilla Bug 292),basetools,bug,high,AshrafAliS,0.95,"The bug is related to BaseTools and involves a Python script issue, matching AshrafAliS's historical pattern of handling BaseTools python-related issues.",,False
qwen2.5:14b,A,6793,Exception during UEFI SCT 2.4 test when DEBUG_PROPERTY_CLEAR_MEMORY_ENABLED is set (Bugzilla Bug 291),fatbinpkg,bug,low,lgao4,0.75,"The bug is related to a package (FatBinPkg) and a specific debug property setting, matching historical patterns of lgao4 handling similar issues.",,False
qwen2.5:14b,A,6792,Getting variable info is always checking input buffer against the first variable info (Bugzilla Bug 290),mdemodulepkg,bug,low,lgao4,0.85,The bug is related to variable handling in MdeModulePkg and matches the pattern of previous bugs assigned to lgao4.,,False
qwen2.5:14b,A,6791,Can't run full test of SCT 2.4b on Purley Platform (Bugzilla Bug 289),basetools,bug,low,AshrafAliS,0.95,The bug is related to BaseTools and involves handling a specific case in SCT tests.,,False
qwen2.5:14b,A,6790,Add setup option in Tcg2ConfigDxe to configure physical presence interface version (Bugzilla Bug 288),securitypkg,bug,low,HunterChang030,0.9,The bug is related to SecurityPkg and specifically involves Tcg2ConfigDxe setup options.,,False
qwen2.5:14b,A,6789,Intel FSP 2.0 Packages do not have Readme.md files (Bugzilla Bug 286),intelfsppkg,bug,medium,Vogtinator,0.95,Intel FSP related issues are best handled by Vogtinator based on previous patterns.,,False
qwen2.5:14b,A,6788,SignedCapsulePkg has no Readme.md file (Bugzilla Bug 285),signedcapsulepkg,bug,medium,AshrafAliS,0.95,"The bug is about missing documentation in a specific package, which aligns with AshrafAliS's pattern of handling such issues.",,False
qwen2.5:14b,A,6787,Outdated build instructions for linux (Bugzilla Bug 284),basetools,bug,medium,AshrafAliS,0.95,Historical pattern shows AshrafAliS handles BaseTools issues related to build instructions.,,False
qwen2.5:14b,A,6786,GUIDED tool path can't be overriden in [BuildOptions] of DSC file (Bugzilla Bug 283),basetools,bug,high,AshrafAliS,0.95,The bug is related to BaseTools and involves a specific build configuration issue.,,False
qwen2.5:14b,A,6785,Compiler warnings building basetools on Linux (Bugzilla Bug 282),basetools,bug,medium,bexcran,0.85,Historical pattern shows bexcran handles BaseTools related issues.,,False
qwen2.5:14b,A,6784,gcc-6 (using the GCC5 toolchain and the DEBUG target) seems to miscompile OvmfPkg/XenBusDxe (Bugzilla Bug 281),basetools,bug,low,AshrafAliS,0.95,The bug is related to BaseTools and miscompilation issues with a specific toolchain version.,,False
qwen2.5:14b,A,6783,Incorrect local variable used in SubmitForSystem() function in MdeModulePkg\Universal\SetupBrowserDxe\Setup.c (Bugzilla Bug 280),mdemodulepkg,bug,low,YangGangUEFI,0.95,"The bug is in MdeModulePkg and involves a specific function in SetupBrowserDxe, matching historical patterns for this package and component.",,False
qwen2.5:14b,A,6782,Add missing MSR_IA32_VMX_BASIC_REGISTER and IA32_VMX_MISC_REGISTER structures (Bugzilla Bug 279),ueficpupkg,bug,low,Vogtinator,0.95,The bug is related to UEFI CPU package and involves adding MSR structures which Vogtinator has handled before.,,False
qwen2.5:14b,A,6781,SMM FreePages should handle Zero Address and Zero PageNumber (Bugzilla Bug 278),mdemodulepkg,bug,medium,os-d,0.95,The bug is related to FreePages in SMM which falls under memory management and protection features of DXE core.,,False
qwen2.5:14b,A,6780,Reduce use of PSD structure layout in PiSmmCpuDxeSmm module (Bugzilla Bug 277),ueficpupkg,bug,low,philnoh2,0.95,The bug is related to PiSmmCpuDxeSmm module in UefiCpuPkg and matches the pattern of a specific sub-component issue handled by philnoh2.,,False
qwen2.5:14b,A,6779,MinnowMax SOURCE_DEBUG_ENABLE features does not work (Bugzilla Bug 276),vlv2tbltdevicepkg,bug,low,lgao4,0.75,The bug is related to a specific device package and does not match any common patterns for other packages or rare assignees.,,False
qwen2.5:14b,A,6778,Remove the unused KeyBuf in IpSecDxe driver (Bugzilla Bug 275),networkpkg,bug,low,SaloniKasbekar,0.9,The bug is about removing an unused variable in a driver within the NetworkPkg and matches historical patterns of SaloniKasbekar handling such issues.,,False
qwen2.5:14b,A,6775,Fix typo in Vlv2TbltDevicePkg bld_vlv.bat that is generating a file called null (Bugzilla Bug 272),vlv2tbltdevicepkg,bug,low,lgao4,0.95,"The bug is related to a typo in a build script within Vlv2TbltDevicePkg and no specific assignee for this package is listed, lgao4 has handled similar issues before.",,False
qwen2.5:14b,A,9568,MinnowMax memory init binary must guarantee that SMRAM is aligned (Bugzilla Bug 271),vlv2tbltdevicepkg,bug,medium,AshrafAliS,0.95,"The bug is related to BaseTools and FMMT handling, matching AshrafAliS's historical pattern of addressing such issues.",,False
qwen2.5:14b,A,9567,MinnowMax Vlv2BinaryPkg DigitalThermalSensor binary SMM modules put AP in busy state (Bugzilla Bug 270),vlv2tbltdevicepkg,bug,medium,AshrafAliS,0.95,"The bug is related to BaseTools and FMMT handling, matching the pattern of a previous high-priority issue handled by AshrafAliS.",,False
qwen2.5:14b,A,9566,MinnowMax Vlv2BinaryPkg PowerManagement2 binary SMM modules generate ASSERT() (Bugzilla Bug 269),vlv2tbltdevicepkg,bug,medium,lgao4,0.75,The bug is related to a specific package (Vlv2BinaryPkg) and involves an ASSERT() issue which could be protocol or interface handling.,,False
qwen2.5:14b,A,6774,Vlv2TbltDevicePkg binary support modules need to be updated to use 4KB alignment (Bugzilla Bug 268),vlv2tbltdevicepkg,bug,medium,lgao4,0.75,The bug is related to Vlv2TbltDevicePkg and does not match any specific rare assignees or common patterns exactly.,,False
qwen2.5:14b,A,6773,Vlv2TbltDevicePkg align PE/COFF image sections to 4KB to enable page level protection (Bugzilla Bug 267),vlv2tbltdevicepkg,bug,low,os-d,0.95,"The bug is related to aligning PE/COFF image sections for page level protection, which falls under memory management and protection features typically handled by os-d in MdePkg.",,False
qwen2.5:14b,A,6772,asm_resp/app_resp.txt can not be generated successfully (Bugzilla Bug 266),basetools,bug,high,AshrafAliS,0.95,The bug is related to BaseTools and involves a specific issue with file generation.,,False
qwen2.5:14b,A,6771,PRE/POST Build fails when add quotation mark while it should be supported (Bugzilla Bug 265),basetools,bug,high,AshrafAliS,0.95,The bug is related to BaseTools and involves a build issue with quotation marks.,,False
qwen2.5:14b,A,6770,MinnowMax IA32 boot generates timeouts booting to the UEFI Shell (Bugzilla Bug 264),vlv2tbltdevicepkg,bug,low,Damien-Chen,0.85,"The bug is related to a specific device package and booting issues, which Damien-Chen has handled before for similar bugs.",,False
qwen2.5:14b,A,6769,MinnowMax IA32 platform builds can not compile PlatformFlashAccessLib (Bugzilla Bug 263),vlv2tbltdevicepkg,bug,low,AshrafAliS,0.95,The bug is related to a platform build issue which historically has been handled by AshrafAliS for BaseTools.,,False
qwen2.5:14b,A,6768,MinnowMax has AP stuck in Busy state from DigitalThermalSensor binary SMM module (Bugzilla Bug 262),vlv2tbltdevicepkg,bug,low,lgao4,0.75,The bug is related to a specific device package and does not match the patterns of other listed assignees.,,False
qwen2.5:14b,A,6767,MinnowMax generates ASSERT from PowerManagement2 binary SMM module (Bugzilla Bug 261),vlv2tbltdevicepkg,bug,low,YangGangUEFI,0.85,"The bug is related to a specific device package and involves an ASSERT from a binary SMM module, matching historical patterns for EricGao2015 but using the more general UEFI form assignee YangGangUEFI.",,False
qwen2.5:14b,A,6766,MinnowMax memory init module does not produce aligned SMRAM HOB (Bugzilla Bug 260),vlv2tbltdevicepkg,bug,low,AshrafAliS,0.95,"The bug is related to BaseTools and FMMT handling, matching AshrafAliS's historical pattern of addressing such issues.",,False
qwen2.5:14b,A,6765,Vlv2TbltDevicePkg platform builds do not complete (Bugzilla Bug 259),vlv2tbltdevicepkg,bug,low,AshrafAliS,0.95,The bug is related to a platform build issue which matches historical patterns of AshrafAliS handling BaseTools and build completion issues.,,False
qwen2.5:14b,A,6764,Vlv2TbltDevicePkg platform can not build running BaseTools from sources (Bugzilla Bug 258),vlv2tbltdevicepkg,bug,low,AshrafAliS,0.95,"The bug is related to BaseTools and building issues, matching AshrafAliS's historical pattern of handling BaseTools build issues.",,False
qwen2.5:14b,A,6763,[BaseTools/VolInfo] The output information of VolInfo tool is incorrect on Linux (Bugzilla Bug 257),basetools,bug,high,AshrafAliS,0.95,The bug is related to BaseTools and specifically VolInfo tool on Linux.,,False
qwen2.5:14b,A,6762,add NVMe PEI blockIo support (Bugzilla Bug 256),mdemodulepkg,bug,medium,YangGangUEFI,0.85,"The bug is related to MdeModulePkg and involves adding NVMe PEI blockIo support, which aligns with previous assignments for similar module enhancements.",,False
qwen2.5:14b,A,6761,VolInfo tool will report assert message if GuidedSectionTools.txt has no extra empty line (Bugzilla Bug 255),basetools,bug,high,AshrafAliS,0.95,"The bug is related to BaseTools and specifically mentions a tool assert issue, matching AshrafAliS's historical pattern of handling BaseTools issues.",,False
qwen2.5:14b,A,6760,Fail to generate Patchable Pcd info into Asbuilt inf on GCC5 Tool chain (Bugzilla Bug 254),basetools,bug,high,AshrafAliS,0.95,The bug is related to BaseTools and specifically mentions a tool chain issue.,,False
qwen2.5:14b,A,6759,"The Pcd offset in the report ""FD VPD Region"" is incorrect (Bugzilla Bug 253)",basetools,bug,high,AshrafAliS,0.95,The bug is related to BaseTools and involves a specific report issue.,,False
qwen2.5:14b,A,6758,Missing detail error message of link.exe under Win7X64 env (Bugzilla Bug 252),basetools,bug,medium,bexcran,0.95,"The bug is related to BaseTools and missing error messages from link.exe under Win7X64 environment, matching bexcran's historical pattern of handling BaseTools issues.",,False
qwen2.5:14b,A,6756,[openbsd] Can't build BaseTools on OpenBSD 6.0-current (2016-11-07) amd64 (Bugzilla Bug 250),basetools,bug,medium,AshrafAliS,0.95,Historical pattern shows AshrafAliS handles BaseTools build issues.,,False
qwen2.5:14b,A,6755,"RAW format doesn't support ""Align=32 and 64"" while it should support base on FDF Spec (Bugzilla Bug 248)",basetools,bug,high,AshrafAliS,0.95,The bug is related to BaseTools and FDF Spec handling.,,False
qwen2.5:14b,A,6754,NetLibAsciiStrToIp6() function can't handle an invalid IPv6 address (Bugzilla Bug 247),mdemodulepkg,bug,low,SaloniKasbekar,0.9,"The bug involves replacing a hardcoded value with an existing define constant in NetLibAsciiStrToIp6(), which matches SaloniKasbekar's historical pattern for NetworkPkg issues.",,False
qwen2.5:14b,A,6753,"UefiCpuDriver IA32 stack guard will report #double fault, instead of #page fault on violation. It brings confusing to the developer. (Bugzilla Bug 246)",ueficpupkg,bug,medium,philnoh2,0.95,The bug is related to UefiCpuDriver in IA32 stack guard and matches the historical pattern of bugs assigned to philnoh2 within the UefiCpuPkg package.,,False
qwen2.5:14b,A,6752,gConnectConInEvent initialize too late (Bugzilla Bug 245),mdemodulepkg,bug,medium,YangGangUEFI,0.85,"The bug is related to MdeModulePkg and involves initialization timing issues, matching historical patterns for this package.",,False
qwen2.5:14b,A,6751,Handle mis-configuration of PcdTcg2HashAlgorithmBitmap in software HashLib (Bugzilla Bug 244),securitypkg,bug,medium,HunterChang030,0.9,"The bug is related to SecurityPkg and specifically deals with PcdTcg2HashAlgorithmBitmap configuration in HashLib, matching HunterChang030's previous work on similar issues within the SecurityPkg.",,False
qwen2.5:14b,A,6750,setvar command help info does not match with code behavior and spec (Bugzilla Bug 243),shellpkg,bug,medium,YangGangUEFI,0.95,"The bug is related to shellpkg and involves a discrepancy in setvar command behavior, matching previous assignments for similar issues within the package.",,False
qwen2.5:14b,A,6749,Add more and accurate information for SMM exception debug info (Bugzilla Bug 242),ueficpupkg,bug,medium,philnoh2,0.95,The bug is related to UEFI CPU package and SMM exception debug info which matches the expertise of philnoh2.,,False
qwen2.5:14b,A,6748,"Shell tftp app should save a file by chunks, and not try to read the whole file into memory regardless of the size (Bugzilla Bug 241)",shellpkg,bug,medium,NingFengGit,0.95,The bug is related to Shell tftp app in ShellPkg and requires optimization for large file transfers.,,False
qwen2.5:14b,A,6747,[ShellPkg] The 'cd' command does not work properly for certain path format (Bugzilla Bug 240),shellpkg,bug,medium,YangGangUEFI,0.95,The bug is related to ShellPkg functionality and historical patterns show YangGangUEFI handles such issues.,,False
qwen2.5:14b,A,6746,[MdePkg/BaseLib] API PathRemoveLastItem() is not handling root paths like 'fs0:\' properly (Bugzilla Bug 239),mdepkg,bug,low,YangGangUEFI,0.85,"The bug is related to MdePkg/BaseLib and involves a specific API issue, matching historical patterns for YangGangUEFI.",,False
qwen2.5:14b,A,6745,SetPeiServicesTablePointer() needs to be called before ProcessLibraryConstructorList() in PeiMain (Bugzilla Bug 238),mdemodulepkg,bug,medium,lgao4,0.85,"The bug is related to MdeModulePkg and involves a specific function call order in PeiMain, which matches historical patterns of lgao4 handling such issues.",,False
qwen2.5:14b,A,6744,VS2015 X64 internal error linking UefiCpuPkg/PiSmmCpuDxeSmm with BaseMemoryLib (Bugzilla Bug 237),mdepkg,bug,low,ardbiesheuvel,0.95,"The bug involves a linker error with VS2015 and BaseMemoryLib in MdePkg, matching the pattern for CLANG compiler build errors in common packages like MdePkg.",,False
qwen2.5:14b,A,6743,[BaseTools] Script file 'BuildEnv' is not supposed to modify the environment variable 'PACKAGES_PATH' (Bugzilla Bug 236),basetools,bug,low,AshrafAliS,0.95,"The bug is related to BaseTools and involves a script file modifying an environment variable, which matches AshrafAliS's historical pattern of handling BaseTools issues.",,False
qwen2.5:14b,A,6742,Need 10ms(TRSTRCY) delay after port reset before sending Set Address cmd to USB device (Bugzilla Bug 235),mdemodulepkg,bug,low,YangGangUEFI,0.85,The bug is related to USB device handling within MdeModulePkg and matches previous assignments to YangGangUEFI for similar issues.,,False
qwen2.5:14b,A,6741,CbSupportPei Pei permanent memory detection failure (Bugzilla Bug 234),corebootmodulepkg,bug,low,lgao4,0.75,The bug is related to a specific package (CoreBootModulePkg) and does not match any rare assignees or common patterns exactly.,,False
qwen2.5:14b,A,6740,DisplayEngine doesn't show the menu correctly (Bugzilla Bug 232),mdemodulepkg,bug,high,YangGangUEFI,0.95,The bug is related to menu display in DisplayEngine within MdeModulePkg.,,False
qwen2.5:14b,A,6739,"When FILE DATA  format use relative path under multiple workspace, build report failure (Bugzilla Bug 231)",basetools,bug,medium,AshrafAliS,0.95,The bug is related to BaseTools and involves build failures with relative paths in multiple workspaces.,,False
qwen2.5:14b,A,6737,Robustness of decompression library (Bugzilla Bug 229),mdepkg,bug,low,os-d,0.95,"The bug is related to MdePkg and concerns the robustness of a decompression library, which falls under common memory management issues handled by os-d.",,False
qwen2.5:14b,A,6735,GCC build failure when ASL code refers to the definition in C header file (Bugzilla Bug 227),basetools,bug,high,AshrafAliS,0.95,Historical pattern shows AshrafAliS handles BaseTools related issues.,,False
qwen2.5:14b,A,6734,"RAW format doesn't support ""Align=Auto"" while it should support base on FDF Spec (Bugzilla Bug 226)",basetools,bug,medium,AshrafAliS,0.95,The bug is related to BaseTools and FDF Spec handling.,,False
qwen2.5:14b,A,6733,Possible NULL dereference in PcRtc.c when scanning for table SDT (Bugzilla Bug 225),pcatchipsetpkg,bug,low,AshrafAliS,0.95,"The bug is related to PcRtc.c in PCATChipsetPkg and involves a potential NULL dereference during SDT table scanning, which aligns with BaseTools FMMT handling issues previously addressed by AshrafAliS.",,False
qwen2.5:14b,A,6732,NVMExpress Shutdown on EfiResetSystem (Bugzilla Bug 224),mdemodulepkg,bug,high,lgao4,0.75,The bug is related to MdeModulePkg and does not match any specific rare assignees or historical patterns closely.,,False
qwen2.5:14b,A,6731,StringToImage incorrectly handles background color with Proportional Fonts (Bugzilla Bug 223),mdemodulepkg,bug,low,YangGangUEFI,0.95,"The bug is related to MdeModulePkg and involves a graphical issue with fonts, matching previous assignments to YangGangUEFI for similar issues.",,False
qwen2.5:14b,A,6730,USB EHCI port status change bits erroneously cleared during initialization (Bugzilla Bug 222),mdemodulepkg,bug,low,YangGangUEFI,0.85,The bug is related to USB EHCI initialization in MdeModulePkg and matches historical patterns for this component.,,False
qwen2.5:14b,A,6729,[UefiCpuPkg] Sec platform information(2) PPI should be re-installed in SEC module (Bugzilla Bug 221),ueficpupkg,bug,low,philnoh2,0.95,"The bug is related to UefiCpuPkg and involves SEC module PPI re-installation, matching the expertise of philnoh2 on UEFI CPU package issues.",,False
qwen2.5:14b,A,6728,[DuetPkg] Add 'POSTBUILD' in DuetPkg DSC files '[Defines]' field to run post-build scripts automatically (Bugzilla Bug 220),duetpkg,bug,low,AshrafAliS,0.95,"The bug is related to DuetPkg and involves modifying build scripts, which aligns with AshrafAliS's historical pattern of handling BaseTools and build-related issues.",,False
qwen2.5:14b,A,6727,Need IScsiDxe to accept manual IPv6 or DHCP address for the initiator configuration (Bugzilla Bug 219),networkpkg,bug,medium,SaloniKasbekar,0.9,The bug is related to IScsiDxe configuration in NetworkPkg and requires replacing hardcoded values with existing constants.,,False
qwen2.5:14b,A,6725,"When use ""Auto"" as FfsAlignment for RAW File, build tool report error (Bugzilla Bug 217)",basetools,bug,medium,AshrafAliS,0.95,"The bug is related to BaseTools and build tool errors, matching AshrafAliS's historical pattern of handling such issues.",,False
qwen2.5:14b,A,6724,BSP exits SMM and closes SMRAM on the S3 resume path before meeting with AP(s) (Bugzilla Bug 216),ueficpupkg,bug,low,philnoh2,0.95,The bug is related to UEFI core package and specifically deals with SMM/AP interaction during resume path.,,False
qwen2.5:14b,A,6723,Update LZMA SDK from 4.65 to the latest 16.04 version (Bugzilla Bug 215),basetools,bug,high,AshrafAliS,1.0,"The bug is related to BaseTools and involves updating a specific SDK version, matching AshrafAliS's historical pattern of handling BaseTools issues.",,False
qwen2.5:14b,A,6722,Nested SendForm() usage in authentication of certificate (Bugzilla Bug 214),networkpkg,bug,medium,SaloniKasbekar,0.9,The bug involves nested SendForm() usage in certificate authentication which aligns with previous issues related to network package and code optimization.,,False
qwen2.5:14b,A,6721,System crashes when wrong/invalid subnet is given. (Bugzilla Bug 213),mdemodulepkg,bug,low,SaloniKasbekar,0.85,"The bug involves a system crash due to an invalid subnet, which likely requires replacing hardcoded values with existing constants in the network package.",,False
qwen2.5:14b,A,6720,The Text of eMMC DevicePath Node should be eMMC(SlotNumber) (Bugzilla Bug 212),mdepkg,bug,medium,YangGangUEFI,0.85,"The bug is related to MdePkg and involves DevicePath text formatting, which aligns with previous assignments to YangGangUEFI for similar issues in the same package.",,False
qwen2.5:14b,A,9565,"Shell command ""reconnect -r"" causes data abort (Bugzilla Bug 211)",shellpkg,bug,high,praveensankarn,0.95,"The bug is related to ShellPkg and involves a shell command causing an abort, matching previous assignments for ShellPkg issues.",,False
qwen2.5:14b,A,6719,UefiCpuPkg/MpInitLib: Need to put APs into suitable c-state for legacy OS boot like UEFI OS boot (Bugzilla Bug 210),ueficpupkg,bug,low,philnoh2,0.95,"The bug is related to UefiCpuPkg/MpInitLib and concerns multi-processor initialization for legacy OS boot, matching the expertise of philnoh2 as indicated by previous similar assignments.",,False
qwen2.5:14b,A,6718,Build should break when same Guid is defined in [Guids] and [Guids.common.Private] section (Bugzilla Bug 209),basetools,bug,high,AshrafAliS,0.95,The bug is related to BaseTools and involves build system integrity checks.,,False
qwen2.5:14b,A,6714,DxeCore should show error message on FV unalign issue (Bugzilla Bug 205),mdepkg,bug,medium,os-d,0.95,"The bug is related to MdePkg and involves DxeCore error handling, matching os-d's expertise in MdePkg issues.",,False
qwen2.5:14b,A,6713,UefiCpuPkg: Not necessary to send broad INIT-SIPI-SIPI to APs if PcdCpuMaxLogicalProcessorNumber is 1 (Bugzilla Bug 204),ueficpupkg,bug,low,philnoh2,1.0,"The bug is related to UefiCpuPkg and concerns AP handling, matching the expertise of philnoh2 as indicated in previous assignments.",,False
qwen2.5:14b,A,6712,Windows GCC Build Failure with too long path (Bugzilla Bug 203),basetools,bug,high,AshrafAliS,0.95,Historical pattern shows AshrafAliS handles BaseTools related issues.,,False
qwen2.5:14b,A,6711,Update MdePkg\Include\IndustryStandard\SdramSpd.h to align with the latest SPD spec (Bugzilla Bug 201),mdepkg,bug,high,AshrafAliS,0.95,The bug involves updating a header file in MdePkg which aligns with historical patterns of AshrafAliS handling such standard updates.,,False
qwen2.5:14b,A,6710,mixed case in the ENV variable cause the variable value can't be found (Bugzilla Bug 200),basetools,bug,medium,AshrafAliS,0.95,The bug is related to BaseTools and involves handling of environment variables.,,False
qwen2.5:14b,A,6709,[MdeModulePkg] CpuExceptionHandlerLibNULL should not return EFI_SUCESS (Bugzilla Bug 199),mdemodulepkg,bug,medium,YangGangUEFI,0.85,The bug is related to MdeModulePkg and involves a specific library function issue.,,False
qwen2.5:14b,A,6708,OPAL password issue (Bugzilla Bug 198),securitypkg,bug,high,HunterChang030,1.0,The bug is related to OPAL password issue in SecurityPkg which matches HunterChang030's historical pattern of handling such issues.,,False
qwen2.5:14b,A,6707,BaseTools PCD override function didn't check PCD value valid or not which is not consumed by driver (Bugzilla Bug 197),basetools,bug,low,AshrafAliS,0.95,The bug is related to BaseTools and involves a PCD override function issue.,,False
qwen2.5:14b,A,6706,tooldef class not include the newly Env when the prebuild script update the Env (Bugzilla Bug 196),basetools,bug,medium,AshrafAliS,0.95,"The bug is related to BaseTools and involves a specific issue with the tooldef class and environment variables, matching AshrafAliS's historical pattern of handling BaseTools issues.",,False
qwen2.5:14b,A,6705,UefiCpuPkg and PeiCpuExceptionHandlerLib doesn’t use nasm source file (Bugzilla Bug 195),ueficpupkg,bug,high,philnoh2,0.95,"The bug is related to UefiCpuPkg and involves CPU exceptions, matching the expertise of philnoh2 in handling such issues.",,False
qwen2.5:14b,A,6704,[UefiPxeBcDxe] Possible NULL pointer dereference in EfiPxeBcSetStationIP() (Bugzilla Bug 194),mdemodulepkg,bug,medium,YangGangUEFI,0.85,"The bug is in MdeModulePkg and involves a potential NULL pointer dereference, which aligns with previous bugs assigned to YangGangUEFI.",,False
qwen2.5:14b,A,6703,UDK2015: Sync missing commits from master for default IPv4 config policy change (Bugzilla Bug 192),mdemodulepkg,bug,low,YangGangUEFI,0.85,"The bug is related to MdeModulePkg and involves syncing commits for a configuration policy change, which aligns with previous assignments to YangGangUEFI in similar contexts.",,False
qwen2.5:14b,A,6702,[MdePkg] GetSpinLockProperties() should use InternalGetSpinLockProperties for intel compiler (Bugzilla Bug 191),mdepkg,bug,medium,os-d,0.95,"The bug is related to MdePkg and involves a specific compiler issue, matching os-d's expertise in handling such issues within the package.",,False
qwen2.5:14b,A,6701,Fix IA32 VS2015x86 build break in TerminalDxe module (Bugzilla Bug 190),mdemodulepkg,bug,low,YangGangUEFI,0.85,The bug is related to TerminalDxe module in MdeModulePkg and no specific rare assignee matches better than a common one for this type of issue.,,False
qwen2.5:14b,A,6700,OVMF cannot boot fallback bootloader of installed Fedora (Bugzilla Bug 189),ovmfpkg,bug,low,AndreasBBS,0.95,"The bug involves OVMF and network protocol drivers, matching AndreasBBS's historical pattern of handling QEMU_EFI related issues.",,False
qwen2.5:14b,A,9563,[BaseTools] ECC need enhance to catch more coding style issue. (Bugzilla Bug 188),basetools,bug,medium,AshrafAliS,0.95,"The bug is related to enhancing ECC in BaseTools to catch more coding style issues, matching AshrafAliS's historical pattern of working on BaseTools enhancements.",,False
qwen2.5:14b,A,6699,Fix logic in IsDevicePathValid API (Bugzilla Bug 187),mdepkg,bug,medium,lgao4,0.85,"The bug is related to MdePkg and involves a specific API logic issue, matching historical patterns for this package.",,False
qwen2.5:14b,A,6698,Dump message to show new stack base/size to help debugging when stack switched (Bugzilla Bug 186),mdemodulepkg,bug,medium,YangGangUEFI,0.85,"The bug is related to MdeModulePkg and involves debugging messages, which matches previous assignments to YangGangUEFI for similar issues in this package.",,False
qwen2.5:14b,A,6697,UefiPxeBcDxe: Add error handling logic for the case when AllocateZeroPool() returns NULL (Bugzilla Bug 184),networkpkg,bug,medium,SaloniKasbekar,0.9,"The bug involves error handling logic in AllocateZeroPool(), which falls under the NetworkPkg and matches SaloniKasbekar's pattern of fixing issues related to replacing hardcoded values or improving existing constants.",,False
qwen2.5:14b,A,6696,UDK2015: Sync IntelFsp2Pkg and IntelFsp2WrapperPkg on UDK2015 branch with latest HEAD on master (Bugzilla Bug 183),intelfspwrapperpkg,bug,low,AshrafAliS,0.95,The bug is related to syncing branches in UDK2015 which matches historical patterns of AshrafAliS handling such issues.,,False
qwen2.5:14b,A,6695,Fix potential race condition in TimerDriverSetTimerPeriod() function in HpetTimerDxe (Bugzilla Bug 182),pcatchipsetpkg,bug,low,AshrafAliS,0.95,"The bug is related to BaseTools and involves handling race conditions, matching AshrafAliS's historical pattern of addressing such issues in BaseTools.",,False
qwen2.5:14b,A,6694,Add enumeration size checks to Base.h following UEFI Spec Section 2.3.1 Data Types (Bugzilla Bug 181),mdepkg,bug,low,os-d,0.95,"The bug is related to MdePkg and involves updating Base.h according to the UEFI Spec, which aligns with os-d's expertise in handling such foundational package issues.",,False
qwen2.5:14b,A,6693,PciSegmentLib class PCI_SEGMENT_LIB_ADDRESS() macro is not optimal for Segment set to 0 (Bugzilla Bug 180),mdepkg,bug,low,SaloniKasbekar,0.9,The bug involves optimizing a macro in PciSegmentLib which is part of MdePkg and matches the pattern of replacing hardcoded values with existing #define constants.,,False
qwen2.5:14b,A,6692,Add new API for PKCS5 PBKDF2 support (Bugzilla Bug 179),cryptopkg,bug,medium,mdkinney,0.95,"The bug is related to adding a new API in the CryptoPKG package, which matches historical patterns of CLANG compiler build errors and enhancements.",,False
qwen2.5:14b,A,6691,Add xxxxHashAll APIs to facilitate the digest computation of blob data (Bugzilla Bug 178),cryptopkg,bug,medium,liyi77,0.95,The bug is related to adding APIs for digest computation in the cryptopkg package.,,False
qwen2.5:14b,A,6690,Add HMAC_SHA256 Support to CryptoPkg (Bugzilla Bug 177),cryptopkg,bug,low,mdkinney,0.95,"The bug is about adding support for HMAC_SHA256 in CryptoPkg, which aligns with previous CLANG compiler build error issues handled by mdkinney.",,False
qwen2.5:14b,A,6689,UefiCpuPkg: Update CpuId and MSR definitions with SDM spec released in Sep'16 (Bugzilla Bug 176),ueficpupkg,bug,low,philnoh2,0.95,"The bug is related to UefiCpuPkg and involves updating CPU definitions, matching the expertise of philnoh2 who handles similar issues in this package.",,False
qwen2.5:14b,A,6687,Nt32 build failure (Bugzilla Bug 174),basetools,bug,medium,AshrafAliS,0.95,Historical pattern shows AshrafAliS handles BaseTools related issues.,,False
qwen2.5:14b,A,6686,Change FrameBufferBltLib module type to UEFI_DRIVER (Bugzilla Bug 173),mdemodulepkg,bug,medium,YangGangUEFI,0.85,"The bug is related to MdeModulePkg and involves changing the module type, which aligns with previous assignments for similar issues in this package.",,False
qwen2.5:14b,A,6685,Clean up BaseLib to remove the dependency of UEFI definition (Bugzilla Bug 172),mdepkg,bug,medium,AshrafAliS,0.95,The bug is related to BaseLib in MdePkg and involves cleanup of UEFI definition dependencies.,,False
qwen2.5:14b,A,6684,Issue creating volatile variable using redirect method (Bugzilla Bug 171),shellpkg,bug,high,YangGangUEFI,0.85,"The bug is related to ShellPkg and involves a method issue, matching historical patterns for YangGangUEFI in this package.",,False
qwen2.5:14b,A,6683,[OpenSSL] Update OpenSSL to version 1.0.2j on UDK2015 branch (Bugzilla Bug 170),cryptopkg,bug,low,liyi77,0.95,The bug involves updating OpenSSL version in the CryptPkg.,,False
qwen2.5:14b,A,6682,Missing EFIAPI for DumpHex and CatSDumpHex (Bugzilla Bug 169),shellpkg,bug,medium,YangGangUEFI,0.95,"The bug is related to ShellPkg and involves missing EFIAPI declarations, which aligns with previous assignments for similar issues in this package.",,False
qwen2.5:14b,A,6681,Sync several BaseTools patches for GCC relative issues to UDK2015 (Bugzilla Bug 168),basetools,bug,low,AshrafAliS,0.95,"The bug is related to BaseTools and involves syncing patches for GCC issues, matching AshrafAliS's historical pattern of handling BaseTools-related bugs.",,False
qwen2.5:14b,A,6680,EfiShellParametersProtocol always return 0 for Argc (Bugzilla Bug 167),shellpkg,bug,low,YangGangUEFI,0.95,The bug is related to ShellPkg and involves a protocol issue which matches previous assignments in the same package.,,False
qwen2.5:14b,A,6679,"OvmfPkg: Add the build option ""/D DISABLE_NEW_DEPRECATED_INTERFACES"" in package DSC files (Bugzilla Bug 166)",ovmfpkg,bug,medium,os-d,0.95,The bug is related to OvmfPkg build options and previous similar issues were handled by os-d.,,False
qwen2.5:14b,A,6678,"ArmVirtPkg: Add the build option ""/D DISABLE_NEW_DEPRECATED_INTERFACES"" in package DSC files (Bugzilla Bug 165)",armvirtpkg,bug,medium,YangGangUEFI,0.95,"The bug is related to ArmVirtPkg package and involves build options in DSC files, which matches historical patterns for this type of issue within the specified package.",,False
qwen2.5:14b,A,6677,"Add the build option ""/D DISABLE_NEW_DEPRECATED_INTERFACES"" in package DSC files (Bugzilla Bug 164)",beagleboardpkg,bug,medium,lgao4,0.85,The bug is related to build options in a package DSC file and lgao4 has handled similar issues before.,,False
qwen2.5:14b,A,6676,"Add the build option ""/D DISABLE_NEW_DEPRECATED_INTERFACES"" in package DSC files (Bugzilla Bug 163)",corebootpayloadpkg,bug,low,lgao4,0.85,The bug is related to build options in DSC files and no specific pattern matches perfectly from the list provided.,,False
qwen2.5:14b,A,6675,"Add the build option ""/D DISABLE_NEW_DEPRECATED_INTERFACES"" in package DSC files (Bugzilla Bug 162)",emulatorpkg,bug,medium,AshrafAliS,0.95,The bug is related to build options in package DSC files which aligns with previous work on BaseTools FMMT issues.,,False
qwen2.5:14b,A,6674,Duplication of GCC*_ARM_PLATFORM_FLAGS in tools_def.template (Bugzilla Bug 161),basetools,bug,low,AshrafAliS,0.95,The bug is related to BaseTools and involves a template file issue.,,False
qwen2.5:14b,A,6673,build tools generate section encapsulation that PEI Core marks as invalid due to FFS3 section inside FFS2 FV (Bugzilla Bug 160),mdepkg,bug,medium,AshrafAliS,0.95,"The bug involves BaseTools and PEI Core validation issues, matching AshrafAliS's historical pattern of handling such build tool and FMMT related bugs.",,False
qwen2.5:14b,A,6672,Enhance the error message for Pcd value that missing leading '0x' prefix for a hex value (Bugzilla Bug 159),basetools,bug,medium,AshrafAliS,0.95,"The bug is related to BaseTools and improving error messages, which matches AshrafAliS's historical pattern of handling BaseTools issues.",,False
qwen2.5:14b,A,6671,Remove ShellPkg wrapper header files (Bugzilla Bug 158),shellpkg,bug,medium,YangGangUEFI,0.85,"The bug is related to ShellPkg and involves header files, which aligns with previous assignments for similar issues in this package.",,False
qwen2.5:14b,A,6670,Move and rename Shell protocol headers to MdePkg and update ShellPkg header file to be wrappers to newly named MdePkg header files (Bugzilla Bug 157),shellpkg,bug,low,YangGangUEFI,0.85,"The bug is related to ShellPkg and involves protocol headers, which aligns with previous assignments for similar issues in this package.",,False
qwen2.5:14b,A,9561,[BootMaintenanceManagerUiLib] Some redundant file-explorer related codes can be remove in the library (Bugzilla Bug 156),mdemodulepkg,bug,medium,YangGangUEFI,0.95,The bug is related to BootMaintenanceManagerUiLib in MdeModulePkg and involves UI code cleanup.,,False
qwen2.5:14b,A,6669,PXE boot fails to assign an IP whose last octet is zero (in subnet 255.255.0.0) (Bugzilla Bug 155),mdepkg,bug,medium,SaloniKasbekar,0.85,"The bug is related to IP assignment in a network package, matching SaloniKasbekar's pattern of handling network-related issues.",,False
qwen2.5:14b,A,6668,windows uefi firmware update fail error code 10 at device firmware (Bugzilla Bug 154),shellpkg,bug,medium,YangGangUEFI,0.85,The bug is related to ShellPkg and involves firmware update issues which aligns with previous assignments for similar issues in this package.,,False
qwen2.5:14b,A,6667,Variable protections lost after shell setvar delete (seen on MinnowBoard) (Bugzilla Bug 153),edkshellpkg,bug,low,wenbhou,0.95,"The bug involves variable protections and is related to the EDK Shell Package, which aligns with previous high-priority issues handled by wenbhou in similar contexts.",,False
qwen2.5:14b,A,6666,Including .obj in .inf for module fails if Build/ folder does not already have previous successful build (Bugzilla Bug 152),basetools,bug,medium,AshrafAliS,0.95,The bug is related to BaseTools and involves a build issue with .obj files in .inf modules.,,False
qwen2.5:14b,A,6665,[BaseTool][Build.exe]Fail to parse the symbol in map file (Bugzilla Bug 151),basetools,bug,medium,AshrafAliS,0.95,"The bug is related to BaseTools and Build.exe parsing issues, matching AshrafAliS's historical pattern of handling BaseTools build-related bugs.",,False
qwen2.5:14b,A,6664,[BaseTool][Build.exe]Fail to parse the symbol in map file (Bugzilla Bug 150),basetools,bug,low,AshrafAliS,0.95,"The bug is related to BaseTools and Build.exe parsing issues, matching AshrafAliS's historical pattern of handling BaseTools build-related bugs.",,False
qwen2.5:14b,A,6663,[BaseTools] Update sign tool to make MonotonicCount *after* Payload (Bugzilla Bug 149),basetools,bug,medium,AshrafAliS,0.95,"The bug is related to BaseTools and involves updating the sign tool, which matches historical patterns of AshrafAliS handling BaseTools issues.",,False
qwen2.5:14b,A,6662,[UefiCpuPkg] CLANG38 build failed on CpuId.c (Bugzilla Bug 148),ueficpupkg,bug,high,mdkinney,0.95,"The bug is related to a CLANG build failure in UefiCpuPkg, matching mdkinney's historical pattern of handling CLANG compiler issues for the package.",,False
qwen2.5:14b,A,6660,Support Pcd Value to use expression in the DEC file (Bugzilla Bug 146),basetools,bug,high,AshrafAliS,0.95,The bug is related to BaseTools and involves a feature request for DEC file handling.,,False
qwen2.5:14b,A,6658,FDF produced OptionRom has issue with ordering of build arch listing (Bugzilla Bug 144),basetools,bug,high,AshrafAliS,0.95,"The bug is related to BaseTools and specifically FDF issues, matching AshrafAliS's historical pattern of handling such bugs.",,False
qwen2.5:14b,A,6657,[BaseTools] Enhance PatchCheck.py to detect EFI_D_* macro usage (Bugzilla Bug 143),basetools,bug,high,AshrafAliS,0.95,"The bug is related to enhancing BaseTools PatchCheck.py, which matches historical patterns of AshrafAliS handling BaseTools issues.",,False
qwen2.5:14b,A,6656,GenFds should support FDF file sections in any order (Bugzilla Bug 141),basetools,bug,high,AshrafAliS,0.95,"The bug is related to BaseTools and specifically mentions FDF file sections, matching AshrafAliS's historical pattern of handling such issues.",,False
qwen2.5:14b,A,6655,BdsDxe: BdsAllocateMemoryForPerformanceData() is limited to 4 GB (Bugzilla Bug 140),mdemodulepkg,bug,medium,YangGangUEFI,0.85,"The bug is related to MdeModulePkg and specifically BdsDxe component, matching historical pattern of YangGangUEFI handling such issues.",,False
qwen2.5:14b,A,6654,Use RESET button to force recovery mode in QuarkPlatformPkg (Bugzilla Bug 139),quarkplatformpkg,bug,low,YangGangUEFI,0.85,"The bug is related to QuarkPlatformPkg and involves a recovery mode feature, which aligns with previous assignments for similar setup or configuration issues.",,False
qwen2.5:14b,A,6653,Add UEFI Application to QuarkPlatformPkg to force recovery mode after reset (Bugzilla Bug 138),quarkplatformpkg,bug,low,lgao4,0.75,The bug is related to QuarkPlatformPkg and does not match any specific historical patterns or rare assignees.,,False
qwen2.5:14b,A,6652,Reading recovery image in PEI phase from USB generates access violation on Quark platforms (Bugzilla Bug 137),quarkplatformpkg,bug,high,AshrafAliS,0.95,The bug is related to BaseTools and PEI phase access violation on Quark platforms.,,False
qwen2.5:14b,A,6651,QuarkSocPkg QncSmmDispatcher passes incorrect context to SMI handler (Bugzilla Bug 136),quarksocpkg,bug,low,lgao4,0.75,The bug is related to QuarkSocPkg and does not match any specific patterns for other listed assignees.,,False
qwen2.5:14b,A,6650,BOpt_DestroyMenuEntry function attempts to free NULL in two places (Bugzilla Bug 135),mdemodulepkg,bug,medium,YangGangUEFI,0.95,The bug is related to a function in MdeModulePkg and involves memory management issues similar to previous assignments.,,False
qwen2.5:14b,A,6649,Introduce VS prefix env for VS tool chain customization in tools_def.txt (Bugzilla Bug 134),basetools,bug,high,AshrafAliS,0.95,The bug is related to BaseTools and involves tool chain customization in tools_def.txt.,,False
qwen2.5:14b,A,6648,"Miss type defination of ""IMAGE_FORMAT"" and ""DECODE_IMAGE"" in ""Include/Library/ImageDecoderLib.h"" (Bugzilla Bug 133)",mdemodulepkg,bug,high,YangGangUEFI,0.95,The bug is related to missing type definitions in a header file within MdeModulePkg.,,False
qwen2.5:14b,A,6647,GenFds crashes if [FmpPayload] FILE DATA points to file generated by [FV] or [FD] section (Bugzilla Bug 132),basetools,bug,high,AshrafAliS,0.95,"The bug is related to BaseTools and specifically involves GenFds crashing under certain conditions, matching AshrafAliS's historical pattern of handling complex BaseTools issues.",,False
qwen2.5:14b,A,6646,FreePool() ASSERT() when writing to disk in Shell HexEdit command (Bugzilla Bug 131),shellpkg,bug,high,NingFengGit,0.85,The bug is related to Shell HexEdit command which falls under the ShellPkg package and historical patterns suggest NingFengGit handles such issues.,,False
qwen2.5:14b,A,6645,‘cd \’ command fails to go back to the root directory of a file system (Bugzilla Bug 130),shellpkg,bug,high,YangGangUEFI,0.95,The bug is related to the UEFI Shell command functionality within ShellPkg.,,False
qwen2.5:14b,A,6643,"[BaseTools] Add Library inf with uni file in [Source] section in FDF,  build report Traceback  error (Bugzilla Bug 128)",basetools,bug,medium,AshrafAliS,0.95,"The bug is related to BaseTools and involves a build report error, matching AshrafAliS's historical pattern of handling BaseTools issues.",,False
qwen2.5:14b,A,6642,Possibly stale DNS server data retained after switch from Dhcp to Static (Bugzilla Bug 127),networkpkg,bug,medium,SaloniKasbekar,0.9,"The bug involves stale DNS data retention after switching from DHCP to Static, which is likely related to configuration or protocol handling within the NetworkPkg.",,False
qwen2.5:14b,A,9560,[EmbeddedPkg] still reference edk2-devel@lists.sourceforge.net (Bugzilla Bug 126),embeddedpkg,bug,medium,YangGangUEFI,0.85,"The bug is related to EmbeddedPkg and involves updating an email reference, which aligns with previous maintenance tasks handled by YangGangUEFI.",,False
qwen2.5:14b,A,6641,[AppPkg] still reference edk2-devel@lists.sourceforge.net (Bugzilla Bug 125),apppkg,bug,medium,YangGangUEFI,0.85,"The bug is related to AppPkg and mentions a specific historical reference, matching YangGangUEFI's pattern of handling similar issues in the past.",,False
qwen2.5:14b,A,9558,MdeModulePkg PiSmmCore: IPL legacy memory Limits should be removed (Bugzilla Bug 122),mdemodulepkg,bug,low,YangGangUEFI,0.95,"The bug is related to MdeModulePkg and PiSmmCore, which matches historical patterns for this assignee.",,False
qwen2.5:14b,A,6640,[BaseTools] change 'r+b' mode to 'rb' mode to handle the readonly RAW files (Bugzilla Bug 121),basetools,bug,high,AshrafAliS,0.95,"The bug is related to BaseTools and involves handling file modes, matching AshrafAliS's historical pattern of fixing BaseTools issues.",,False
qwen2.5:14b,A,6639,Boot option cannot be created immediately after deleting a boot option with the same name (Bugzilla Bug 120),mdemodulepkg,bug,medium,YangGangUEFI,0.95,"The bug is related to boot option management within MdeModulePkg, which matches historical patterns for this type of issue.",,False
qwen2.5:14b,A,6638,XHCI host controller reset operation requires an additional 1ms delay on some HCs (Bugzilla Bug 119),mdemodulepkg,bug,medium,YangGangUEFI,0.85,The bug is related to MdeModulePkg and does not match any specific rare assignees or unique historical patterns.,,False
qwen2.5:14b,A,6637,Remove redundant check in HttpBootDxe (Bugzilla Bug 118),networkpkg,bug,low,SaloniKasbekar,0.9,The bug involves removing a redundant check in HttpBootDxe which aligns with previous low-priority bugs related to NetworkPkg that were assigned to SaloniKasbekar for replacing hardcoded values with existing constants.,,False
qwen2.5:14b,A,6636,TcpDxe to not use EFI_D_INFO for DEBUG messages (Bugzilla Bug 117),networkpkg,bug,medium,SaloniKasbekar,0.9,The bug is related to TcpDxe and involves replacing a hardcoded value with an existing define constant.,,False
qwen2.5:14b,A,6634,"In Linux, Rsa2048Sha256Sign and Pkcs7Sign are not found (Bugzilla Bug 115)",basetools,bug,high,AshrafAliS,0.95,"The bug is related to BaseTools and involves missing cryptographic functions in Linux, which aligns with AshrafAliS's pattern of handling BaseTools issues.",,False
qwen2.5:14b,A,6633,need fix typo in SecurityPkg (Bugzilla Bug 114),securitypkg,bug,medium,HunterChang030,0.9,"The bug is related to SecurityPkg and involves a typo fix, matching HunterChang030's historical pattern of handling DeviceList issues in OpalPassword.",,False
qwen2.5:14b,A,6632,PatchCheck.py and wiki commit message line lengths are inconsistent (Bugzilla Bug 113),basetools,bug,medium,AshrafAliS,0.95,"The bug is related to BaseTools and involves a specific tool (PatchCheck.py), matching AshrafAliS's historical pattern of handling BaseTools issues.",,False
qwen2.5:14b,A,6631,UEFI Shell 'devtree' command causes ASSERT (Bugzilla Bug 112),shellpkg,bug,high,mikebeaton,0.85,"The bug is related to UEFI Shell command and causes an assertion, matching the pattern of previous shellpkg bugs assigned to mikebeaton.",,False
qwen2.5:14b,A,6630,DnsDxe: Invalid Hostname returns EFI_TIMEOUT instead of EFI_NOT_FOUND (Bugzilla Bug 111),networkpkg,bug,low,SaloniKasbekar,0.9,"The bug involves replacing an incorrect return value in a network component, matching the pattern of fixing hardcoded values with existing constants.",,False
qwen2.5:14b,A,6629,make EDKII PEI recovery file name configurable (Bugzilla Bug 110),mdemodulepkg,bug,medium,YangGangUEFI,0.85,"The bug is related to MdeModulePkg and involves configuration of PEI recovery file name, which aligns with previous assignments for similar setup or configuration issues in this package.",,False
qwen2.5:14b,A,9557,UEFI Firmware runs with Task Register (TR) set to NULL -- no TSS exists in GDT (Bugzilla Bug 109),ueficpupkg,bug,high,philnoh2,0.95,"The bug is related to UEFI firmware and CPU initialization, matching the expertise of philnoh2 in handling CPU-related issues within UefiCpuPkg.",,False
qwen2.5:14b,A,6627,Ping/Ping6: Update to use UEFI Timers instead of gEfiCpuArchProtocolGuid (Bugzilla Bug 107),shellpkg,bug,medium,NingFengGit,0.95,"The bug is related to ShellPkg and involves updating Ping/Ping6 commands, which aligns with NingFengGit's previous work on similar components in the package.",,False
qwen2.5:14b,A,6626,EDKII - Network stack : UEFI PXE boot issue with Classless IP address (Bugzilla Bug 106),mdemodulepkg,bug,medium,SaloniKasbekar,0.9,The bug is related to the Network stack in MdeModulePkg and involves replacing a hardcoded value with an existing define constant.,,False
qwen2.5:14b,A,9556,Shell is writing directly to EFI_SIMPLE_TEXT_OUTPUT Mode data in violation of UEFI Spec (Bugzilla Bug 105),shellpkg,bug,high,YangGangUEFI,0.95,"The bug is related to Shellpkg and violates UEFI Spec, matching historical pattern of YangGangUEFI handling such issues in Shellpkg.",,False
qwen2.5:14b,A,6625,DnsDxe can not handle alias (Bugzilla Bug 104),networkpkg,bug,medium,SaloniKasbekar,0.9,"The bug is related to DnsDxe in NetworkPkg and involves handling aliases, which falls under the category of protocol driver issues typically handled by SaloniKasbekar.",,False
qwen2.5:14b,A,6624,"BDS generates ""Boot manager Menu"" boot option not consistent (Bugzilla Bug 103)",mdemodulepkg,bug,medium,YangGangUEFI,0.85,"The bug is related to MdeModulePkg and involves a boot option generation issue, matching historical patterns for this assignee.",,False
qwen2.5:14b,A,6623,IPv4 PXE boot fails with classless IP address (Bugzilla Bug 102),networkpkg,bug,medium,SaloniKasbekar,0.9,"The bug is related to IPv4 PXE boot in NetworkPkg and involves a specific configuration issue, matching SaloniKasbekar's pattern of handling network-related issues.",,False
qwen2.5:14b,A,6622,Incorrect expectation from NetLibAsciiStrToIp4 (Bugzilla Bug 101),mdemodulepkg,bug,medium,BritChesley,0.85,"The bug is related to NetLibAsciiStrToIp4 in MdeModulePkg, which matches historical CodeQl errors reported by BritChesley.",,False
qwen2.5:14b,A,6621,Most edk2.tianocore.org links in EDK II are wrong (Bugzilla Bug 100),apppkg,bug,medium,AshrafAliS,0.95,"The bug is related to incorrect links in EDK II, which falls under the AppPkg and matches AshrafAliS's historical pattern of handling such issues.",,False
qwen2.5:14b,A,6620,[BaseTools] Provide the PKCS7 tool (Bugzilla Bug 99),basetools,bug,medium,AshrafAliS,0.95,"The bug is related to BaseTools and involves providing a PKCS7 tool, which aligns with previous high-priority BaseTools issues.",,False
qwen2.5:14b,A,6619,[BaseTools] Enhance RSA2048 tool to support MonotonicCount  option (Bugzilla Bug 98),basetools,bug,low,AshrafAliS,0.95,The bug is related to BaseTools and involves enhancing a specific tool within it.,,False
qwen2.5:14b,A,6618,[FDF Spec] FMPPAYLOAD section add the definition for CERTIFICATE_GUID and  MONOTONIC_COUNT (Bugzilla Bug 97),basetools,bug,high,AshrafAliS,0.95,"The bug is related to BaseTools and FMMT, which matches AshrafAliS's historical pattern of handling such issues.",,False
qwen2.5:14b,A,6617,"Add the build option ""/D DISABLE_NEW_DEPRECATED_INTERFACES"" in package DSC files (Bugzilla Bug 96)",stdlib,bug,medium,AshrafAliS,0.95,"The bug is related to modifying DSC files in a package, which aligns with BaseTools FMMT handling and AshrafAliS's previous work on similar issues.",,False
qwen2.5:14b,A,6616,Incorrect GIC Version in Acpi51.h (Bugzilla Bug 95),mdepkg,bug,high,Vogtinator,0.95,The bug is related to incorrect GIC version in Acpi51.h which matches historical pattern of Vogtinator handling similar issues.,,False
qwen2.5:14b,A,6615,Incorrect MADT revision for ACPI 6.0 (Bugzilla Bug 94),mdepkg,bug,high,Vogtinator,0.95,"The bug is related to ACPI and TCG2/TPM2 support on RISC-V, matching Vogtinator's historical pattern for handling such issues.",,False
qwen2.5:14b,A,6614,"Add the build option ""/D DISABLE_NEW_DEPRECATED_INTERFACES"" in package DSC files (Bugzilla Bug 93)",shellpkg,bug,medium,YangGangUEFI,0.85,"The bug is related to ShellPkg and involves build options in DSC files, which aligns with previous assignments for similar issues.",,False
qwen2.5:14b,A,6613,Please refresh the UEFI shell binaries for ARM and AARCH64 (Bugzilla Bug 92),shellbinpkg,bug,medium,YangGangUEFI,0.85,"The bug is related to refreshing UEFI shell binaries for ARM and AARCH64, which falls under the Device Manager or setup form issues typically handled by YangGangUEFI.",,False
qwen2.5:14b,A,6612,BaseTools should check CONF_PATH env to get the configure files (Bugzilla Bug 91),basetools,bug,high,AshrafAliS,0.95,The bug is related to BaseTools and involves configuration file handling.,,False
qwen2.5:14b,A,6611,The SMRAM allocated in FindSmramInfo() can be freed. (Bugzilla Bug 90),ueficpupkg,bug,medium,philnoh2,0.95,The bug is related to UefiCpuPkg and specifically deals with memory allocation issues.,,False
qwen2.5:14b,A,6608,Installed Windows 10 OVMF SMP guest crashes when SMM is enabled/required (Bugzilla Bug 85),ovmfpkg,bug,low,vit9696,0.85,The bug involves SMM in OVMF which relates to runtime driver execution policies.,,False
qwen2.5:14b,A,6607,Csm16.bin(seabios) failed to work in OVMF. (Bugzilla Bug 84),ovmfpkg,bug,low,os-d,0.95,"The bug is related to OVMF and involves compatibility issues with seabios, which falls under the default build and memory management of OVMF.",,False
qwen2.5:14b,A,6606,OVMF fails to boot with SMP enabled (Bugzilla Bug 83),ovmfpkg,bug,low,philnoh2,0.95,The bug involves SMP boot failure in OVMF which is related to CPU/AP management and initialization.,,False
qwen2.5:14b,A,6601,OVMF release build with GCC 5.2 runs out of space [master] (Bugzilla Bug 78),ovmfpkg,bug,low,os-d,0.95,The bug is related to OVMF build issues and memory management problems.,,False
qwen2.5:14b,A,6600,ASSERT failure on QEMU (Bugzilla Bug 77),ovmfpkg,bug,low,yechao-w,0.85,"The bug is related to QEMU and OvmfPkg, which yechao-w has handled before for similar issues.",,False
qwen2.5:14b,A,6598,kvm emulation failure (Bugzilla Bug 74),ovmfpkg,bug,low,yechao-w,0.95,"The bug is related to OvmfPkg and kvm emulation failure, which matches historical patterns for yechao-w.",,False
qwen2.5:14b,A,6597,OVMF can't handly large VMs with qemu/kvm and linux >= 4.2 (Bugzilla Bug 73),ovmfpkg,bug,low,os-d,0.95,"The bug is related to OVMF handling large VMs with QEMU/KVM and Linux >= 4.2, which falls under memory management or compatibility issues within the OvmfPkg.",,False
qwen2.5:14b,A,6596,Windows 8.1 Installation crashes with latest OVMF (Bugzilla Bug 72),ovmfpkg,bug,low,os-d,0.95,"The bug is related to OVMF and involves a crash during Windows installation, which aligns with previous memory protection or FreePages() issues handled by os-d.",,False
qwen2.5:14b,A,6595,OVMF doesn't respect -acpitable QEMU parameter (Bugzilla Bug 71),ovmfpkg,bug,low,AndreasBBS,0.95,"The bug is related to QEMU parameter handling in OVMF, matching historical pattern of network protocol driver issues with QEMU_EFI.",,False
qwen2.5:14b,A,6594,Build failure with latest Xcode clang (Bugzilla Bug 70),stdlib,bug,medium,AshrafAliS,0.95,"The bug is related to a build failure with Xcode clang, which matches historical patterns of AshrafAliS handling BaseTools and build-related issues.",,False
qwen2.5:14b,A,9555,Possible bad data length check in EslSocketTransmit (Bugzilla Bug 69),stdlib,bug,medium,BritChesley,0.75,"The bug is related to a specific function in the stdlib package, which likely falls under code quality or security checks.",,False
qwen2.5:14b,A,6593,Man pages in BaseTools UserManuals should be updated with new ML address (Bugzilla Bug 68),basetools,bug,medium,AshrafAliS,0.95,The bug is related to updating BaseTools UserManuals which has been handled by AshrafAliS in the past.,,False
qwen2.5:14b,A,6592,UefiCpuPkg/CpuMpPei: please consider existing memalloc HOBs in GetWakeupBuffer( (Bugzilla Bug 67),ueficpupkg,bug,medium,philnoh2,0.95,"The bug is related to UefiCpuPkg/CpuMpPei and involves memory allocation in a multi-processor context, matching the expertise of philnoh2.",,False
qwen2.5:14b,A,6589,DuetPkgX64: Windows 10 BSOD on boot (Bugzilla Bug 64),duetpkg,bug,low,AshrafAliS,0.95,"The bug is related to DuetPkgX64 and involves a BSOD on boot, which suggests an issue with the build or configuration process rather than a specific package component.",,False
qwen2.5:14b,A,6587,rework gcc detection to look forward instead of backward (Bugzilla Bug 62),ovmfpkg,bug,low,AshrafAliS,0.95,"The bug is related to OvmfPkg and involves gcc detection, which aligns with previous work by AshrafAliS on similar issues in BaseTools.",,False
qwen2.5:14b,A,6586,UefiCpuPkg: MtrrLib: unused-but-set-variable (UDK2015 branch) (Bugzilla Bug 61),ueficpupkg,bug,medium,philnoh2,0.95,"The bug is related to UefiCpuPkg and specifically MtrrLib, which matches the historical pattern of philnoh2 handling bugs in this package.",,False
qwen2.5:14b,A,6585,Intel Graphics driver in Windows not working with corebootPayloadPkg (Bugzilla Bug 60),corebootpayloadpkg,bug,low,AshrafAliS,0.85,"The bug involves corebootPayloadPkg and Windows driver issues, which is not directly related to any specific package listed but seems closest to build or CI code issues.",,False
qwen2.5:14b,A,6584,Error building PcAtChipsetPkg/SerialIoLib (Bugzilla Bug 59),pcatchipsetpkg,bug,medium,AshrafAliS,0.95,The bug is related to BaseTools and involves a build issue with PcAtChipsetPkg/SerialIoLib.,,False
qwen2.5:14b,A,6583,random bsod of windows10 (Bugzilla Bug 58),ovmfpkg,bug,low,os-d,0.85,"The bug is related to OVMF and BSOD in Windows 10, which likely involves memory or driver issues handled by os-d.",,False
qwen2.5:14b,A,9554,QuarkPlatformPkg output junks on the console (Bugzilla Bug 57),quarkplatformpkg,bug,medium,Damien-Chen,0.85,The bug is related to QuarkPlatformPkg console output and no specific historical pattern matches precisely.,,False
qwen2.5:14b,A,6582,Basetools compile with VS2012 (Bugzilla Bug 56),basetools,bug,medium,AshrafAliS,0.95,Historical pattern shows AshrafAliS handles BaseTools related issues.,,False
qwen2.5:14b,A,6580,remove Libray references from code base (Bugzilla Bug 52),mdepkg,bug,low,lgao4,0.75,"The bug is related to MdePkg and involves removing library references, which aligns with previous low priority tasks handled by lgao4.",,False
qwen2.5:14b,A,6579,QuarkSockg Use after free in QNCSmmCoreDispatcher (Bugzilla Bug 51),quarksocpkg,bug,medium,AshrafAliS,0.95,The bug involves a use-after-free issue in QuarkSockg package which is not listed under common patterns but matches the expertise of AshrafAliS handling complex issues.,,False
qwen2.5:14b,A,9551,StdLib's tmpfile and mkstemp do not work (Bugzilla Bug 50),stdlib,bug,medium,AshrafAliS,0.85,The bug is related to StdLib functions and does not match any specific patterns for other listed assignees.,,False
qwen2.5:14b,A,6578,"Missing break(s) in switch statement, EfiWrite() (Bugzilla Bug 49)",embeddedpkg,bug,low,YangGangUEFI,0.85,The bug is in EmbeddedPkg and relates to a code quality issue within a specific function.,,False
qwen2.5:14b,A,6577,Most edk2.tianocore.org links in EDK II are wrong (Bugzilla Bug 48),basetools,bug,medium,AshrafAliS,0.95,"The bug is related to BaseTools and involves fixing links, which matches AshrafAliS's historical pattern of handling BaseTools issues.",,False
qwen2.5:14b,A,6576,NULL pointer comparison to a char literal should be to NULL (Bugzilla Bug 47),edkcompatibilitypkg,bug,medium,YangGangUEFI,0.85,"The bug is related to EdkCompatibilityPkg and involves a NULL pointer comparison issue, which aligns with previous assignments to YangGangUEFI for similar issues in this package.",,False
qwen2.5:14b,A,6575,can't build UDK2015 branch (Bugzilla Bug 45),cryptopkg,bug,medium,ardbiesheuvel,0.95,The bug is related to building the cryptopkg package with a specific branch and historical CLANG compiler build errors in this package are assigned to ardbiesheuvel.,,False
qwen2.5:14b,A,6574,Some packages still reference edk2-devel@lists.sourceforge.net (Bugzilla Bug 44),basetools,bug,medium,AshrafAliS,0.95,"The bug is related to BaseTools and involves updating email references, which aligns with previous high-priority updates in BaseTools.",,False
qwen2.5:14b,A,6573,Incorrect MBR primary partition numbering in PartitionInstallMbrChildHandles() (Bugzilla Bug 43),mdemodulepkg,bug,medium,YangGangUEFI,0.95,The bug is related to MdeModulePkg and involves a specific issue with partition handling.,,False
qwen2.5:14b,A,6571,Bug in Math64.c - undefined behavior (Bugzilla Bug 41),mdepkg,bug,medium,os-d,0.95,"The bug is in MdePkg and relates to undefined behavior, which typically falls under memory management or core functionality issues handled by os-d.",,False
qwen2.5:14b,A,6570,GCC toolchain (<= 4.8) doesn't enable optimizations for X64 RELEASE builds (Bugzilla Bug 40),basetools,bug,low,AshrafAliS,0.95,The bug is related to BaseTools and concerns the GCC toolchain configuration.,,False
qwen2.5:14b,A,6569,Error when changing boot order after deleting boot option (Bugzilla Bug 39),mdemodulepkg,bug,medium,YangGangUEFI,0.85,"The bug is related to boot order and options in MdeModulePkg, which matches previous assignments to YangGangUEFI.",,False
qwen2.5:14b,A,6568,Use-after-free in StdLib ParsePath() (Bugzilla Bug 38),stdlib,bug,medium,lgao4,0.75,The bug is related to StdLib and does not match any specific rare assignees or historical patterns closely.,,False
qwen2.5:14b,A,6567,AhciDumpPortStatus doesn't fully populate all the fields of the parameter EFI_ATA_STATUS_BLOCK *AtaStatusBlock (Bugzilla Bug 37),mdemodulepkg,bug,medium,YangGangUEFI,0.85,"The bug is related to MdeModulePkg and involves a specific function not populating fields correctly, which aligns with previous assignments for similar issues in this package.",,False
qwen2.5:14b,A,6566,RVDS 4.0 Don't support --protect_stack option (Bugzilla Bug 36),basetools,bug,high,AshrafAliS,0.95,"The bug is related to RVDS 4.0 and BaseTools, matching previous high-priority BaseTools issues handled by AshrafAliS.",,False
qwen2.5:14b,A,6565,EDK Shell Locking Up after a few minutes (Bugzilla Bug 34),edkshellpkg,bug,low,YangGangUEFI,0.85,The bug is related to EDK Shell which falls under the general category of MDK module bugs handled by YangGangUEFI.,,False
qwen2.5:14b,A,6564,Compilation error for MdeModulePkg (Bugzilla Bug 33),mdemodulepkg,bug,low,lgao4,0.85,The bug is related to MdeModulePkg and previous similar issues were handled by lgao4.,,False
qwen2.5:14b,A,6563,CorebootPayloadPkg_IA32X64 cannot find USB and EFI internal shell (Bugzilla Bug 32),corebootpayloadpkg,bug,low,YangGangUEFI,0.85,"The bug is related to CorebootPayloadPkg_IA32X64 and involves issues with USB detection and EFI internal shell, which are common UEFI setup and configuration problems handled by YangGangUEFI.",,False
