model,system,issue_id,title,package,is_invalid,confidence,reason
qwen2.5:14b,A,12919,[Bug]: GenFw emits wrong relocation addend,basetools,False,1.0,It describes a genuine bug related to the EDK II build tools.
qwen2.5:14b,A,12887,[Bug]: F2/ESC hotkeys do not work when a virtio device is present (202502+),ovmfpkg,False,1.0,"It describes a specific issue with hotkeys not working in the presence of a virtio device, which is related to EDK II firmware development."
qwen2.5:14b,A,12882,[Bug]: DNSDxe doesn't accept all type of DNS response as per RFC,networkpkg,False,1.0,It describes a specific issue with the DNSDxe package that may be a genuine bug.
qwen2.5:14b,A,12766,[Bug]: Row/column arguments in Console Out are transposed,emulatorpkg,False,1.0,It is a genuine bug report related to EDK II firmware component.
qwen2.5:14b,A,12708,[Bug]: Incompatible change at UEFI 2.11 type field at ARM Processor Error Information table,ueficpupkg,False,1.0,It describes a genuine bug related to UEFI specification compatibility in a specific package.
qwen2.5:14b,A,12693,[Bug]: ManageabilityPkg CLANGDWARF CI failure (BaseManageabilityTransportHelper),manageabilitypkg,False,1.0,"It describes a build failure in the ManageabilityPkg, which is related to EDK II."
qwen2.5:14b,A,12689,[Bug]: UEFI Shell layout is messed up in DEBUG mode when no mapping is found,shellpkg,False,1.0,It describes a specific bug related to UEFI Shell layout in DEBUG mode.
qwen2.5:14b,A,12680,[Bug]: ECC not generate enough 5 fields in UefiCpuPkg/Library/BaseRiscV64CpuTimerLib,ueficpupkg,False,1.0,"The issue describes a specific problem with the generation of ECC fields in a library, which is related to EDK II firmware development."
qwen2.5:14b,A,12678,"[Bug]: 057a611ae6 (""SecurityPkg: Added basic DxeImageVerificationLib tests"", 2025-06-22) DxeImageVerificationHandler Sanity Check",securitypkg,False,1.0,"It describes a specific bug related to a commit in the SecurityPkg, which is part of EDK II."
qwen2.5:14b,A,12675,[Bug]: Commit a9c9cfa0790c3fce6957db603488b85306c37385 causes crash on Ampere Altra systems,armpkg,False,1.0,"It describes a specific commit causing a crash, which is a genuine bug report."
qwen2.5:14b,A,12658,[Bug]: Update CryptoPkg OpenSSL submodule to OpenSSL 3.5.5 for CVE-2025-69419,cryptopkg,False,1.0,It describes a security update for a specific package.
qwen2.5:14b,A,12651,"[Bug]: Booting netboot.xyz over HTTPS fails with ""EE certificate key too weak""",cryptopkg,False,1.0,It describes a specific issue related to EDK II's cryptographic package.
qwen2.5:14b,A,12646,[Bug]: ArmStandaloneMmCoreEntryPoint DelegatedEventLoop infinite loop on error path,armpkg,False,1.0,It describes a specific bug in the ArmStandaloneMmCoreEntryPoint function within the armpkg package.
qwen2.5:14b,A,12644,[Bug]: Discover Nvme Namespaces function is called multiple times in NvmExpressDriverBindingStart,mdemodulepkg,False,1.0,"It describes a specific issue within an EDK II package, which is relevant to firmware development."
qwen2.5:14b,A,12617,[Bug]: FWTS Authenticated variable test fails,mdemodulepkg,False,1.0,It is a genuine bug report related to firmware testing in EDK II.
qwen2.5:14b,A,12588,[Bug]: HDMI ports need changed during boot process,other,True,1.0,The issue lacks details to reproduce or investigate the problem.
qwen2.5:14b,A,12587,[Bug]: TPM table offset to LAML and LASL are incorrect,securitypkg,False,1.0,It describes a genuine bug report related to firmware development.
qwen2.5:14b,A,12566,[Bug]: Allocator: Some Logic Checks the Special Field Some Uses a List of Memory Types,mdemodulepkg,False,1.0,"The issue describes a potential inconsistency in logic related to memory allocation, which is relevant to firmware development."
qwen2.5:14b,A,12547,[Bug]: __stack_chk_guard definition is wrong,other,False,1.0,"The issue describes a potential bug in stack protection mechanism, which relates to EDK II build and runtime environment."
qwen2.5:14b,A,12517,[Bug]: Base.h IA32 GCC _AlignOf,mdepkg,False,1.0,"It describes a specific issue with the alignment macro in Base.h for IA32 GCC, which is related to EDK II firmware development."
qwen2.5:14b,A,12498,"[Bug]: For the ManageabilityPkg, move the internal use C header file to under PrivateInclude.",other,True,1.0,The issue does not describe a reproducible problem or provide enough information for investigation.
qwen2.5:14b,A,12463,"[Bug]: ProcessCommunicationBuffer() in MmCommunicationDxe is not reentrant-safe, leading to ReturnBufferSize corruption and page fault.",standalonemmpkg,False,1.0,The issue describes a specific bug with reproducible symptoms in an EDK II package.
qwen2.5:14b,A,12437,[Bug]: Noise in build process if toolchain is GCC or CLANGDWARF,basetools,False,1.0,"The issue describes a reproducible problem with the build process for specific toolchains, which is relevant to EDK II."
qwen2.5:14b,A,12419,[Bug]: Build fails without a reason,mdemodulepkg,False,1.0,The issue describes a build failure which is relevant to EDK II.
qwen2.5:14b,A,12399,[Bug]: NvmeDxe:: Incomplete cleanup on failure case resulting in memory leak and protocol tracking,mdemodulepkg,False,1.0,The issue describes a genuine bug related to memory management in an EDK II package.
qwen2.5:14b,A,12397,[Bug]: NvmeDxe:: NvmExpressMediaClear: Incorrect buffersize for write command,mdemodulepkg,False,1.0,It describes a specific bug in the NvmeDxe module with enough detail to be investigated.
qwen2.5:14b,A,12396,[Bug]: NvmeDxe::NvmExpressMediaClear: off-by-one skips last LBA,mdemodulepkg,False,1.0,It describes a specific bug in the NvmeDxe package with enough detail to be investigated.
qwen2.5:14b,A,12394,[Bug]: Remove [DEPEX] section from RedfishConfigHandler driver,redfishpkg,False,1.0,It is a genuine bug report related to an EDK II package.
qwen2.5:14b,A,12390,[Bug]:PXE crash in NetworkPkg when link disconnects during NBP download (NULL/invalid Private access),networkpkg,False,1.0,"It describes a reproducible crash in NetworkPkg, which is related to EDK II firmware development."
qwen2.5:14b,A,12363,[Bug]: OVMF crashes when exiting from aarch64 GRUB,armvirtpkg,False,1.0,"It describes a specific crash issue with OVMF when exiting from aarch64 GRUB, which is related to EDK II firmware development."
qwen2.5:14b,A,12359,[Bug]: <title>/PageTbl.c(340): PageDirectoryEntry != ((void *) 0),ueficpupkg,False,1.0,It describes a specific bug with code location and condition.
qwen2.5:14b,A,12348,[Bug]: BaseTools build fails due to racy cpp file generation,basetools,False,1.0,"It describes a reproducible build failure in BaseTools, which is part of EDK II infrastructure."
qwen2.5:14b,A,12333,[Bug]: Remove -I from OvmfPkg reset vectors,ovmfpkg,False,0.95,The issue appears to be a genuine bug report related to the OvmfPkg package.
qwen2.5:14b,A,12320,[Bug]: Issue triage workflow does not auto-assign for feature and documentation requests due to inconsistent field IDs,build-or-ci-code,False,1.0,"The issue describes a problem with the EDK II build infrastructure, specifically an issue triage workflow."
qwen2.5:14b,A,12293,[Bug]: GenFw Missing option on VS2026,basetools,False,1.0,"It describes a missing feature in the build tools, which is relevant to EDK II firmware development."
qwen2.5:14b,A,12281,[Bug]: TerminalDxe ignores shift state when calling notification functions,mdemodulepkg,False,1.0,It is a genuine bug report related to TerminalDxe package.
qwen2.5:14b,A,12276,[Bug]:  [Depex]  sections exist in the INF files of UEFI_DRIVER or UEFI_APPLICATION,shellpkg,False,1.0,The issue describes a potential problem with INF file sections in the context of EDK II firmware development.
qwen2.5:14b,A,12275,[Bug]:  EFIDebug runtime log level change fails to take effect,mdemodulepkg,False,1.0,It is a genuine bug report related to EDK II firmware functionality.
qwen2.5:14b,A,12245,"[Bug]: PE/COFF image hashes (SHA‑384/SHA‑512)  can’t be queried in the DB, but work in the DBX",securitypkg,False,1.0,"It describes a specific issue with querying image hashes in the database, which is related to EDK II firmware development."
qwen2.5:14b,A,12206,[Bug]: OVMF crashes early with RISCVVIRT_PEI_BOOTING,ovmfpkg,False,1.0,"It describes a specific crash issue with OVMF, which is related to EDK II firmware development."
qwen2.5:14b,A,12183,[Bug]: Broken source-level debugging of OVMF caused by improper SEC-phase PCD access (BasePcdLibNull referenced),ovmfpkg,False,1.0,"It describes a specific bug related to source-level debugging in OVMF, which is relevant to EDK II firmware development."
qwen2.5:14b,A,12179,[Bug]: FMMT config file argument does not work,basetools,False,1.0,It is a genuine bug report related to EDK II build tools.
qwen2.5:14b,A,12178,[Bug]: FMMT always exits with status 0 (success),basetools,False,1.0,It describes a reproducible problem related to EDK II build tools.
qwen2.5:14b,A,12176,[Bug]: Cannot run posix wrappers without setup,basetools,False,1.0,It describes a reproducible problem with EDK II build tools.
qwen2.5:14b,A,12172,[Bug]: Error Dumping ESRT Table using CapsuleApp.efi -E,mdemodulepkg,False,1.0,It is a genuine bug report related to EDK II firmware component.
qwen2.5:14b,A,12141,[Bug]: KeyBoard Backspace is not work in UEFI shell when launch QEMU with -nographic mode,ovmfpkg,False,1.0,It describes a specific issue in UEFI shell that can be investigated and potentially fixed.
qwen2.5:14b,A,12136,[Bug]: Incremental build issue of Structure PCD,basetools,False,1.0,The issue describes a specific build problem related to EDK II's build tools.
qwen2.5:14b,A,12120,[Bug]: Ramfb default resolutions available are very low,ovmfpkg,False,1.0,It describes a specific issue with default resolution settings in an EDK II package.
qwen2.5:14b,A,12095,[Bug]: The PXE boot option is missing on RISCV64,ovmfpkg,False,1.0,"It describes a specific issue with PXE boot option missing, which is related to EDK II firmware development."
qwen2.5:14b,A,12081,[Bug]: SCT Failure in SerialIo on Arm platforms with PL011UartLib,armplatformpkg,False,1.0,It describes a specific bug related to firmware functionality.
qwen2.5:14b,A,12077,[Bug]: Uncrustify configuration formats DEBUG macros incorrectly (contradicts Coding Standard 5.2.2.4),other,False,1.0,The issue describes a specific formatting problem that contradicts the coding standard and affects code quality.
qwen2.5:14b,A,12073,[Bug]: UsbMassStorageDxe: UsbMassReadBlocks lacks retry mechanism for transient USB failures,mdemodulepkg,False,1.0,It is a genuine bug report related to firmware functionality.
qwen2.5:14b,A,12067,[Bug]: MdeModulePkg/HiiDatabaseDxe: Parser issue in GetNameElement(),mdemodulepkg,False,1.0,It is a genuine bug report related to an EDK II package.
qwen2.5:14b,A,12065,[Bug]: Code issue in SetupBrowserDxe introduce from  https://github.com/tianocore/edk2/pull/11686,mdemodulepkg,False,1.0,It is a genuine bug report related to a specific code issue in an EDK II package.
qwen2.5:14b,A,12043,[Bug]: edk2:Shell won't build with GCC 16 with -Werror,shellpkg,False,1.0,It describes a specific build failure related to EDK II.
qwen2.5:14b,A,11991,[Bug]: Failed to start Intel Trust Domain on the new OVMF version,ovmfpkg,False,1.0,It is a genuine bug report related to EDK II package.
qwen2.5:14b,A,11965,[Bug]: qemu-kvm GUEST start failed on RISC-V,ovmfpkg,False,0.95,"The issue is related to EDK II package and describes a failure in starting a QEMU-KVM guest on RISC-V, which seems like a genuine bug report."
qwen2.5:14b,A,11962,[Bug]: LPA2 support regresses emulated boot w/ -cpu max,armvirtpkg,False,1.0,It is a genuine bug report related to firmware functionality.
qwen2.5:14b,A,11948,[Bug]: Mismatch in the value of LAST_ATTEMPT_STATUS_ERROR_UNSUCCESSFUL_VENDOR_RANGE_MAX,mdepkg,False,1.0,The issue describes a specific bug related to firmware component values.
qwen2.5:14b,A,11934,[Bug]: UefiPayload 202511 bootloops on ThinkPad X230 (coreboot),uefipayloadpkg,False,1.0,"It describes a specific issue with booting on a particular hardware configuration, which is relevant to firmware development."
qwen2.5:14b,A,11900,[Bug]: Usage of PcdPostCodePropertyMask is not clear,mdepkg,True,0.95,"The issue describes a lack of clarity about the usage of PcdPostCodePropertyMask, which is not a specific bug report but rather a request for clarification or documentation improvement."
qwen2.5:14b,A,11895,[Bug]: /EmulatorPkg/Unix/Host/Host.h:69:12: fatal error: termio.h: No such file or directory,emulatorpkg,False,1.0,It describes a build failure with specific error message and location.
qwen2.5:14b,A,11882,[Bug]: RedfishPkg fails to build with 'lld-link: error: undefined symbol: _memcpy' in CLANGPDB (IA32 NOOPT),redfishpkg,False,1.0,It describes a build failure with specific error message and context.
qwen2.5:14b,A,11881,[Bug]: RedfishPkg fails to build with 'lld-link: error: undefined symbol: _fltused' in CLANGPDB (DEBUG RELEASE),redfishpkg,False,1.0,It describes a build failure with specific error message and package name.
qwen2.5:14b,A,11878,[Bug]: CLANGDWARF cannot build RELEASE AARCH64 StandaloneMmPkg,standalonemmpkg,False,1.0,"The issue describes a build failure with CLANGDWARF for RELEASE AARCH64 StandaloneMmPkg, which is relevant to EDK II firmware development."
qwen2.5:14b,A,11846,[Bug]: <title> The character caused build error.,uefipayloadpkg,False,0.95,"The issue appears to describe a build error in a specific EDK II package, which is relevant and could be investigated."
qwen2.5:14b,A,11842,[Bug]: Update mu_nasm nuget release to 2.16.01 to resolve IA32 CLANGDWARF link issues,basetools,False,1.0,It describes a specific build issue related to EDK II build tools.
qwen2.5:14b,A,11814,[Bug]: 901c4e3 breaks response to Enter key in Arm platform firmware menus,mdemodulepkg,False,1.0,It describes a specific bug related to EDK II package functionality.
qwen2.5:14b,A,11800,[Bug]: non-x86 Option Rom never be reached if multiple Option Rom images are found on non-x86 platform.,mdemodulepkg,False,1.0,It describes a specific bug related to firmware functionality.
qwen2.5:14b,A,11797,[Bug]: Build error when STATIC Stack check is enabled on X86 Architectures on GCC Build,mdepkg,False,1.0,It describes a build error related to EDK II when specific settings are enabled.
qwen2.5:14b,A,11793,[Bug]: BdsDxe build fails with CLANGPDB,mdemodulepkg,False,1.0,"The issue describes a build failure related to EDK II, which is relevant and specific enough for investigation."
qwen2.5:14b,A,11792,[Bug]: UefiPayloadPkg cannot be built with VS2022,uefipayloadpkg,False,1.0,It describes a build failure for a specific EDK II package.
qwen2.5:14b,A,11791,[Bug]: SignedCapsulePkg cannot be built with VS2022,signedcapsulepkg,False,1.0,It describes a build failure for an EDK II package.
qwen2.5:14b,A,11790,[Bug]: CryptoPkg cannot be built with VS2022,cryptopkg,False,1.0,It describes a build failure for a specific package.
qwen2.5:14b,A,11787,[Bug]: HiiDatabaseDxe build fails with CLANGPDB,mdemodulepkg,False,1.0,"The issue describes a specific build failure related to EDK II, which is relevant and contains enough information for investigation."
qwen2.5:14b,A,11786,[Bug]: SetupBrowserDxe build fails with CLANGPDB,mdemodulepkg,False,1.0,"The issue describes a specific build failure related to EDK II, which is relevant and contains enough information for investigation."
qwen2.5:14b,A,11772,[Bug]: FdfParser parse include statement before conditional statement,basetools,False,1.0,"It describes a specific parsing issue in the build tools, which is relevant to EDK II firmware development."
qwen2.5:14b,A,11765,[Bug]: ConSplitterDxe Default Output Mode (MaxMode) Causes Shell Console Display Corruption,mdemodulepkg,False,1.0,It describes a reproducible problem with an EDK II package.
qwen2.5:14b,A,11764,[Bug]: SmiHandlerUnRegister  is pended forever when an unregistered SMI get called,mdemodulepkg,False,1.0,"It describes a specific issue with the SmiHandlerUnRegister function, which is related to EDK II firmware development."
qwen2.5:14b,A,11755,[Bug]: Firmware update failing on headless systems,mdemodulepkg,False,1.0,It is a genuine bug report related to firmware development.
qwen2.5:14b,A,11754,[Bug]: 32-bit Windows 10 fails to boot on VMs with 32-bit edk2-ovmf firmware,ovmfpkg,False,1.0,It is a genuine bug report with specific details about boot failure on VMs.
qwen2.5:14b,A,11747,"[Bug]: BaseRiscV64CpuTimerLib is not safe for OS-runtime, crashes RealTimeClockRuntimeDxe in gRT->GetTime",ovmfpkg,False,1.0,"The issue describes a specific crash related to EDK II firmware components, indicating it is a genuine bug report."
qwen2.5:14b,A,11744,[Bug]: toolsetup.bat is trying to use delayed expansion incorrectly.,basetools,False,1.0,It describes a specific issue with EDK II build infrastructure.
qwen2.5:14b,A,11739,[Bug]: VariablePei allocates runtime memory fragmenting memory buckets,mdemodulepkg,False,1.0,It describes a specific issue with the VariablePei package that could be a genuine bug.
qwen2.5:14b,A,11737,[Bug]: EmbeddedPkg cannot be built with VS2022,embeddedpkg,False,1.0,"It describes a build issue related to EDK II, which is relevant and specific enough for investigation."
qwen2.5:14b,A,11715,[Bug]: RISC-V OVMF firmware built with CLANGDWARF fails to load in QEMU,ovmfpkg,False,1.0,It describes a reproducible build issue with specific tools and environment.
qwen2.5:14b,A,11702,[Bug]: Warning information displayed during Basetools building proccess,basetools,False,1.0,The issue describes a warning during the build process which is related to EDK II firmware development.
qwen2.5:14b,A,11673,[Bug]: EFI Shell map command modifies the multi instance device path of block device handle,shellpkg,False,1.0,It describes a specific bug in the EFI Shell map command affecting multi instance device paths.
qwen2.5:14b,A,11670,[Bug]: UnitTestUefiBootServicesTableLib prints warnings when used outside Framework,unittestframeworkpkg,False,1.0,It describes a reproducible problem with a specific package.
qwen2.5:14b,A,11630,[Bug]: genffs crashed,emulatorpkg,False,1.0,The issue describes a crash in the genffs tool which is related to EDK II build infrastructure.
qwen2.5:14b,A,11605,[Bug]: Need to upgrade MbedTLS to latest 3.6.4 for the latest CVE fix.,cryptopkg,False,1.0,It describes a real security vulnerability and involves an EDK II package.
qwen2.5:14b,A,11578,[Bug]: Pre-OS graphics fail to load when deleting GPIO driver using FMMT tool,basetools,False,0.95,"The issue describes a specific problem with pre-OS graphics and the GPIO driver, which is related to EDK II firmware development."
qwen2.5:14b,A,11554,[Bug]: <title> Pci command -i can't display PCIe Designated Vendor Specific Extended Capability correctly.,shellpkg,False,1.0,It is a genuine bug report related to EDK II firmware functionality.
qwen2.5:14b,A,11538,[Bug]: LoadImage causes a store access fault on RISCV64,ovmfpkg,False,1.0,It describes a specific bug with reproducible symptoms in an EDK II package.
qwen2.5:14b,A,11528,[Bug]: Use flexible array members consistently,shellpkg,False,1.0,"The issue is related to EDK II package and suggests consistency in code, which is a valid improvement request."
qwen2.5:14b,A,11524,[Bug]: Duplicate field print in dmem,shellpkg,False,1.0,The issue describes a specific bug related to duplicate field printing in dmem within the shellpkg package.
qwen2.5:14b,A,11509,[Bug]: TCG2/TPM2 support on aarch64 does not work,ovmfpkg,False,1.0,It is a genuine bug report related to TCG2/TPM2 support in the ovmfpkg package.
qwen2.5:14b,A,11491,[Bug]: ECC Check Silently Fails in edk2 CI for Windows and Linux,basetools,False,1.0,It describes a genuine bug with enough context to be reproducible.
qwen2.5:14b,A,11480,[Bug]: boot stuck in aarch64 uefi,armplatformpkg,False,1.0,"It describes a specific issue with the boot process in aarch64 UEFI, which is related to EDK II firmware development."
qwen2.5:14b,A,11479,[Bug]: BaseLib  Function SetJump()  Build with AARCH64 VS2022 Hangs   in file SetJumpLongJump.asm but Works with CLANG compile using file SetJumpLongJump.S,mdepkg,False,1.0,Describes a reproducible build issue with specific compiler and architecture details.
qwen2.5:14b,A,11462,[Bug]: LAST_ATTEMPT_STATUS_ERROR_UNSUCCESSFUL_VENDOR_RANGE_MAX value does not match the UEFI specification,mdepkg,False,1.0,"It describes a specific discrepancy with the UEFI specification, which is relevant to firmware development."
qwen2.5:14b,A,11460,[Bug]: OVMF secure boot settings unusable with serial console,ovmfpkg,False,1.0,It is a genuine bug report related to OVMF secure boot settings with the serial console.
qwen2.5:14b,A,11453,[Bug]: AsciiSPrint does not handle %s correctly,ovmfpkg,False,1.0,It is a genuine bug report related to EDK II firmware development.
qwen2.5:14b,A,11449,[Bug]: ShellPkg: add MRDIMM support in MemoryDeviceMemoryTechnologyTable to satisfy smbios v3.8,shellpkg,False,0.95,The issue appears to be a genuine bug report related to firmware development.
qwen2.5:14b,A,11445,[Bug]: Potential Infinite Loop in DumpCapsuleStatusVariable() due to Unbounded Error Handling of EFI_ERROR,mdemodulepkg,False,1.0,"The issue describes a potential infinite loop in a specific function, which is a genuine bug report."
qwen2.5:14b,A,11428,[Bug]: Terminal layout issue in Boot Manager when running qemu-system-x86_64 with -nographic,ovmfpkg,False,1.0,"It describes a specific issue related to EDK II firmware behavior in QEMU, which is relevant for the project."
qwen2.5:14b,A,11424,[Bug]: Find en-US string if x-uefi-redfish language is not found,redfishpkg,False,0.95,The issue describes a potential bug in the redfishpkg package related to language string handling.
qwen2.5:14b,A,11421,[Bug]: Redfish RedfishPlatformConfigProtocolGetValue function should consider REDFISH_PLATFORM_CONFIG_ALLOW_SUPPRESSED option,redfishpkg,False,1.0,It is a specific bug report related to the RedfishPlatformConfigProtocolGetValue function in the redfishpkg package.
qwen2.5:14b,A,11417,[Bug]: Redfish interface remains open when it is no longer needed,redfishpkg,False,1.0,It describes a genuine bug related to the Redfish interface in EDK II.
qwen2.5:14b,A,11408,[Bug]: Shell pci command no longer prints BAR information,shellpkg,False,1.0,It is a genuine bug report related to EDK II firmware component.
qwen2.5:14b,A,11394,[Bug]: BSP could free AP reset vector buffer even though AP wake up is in process,ueficpupkg,False,1.0,It describes a genuine bug related to EDK II firmware behavior.
qwen2.5:14b,A,11391,[Bug]: Encountering a build error with the CLANG compiler.,cryptopkg,False,1.0,It describes a specific build issue related to EDK II.
qwen2.5:14b,A,11374,[Bug]: UEFI runtime drivers loaded after EndOfDxe are not executable by OS,mdemodulepkg,False,1.0,It describes a specific issue with UEFI runtime drivers in EDK II.
qwen2.5:14b,A,11364,[Bug]: Incorrect behavior when switching language in Front Page and Driver Health Manager,mdemodulepkg,True,0.95,"The issue is about a front page and driver health manager, which are not part of the EDK II firmware project."
qwen2.5:14b,A,11363,[Bug]: Hit LNK1237 when using IntrinsicLib.inf,mdepkg,False,0.95,"Describes a build issue with a specific linker error, likely related to EDK II build infrastructure."
qwen2.5:14b,A,11360,[Bug]: TCG2/TPM2 support on RISC-V does not work,ovmfpkg,False,1.0,It is a genuine bug report related to TCG2/TPM2 support in the ovmfpkg package.
qwen2.5:14b,A,11338,"[Bug]: System assertion failure occurs upon restart after OS installation using WHPX, or when the 'Reset' option is triggered from the QEMU application",ovmfpkg,False,1.0,It describes a reproducible problem with WHPX and OVMFPKG.
qwen2.5:14b,A,11336,[Bug]: Potential infinite loop and incorrect DeviceList handling in OpalPassword,securitypkg,False,0.95,"The issue describes a potential bug related to EDK II firmware, specifically an infinite loop and incorrect handling in the OpalPassword package."
qwen2.5:14b,A,11323,[Bug]: Xen libvirt HVM crash when using more than 64 vcpus,ovmfpkg,False,1.0,It is a genuine bug report related to an EDK II package.
qwen2.5:14b,A,11299,[Bug]: Wide character display is truncated on BIOS Setup.,mdemodulepkg,False,0.95,"The issue describes a specific problem with wide character display truncation in BIOS Setup, which is related to EDK II firmware development."
qwen2.5:14b,A,11292,"[Bug]: UEFI-SCT BBTestGetImageConformanceTestCheckpoint4 expects the GetImage() function to return an EFI_SECURITY_VIOLATION error, which deviates from the expected behavior defined in the UEFI specification.",other,False,1.0,"The issue describes a discrepancy between test expectations and the UEFI specification, which is relevant to EDK II firmware development."
qwen2.5:14b,A,11269,"[Bug]: System assert, When UEFI-Freed Memory Guard is enabled",mdemodulepkg,False,1.0,It describes a specific bug with enough context to be investigated.
qwen2.5:14b,A,11258,[Bug] Secure Boot Bypass Through UEFI Shell,securitypkg,False,1.0,The issue describes a potential security vulnerability related to the Secure Boot feature.
qwen2.5:14b,A,11256,[Bug]: Assert if default string id is 0.,mdemodulepkg,False,1.0,It describes a specific bug with enough context to be investigated.
qwen2.5:14b,A,11234,[Bug]: VS2022-built Host test executable can't find clang_rt.asan_dynamic-x86_64.dll,unittestframeworkpkg,False,1.0,"It describes a specific build issue with a missing DLL, which is relevant to EDK II development."
qwen2.5:14b,A,11224,[Bug]: An assertion occurred: ASSERT [DxeCore] edk2/MdeModulePkg/Core/Dxe/Mem/Pool.c(730): Tail->Signature == ((('p') | ('t' << 8)) | ((('a') | ('l' << 8)) << 16)),mdemodulepkg,False,1.0,"The issue describes a specific assertion failure in EDK II source code, which is relevant to firmware development."
qwen2.5:14b,A,11218,[Bug]: ovmf writes terminal escapes to all virtio-console ports,ovmfpkg,False,1.0,"It describes a specific issue with the OVMF package, which is related to EDK II firmware development."
qwen2.5:14b,A,11216,[Bug]: [ArmVirtPkg] Missing EFI Internal Shell in Boot Menu,armvirtpkg,False,1.0,"It describes a specific issue with the ArmVirtPkg package, which is related to EDK II firmware development."
qwen2.5:14b,A,11194,[Bug]: FMMT increasing the Binary size after replacing FFS,basetools,False,0.95,"The issue describes a potential bug related to firmware binary size increase after replacing FFS, which is relevant to EDK II build tools."
qwen2.5:14b,A,11193,[Bug]: HashLibTpm2 hash algorithm selection logic flawed,securitypkg,False,1.0,It describes a genuine bug in the HashLibTpm2 package.
qwen2.5:14b,A,11190,[Bug]: CodeQl error reported in NetBuffer.c,networkpkg,False,0.95,"The issue describes a specific code quality (CodeQL) error in an EDK II source file, which is relevant to the project."
qwen2.5:14b,A,11188,[Bug]: MSR_IA32_FEATURE_CONTROL on CPU hotplug,ovmfpkg,False,1.0,It is a genuine bug report related to EDK II firmware development.
qwen2.5:14b,A,11140,[Bug]: Replace hardcoded value with existing #define constant,networkpkg,True,0.95,The issue description lacks details about the specific bug and how to reproduce it.
qwen2.5:14b,A,11128,[Bug]: Incorrect array length for pcd values in auto-generated code,basetools,False,1.0,It describes a genuine bug with specific details related to EDK II build tools.
qwen2.5:14b,A,11119,[Bug]: Looking for non-existent OpenSSL `ssl_err.c` which is now `ssl_err_legacy.c`,armvirtpkg,False,1.0,"It describes a specific build issue with a renamed file, which is relevant to EDK II firmware development."
qwen2.5:14b,A,11118,[Bug]: Var Store Fails to Recover from FTW Spare Block After Corruption,mdemodulepkg,False,1.0,It is a genuine bug report related to EDK II firmware functionality.
qwen2.5:14b,A,11114,[Bug]: UninstallMultipleProtocolInterfaces() can fail to reinstall protocols on failure,mdemodulepkg,False,1.0,It describes a potential genuine bug with specific function and package name.
qwen2.5:14b,A,11113,[Bug]: InstallProtocolInterface() does not update the key of an existing handle,mdemodulepkg,False,1.0,"It describes a specific issue with InstallProtocolInterface(), which is related to EDK II firmware development."
qwen2.5:14b,A,11112,[Bug]: RegisterProtocolNotify() accepts invalid events,mdemodulepkg,False,1.0,It describes a genuine bug report with a specific function and package.
qwen2.5:14b,A,11110,[Bug]: InstallProtocolInterface() creates spurious open protocol data,mdemodulepkg,False,0.95,"The issue describes a potential bug in the InstallProtocolInterface function, which is relevant to EDK II firmware development."
qwen2.5:14b,A,11088,[Bug]: <title>Add Ask deepwiki entry,other,True,0.95,"The title does not describe a reproducible issue or feature request, and the package is listed as 'other' without specific details."
qwen2.5:14b,A,11084,[Bug]: Image type X64 can't be loaded on AARCH64 UEFI system,armvirtpkg,False,1.0,It describes a genuine bug related to firmware functionality.
qwen2.5:14b,A,11074,[Bug]: default OVMF build overwrites memory on FreePages() causing page fault if pages are not writable,mdepkg,False,1.0,It describes a specific bug with reproducible conditions in the OVMF build.
qwen2.5:14b,A,11046,[Bug]: [Regression] OVMF Page-Fault on Xen HVM since 202411 release,ovmfpkg,False,1.0,It is a genuine bug report with a reproducible problem related to OVMF Page-Fault on Xen HVM since a specific release.
qwen2.5:14b,A,11038,[Bug]: <title>Smm data might get leaked via S3SaveState Protocol,mdepkg,False,1.0,The issue describes a potential security vulnerability related to firmware components.
qwen2.5:14b,A,11035,"[Bug]: [OvmfPkg] Got ""Invalid MMIO opcode (0)"" in ovmf  when installing a sev guest from CD-ROM",ovmfpkg,False,1.0,"It describes a specific error encountered while using OVMF, which is related to EDK II firmware."
qwen2.5:14b,A,10973,[Bug]: <title> Build target [DEBUG] is not supported by the platform for RK3566,other,False,1.0,"It describes a build issue with a specific target and platform, which is relevant to EDK II."
qwen2.5:14b,A,10947,[Bug]: UsbBotResetDevice will be using stale pointer after UsbPortReset,mdemodulepkg,False,1.0,"It describes a potential memory safety issue in the USB driver, which is relevant to EDK II firmware development."
qwen2.5:14b,A,10942,[Bug]: 202502 Release builds do not boot kernel images on qemu arm or aarch64,ovmfpkg,False,1.0,It describes a reproducible build issue with specific platforms and configurations.
qwen2.5:14b,A,10925,[Bug]: Raid card option rom is not displayed in Device Manager form after repairing in Driver Health form.,mdemodulepkg,True,0.95,The issue describes a problem that is likely user-specific or related to system configuration rather than a genuine EDK II firmware bug.
qwen2.5:14b,A,10922,[Bug]: edksetup.sh doesn't handle spaces in directory name,basetools,False,1.0,"The issue describes a problem with the build infrastructure script, which is relevant to EDK II."
qwen2.5:14b,A,10918,[Bug]: X64 Exception Type - 0E(#PF - Page-Fault),ovmfpkg,False,1.0,It describes a specific bug related to firmware functionality.
qwen2.5:14b,A,10910,[Bug]: EmbeddedPkg/VirtualRealTimeClockLib fails to build due to SOURCE_DATE_EPOCH changes,embeddedpkg,False,1.0,"The issue describes a specific build failure related to EDK II, which is relevant and contains enough information for investigation."
qwen2.5:14b,A,10896,[Bug]: UefiPayloadPkg: Image Section Alignment does not match Required Alignment,uefipayloadpkg,False,1.0,"It describes a specific issue with alignment in a package, which is relevant to firmware development."
qwen2.5:14b,A,10894,[Bug]: EDK2 unable to initialize xHCI controller with multiple endpoints,mdemodulepkg,False,1.0,It describes a specific issue related to EDK II firmware functionality.
qwen2.5:14b,A,10892,[Bug]: SEV and SEV-ES VM boot is broken due to faulty check in AmdSvsmIsSvsmPresent(),ovmfpkg,False,1.0,It is a genuine bug report related to firmware functionality.
qwen2.5:14b,A,10881,[Bug]: AAVMF direct kernel boot broken,armvirtpkg,False,1.0,It is a genuine bug report related to EDK II package.
qwen2.5:14b,A,10876,[Bug]: PRM package build fails with GCC compiler for X64,prmpkg,False,1.0,It describes a specific build failure related to EDK II with enough detail.
qwen2.5:14b,A,10872,[Bug]: Remove Visual Studio ARM 32-bit Host Support,basetools,False,1.0,The issue is related to EDK II build infrastructure and describes a specific problem with Visual Studio ARM 32-bit host support.
qwen2.5:14b,A,10866,[Bug]: An unexpected black box appears at Setup Hotkey Region.,mdemodulepkg,False,0.95,"The issue describes a specific problem with the mdemodulepkg package, which is related to EDK II firmware development."
qwen2.5:14b,A,10839,[Bug]: [OvmfPkg] Build fails due to insufficient FV size in edk2-stable202502,ovmfpkg,False,1.0,"The issue describes a build failure in the OvmfPkg package, which is relevant to EDK II firmware development."
qwen2.5:14b,A,10834,[Bug]: compile edk2 on Ubuntu 24.04 using stable/202011 fails due to /usr/bin/ld: ../bin/BrotliCompress: hidden symbol kBrotliCopyExtra' isn't defined`,basetools,False,1.0,Describes a build failure with specific error message and environment.
qwen2.5:14b,A,10804,[Bug]: System will hang exception if Locate and use gPeiIpmiTransportPpiGuid in Post Mem phase,other,False,0.95,"The issue describes a specific problem with hanging exceptions when using a particular PPI in the firmware, which is relevant to EDK II development."
qwen2.5:14b,A,10802,[Bug]: <title>error LNK2001: unresolved external symbol __security_pop_cookie Compile for AARCH64  in SafeString.obj,mdepkg,False,1.0,"It describes a build error with specific linker output, relevant to EDK II compilation."
qwen2.5:14b,A,10786,"[Bug]: Unable to boot edk2-stable202502 in QEMU 32-bit environment, edk2-stable202411 works fine",other,False,1.0,"It describes a specific boot issue with a particular version of EDK II in QEMU, which is relevant to firmware development."
qwen2.5:14b,A,10773,[Bug]: Configuring TemporaryRamSize using FSP-T arch UPD (added as part of Spec 2.5) is not working as expected.,intelfsp2pkg,False,1.0,"It describes a specific issue with configuration in an EDK II package, which is relevant to firmware development."
qwen2.5:14b,A,10771,[Bug]: DXE core memory protection feature might cause inconsistency between GCD internal data structure with CPU page table,mdemodulepkg,False,1.0,"The issue describes a potential inconsistency in memory protection, which is relevant to EDK II firmware development."
qwen2.5:14b,A,10765,"[Bug]: After edk2-ovmf update(s), VM boots slowly and spends a lot of time in edk2, until a NVRAM reset",ovmfpkg,False,0.95,"The issue describes a specific problem with boot performance after an update, which is relevant to EDK II firmware development."
qwen2.5:14b,A,10742,[Bug]: Misleading RFC 5970 Reference in Boot File URL Comment,networkpkg,False,1.0,It is a genuine bug report related to documentation accuracy within an EDK II package.
qwen2.5:14b,A,10741,[Bug]: Out-of-Bounds Memory Access in Percent-Decoding Routine,networkpkg,False,1.0,Describes a genuine bug with potential security implications.
qwen2.5:14b,A,10740,[Bug]: CLANGDWARF Fails to Trigger Recompilation When Header Files Are Modified,build-or-ci-code,False,1.0,"The issue describes a problem with the CLANGDWARF tool in the context of recompilation, which is related to EDK II build infrastructure."
qwen2.5:14b,A,10739,[Bug]: CLANGDWARF Fails to Trigger Recompilation When Header Files Are Modified,build-or-ci-code,False,1.0,"The issue describes a specific problem with the CLANGDWARF tool in relation to recompilation, which is relevant to EDK II build infrastructure."
qwen2.5:14b,A,10727,[Bug]: Unclosed BlockIo2 Protocol during DiskIoDriverBindingStart Error Handling.,mdemodulepkg,False,1.0,The issue describes a specific bug related to an EDK II package.
qwen2.5:14b,A,10723,[Bug]: ShellPkg: ARMV9 support should be added to SmbioView command based on Type 4 processor information.,shellpkg,False,1.0,It is a genuine bug report requesting ARMV9 support for SmbioView command in ShellPkg.
qwen2.5:14b,A,10719,[Bug]: distutils is deprecated,basetools,False,1.0,The issue relates to a deprecation warning in EDK II build tools.
qwen2.5:14b,A,10701,[Bug]: AMD SEV-SNP: SVSM-populated secrets fields not respected,ovmfpkg,False,1.0,It describes a specific issue with AMD SEV-SNP and SVSM-populated secrets fields in the ovmfpkg package.
qwen2.5:14b,A,10664,[Bug]: Should update openssl to 3.4.1 for CVE-2024-13176,cryptopkg,False,1.0,"It describes a security vulnerability related to updating openssl, which is relevant for EDK II firmware."
qwen2.5:14b,A,10663,[Bug]: [QEMU_EFI] Not Loading Network Protocol Drivers and http efi command,ovmfpkg,False,0.95,"The issue describes a problem with loading network protocol drivers in QEMU, which is related to EDK II firmware development."
qwen2.5:14b,A,10656,"[Bug]: [aarch64][QEMU_EFI] After CoreExitBootServices execution, the following error occurred:  Instruction abort: Translation fault, third level",armvirtpkg,False,1.0,It describes a specific bug with reproducible error message in an EDK II package.
qwen2.5:14b,A,10652,[Bug]: EmulatorPkg Page Allocation Failure,emulatorpkg,False,1.0,It describes a specific issue with an EDK II package.
qwen2.5:14b,A,10637,[Bug]: CLANGPDB linker warning /align without /driver,build-or-ci-code,False,0.95,"The issue relates to a specific build warning with CLANGPDB, which is relevant to EDK II's build infrastructure."
qwen2.5:14b,A,10626,[Bug]: <title> DXE_ASSERT when issuing drvcfg command in UEFI Shell,shellpkg,False,1.0,It is a genuine bug report related to EDK II firmware component.
qwen2.5:14b,A,10605,[Bug]: Build parsing non target architecture PcdsFeatureFlag configuration,armvirtpkg,False,1.0,"The issue describes a build problem related to EDK II, which is relevant and specific enough to be investigated."
qwen2.5:14b,A,10583,[Bug]: BaseTools build failed on MinGW GCC on Windows,basetools,False,1.0,It describes a build failure in BaseTools which is related to EDK II.
qwen2.5:14b,A,10579,[Bug]: <Mismatch of EFI Conformance Profile Table GUID when UEFI application reads from EFI System Table>,mdepkg,False,1.0,"The issue describes a specific bug related to the mismatch of GUID in the EFI Conformance Profile Table, which is relevant to EDK II firmware development."
qwen2.5:14b,A,10576,[Bug]: VirtioSerialDxe doesn't interface properly with Serial Consoles attached to Virtualization Framework VMs,ovmfpkg,False,1.0,"It describes a specific issue with an EDK II package, which is relevant to the project."
qwen2.5:14b,A,10557,BaseTools FMMT handle case where Parent.Data is none (previously easier bug report?),-,False,1.0,"The issue relates to BaseTools FMMT and describes a specific problem with handling 'Parent.Data', which is relevant to EDK II build infrastructure."
qwen2.5:14b,A,10553,After openssl is upgraded facing __GNUC__  safe_math.h not found issue (Bugzilla Bug 4880),cryptopkg,False,1.0,"It describes a build failure after upgrading openssl, which is relevant to EDK II firmware development."
qwen2.5:14b,A,10552,FMMT PEIM rebased FV feature Support (Bugzilla Bug 4879),basetools,False,1.0,It is a genuine bug report related to EDK II build infrastructure.
qwen2.5:14b,A,10551,Multi-workspace failure when sources outside $WORKSPACE (Bugzilla Bug 4878),-,False,1.0,The issue describes a reproducible problem with EDK II build system when sources are outside the workspace.
qwen2.5:14b,A,9550,BrotliCustomDecompressLib is not buildable (Bugzilla Bug 4877),mdemodulepkg,False,1.0,It describes a build issue related to an EDK II package.
qwen2.5:14b,A,10550,gBS->ExitBootServices  signals events more than once (Bugzilla Bug 4876),mdemodulepkg,False,1.0,It is a genuine bug report related to EDK II firmware behavior.
qwen2.5:14b,A,9549,[HiiDatabase] Don't get default value correctly for Questions in BIT VarStore (Bugzilla Bug 4874),mdemodulepkg,False,1.0,It is a genuine bug report related to EDK II firmware development.
qwen2.5:14b,A,9548,[MdeModulePkg|UEFIPayLoadPkg] Func SetPageTablePoolReadOnly not covering the 5-level-Paging case (Bugzilla Bug 4873),mdemodulepkg,False,1.0,It is a genuine bug report related to EDK II firmware functionality.
qwen2.5:14b,A,10549,Handling of ShellOpt variable during initialization shouldn't imply null termination (Bugzilla Bug 4872),shellpkg,False,1.0,It is a genuine bug report related to EDK II firmware development.
qwen2.5:14b,A,10548,unresolved external symbol gettimeofday (Bugzilla Bug 4871),cryptopkg,False,1.0,It describes a genuine unresolved external symbol issue in a specific package.
qwen2.5:14b,A,10547,"Revert ""BaseTools: Add Stack Cookie Support to MSVC and GCC IA32/X64/… (Bugzilla Bug 4870)",mdemodulepkg,False,1.0,"The issue relates to a specific BaseTools change and is seeking to revert it, which is relevant to EDK II build infrastructure."
qwen2.5:14b,A,9547,MdePkg:Update Return Error Macro in Base.h to reduce potential code size increasing (Bugzilla Bug 4869),mdepkg,False,1.0,It is a genuine bug report related to EDK II firmware development.
qwen2.5:14b,A,9546,CryptoPkg: Add MM_STANDALONE support in Driver and BaseCryptLibOnProtocolPpi (Bugzilla Bug 4867),cryptopkg,False,1.0,It is a genuine bug report related to adding MM_STANDALONE support in CryptoPkg.
qwen2.5:14b,A,10544,MdePkg: Support more mock object for MockUefiBootServicesTableLib and MockUefiRuntimeServicesTableLib (Bugzilla Bug 4864),mdepkg,False,1.0,It is a genuine bug report or feature request related to EDK II package.
qwen2.5:14b,A,9545,TDVF: TD_HOB is measured into both MRTD and RTMR0 (Bugzilla Bug 4863),ovmfpkg,False,1.0,It is a genuine bug report related to EDK II firmware components.
qwen2.5:14b,A,10543,Add support for SMBIOS spec 3.8.0  to Smbios.h (Bugzilla Bug 4861),mdepkg,False,1.0,"It is a legitimate feature request to update SMBIOS support, which relates directly to EDK II firmware development."
qwen2.5:14b,A,9544,FatPkg/FatPei: Simplify the GPT Header Check to Align with PartitionDxe Module (Bugzilla Bug 4860),fatpkg,False,1.0,It is a genuine bug report related to EDK II firmware development.
qwen2.5:14b,A,9543,StrSize() cannot return 0 (Bugzilla Bug 4859),-,False,1.0,It is a genuine bug report with a clear description and comments.
qwen2.5:14b,A,10542,MdeModulePkg: SataController binding driver can check for DevicePath Protocol before starting (Bugzilla Bug 4858),mdemodulepkg,False,1.0,It is a genuine bug report related to an EDK II package.
qwen2.5:14b,A,10541,Bios Setup knobs not able to retain the default value (Bugzilla Bug 4857),mdemodulepkg,False,1.0,It is a genuine bug report related to firmware functionality.
qwen2.5:14b,A,9542,Fixing Descriptor Misalignment in USB Configuration Handling (Bugzilla Bug 4856),mdemodulepkg,False,1.0,The issue is related to a specific package and describes a bug fix for USB configuration handling.
qwen2.5:14b,A,9541,HttpBootCallbackProtocol uninstall code in HttpBootImpl.c is bugged and fails to uninstall (Bugzilla Bug 4852),networkpkg,False,1.0,It describes a specific bug in the HttpBootImpl.c file which is related to EDK II firmware development.
qwen2.5:14b,A,9540,ShellPkg: missing linefeed in reset message (Bugzilla Bug 4850),shellpkg,False,1.0,It is a genuine bug report related to EDK II's ShellPkg.
qwen2.5:14b,A,10539,add arm64 UEFI UPL support (Bugzilla Bug 4849),uefipayloadpkg,False,1.0,It is a legitimate feature request for adding arm64 UEFI UPL support.
qwen2.5:14b,A,9539,Add VTUTF8 to Putty function key map (Bugzilla Bug 4848),mdemodulepkg,False,1.0,It is a genuine bug report related to EDK II package.
qwen2.5:14b,A,10538,Exception in Intel GCC platform with OpensslFullAccel library (Bugzilla Bug 4846),cryptopkg,False,1.0,It describes a genuine bug with specific package and state.
qwen2.5:14b,A,10537,OvmfPkg/Byhve has incomplete SMM support (Bugzilla Bug 4845),ovmfpkg,False,1.0,It is a genuine bug report related to SMM support in OvmfPkg/Byhve.
qwen2.5:14b,A,9538,CryptoPkg: should update openssl to 3.0.15 due to CVE-2024-6119 (Bugzilla Bug 4842),cryptopkg,False,1.0,It describes a security vulnerability requiring an update to OpenSSL.
qwen2.5:14b,A,10535,Add Reset Reason structure added in ACPI 6.5 (Bugzilla Bug 4839),mdepkg,False,1.0,It is a genuine bug report related to adding a Reset Reason structure in ACPI 6.5.
qwen2.5:14b,A,9537,In BaseCryptLib has PeiCryptLib.inf file in that Valid Architectures is mentioned as IA32 X64. Whether AARCH64 is supported or not. (Bugzilla Bug 4838),cryptopkg,False,0.95,"The issue is a genuine question about architecture support in an EDK II package, which relates to firmware development."
qwen2.5:14b,A,9536,Add BrainpoolP512r1 definition (Bugzilla Bug 4837),mdepkg,False,1.0,It is a genuine bug report with a specific package and state.
qwen2.5:14b,A,9535,Add error log messages if RngDxe/Hash2CryptoDxe not being installed causes Network failures (Bugzilla Bug 4836),networkpkg,False,1.0,It is a genuine bug report related to firmware components.
qwen2.5:14b,A,10534,OVMF SEC firmware volume (FV) is not measured and PEI/DXE FVs are measured in the decompressed state (Bugzilla Bug 4835),ovmfpkg,False,1.0,It is a genuine bug report related to firmware measurement in OVMF SEC package.
qwen2.5:14b,A,10533,index of array out of bound when debug (Bugzilla Bug 4834),securitypkg,False,1.0,It is a genuine bug report related to EDK II package.
qwen2.5:14b,A,9534,New MAT logic causes some EfiRuntimeServicesCode regions to not have attributes set because they are not part of loaded images (Bugzilla Bug 4832),mdemodulepkg,False,1.0,It is a genuine bug report related to EDK II firmware development.
qwen2.5:14b,A,9533,MdeModulePkg/Library/DxeCapsuleLibFmp: Module Variable of ESRT Table Might be Failed to Initialize due to Order of Event (Bugzilla Bug 4831),mdemodulepkg,False,1.0,It is a genuine bug report related to EDK II firmware development.
qwen2.5:14b,A,9532,Expose BrainpoolP512r1 support (Bugzilla Bug 4830),cryptopkg,False,1.0,It is a genuine feature request related to an EDK II package.
qwen2.5:14b,A,9531,7f17a15 (2024/02/22) breaks building OVMF with -D NETWORK_ENABLE=0 (Bugzilla Bug 4829),ovmfpkg,False,1.0,It describes a specific build failure with enough context to investigate.
qwen2.5:14b,A,9530,edk2-stable202405 breaks OVMF network boot support (Bugzilla Bug 4827),ovmfpkg,False,1.0,"It describes a specific issue with OVMF network boot support in edk2-stable202405, which is related to EDK II firmware development."
qwen2.5:14b,A,9529,Some string and code logical are incorrect for SMBIOS Type9 (Bugzilla Bug 4826),shellpkg,False,1.0,It describes a specific issue with SMBIOS Type9 in the shellpkg package.
qwen2.5:14b,A,9528,NetworkPkg: Improve GetBootFile() code flow (Bugzilla Bug 4825),networkpkg,False,1.0,It is a genuine bug report related to EDK II's NetworkPkg.
qwen2.5:14b,A,9527,EAP Authentication Method will change to default value after fill in Identity ID (Bugzilla Bug 4824),networkpkg,False,1.0,It is a genuine bug report related to EDK II package.
qwen2.5:14b,A,10532,Disable PR Gate Code Coverage (Bugzilla Bug 4819),-,False,0.95,The issue appears to be a genuine bug report related to code coverage in EDK II.
qwen2.5:14b,A,10531,Acpiview: Add support for parsing ACPI SPMI table (Bugzilla Bug 4818),shellpkg,False,1.0,"It is a legitimate feature request for adding support to parse an ACPI table, which relates to EDK II firmware development."
qwen2.5:14b,A,10530,BDS boot time significantly increased due to CoreValidateHandle function on latest 8S server platform (Bugzilla Bug 4817),mdemodulepkg,False,1.0,It describes a specific performance issue with a function in an EDK II package.
qwen2.5:14b,A,9524,Support HTTP CONNECT message in Tx path. (Bugzilla Bug 4816),networkpkg,False,1.0,It is a genuine bug report related to EDK II package functionality.
qwen2.5:14b,A,9523,Some strings do not match SMBIOS Type0 spec (Bugzilla Bug 4813),shellpkg,False,1.0,It is a genuine bug report related to EDK II firmware components.
qwen2.5:14b,A,9522,MdePkg/BaseLib: Optimize LOONGARCH64 csr usage (Bugzilla Bug 4812),mdepkg,False,1.0,It is a genuine bug report related to optimizing csr usage for LOONGARCH64 in MdePkg/BaseLib.
qwen2.5:14b,A,10528,UefiPayloadPkg:Modify the PCD PcieResizableBar to dynamic PCD (Bugzilla Bug 4808),uefipayloadpkg,False,1.0,It is a genuine bug report related to modifying a PCD in an EDK II package.
qwen2.5:14b,A,10527,"The OVMF packages can not work properly when it was compiled with ""-D SECURE_BOOT_ENABLE=TRUE"" (Bugzilla Bug 4807)",ovmfpkg,False,1.0,"It describes a specific issue with OVMF when compiled with secure boot enabled, which is relevant to EDK II firmware development."
qwen2.5:14b,A,9521,Track HttpInstance URL buffer length (Bugzilla Bug 4806),networkpkg,False,1.0,It is a genuine bug report related to EDK II package.
qwen2.5:14b,A,10526,PcdDxeNxMemoryProtectionPolicy makes NX bit is not expected in EfiBootServicesCode (Bugzilla Bug 4805),mdemodulepkg,False,1.0,It is a genuine bug report related to EDK II firmware behavior.
qwen2.5:14b,A,10525,calculation of len is not correct (Bugzilla Bug 4804),networkpkg,False,1.0,It describes a specific bug in the networkpkg package.
qwen2.5:14b,A,10523,BaseTools\Plugin\HostBasedUnitTestRunner: Reduce the number of unit test executions (Bugzilla Bug 4801),basetools,False,1.0,It is a genuine bug report related to BaseTools package.
qwen2.5:14b,A,9520,Enable Tcg2Acpi and Tcg2StandaloneMm in incoming x86 standalone mm (Bugzilla Bug 4799),securitypkg,False,1.0,It is a genuine bug report related to EDK II package.
qwen2.5:14b,A,10521,Compilation error with GCC  when we set Compiler flag Wunused-but-set-variable (Bugzilla Bug 4798),basetools,False,1.0,"It describes a genuine compilation error with GCC when using a specific compiler flag, which is relevant to EDK II build infrastructure."
qwen2.5:14b,A,9519,MdePkg/BaseLib: Fix an instruction write width error in LoongArch64 (Bugzilla Bug 4797),mdepkg,False,1.0,It is a genuine bug report related to EDK II firmware development.
qwen2.5:14b,A,9518,UefiCpuPkg/ExceptionHandler: Fix a context error in LoongArch64 (Bugzilla Bug 4796),ueficpupkg,False,1.0,It is a genuine bug report related to EDK II package.
qwen2.5:14b,A,10520,TCG platform level libaray (Bugzilla Bug 4795),securitypkg,False,1.0,It is a genuine bug report related to an EDK II package.
qwen2.5:14b,A,9517,MCUD section data length is incorrect for 64-bit (Bugzilla Bug 4793),intelfsp2pkg,False,1.0,It is a genuine bug report related to EDK II firmware development.
qwen2.5:14b,A,9516,"HII display engine supports ""^"" and ""V"" for the up/down selection in pop up form (Bugzilla Bug 4790)",mdemodulepkg,False,1.0,It is a genuine bug report related to HII display engine functionality.
qwen2.5:14b,A,9515,MdeModulePkg/ACPI/AcpiTableDxe: Consume SOC related ACPI table from ACPI Silicon HOB. (Bugzilla Bug 4787),mdemodulepkg,False,1.0,It is a genuine bug report related to an EDK II package.
qwen2.5:14b,A,10519,"PreProcess asl,nasm,etc files before Trim operation (Bugzilla Bug 4785)",basetools,False,1.0,It is a genuine bug report related to EDK II build tools.
qwen2.5:14b,A,10518,deleted certificate still in x509store (Bugzilla Bug 4784),networkpkg,False,1.0,It describes a reproducible problem related to an EDK II package.
qwen2.5:14b,A,9513,GitHub CI PatchCheck.py false positive (Bugzilla Bug 4782),-,False,1.0,"The issue describes a GitHub CI tool producing a false positive, which is related to EDK II build infrastructure."
qwen2.5:14b,A,10516,Add ACPI FADT table generator for X64 architecture (Bugzilla Bug 4781),dynamictablespkg,False,1.0,It is a genuine feature request related to EDK II package.
qwen2.5:14b,A,10515,Need to update outdated AMD SEV-SNP related data (Bugzilla Bug 4780),mdepkg,False,1.0,It is a genuine bug report related to updating outdated data in an EDK II package.
qwen2.5:14b,A,9512,Shell command 'pci' for gen6 device show incorrect speed information (Bugzilla Bug 4779),shellpkg,False,1.0,It is a genuine bug report related to EDK II's shell command functionality.
qwen2.5:14b,A,9511,MPlib have wrong expectation that bsp should be 0. (Bugzilla Bug 4778),ueficpupkg,False,1.0,It is a genuine bug report related to EDK II firmware development.
qwen2.5:14b,A,9510,non-ASCII characters from header file causing build error under specific scenario (Bugzilla Bug 4775),mdepkg,False,1.0,"It describes a genuine build error related to non-ASCII characters in a header file, which is relevant to EDK II firmware development."
qwen2.5:14b,A,10513,"Tool build fail with ""VS2015"" (let ""TOOL_CHAIN_TAG = VS2015"" in Target.txt) (Bugzilla Bug 4774)",basetools,False,1.0,It describes a build failure with specific toolchain settings.
qwen2.5:14b,A,10512,UEFIPayloadPkg: COREBOOT on Intel's x86_64 platform with UEFIPayload leads to ASSERTION (Bugzilla Bug 4772),uefipayloadpkg,False,1.0,It is a genuine bug report related to EDK II package with detailed information and comments.
qwen2.5:14b,A,9509,Add FdtNorFlashQemuLib without hard code version in OmvfPkg (Bugzilla Bug 4770),ovmfpkg,False,1.0,It is a genuine bug report related to EDK II package.
qwen2.5:14b,A,9508,Undefined behavior in SmiManage() - reading uninitialized variable (Bugzilla Bug 4769),mdemodulepkg,False,1.0,It describes a genuine bug report with a reproducible problem.
qwen2.5:14b,A,9507,Re-define GCC*_IA32_X64_DLINK_COMMON common-page-size=0x1000 (Bugzilla Bug 4767),-,False,1.0,It is a genuine bug report related to build configuration in EDK II.
qwen2.5:14b,A,10510,Null Pointer dereference in Private Data Macros (Bugzilla Bug 4766),mdemodulepkg,False,1.0,It describes a genuine bug report with a specific issue in the code.
qwen2.5:14b,A,10509,SEGV at edk2/OvmfPkg/Library/VirtioLib/VirtioLib.c in VirtioRingUninit (Bugzilla Bug 4765),ovmfpkg,False,1.0,It describes a genuine bug report with a reproducible problem.
qwen2.5:14b,A,10508,SEGV  at edk2/MdeModulePkg/Universal/Variable/RuntimeDxe/Variable.c in FindVariable (Bugzilla Bug 4764),mdemodulepkg,False,1.0,It describes a genuine bug report with a specific crash location.
qwen2.5:14b,A,9506,PatchFv.py unable to find Symbols from Map file for 32 BIT GCC Builds (Bugzilla Bug 4762),intelfsp2pkg,False,1.0,"It describes a specific build issue with PatchFv.py for 32-bit GCC builds, which is relevant to EDK II."
qwen2.5:14b,A,10507,SBOM support (Bugzilla Bug 4758),-,False,1.0,"The issue is a genuine feature request for SBOM support, which relates to EDK II build infrastructure."
qwen2.5:14b,A,9504,[TDVF] TDVF README is a bit outdated (Bugzilla Bug 4756),ovmfpkg,False,1.0,"It describes an outdated README in a specific package, which is related to EDK II firmware development."
qwen2.5:14b,A,9503,QemuFwCfgLibMmio needs PEI version. (Bugzilla Bug 4755),ovmfpkg,False,1.0,It is a genuine bug report related to an EDK II package.
qwen2.5:14b,A,10506,EfiDhcp6Stop() may loop indefinitely (Bugzilla Bug 4754),networkpkg,False,1.0,It is a genuine bug report related to EDK II firmware component.
qwen2.5:14b,A,9502,[TDVF] Move TdTcg2Dxe and HashLibTdx from SecurityPkg to OvmfPkg (Bugzilla Bug 4752),securitypkg,False,1.0,The issue is related to EDK II package reorganization and thus relevant to firmware development.
qwen2.5:14b,A,10504,"After enable TXT & DMA & Opt-In Flag & Secure boot, enter into Windows Server, SUT will reset (Bugzilla Bug 4751)",mdemodulepkg,False,1.0,"The issue describes a specific problem with EDK II firmware components after enabling certain security features, which is relevant to the project."
qwen2.5:14b,A,10502,NULL pointer de-reference (Bugzilla Bug 4748),mdemodulepkg,False,1.0,It describes a genuine bug report with a reproducible problem.
qwen2.5:14b,A,10501,USB Mouse Support missing in OvmfPkg and ArmVirtPkg (Bugzilla Bug 4747),armpkg,False,1.0,"The issue describes a missing feature in specific EDK II packages, which is relevant to the project."
qwen2.5:14b,A,9501,Basetools recurses NULL includes when collecting library instances for modules (Bugzilla Bug 4744),mdemodulepkg,False,1.0,It describes a genuine bug related to EDK II build tools.
qwen2.5:14b,A,10500,No error handling for LocateProtocol failure in FirmwarePerformanceCommonEntryPoint() for RELEASE build (Bugzilla Bug 4743),mdemodulepkg,False,1.0,It describes a genuine bug report with specific details about error handling in a function for RELEASE build.
qwen2.5:14b,A,9500,Rsapss implementation has cross dependency with other apis in CryptoPkg/BaseCryptLibMbedTls (Bugzilla Bug 4742),cryptopkg,False,1.0,It describes a genuine bug related to EDK II firmware component.
qwen2.5:14b,A,9499,Update Md5/Sha1/Sha2 by using the new API from Mbedtls in BasecryptoMbedtls (Bugzilla Bug 4741),cryptopkg,False,1.0,It is a genuine bug report related to updating cryptographic functions in an EDK II package.
qwen2.5:14b,A,9498,Need update OPTIONAL location in CryptoPkg/BasecryptLibMbedtls (Bugzilla Bug 4740),cryptopkg,False,1.0,"It describes a specific issue in an EDK II package, indicating it is related to firmware development."
qwen2.5:14b,A,9497,TLS HandShake Error in KMIP server. (Bugzilla Bug 4739),cryptopkg,False,1.0,It is a genuine bug report related to the 'cryptopkg' package.
qwen2.5:14b,A,9496,Update smbiosview type4 with SMBIOS 3.6 fields (Bugzilla Bug 4737),shellpkg,False,1.0,It is a genuine bug report related to updating SMBIOS fields in the EDK II project.
qwen2.5:14b,A,10498,NetworkPkg/WifiConnectionManagerDxe: Should not call HiiGetBrowserData() in FORM_OPEN action callback (Bugzilla Bug 4736),networkpkg,False,1.0,It is a genuine bug report related to EDK II firmware development.
qwen2.5:14b,A,9495,SecurityPkg\OpalPasswordDxe: BrowserCallback() cannot be used within FORM_OPEN browser action (Bugzilla Bug 4735),securitypkg,False,1.0,"It describes a specific issue within an EDK II package, likely related to security functionality."
qwen2.5:14b,A,9494,Add LoongArch libraries and drivers into UefiCpuPkg (Bugzilla Bug 4734),ueficpupkg,False,1.0,It is a legitimate feature request to add LoongArch libraries and drivers into UefiCpuPkg.
qwen2.5:14b,A,9492,Tcg2Pei: Assert issue in SyncPcrAllocationsAndPcrMask() with a specific configuration (Bugzilla Bug 4731),securitypkg,False,1.0,It is a genuine bug report related to EDK II firmware development.
qwen2.5:14b,A,10496,Private package dec sections not available when overriding component EFI_GUID (Bugzilla Bug 4730),basetools,False,1.0,It is a genuine bug report related to EDK II build tools.
qwen2.5:14b,A,10495,EFI_SIMPLE_NETWORK_PROTOCOL.Reset() returns incorrect status code (Bugzilla Bug 4729),networkpkg,False,1.0,It is a genuine bug report related to EDK II firmware component.
qwen2.5:14b,A,10494,MdeModulePkg: Increase 1ms extra delay for xHCI register accesses after it issues HCRST. (Bugzilla Bug 4727),mdemodulepkg,False,1.0,It is a genuine bug report related to firmware development.
qwen2.5:14b,A,9491,There are a lot of file names in the INF that are not in alphabetical order (Bugzilla Bug 4726),ueficpupkg,True,0.95,The issue describes a non-functional formatting concern that does not impact functionality and is unlikely to be considered a valid bug in EDK II.
qwen2.5:14b,A,10493,PcdFspMeasurementConfig should be dynamic PCD and support update in runtime (Bugzilla Bug 4725),intelfsp2wrapperpkg,False,1.0,It is a genuine bug report related to an EDK II package.
qwen2.5:14b,A,10492,FSPm binary measurement uses TcgPpiNotify which will measure binary by flash address (Bugzilla Bug 4716),intelfsp2wrapperpkg,False,1.0,It is a genuine bug report related to EDK II firmware development.
qwen2.5:14b,A,9490,SecurityPkg/SecureBootConfigDxe: Should not call HiiGetBrowserData() in FORM_OPEN action callback (Bugzilla Bug 4713),securitypkg,False,1.0,It describes a genuine bug related to EDK II firmware development.
qwen2.5:14b,A,9489,Refine REST JSON C Structure DXE driver (Bugzilla Bug 4711),redfishpkg,False,1.0,It is a genuine bug report related to an EDK II package.
qwen2.5:14b,A,10491,PeiFspMemoryInit SourceData is untrusted (Bugzilla Bug 4705),intelfsp2wrapperpkg,False,1.0,It describes a genuine security-related issue within an EDK II package.
qwen2.5:14b,A,10490,MeasureFspFirmwareBlobWithCfg possibility of overflow/wraparound on HashBase and HashSize (Bugzilla Bug 4704),intelfsp2wrapperpkg,False,1.0,It describes a potential overflow/wraparound issue which is a genuine bug report.
qwen2.5:14b,A,10489,MeasureFspFirmwareBlob does not check input parameters (Bugzilla Bug 4703),-,False,1.0,It describes a potential bug in the EDK II codebase.
qwen2.5:14b,A,10488,PeiFspMemoryInit lacks error handling for release builds (Bugzilla Bug 4702),intelfsp2wrapperpkg,False,1.0,It is a genuine bug report related to error handling in an EDK II package.
qwen2.5:14b,A,9488,FspmWrapperInit lacks error handling for release builds (Bugzilla Bug 4701),intelfsp2wrapperpkg,False,1.0,It is a genuine bug report related to error handling in a specific package.
qwen2.5:14b,A,9487,No check on return value for TpmMeasureAndLogDataWithFlags() (Bugzilla Bug 4700),intelfsp2wrapperpkg,False,1.0,It is a genuine bug report related to EDK II firmware development.
qwen2.5:14b,A,9486,Delete PK is failing (Bugzilla Bug 4699),securitypkg,False,1.0,"It describes a specific issue in the 'securitypkg' package, which is related to EDK II firmware development."
qwen2.5:14b,A,9485,Deprecated Crypto Algorithm Used for PRNG (Bugzilla Bug 4698),cryptopkg,False,1.0,It describes a real security vulnerability related to an EDK II package.
qwen2.5:14b,A,9483,[TDVF] RBP register shall be cleared in TDVMCALL (Bugzilla Bug 4696),ovmfpkg,False,1.0,It is a genuine bug report related to EDK II firmware development.
qwen2.5:14b,A,9482,PatchCheck does not generate an error if there are no Cc lines present in commit message (Bugzilla Bug 4694),basetools,False,1.0,It describes a specific issue with PatchCheck tool in basetools package.
qwen2.5:14b,A,9481,PatchCheck silently ignores commit message signature check errors (Bugzilla Bug 4693),basetools,False,1.0,It describes a genuine bug related to EDK II build infrastructure.
qwen2.5:14b,A,9480,PatchCheck silently ignores commit message signature check errors (Bugzilla Bug 4692),basetools,False,1.0,It describes a genuine bug related to EDK II build infrastructure.
qwen2.5:14b,A,10487,Bit width of gEventPending is larger than gEventQueue[] array size (Bugzilla Bug 4691),mdemodulepkg,False,1.0,It is a genuine bug report related to EDK II firmware development.
qwen2.5:14b,A,10486,UsbBusDxe SetConfig Failure (Bugzilla Bug 4690),mdemodulepkg,False,1.0,It is a genuine bug report related to an EDK II package.
qwen2.5:14b,A,10485,GetInfo() of Adapter Information Protocol should have a provision for IHV to return no data for UEFI Spec compliance 2.9 (Bugzilla Bug 4688),mdepkg,False,1.0,It is a genuine bug report related to EDK II firmware compliance with UEFI specification.
qwen2.5:14b,A,10484,Form Browser doesn't handle all EFI_BROWSER_ACTION_REQUEST correctly (Bugzilla Bug 4687),mdemodulepkg,False,1.0,It is a genuine bug report related to an EDK II package.
qwen2.5:14b,A,10483,VFR `password` element doesn't work without the INTERACTIVE flag (Bugzilla Bug 4686),mdemodulepkg,False,1.0,It is a genuine bug report related to an EDK II package.
qwen2.5:14b,A,10482,NULL Pointer dereference in file lookup (Bugzilla Bug 4685),shellpkg,False,1.0,It describes a genuine bug report with a specific issue in the shellpkg package.
qwen2.5:14b,A,10481,Buffer Underflow when performing shell command lookup (Bugzilla Bug 4684),shellpkg,False,1.0,It describes a genuine bug report with context indicating it involves EDK II firmware components.
qwen2.5:14b,A,9479,Unit tests that generate an exception may be seen as passing unit test (Bugzilla Bug 4683),mdepkg,False,1.0,It is a genuine bug report related to unit tests in an EDK II package.
qwen2.5:14b,A,9478,"regression from commit 725acd0b9cc0 when ""gSmmBaseHobGuid"" GUID HOB is absent -- NULL ptr deref in PiSmmCpuDxeSmm (Bugzilla Bug 4682)",ueficpupkg,False,1.0,It describes a genuine bug with reproducible conditions and is related to EDK II firmware.
qwen2.5:14b,A,9477,Packet->Length is not updated before being used by Dhcp6AppendIaAddrOption to safely know it can append. (Bugzilla Bug 4681),networkpkg,False,1.0,It describes a specific bug in the DHCPv6 implementation within EDK II.
qwen2.5:14b,A,9476,BaseTools/Scripts/PatchCheck: Validate author email (Bugzilla Bug 4680),basetools,False,1.0,It is a genuine bug report related to EDK II build infrastructure.
qwen2.5:14b,A,9475,BaseTools/Scripts/PatchCheck: Check for commits spanning package boundaries (Bugzilla Bug 4679),basetools,False,1.0,It is a genuine bug report related to EDK II build infrastructure.
qwen2.5:14b,A,10480,Form browser incorrectly handles changing element data to the same value (Bugzilla Bug 4678),mdemodulepkg,True,0.95,The issue title mentions a browser form handling problem which is unrelated to EDK II firmware development.
qwen2.5:14b,A,9474,Potential UINT32 overflow and subsequent divide by 0 (Bugzilla Bug 4677),mdemodulepkg,False,1.0,It describes a potential security vulnerability related to EDK II firmware.
qwen2.5:14b,A,10479,SychonizationLib mapping missing from FmpDevicePkg and NetworkPkg (Bugzilla Bug 4675),mdepkg,False,1.0,"The issue describes a missing library mapping in specific packages, which is relevant to EDK II firmware development."
qwen2.5:14b,A,10478,FreePages of runtime memory fails when HeapGuard is enabled (allocation is wrongly aligned) (Bugzilla Bug 4674),-,False,1.0,It describes a genuine bug with HeapGuard and memory allocation issues.
qwen2.5:14b,A,9473,edk2/NetworkPkg: Out-of-bounds read when processing IA_NA/IA_TA options in a DHCPv6 Advertise message (Bugzilla Bug 4673),networkpkg,False,1.0,It describes a genuine security vulnerability in the NetworkPkg.
qwen2.5:14b,A,10476,edk2 - compilation errors due to implicit type conversions on EmbeddedPkg (Bugzilla Bug 4669),embeddedpkg,False,1.0,"It describes a compilation error in a specific EDK II package, which is relevant to the project."
qwen2.5:14b,A,9472,edk2 - Compilation error due to arithmetic operation on void pointer in EmbeddedPkg (Bugzilla Bug 4668),embeddedpkg,False,1.0,"It describes a compilation error in an EDK II package, which is relevant to firmware development."
qwen2.5:14b,A,9471,edk2 - Basetools SyntaxWarning: invalid escape sequence '\C' while building EmbeddedPkg (Bugzilla Bug 4666),basetools,False,1.0,It describes a genuine build issue with a specific error message.
qwen2.5:14b,A,9470,Add LoongArch help functions and defines in MdePkg and move some ArmVirtPkg libraries and PCDs to OvmfPkg (Bugzilla Bug 4663),mdepkg,False,1.0,"The issue describes a specific enhancement for EDK II, involving adding functions and moving libraries, which is relevant to the project."
qwen2.5:14b,A,9469,Refine Crypto macro define for CRYPTO_PROTOCOL_SUPPORT (Bugzilla Bug 4661),uefipayloadpkg,False,1.0,It is a genuine bug report related to firmware development.
qwen2.5:14b,A,10475,Update return value of *GET_IMAGE_INFO/GET_IMAGE to align with UEFI spec 2.10 (Bugzilla Bug 4660),fmpdevicepkg,False,1.0,It is a genuine bug report related to aligning the return value of functions with the UEFI specification.
qwen2.5:14b,A,9468,DXE Core system time runs faster than expected when using PcAtChipsetPkg/HpetTimerDxe (Bugzilla Bug 4659),pcatchipsetpkg,False,1.0,"It describes a specific issue with system time accuracy in a particular package, which is relevant to EDK II firmware development."
qwen2.5:14b,A,9467,edk2 - Basetools invalid escape sequence warning from Trim.py during edk2 builds (Bugzilla Bug 4657),basetools,False,1.0,"The issue describes a build warning from edk2's base tools, which is relevant to the project."
qwen2.5:14b,A,9466,New fields have been added in SPCR structure based on Revision 4 SPCR table. (Bugzilla Bug 4656),mdepkg,False,1.0,It is a genuine bug report related to changes in the SPCR structure.
qwen2.5:14b,A,9465,UFS device Init fail in PEI phase. (Bugzilla Bug 4655),mdemodulepkg,False,1.0,It is a genuine bug report related to firmware development.
qwen2.5:14b,A,9463,MdeModulePkg/Core/DxeIplPeim: Enhance the Code in DxeIplFindDxeCore Function (Bugzilla Bug 4653),mdemodulepkg,False,1.0,It is a legitimate feature request or bug report related to an EDK II package.
qwen2.5:14b,A,9462,PciIoMap does not return status from mIoMmuProtocol->SetAttribute (Bugzilla Bug 4652),mdemodulepkg,False,1.0,It is a genuine bug report related to EDK II firmware development.
qwen2.5:14b,A,10473,FirmwarePerformaceCommonEntryPoint code improvement (Bugzilla Bug 4651),-,False,0.95,"The issue is related to a firmware performance code improvement, which could be a valid feature request or bug report."
qwen2.5:14b,A,10472,Link error would not stop building because of the linker option -Wno-error (Bugzilla Bug 4643),-,False,1.0,It describes a genuine build issue related to linker options.
qwen2.5:14b,A,9461,CryptoPkg: Clang build error: inttypes.h not found (Bugzilla Bug 4642),cryptopkg,False,1.0,"It describes a build error related to EDK II's CryptoPkg, which is relevant to firmware development."
qwen2.5:14b,A,10471,OvmfPkg: UEFI Shell shouldn't be available when Secure Boot is enabled (Bugzilla Bug 4641),ovmfpkg,False,1.0,"It describes a specific issue related to Secure Boot and UEFI Shell availability, which is relevant to EDK II firmware development."
qwen2.5:14b,A,10470,EFI_HII_CONFIG_ROUTING_PROTOCOL.ExportConfig() doesn't show efivarstore (Bugzilla Bug 4639),mdemodulepkg,False,1.0,It is a genuine bug report related to EDK II functionality.
qwen2.5:14b,A,9460,Enable config editor tool to have a new feature that can load and view the configuration data of compiled VFR or HFR in form of YAML. (Bugzilla Bug 4638),intelfsp2pkg,False,1.0,It is a legitimate feature request for EDK II with sufficient context.
qwen2.5:14b,A,10469,[MdePkg/BaseCacheMaintenanceLib][RiscVCache] Assert when CMO is disabled. (Bugzilla Bug 4637),mdepkg,False,1.0,It describes a genuine bug with specific conditions and is related to EDK II firmware development.
qwen2.5:14b,A,9459,No need to check SCI status in UPL (Bugzilla Bug 4636),uefipayloadpkg,False,1.0,It is a genuine bug report related to EDK II firmware development.
qwen2.5:14b,A,9458,Add a PCD to be able to skip microcode patch load (Bugzilla Bug 4635),intelfsp2pkg,False,1.0,It is a legitimate feature request related to EDK II firmware development.
qwen2.5:14b,A,9457,CryptoPkg: SmmCryptLib consumed RngLib but not add it to [LibraryClasses] (Bugzilla Bug 4634),cryptopkg,False,1.0,It describes a genuine bug related to library consumption in EDK II.
qwen2.5:14b,A,9456,Capsule.py does not handle OEM_CAPSULE_FLAGS parsed by FdfParser.py (Bugzilla Bug 4633),basetools,False,1.0,It is a genuine bug report related to EDK II build tools.
qwen2.5:14b,A,9455,CryptoPkg: stdint.h included multiple times error (Bugzilla Bug 4632),cryptopkg,False,1.0,It describes a genuine build issue with specific package.
qwen2.5:14b,A,9454,Fix the hardcoded TLS cofiguration data in Httpsupport.c when initial TLS sesssion for HTTPs (Bugzilla Bug 4631),networkpkg,False,1.0,It is a genuine bug report related to EDK II package.
qwen2.5:14b,A,9453,CryptoPkg: Gcc build error of MbedtlsLib Rsa (Bugzilla Bug 4630),cryptopkg,False,1.0,"It describes a build error in a specific EDK II package, which is relevant to the project."
qwen2.5:14b,A,10467,No debug log output into serial port in mRscHandlerProtocol->Register() function if the DebugLib|MdeModulePkg/Library/PeiDxeDebugLibReportStatusCode/PeiDxeDebugLibReportStatusCode.inf is invoked (Bugzilla Bug 4628),mdemodulepkg,False,1.0,"It describes a specific issue with debug log output in EDK II, which is relevant to firmware development."
qwen2.5:14b,A,10466,Subtle potential buffer overrun in file SafeString.c (Bugzilla Bug 4627),mdepkg,False,1.0,It describes a potential buffer overrun issue which is a genuine bug report.
qwen2.5:14b,A,10465,Incorrect HEST Revision Number for APCI 6.5 (Bugzilla Bug 4626),-,False,1.0,It is a genuine bug report related to firmware functionality.
qwen2.5:14b,A,10464,Missing NULL pointer check on allocating memory for Redfish discovered information fields (Bugzilla Bug 4625),redfishpkg,False,1.0,It describes a genuine security-related bug with potential NULL pointer dereference.
qwen2.5:14b,A,10463,Python FMMT tool does not support automatically select FMMTConf.ini file which saves GuidTool settings. (Bugzilla Bug 4624),basetools,False,1.0,It is a genuine bug report related to the FMMT tool in EDK II's build infrastructure.
qwen2.5:14b,A,9452,RELEASE CLANGPDB OVMF will not compile (Bugzilla Bug 4620),ovmfpkg,False,1.0,"It describes a compilation issue with OVMF, which is related to EDK II."
qwen2.5:14b,A,10462,edk2-stable202311 has been added but cannot yet be selected in this bugtracker (Bugzilla Bug 4618),-,False,1.0,"The issue describes a problem with the bugtracker, which is related to EDK II build infrastructure."
qwen2.5:14b,A,9451,CLANGDWARF OVMF package builds but will not run since commit 140e4422b16482f0bcafdc20d42141434d450450 (Bugzilla Bug 4617),ovmfpkg,False,1.0,Describes a build issue with OVMF package after specific commit.
qwen2.5:14b,A,9450,mbedtls crypto SHA384 buffer misuse (Bugzilla Bug 4616),cryptopkg,False,1.0,It describes a security-related issue in an EDK II package.
qwen2.5:14b,A,10461,Assert in PageTableMap function (Bugzilla Bug 4614),ueficpupkg,False,1.0,It describes a genuine bug report with sufficient context.
qwen2.5:14b,A,9448,[BaseLib][RiscV64]InternalSwitchStack has a bug that cannot pass context to EntryPoint (Bugzilla Bug 4611),mdepkg,False,1.0,It is a genuine bug report related to EDK II firmware development.
qwen2.5:14b,A,9447,Google Test tests don't support multiple source files (Bugzilla Bug 4610),unittestframeworkpkg,False,1.0,It is a genuine bug report related to EDK II package.
qwen2.5:14b,A,9446,CalculateCrc16Ansi miscalculates the checksum (Bugzilla Bug 4609),mdepkg,False,1.0,It is a genuine bug report related to an EDK II package.
qwen2.5:14b,A,9445,edk2-redfish-client: Enhance the implementation of getting etag and @Redfish.Settings anootation URI (Bugzilla Bug 4608),-,False,1.0,It is a legitimate feature request or enhancement for the edk2-redfish-client package.
qwen2.5:14b,A,9444,Add PCD to assign Redfish service port (Bugzilla Bug 4607),redfishpkg,False,1.0,It is a legitimate feature request or bug report related to an EDK II package.
qwen2.5:14b,A,10460,edk2-redfish-client: Enhance RedfishClientPkg debug capability (Bugzilla Bug 4606),-,False,1.0,It is a legitimate feature request to enhance the debug capability of RedfishClientPkg.
qwen2.5:14b,A,9443,WifiConnectionManager: Not trigger scan when UEFI Wi-Fi is in BSS connected state (Bugzilla Bug 4605),networkpkg,False,1.0,It describes a specific bug in the WifiConnectionManager package.
qwen2.5:14b,A,10459,SecurityPkg/DxeTpm2MeasureBootLib: TDVF should check the overflow of UINT32 * UINT32 (Bugzilla Bug 4604),securitypkg,False,1.0,It describes a potential overflow issue which is a genuine bug report.
qwen2.5:14b,A,9441,Redfish communication between BIOS and BMC does not happen if IPv4 installed after RestEx (Bugzilla Bug 4602),redfishpkg,False,1.0,It is a genuine bug report related to EDK II package functionality.
qwen2.5:14b,A,9440,UIDs for ETE nodes must be unique (Bugzilla Bug 4600),dynamictablespkg,False,1.0,It is a genuine bug report related to EDK II package.
qwen2.5:14b,A,10457,StandaloneMmPkg/Core needs to restart MmDispacher once MmEntryPoint is registered (Bugzilla Bug 4599),standalonemmpkg,False,1.0,"It describes a specific issue within an EDK II package, indicating it is a genuine bug report."
qwen2.5:14b,A,9439,Got ASSERT BaseXApicX2ApicLib.c(1478): (Index != 0) || (LevelType == 0x01) when booting (Bugzilla Bug 4598),ovmfpkg,False,1.0,"It describes a specific assertion failure during booting, which is likely a genuine bug report."
qwen2.5:14b,A,10456,[Variable]Merge variable header + data update into one step for performance improvement (Bugzilla Bug 4597),mdemodulepkg,False,1.0,It is a genuine bug report with an improvement suggestion for performance.
qwen2.5:14b,A,9438,"Fix build error when remove ""-Wno-sometimes-uninitialized"" option (Bugzilla Bug 4595)",intelfsp2wrapperpkg,False,1.0,"It describes a build error related to EDK II, which is relevant and specific."
qwen2.5:14b,A,9437,[edk2-stable202311] Update GetMaintainer to handle case where a package has only reviewers and no maintainers (Bugzilla Bug 4593),basetools,False,1.0,It is a genuine bug report related to EDK II build infrastructure.
qwen2.5:14b,A,9436,[MdePkg] Add NVMe Sanitize command support to Nvme.h (Bugzilla Bug 4591),mdepkg,False,1.0,"It is a genuine bug report related to adding NVMe Sanitize command support, which involves firmware components."
qwen2.5:14b,A,10452,Consider moving SourceLevelDebugPkg to from edk2 to edk2-platforms (Bugzilla Bug 4590),sourceleveldebugpkg,False,1.0,The issue is a legitimate feature request related to package management within EDK II.
qwen2.5:14b,A,10451,Consider removing SignedCapsulePkg from edk2 repository (Bugzilla Bug 4589),signedcapsulepkg,False,1.0,The issue is a legitimate feature request to remove a specific package from the repository.
qwen2.5:14b,A,10450,Memory leak in PxeBcArpCacheUpdate@PxeBcSupport.c? (Bugzilla Bug 4585),networkpkg,False,1.0,"It describes a potential memory leak in an EDK II package, which is relevant to firmware development."
qwen2.5:14b,A,10449,potentially invalid elapsed tick count calculation from commit 43dcf453fc15 (Bugzilla Bug 4578),mdemodulepkg,False,0.95,"The issue describes a potential bug in elapsed tick count calculation, which is relevant to firmware development."
qwen2.5:14b,A,9432,Memory leak in MeasureSmbiosTable@SmbiosMeasurementDxe.c ? (Bugzilla Bug 4575),mdemodulepkg,False,1.0,It is a genuine bug report related to EDK II firmware development.
qwen2.5:14b,A,10448,.deps file is not created on Windows during silent build for source file with same basename (Bugzilla Bug 4573),basetools,False,1.0,It describes a reproducible build issue related to EDK II build tools.
qwen2.5:14b,A,9431,TDVF: TdVmCall needs handle the retry results for MapGPA (Bugzilla Bug 4572),ovmfpkg,False,1.0,It is a genuine bug report related to EDK II firmware development.
qwen2.5:14b,A,10447,[Recovery] FatPei should use both BlockIo and BlockIo2 PPI while searching for recovery capsule (Bugzilla Bug 4571),fatpkg,False,1.0,It is a genuine bug report related to EDK II firmware components.
qwen2.5:14b,A,10446,gBS->FreePages() is not validating the input parameter 'Pages' before freeing the allocated pages. (Bugzilla Bug 4569),mdemodulepkg,False,1.0,It describes a potential security vulnerability or bug in the EDK II firmware.
qwen2.5:14b,A,9430,OvmfPkg/AcpiPlatformDxe: Coverity scan flags FORWARD_NULL and UNUSED_VALUE issues (Bugzilla Bug 4568),ovmfpkg,False,1.0,"The issue describes specific Coverity scan flags issues in a package, which is relevant to EDK II firmware development."
qwen2.5:14b,A,9429,Add 0x0B/Platform Runtime Mechanism (PRM) in Address Space ID of Generic Address Structure (GAS) (Bugzilla Bug 4567),mdepkg,False,1.0,It is a genuine bug report related to EDK II firmware components.
qwen2.5:14b,A,9428,Use the base SortLib for Redfish modules only (Bugzilla Bug 4566),redfishpkg,False,1.0,It is a genuine bug report related to EDK II firmware development.
qwen2.5:14b,A,9427,duplicate installation of EFI_REAL_TIME_CLOCK_ARCH_PROTOCOL in RealTimeClockLib instances (Bugzilla Bug 4565),armplatformpkg,False,1.0,It describes a genuine bug related to protocol installation in EDK II firmware.
qwen2.5:14b,A,9426,bogus RealTimeClockLib class interface: LibRtcVirtualNotifyEvent (Bugzilla Bug 4564),embeddedpkg,False,1.0,It is a genuine bug report related to EDK II firmware development.
qwen2.5:14b,A,10445,Add support for SMBIOS spec 3.7.0 to SmBios.h (Bugzilla Bug 4563),mdepkg,False,1.0,"It is a legitimate feature request to update SMBIOS support, which relates directly to EDK II firmware development."
qwen2.5:14b,A,9425,[Xhci] Skip size round up for TRB when getting PCI device/host memory address (Bugzilla Bug 4560),mdemodulepkg,False,1.0,It is a genuine bug report related to EDK II firmware development.
qwen2.5:14b,A,9424,BaseTools: Add support for LOONGARCH64  R_LARCH_RELAX relocation (Bugzilla Bug 4559),basetools,False,1.0,It is a genuine bug report related to adding support for LOONGARCH64 relocation in BaseTools.
qwen2.5:14b,A,10444,Potential conflict on MpProtectedModeWakeupCommand definition (Bugzilla Bug 4558),ovmfpkg,False,1.0,"It describes a potential conflict in firmware code, which is relevant to EDK II development."
qwen2.5:14b,A,10443,Transaction error observed for some USB3.2 Gen2x2 devices (Bugzilla Bug 4556),mdemodulepkg,False,1.0,It describes a specific issue with USB3.2 Gen2x2 devices in the mdemodulepkg package.
qwen2.5:14b,A,9422,UefiDevicePathLib DevPathToTextAcpiEx overflows the device path node when searching for optional strings (Bugzilla Bug 4555),mdepkg,False,1.0,It is a genuine bug report related to EDK II firmware development.
qwen2.5:14b,A,10442,UEFI Spec version Support is not udpated latest tianocore Edk2 support (Bugzilla Bug 4554),mdepkg,False,1.0,The issue appears to be a genuine bug report related to UEFI Spec version support in the EDK II project.
qwen2.5:14b,A,9421,MdeModulePkg/Bus/Pci/XhciDxe: Need to abort the command for command timeout (Bugzilla Bug 4552),mdemodulepkg,False,1.0,It is a genuine bug report related to EDK II firmware development.
qwen2.5:14b,A,10440,DumpCpuContext() should dump the 15 data bytes for the PC (Bugzilla Bug 4551),ueficpupkg,False,1.0,It is a specific bug report related to EDK II firmware functionality.
qwen2.5:14b,A,10439,TAB key should not be accepted as a valid character in password input window (Bugzilla Bug 4550),mdemodulepkg,False,1.0,It is a genuine bug report related to EDK II package.
qwen2.5:14b,A,9420,Add New Intel Processor family for SMBIOS Type 4 from SMBIOS 3.7.0 (Bugzilla Bug 4547),mdepkg,False,1.0,"It is a legitimate feature request for adding support for a new Intel processor family in SMBIOS Type 4, which relates to EDK II firmware development."
qwen2.5:14b,A,10437,ifconfig uses RouteTableSize as a count (Bugzilla Bug 4546),shellpkg,False,1.0,It is a genuine bug report related to EDK II firmware development.
qwen2.5:14b,A,9419,ek2-libc: socket module of python UEFI interpreter fails to compile with GCC tool chain (Bugzilla Bug 4545),-,False,1.0,It describes a specific compilation issue related to EDK II and GCC toolchain.
qwen2.5:14b,A,9418,SMBIOS BCD revision is not match SMBIOS version (Bugzilla Bug 4544),mdemodulepkg,False,1.0,It is a genuine bug report related to SMBIOS revision mismatch in the mdemodulepkg package.
qwen2.5:14b,A,9417,"In some cases, LocateHandleBuffer() may allocate a callee freed buffer when an error occurs (Bugzilla Bug 4543)",mdemodulepkg,False,1.0,It describes a genuine bug with specific conditions and impact.
qwen2.5:14b,A,9416,Bug 09 - edk2/NetworkPkg: Use of a Weak PseudoRandom Number Generator (Bugzilla Bug 4542),networkpkg,False,1.0,It describes a security vulnerability related to the NetworkPkg package.
qwen2.5:14b,A,9415,Bug 08 - edk2/NetworkPkg: Predictable TCP ISNs (Bugzilla Bug 4541),networkpkg,False,1.0,It is a genuine bug report related to EDK II's NetworkPkg.
qwen2.5:14b,A,10436,Unnecessary FV migration should be avoided in EvacuateTempRam to benefit boot performance (Bugzilla Bug 4533),mdemodulepkg,False,1.0,It is a genuine bug report related to EDK II firmware optimization.
qwen2.5:14b,A,9414,UefiPayloadPkg:Enhance the build processing for Universalpayload (Bugzilla Bug 4532),uefipayloadpkg,False,1.0,It is a genuine bug report related to build processing for an EDK II package.
qwen2.5:14b,A,10435,Use of Architectural modifiers in a [Define] section when specifications state it is not supported. (Bugzilla Bug 4530),basetools,False,1.0,It describes a genuine bug related to the use of unsupported architectural modifiers in EDK II build tools.
qwen2.5:14b,A,9413,Recent OVMF build.sh change breaks useful functionality (Bugzilla Bug 4528),ovmfpkg,False,1.0,It describes a genuine bug related to OVMF build script changes.
qwen2.5:14b,A,9412,MadtMpWk->MailBoxVersion = 1;  should be 0 according to the ACPI spec 6.5 (Bugzilla Bug 4527),ovmfpkg,False,1.0,It is a genuine bug report related to firmware behavior according to the ACPI spec.
qwen2.5:14b,A,9407,ArmVirtQemu Has Access Flag Fault When Booting with HeapGuard GuardAlignedToTail (Bugzilla Bug 4521),mdemodulepkg,False,1.0,It is a genuine bug report related to EDK II firmware with specific details about the issue.
qwen2.5:14b,A,10434,"Unable to disconnect the handles with disconnect <HandleNumber> command, since handle pointer variables are not initialized properly. (Bugzilla Bug 4520)",shellpkg,False,1.0,It describes a genuine bug with specific details about handle pointer initialization issues.
qwen2.5:14b,A,10433,The safe check of AsciiStrCpyS failed (Bugzilla Bug 4519),mdepkg,False,1.0,It describes a genuine bug report with context indicating it involves EDK II firmware components.
qwen2.5:14b,A,10432,Vulns in NetworkPkg IP stack (Bugzilla Bug 4518),networkpkg,False,1.0,It describes a security vulnerability in an EDK II package.
qwen2.5:14b,A,10431,CXL 3.0 Base Specification Register definitions (Bugzilla Bug 4516),mdepkg,False,1.0,"The issue relates to CXL 3.0 register definitions in a package, which is relevant to EDK II firmware development."
qwen2.5:14b,A,10430,Need add PCI_EXPRESS_EXTENDED_CAPABILITIES_DESIGNATED_VENDOR_SPECIFIC_ID 0x0023 in PciExpress40.h (Bugzilla Bug 4515),mdepkg,False,1.0,It is a genuine bug report requesting an addition to a header file.
qwen2.5:14b,A,9405,MdePkg is missing some spec defined status codes (Bugzilla Bug 4514),mdepkg,False,1.0,It is a genuine bug report related to MdePkg missing some status codes as per the specification.
qwen2.5:14b,A,9404,Enhance LoadStorage implementation in SetupBrowserDxe for varstore of EFI_HII_VARSTORE_EFI_VARIABLE_BUFFER (Bugzilla Bug 4513),mdemodulepkg,False,1.0,It is a genuine bug report with enough context and details.
qwen2.5:14b,A,10429,All the MD5 and SHA1 in CryptoPkg such as RsaPkcs1Sign should be under the deprecated define (Bugzilla Bug 4512),cryptopkg,False,1.0,"It describes a specific issue with cryptographic functions in EDK II's CryptoPkg, which is relevant to firmware development."
qwen2.5:14b,A,9403,Cache Disable should not be set by default in CR0 after ResetVector in x64 build (Bugzilla Bug 4511),ueficpupkg,False,1.0,It is a genuine bug report related to EDK II firmware behavior.
qwen2.5:14b,A,10428,BaseRngLib functionality for ARM/AARCH64 in Standalone MM (Bugzilla Bug 4510),armpkg,False,1.0,It is a genuine bug report related to BaseRngLib functionality for ARM/AARCH64 in Standalone MM.
qwen2.5:14b,A,9402,ASN1_get_object() return value not checked (Bugzilla Bug 4509),cryptopkg,False,1.0,It describes a genuine bug in the cryptopkg package.
qwen2.5:14b,A,10427,MdeModulePkg: AllocatePages for TranslateBmpToGopBlt (Bugzilla Bug 4507),mdemodulepkg,False,1.0,It is a genuine bug report related to EDK II firmware development.
qwen2.5:14b,A,9401,NetworkPkg: HTTP protocol throughput too small (Bugzilla Bug 4505),networkpkg,False,1.0,It is a genuine bug report related to EDK II's NetworkPkg.
qwen2.5:14b,A,9400,Move RngLibTimer from MdePkg to MdeModulePkg (Bugzilla Bug 4504),mdepkg,False,1.0,It is a genuine bug report related to package relocation in EDK II.
qwen2.5:14b,A,9399,SplitFspBin.py cannot support FSP binary with child FV included (Bugzilla Bug 4502),intelfsp2pkg,False,1.0,It is a genuine bug report related to an EDK II package.
qwen2.5:14b,A,10426,SetAttribute for wide char failed (Bugzilla Bug 4499),mdemodulepkg,False,1.0,It is a genuine bug report related to EDK II firmware development.
qwen2.5:14b,A,10424,MdePkg should not have gEdkiiMemoryAcceptProtocolGuid (Bugzilla Bug 4497),mdepkg,False,1.0,It is a genuine bug report related to EDK II firmware development.
qwen2.5:14b,A,10422,XhciDxe: Timeout event does not occur in the function called during ExitBootServices (Bugzilla Bug 4495),mdemodulepkg,False,1.0,It is a genuine bug report related to EDK II firmware development.
qwen2.5:14b,A,9398,Remove assembly/tool logic that creates AP waking vector in 4G-20h (Bugzilla Bug 4494),basetools,False,1.0,It is a genuine bug report related to EDK II build tools.
qwen2.5:14b,A,9396,"RngDxe assert at ""ASSERT (Index != mAvailableAlgoArrayCount);"" (Bugzilla Bug 4491)",securitypkg,False,1.0,It is a genuine bug report related to EDK II firmware development.
qwen2.5:14b,A,9395,"In UFS PEI driver, we are not seeing any PPI to link the platform specific code as same like in DXE UFS driver (Bugzilla Bug 4490)",mdemodulepkg,False,1.0,It is a genuine bug report related to the UFS PEI driver in EDK II.
qwen2.5:14b,A,9394,Update edk2-pytools (Bugzilla Bug 4489),basetools,False,1.0,The issue is related to updating build tools for EDK II.
qwen2.5:14b,A,10421,ARM Generic Watchdog Missing support for 64 bit Watchdog offset register (WOR) introduced in Generic Watchdog v1. (Bugzilla Bug 4488),armpkg,False,1.0,It is a genuine bug report related to EDK II firmware development.
qwen2.5:14b,A,9393,[BaseTools] GenFw: Set NXCOMPAT in DllCharacteristics if requirements met (Bugzilla Bug 4487),basetools,False,1.0,It is a genuine bug report related to EDK II build tools.
qwen2.5:14b,A,9392,MdePkg: Move gTraceHubDebugInfoHobGuid to MdePkg (Bugzilla Bug 4486),mdepkg,False,1.0,It is a genuine bug report related to EDK II package MdePkg.
qwen2.5:14b,A,9391,Google Mock Library (UefiBootServicesTableLib) support from Edk2 (Bugzilla Bug 4485),mdemodulepkg,False,1.0,The issue is related to EDK II package and describes a specific problem with Google Mock Library support.
qwen2.5:14b,A,10420,Print HTTP Request header for better debuggability (Bugzilla Bug 4484),networkpkg,False,1.0,It is a genuine bug report related to an EDK II package.
qwen2.5:14b,A,10417,FspHobListPtr should be available before calling the FspWrapperMultiPhaseHandler in the FSPS (Bugzilla Bug 4480),intelfsp2wrapperpkg,False,1.0,It is a genuine bug report related to EDK II firmware development.
qwen2.5:14b,A,9389,UefiPayloadPkg: To change CapsuleLib instance to null lib for CapsuleRuntimeDxe driver (Bugzilla Bug 4479),uefipayloadpkg,False,1.0,It is a genuine bug report related to an EDK II package.
qwen2.5:14b,A,9387,NetworkPkg: Incorrect length of EAP Identity from AMT (Bugzilla Bug 4477),networkpkg,False,1.0,It is a genuine bug report related to the NetworkPkg package.
qwen2.5:14b,A,10416,UefiCpuPkg: SmmS3 page table set GuardPage in smm normal stack as not-present instead of Smm S3 Stack (Bugzilla Bug 4476),ueficpupkg,False,1.0,It is a genuine bug report related to EDK II firmware components.
qwen2.5:14b,A,10415,Incorrect MADT Revision for ACPI 6.5 (Bugzilla Bug 4474),mdepkg,False,1.0,It is a genuine bug report related to EDK II firmware components.
qwen2.5:14b,A,9384,Add SPI NOR FLash Serial Flash Discoverable Parameters (SFDP) Header file (Bugzilla Bug 4472),mdepkg,False,1.0,It is a legitimate feature request related to adding SPI NOR Flash SFDP header file in the EDK II project.
qwen2.5:14b,A,9382,SMM perf record is copied multiple times to FPDT table if multiple ReadyToBoot events are signaled (Bugzilla Bug 4470),mdemodulepkg,False,1.0,It is a genuine bug report related to EDK II firmware functionality.
qwen2.5:14b,A,10414,SmBiosView does not print correct Slot ID information (Bugzilla Bug 4469),shellpkg,False,1.0,It is a genuine bug report related to EDK II firmware component.
qwen2.5:14b,A,9380,Add support for running shell test application in an immutable volume (Bugzilla Bug 4467),unittestframeworkpkg,False,1.0,It is a genuine bug report related to EDK II package functionality.
qwen2.5:14b,A,10413,Adding support for sending SGI and handling interrupts on GIC v3 (Bugzilla Bug 4466),armpkg,False,1.0,It is a genuine bug report related to EDK II package functionality.
qwen2.5:14b,A,9378,AARCH64 MMU Interface Reports Every Page as EFI_MEMORY_RP (Bugzilla Bug 4463),armpkg,False,1.0,It is a genuine bug report related to EDK II firmware component.
qwen2.5:14b,A,10412,Tcg2UserConfirm Enhancement to Display the User Information (Bugzilla Bug 4462),securitypkg,False,1.0,It is a genuine bug report related to an EDK II package.
qwen2.5:14b,A,9377,BIOS ASSERT failed when Fv FSP-S use FFS3 (Bugzilla Bug 4458),intelfsp2wrapperpkg,False,1.0,It is a genuine bug report related to EDK II firmware development.
qwen2.5:14b,A,9376,Edk2ToolsBuild.py does not mark compiler errors as python's logging.ERROR (Bugzilla Bug 4457),basetools,False,1.0,It describes a specific issue with Edk2ToolsBuild.py and is marked as a bug.
qwen2.5:14b,A,10411,Rebuild Descriptor table in UsbIoPortReset (Bugzilla Bug 4456),mdemodulepkg,False,1.0,It is a genuine bug report related to firmware development.
qwen2.5:14b,A,10410,MdePkg BaseLib use _mm_pause() instead of inline asm or NASM for VS20xx toolchains IA32/X64 (Bugzilla Bug 4453),mdepkg,False,1.0,It is a specific bug report related to EDK II's MdePkg library and toolchain usage.
qwen2.5:14b,A,9373,Introduce EDKII Redfish Platform Config Protocol (Bugzilla Bug 4449),redfishpkg,False,1.0,It is a legitimate feature request for introducing a new protocol in EDK II.
qwen2.5:14b,A,9372,Add quotes arounbd OBJCOPY_ADDDEBUGFLAG file targets for Windows compatibility (Bugzilla Bug 4448),basetools,False,1.0,"It describes a specific bug fix for Windows compatibility, which is relevant to EDK II build tools."
qwen2.5:14b,A,9371,Update CLANGPDB_WARNING_OVERRIDES in tools_def.txt to match CLANGDWARF_WARNING_OVERRIDES (Bugzilla Bug 4447),basetools,False,1.0,It is a genuine bug report related to EDK II build infrastructure.
qwen2.5:14b,A,9370,MdeModulePkg CpasuleApp is missing EFIAPI in function that is passed as parameter (Bugzilla Bug 4446),mdemodulepkg,False,1.0,It describes a genuine coding issue in an EDK II package.
qwen2.5:14b,A,10408,UefiPayloadPkg:Add YAML support version configuration (Bugzilla Bug 4445),-,False,1.0,It is a legitimate feature request for adding YAML support in version configuration.
qwen2.5:14b,A,9367,"Depex unsatisfied PEIM dispatched, but it isn't in Apriori file (Bugzilla Bug 4438)",mdemodulepkg,False,1.0,It is a genuine bug report related to EDK II firmware components.
qwen2.5:14b,A,10406,Surprised power events cause NVRAM corruption which leads to a system boot (VariableSmm) hang (Bugzilla Bug 4437),mdemodulepkg,False,1.0,It describes a genuine bug report with potential system boot issues.
qwen2.5:14b,A,10405,AARCH64 LD Can Misinterpret Multiple common-page-size parameters (Bugzilla Bug 4436),basetools,False,1.0,It describes a genuine bug in the build tools related to AARCH64 LD misinterpreting parameters.
qwen2.5:14b,A,9366,Add IPMI SSIF definitions (Bugzilla Bug 4434),mdepkg,False,1.0,It is a genuine bug report related to adding IPMI SSIF definitions in the EDK II project.
qwen2.5:14b,A,10403,Probably it returns wrong values in RISC-V SyncIncrement and SyncDecrement functions (Bugzilla Bug 4433),mdepkg,False,1.0,It describes a potential bug in the RISC-V SyncIncrement and SyncDecrement functions.
qwen2.5:14b,A,9365,There is a return value bug in LoongArch synchronization operation (Bugzilla Bug 4432),mdepkg,False,1.0,It is a genuine bug report related to EDK II package.
qwen2.5:14b,A,10402,SmmCpuRendezvous() need to check cpu sync mode before calling SmmWaitForApArrival() (Bugzilla Bug 4431),ueficpupkg,False,1.0,It is a genuine bug report related to EDK II firmware functionality.
qwen2.5:14b,A,10401,Memory leak in function RsaPssVerify (Bugzilla Bug 4430),cryptopkg,False,1.0,It describes a genuine bug report with enough context to be investigated.
qwen2.5:14b,A,10400,SmmVariableSetVariable() need  Ap rendezvous  in Ap-Relaxed mode (Bugzilla Bug 4429),mdemodulepkg,False,1.0,It is a genuine bug report related to EDK II firmware functionality.
qwen2.5:14b,A,9364,UefiPayloadPkg: Fix issues when MULTIPLE_DEBUG_PORT_SUPPORT is true (Bugzilla Bug 4427),uefipayloadpkg,False,1.0,It describes a genuine bug report with a specific fix for the UefiPayloadPkg package.
qwen2.5:14b,A,9363,UefiPayloadPkg: remove llvm-objcopy dependency when replace multiple FV (Bugzilla Bug 4426),uefipayloadpkg,False,1.0,It is a genuine bug report related to removing llvm-objcopy dependency in UefiPayloadPkg.
qwen2.5:14b,A,9362,Unable to run acpidump.efi in UEFI Shell (Bugzilla Bug 4425),mdepkg,False,0.95,"The issue describes a problem with running acpidump.efi in UEFI Shell, which is related to EDK II firmware development."
qwen2.5:14b,A,10399,PerformRemainingTasks() needs to wait for ap arrive once when smm ready to lock in aprelaxed flow (Bugzilla Bug 4424),ueficpupkg,False,1.0,It is a specific bug report related to EDK II firmware functionality.
qwen2.5:14b,A,9361,"UefiCpuPkg: Update ProcTrace feature code to support enable ProcTrace only on BSP and support enable generating  CYC, TSC  timing packets (Bugzilla Bug 4423)",ueficpupkg,False,1.0,It is a genuine bug report with specific feature updates for ProcTrace in UefiCpuPkg.
qwen2.5:14b,A,9360,CVE-2023-0464 - OpenSSL vulnerability (Bugzilla Bug 4422),cryptopkg,False,1.0,It describes a real security vulnerability related to an EDK II package.
qwen2.5:14b,A,9359,RedfishPkg uses DEBUG_MANAGEABILITY debug error level (Bugzilla Bug 4420),redfishpkg,False,1.0,It is a genuine bug report related to EDK II firmware development.
qwen2.5:14b,A,9358,Use Highest Python version on Linux edksetup.sh (Bugzilla Bug 4418),-,False,0.95,"The issue appears to be a genuine request for using the highest Python version on Linux, which is related to EDK II build infrastructure."
qwen2.5:14b,A,9357,Move Network modules from Dxe firmware volume to Network firmware volume in the universal payload elf (Bugzilla Bug 4417),uefipayloadpkg,False,1.0,It is a genuine bug report related to firmware volume configuration in EDK II.
qwen2.5:14b,A,10398,[TDVF] Kernel command line and initrd shall be measured to RTMR (Bugzilla Bug 4416),ovmfpkg,False,1.0,It is a genuine bug report related to firmware functionality.
qwen2.5:14b,A,10397,[TDVF] TDVF shall measure the data downloaded from QEMU via FW_CFG (Bugzilla Bug 4415),ovmfpkg,False,1.0,It is a genuine bug report related to EDK II firmware development.
qwen2.5:14b,A,9356,Create DEBUG_MANAGEABILITY error report level (Bugzilla Bug 4414),-,False,0.95,The issue appears to be a genuine bug report related to firmware development.
qwen2.5:14b,A,9355,CryptoPkg: Enable DXE_CORE support in BaseCryptLibOnProtocolPpi\DxeCryptLib.inf (Bugzilla Bug 4413),cryptopkg,False,1.0,It is a genuine bug report related to enabling DXE_CORE support in an EDK II package.
qwen2.5:14b,A,10396,Enhance PathFv.py to patch Flash device files directly (Bugzilla Bug 4412),intelfsp2pkg,False,1.0,It is a genuine bug report related to enhancing an EDK II build tool.
qwen2.5:14b,A,9354,TcgMorLockSmm: Key Mismatch doesn't update the MorLock Variable Value. (Bugzilla Bug 4410),mdemodulepkg,False,1.0,It is a genuine bug report related to an EDK II package.
qwen2.5:14b,A,9353,[MTL] HDDPassword driver must transition from Variable Lock to Variable Policy (Bugzilla Bug 4408),securitypkg,False,1.0,It is a genuine bug report related to an EDK II package.
qwen2.5:14b,A,9351,Add header file for PLDM SMBIOS Transfer specification (Bugzilla Bug 4397),mdepkg,False,1.0,It is a genuine bug report related to adding a header file for PLDM SMBIOS Transfer specification in the mdepkg package.
qwen2.5:14b,A,9350,Add header file for PLDM specification (Bugzilla Bug 4396),mdepkg,False,1.0,"The issue is related to adding a header file for PLDM specification in the EDK II package, which is relevant firmware development."
qwen2.5:14b,A,9349,IntelFsp2Pkg: TempRamInit API should preserve EBX/RBX register. (Bugzilla Bug 4395),intelfsp2pkg,False,1.0,It is a genuine bug report related to an EDK II package.
qwen2.5:14b,A,9348,MdeModulePkg SdMmcPciHcDxe: SD/MMC capability debug print is incorrect (Bugzilla Bug 4394),mdemodulepkg,False,1.0,It describes a specific bug in an EDK II package with sufficient context to be investigated.
qwen2.5:14b,A,10395,Update SMBIOS Misc Slot Information Definition with the specific prefix to avoid the name conflict (Bugzilla Bug 4393),mdepkg,False,1.0,It is a genuine bug report related to updating SMBIOS definitions in an EDK II package.
qwen2.5:14b,A,9346,IntelFsp2Pkg: LoadMicrocodeDefault() causing unnecessary delay. (Bugzilla Bug 4391),intelfsp2pkg,False,1.0,It is a genuine bug report related to an EDK II package.
qwen2.5:14b,A,9344,UefiPayloadPkg: Support input data in UniversalPayloadBuild.py (Bugzilla Bug 4386),uefipayloadpkg,False,1.0,It is a genuine bug report related to EDK II package.
qwen2.5:14b,A,10394,Linux PXE Boot failure in Complex Network Environment (Bugzilla Bug 4385),networkpkg,False,1.0,It is a genuine bug report related to EDK II package.
qwen2.5:14b,A,10393,"Assert only, no in code check for MAX_ENDPOINT in UsbPeim.c (Bugzilla Bug 4383)",mdemodulepkg,False,1.0,It is a genuine bug report related to firmware code.
qwen2.5:14b,A,10392,Got NvVarStore FV headers were invalid when using OVMF with AMD SEV (Bugzilla Bug 4379),ovmfpkg,False,1.0,"The issue describes a specific problem with OVMF and AMD SEV, which is related to EDK II firmware development."
qwen2.5:14b,A,9342,VU#892082: Tiancore EDK2 UEFI TCG2 reference implementation vulnerable to memory (Bugzilla Bug 4378),securitypkg,False,1.0,It describes a real security vulnerability related to EDK II.
qwen2.5:14b,A,9341,IntelFsp2Pkg: Fix NASM X64 build warning. (Bugzilla Bug 4377),intelfsp2pkg,False,1.0,It is a genuine bug report related to build warnings in an EDK II package.
qwen2.5:14b,A,10391,System hangs when executing ping6 command cross network segment in EFI shell (Bugzilla Bug 4376),shellpkg,False,1.0,It describes a reproducible problem with the EFI shell package.
qwen2.5:14b,A,10390,UefiPayloadPkg:Add new build commands for Universalpayload (Bugzilla Bug 4375),uefipayloadpkg,False,1.0,It is a genuine feature request for adding new build commands in an EDK II package.
qwen2.5:14b,A,9340,Got Page-Fault in CpuIo2Dxe.dll when using edk2-stable202211 ovmf with qemi-kvm (Bugzilla Bug 4373),ovmfpkg,False,1.0,It is a genuine bug report with detailed comments and sufficient information for investigation.
qwen2.5:14b,A,9339,Correct-MAX_LOGICAL_PROCESSORS-value (Bugzilla Bug 4372),uefipayloadpkg,False,1.0,It is a genuine bug report related to an EDK II package.
qwen2.5:14b,A,10389,OVMF Source level debug hang (Bugzilla Bug 4370),ovmfpkg,False,1.0,It is a genuine bug report related to OVMF source level debugging.
qwen2.5:14b,A,10387,S3 failed in SmmRestoreCpu (Bugzilla Bug 4368),ueficpupkg,False,1.0,It is a genuine bug report related to EDK II firmware functionality.
qwen2.5:14b,A,9338,UefiPayloadPkg: Startup IPI exception in DXE phase caused by wrong MAX_LOGICAL_PROCESSORS value in UefiPayloadPkg.dsc (Bugzilla Bug 4367),uefipayloadpkg,False,1.0,It describes a specific bug related to EDK II firmware development.
qwen2.5:14b,A,9337,Display of Loaded Image Protocol in ShellPkg uses incorrect format string data types in UNI files (Bugzilla Bug 4366),shellpkg,False,1.0,It is a genuine bug report related to EDK II package ShellPkg.
qwen2.5:14b,A,10386,Trust Anchors for Private Authenticated Variables Implementation Incorrect (Bugzilla Bug 4365),securitypkg,False,1.0,It describes a genuine bug in the Trust Anchors for Private Authenticated Variables implementation.
qwen2.5:14b,A,10385,TDVF shall check the EFI_HOB_GUID_TYPE in TD_HOB (Bugzilla Bug 4364),ovmfpkg,False,1.0,It is a genuine bug report related to EDK II firmware development.
qwen2.5:14b,A,10384,"TDVF shall check the TDX_METADATA to ensure if only accepts the AUG(unaccpeted) page, not ADD(private) page. (Bugzilla Bug 4363)",ovmfpkg,False,1.0,It is a specific bug report related to the EDK II package 'ovmfpkg'.
qwen2.5:14b,A,9336,Add BIT23 - Redfish debug message in PcdDebugPrintErrorLevel (Bugzilla Bug 4362),mdepkg,False,1.0,It is a legitimate feature request or bug report related to EDK II firmware development.
qwen2.5:14b,A,9335,Add RedfishPkg version of PcdDebugPrintErrorLevel (Bugzilla Bug 4361),redfishpkg,False,1.0,It is a legitimate feature request for EDK II involving a specific package.
qwen2.5:14b,A,9334,Fix CPU exception in MicrocodeMeasurementDxe.inf (Bugzilla Bug 4360),ueficpupkg,False,1.0,It is a genuine bug report related to EDK II firmware development.
qwen2.5:14b,A,10383,UniversalPayload doesn't run (Bugzilla Bug 4357),uefipayloadpkg,False,1.0,It is a genuine bug report related to an EDK II package.
qwen2.5:14b,A,10382,UniversalPayload doesn't build (Bugzilla Bug 4356),uefipayloadpkg,False,1.0,It is a genuine bug report related to building an EDK II package.
qwen2.5:14b,A,9333,Add header file for MCTP spec (Bugzilla Bug 4355),mdepkg,False,1.0,"The issue is related to adding a header file for MCTP spec in the EDK II package, which is relevant firmware development."
qwen2.5:14b,A,9332,Add definition for IPMI KCS (Bugzilla Bug 4354),mdepkg,False,1.0,It is a genuine bug report related to adding IPMI KCS definition in EDK II.
qwen2.5:14b,A,9331,SEV-SNP AP creation fixes (Bugzilla Bug 4353),ueficpupkg,False,1.0,It is a genuine bug report related to firmware development.
qwen2.5:14b,A,10380,BuildMemoryAllocationHob is not checking it's Length parameter for bad / zero input (Bugzilla Bug 4351),mdepkg,False,1.0,It describes a potential security or correctness issue in the code that needs investigation.
qwen2.5:14b,A,9330,Random stack corruption in RiscVVirtQemu firmware (Bugzilla Bug 4350),ovmfpkg,False,1.0,It describes a genuine bug report with sufficient context.
qwen2.5:14b,A,9329,MdeModulePkg/FtwMisc: Ftw may fail to recover variable in corner case. (Bugzilla Bug 4349),mdemodulepkg,False,1.0,It is a genuine bug report related to EDK II firmware.
qwen2.5:14b,A,9328,Calculate DisplayFamily correctly (Bugzilla Bug 4348),ueficpupkg,False,1.0,It is a genuine bug report related to EDK II firmware development.
qwen2.5:14b,A,9327,Integrate UiApp and BootManagerMenuApp into MultiFv BdsFv (Bugzilla Bug 4347),uefipayloadpkg,False,1.0,It is a genuine bug report related to integrating specific applications into an EDK II package.
qwen2.5:14b,A,10378,remove outdated cod for i486 and pentium processors (Bugzilla Bug 4345),ueficpupkg,False,1.0,It is a genuine bug report related to removing outdated code for specific processors.
qwen2.5:14b,A,10376,support crypto agile (Bugzilla Bug 4343),securitypkg,False,1.0,It is a genuine bug report related to the 'securitypkg' package.
qwen2.5:14b,A,10375,Bug in SetVariable causes 2 failures in AuthVar_Conf test in edk2-test (Bugzilla Bug 4341),-,False,1.0,It is a genuine bug report related to EDK II test suite.
qwen2.5:14b,A,10374,Running windows 2k22 on OvmfXen got ASSERT /root/source-git/edk2/MdeModulePkg/Core/Dxe/Event/Tpl.c(66): ((BOOLEAN)(0==1)) (Bugzilla Bug 4340),ovmfpkg,False,1.0,"The issue describes a specific assertion failure in EDK II code, which is likely a genuine bug report."
qwen2.5:14b,A,9325,EmulatorPkg PeiTimerLib calls Thunk->Sleep() with value that is 100x larger than required (Bugzilla Bug 4339),emulatorpkg,False,1.0,It is a genuine bug report related to EDK II firmware development.
qwen2.5:14b,A,9324,Fix invalid InitializeMpSyncData call in PiSmmCpuDxeSmm (Bugzilla Bug 4338),ueficpupkg,False,1.0,It is a genuine bug report related to EDK II firmware development.
qwen2.5:14b,A,9323,Add SMM Base HOB for SmBase relocation (Bugzilla Bug 4337),ueficpupkg,False,1.0,It is a genuine bug report related to EDK II firmware development.
qwen2.5:14b,A,9322,Td guest shall halt when CcMeasurement failed to be installed (Bugzilla Bug 4335),securitypkg,False,1.0,It is a genuine bug report related to the securitypkg package.
qwen2.5:14b,A,9321,[openssl] GCC build warning from openssl (Bugzilla Bug 4334),-,False,1.0,"It describes a build warning in the OpenSSL package, which is related to EDK II build infrastructure."
qwen2.5:14b,A,9320,Update edk2-pytool-library and edk2-pytool-extensions (Bugzilla Bug 4333),basetools,False,1.0,The issue is related to updating build tools for EDK II.
qwen2.5:14b,A,9319,Potential DoS triggering CI (Bugzilla Bug 4332),-,False,1.0,"The issue describes a potential security vulnerability that could trigger a DoS, which is relevant to EDK II firmware development."
qwen2.5:14b,A,10373,PcdAcpiS3Enable set to FALSE will cause Debug Mode Assert. (Bugzilla Bug 4331),mdemodulepkg,False,1.0,It is a genuine bug report with specific details about a reproducible problem.
qwen2.5:14b,A,9318,LoongArch64 UINT64 and INT64 are not strictly defined (Bugzilla Bug 4330),mdepkg,False,1.0,"It describes a specific issue with data types in LoongArch64 architecture, which is relevant to EDK II firmware development."
qwen2.5:14b,A,9317,EccCheck tries to copy packages only from WORKSPACE (Bugzilla Bug 4326),-,False,1.0,It is a genuine bug report related to EDK II functionality.
qwen2.5:14b,A,9316,Update edk2 CI to QEMU v8 (Bugzilla Bug 4324),ovmfpkg,False,1.0,"The issue is related to updating CI infrastructure for EDK II with QEMU v8, which involves build tools and environment."
qwen2.5:14b,A,10372,NetworkPkg/Library/DxeHttpLib: Coverity scan flags MISSING_BREAK issue (Bugzilla Bug 4323),networkpkg,False,1.0,It is a genuine bug report related to EDK II's NetworkPkg and Coverity scan issues.
qwen2.5:14b,A,9315,NetworkPkg/HttpBootDxe: Coverity scan flags REVERSE_INULL issue (Bugzilla Bug 4322),networkpkg,False,1.0,"It describes a specific Coverity scan issue related to EDK II code, which is relevant for firmware development."
qwen2.5:14b,A,10371,NetworkPkg/DnsDxe: Coverity scan flags FORWARD_NULL issues (Bugzilla Bug 4321),networkpkg,False,1.0,It describes a specific issue flagged by Coverity scan related to the NetworkPkg/DnsDxe package.
qwen2.5:14b,A,10370,MdePkg/Library/UefiLib: Coverity scan flags FORWARD_NULL issues (Bugzilla Bug 4320),mdepkg,False,1.0,"It describes a specific issue flagged by Coverity scan related to MdePkg/Library/UefiLib, which is relevant to EDK II firmware development."
qwen2.5:14b,A,10369,MdePkg/Library/BasePrintLib: Coverity scan flags MISSING_BREAK issue (Bugzilla Bug 4319),mdepkg,False,1.0,It is a genuine bug report related to Coverity scan findings in an EDK II package.
qwen2.5:14b,A,10368,MdeModulePkg/Universal/Acpi/AcpiTableDxe: Coverity scan flags REVERSE_INULL issue (Bugzilla Bug 4318),mdemodulepkg,False,1.0,It describes a specific Coverity scan issue related to EDK II code.
qwen2.5:14b,A,10367,MdeModulePkg/Library/SmmLockBoxLib: Coverity scan flags DEADCODE issue (Bugzilla Bug 4317),mdemodulepkg,False,1.0,"It describes a specific code quality issue flagged by Coverity scan, which is relevant to EDK II firmware development."
qwen2.5:14b,A,10366,MdeModulePkg/Library/UefiBootManagerLib: Coverity scan flags ARRAY_VS_SINGLETON issues (Bugzilla Bug 4316),mdemodulepkg,False,1.0,It describes a specific issue with Coverity scan flags in an EDK II package.
qwen2.5:14b,A,10365,EfiUnacceptedMemoryType can be allocated by gBS->AllocatePool (Bugzilla Bug 4315),mdemodulepkg,False,1.0,It describes a genuine bug related to EDK II firmware functionality.
qwen2.5:14b,A,10364,Add LPDDR5X Support in MEMORY_DEVICE_TYPE (Bugzilla Bug 4314),mdepkg,False,1.0,It is a genuine bug report related to adding LPDDR5X support in an EDK II package.
qwen2.5:14b,A,10363,MdeModulePkg/Core/DxeIplPeim: Coverity scan flag UNUSED_VALUE issue (Bugzilla Bug 4313),mdemodulepkg,False,1.0,"It describes a specific Coverity scan issue with the DxeIplPeim module in MdeModulePkg, which is relevant to EDK II firmware development."
qwen2.5:14b,A,9314,MdeModulePkg/Bus/Scsi/ScsiDiskDxe: Coverity scan flag UNUSED_VALUE issues (Bugzilla Bug 4312),mdemodulepkg,False,1.0,It is a genuine bug report related to Coverity scan issues in an EDK II package.
qwen2.5:14b,A,10362,MdeModulePkg/Bus/I2c/I2cDxe: Coverity scan flag UNUSED_VALUE issue (Bugzilla Bug 4311),mdemodulepkg,False,1.0,It is a genuine bug report related to a specific package and issue found by Coverity scan.
qwen2.5:14b,A,10361,FmpDevicePkg/FmpDxe: Coverity scan flags DEADCODE issue (Bugzilla Bug 4310),fmpdevicepkg,False,1.0,It describes a specific code quality issue flagged by Coverity scan within an EDK II package.
qwen2.5:14b,A,10360,MdeModulePkg/Universal/Variable/RuntimeDxe: Coverity scan flag DEADCODE issues (Bugzilla Bug 4309),mdemodulepkg,False,1.0,"The issue describes a specific code quality problem flagged by Coverity scan, which is relevant to EDK II firmware development."
qwen2.5:14b,A,10359,CryptoPkg/Library/TlsLib: Coverity scan flags multiple issues (Bugzilla Bug 4308),cryptopkg,False,1.0,It describes a genuine bug report related to Coverity scan issues in CryptoPkg.
qwen2.5:14b,A,10358,CryptoPkg/Library/BaseCryptLib: Coverity scan flags multiple issues (Bugzilla Bug 4307),cryptopkg,False,1.0,It describes a real security or build issue with specific details.
qwen2.5:14b,A,9313,Add ACPI 6.5 header (Bugzilla Bug 4306),mdepkg,False,1.0,It is a genuine bug report related to adding ACPI 6.5 headers in the EDK II project.
qwen2.5:14b,A,9312,Authenticated SetVariable with ContentInfo not supported (Bugzilla Bug 4305),securitypkg,False,1.0,It is a genuine bug report related to EDK II's security package.
qwen2.5:14b,A,10357,BdsDxe BootBootOptions should continue to boot next boot option when exit last boot option (Bugzilla Bug 4302),mdemodulepkg,False,1.0,It is a genuine bug report related to EDK II firmware functionality.
qwen2.5:14b,A,10355,MdeModulePkg/Core/Pei: Coverity scan flags multiple issues (Bugzilla Bug 4300),mdemodulepkg,False,1.0,"The issue describes a real problem with Coverity scan findings in MdeModulePkg, which is related to EDK II firmware development."
qwen2.5:14b,A,10354,MdeModulePkg/Core/PiSmmCore: Coverity scan flags multiple issues (Bugzilla Bug 4299),mdemodulepkg,False,1.0,"The issue describes a real problem with Coverity scan findings in MdeModulePkg, which is related to EDK II firmware development."
qwen2.5:14b,A,10353,MdeModulePkg/Library/FrameBufferBltLib: Coverity scan flags OVERFLOW_BEFORE_WIDEN issue (Bugzilla Bug 4298),mdemodulepkg,False,1.0,"It describes a specific Coverity scan issue related to EDK II code, which is relevant for the project."
qwen2.5:14b,A,10352,MdeModulePkg/Universal/CapsuleRuntimeDxe: Coverity scan flags DEADCODE issue (Bugzilla Bug 4297),mdemodulepkg,False,1.0,"It describes a specific code quality issue flagged by Coverity scan, which is relevant to EDK II firmware development."
qwen2.5:14b,A,10351,MdeModulePkg/Universal/Console/ConSplitterDxe: Coverity scan flags issues (Bugzilla Bug 4296),mdemodulepkg,False,1.0,The issue describes a specific problem flagged by Coverity scan related to the ConSplitterDxe module in MdeModulePkg.
qwen2.5:14b,A,10350,MdeModulePkg/Universal/Acpi/S3SaveStateDxe: Coverity scan flags OVERFLOW_BEFORE_WIDEN issue (Bugzilla Bug 4295),mdemodulepkg,False,1.0,"It describes a specific code quality issue flagged by Coverity scan, which is relevant to EDK II firmware development."
qwen2.5:14b,A,10349,MdeModulePkg/Universal/Disk/PartitionDxe: Coverity scan flags OVERFLOW_BEFORE_WIDEN issue (Bugzilla Bug 4294),mdemodulepkg,False,1.0,"It describes a specific Coverity scan issue with a clear reference to Bugzilla, indicating it is a genuine bug report."
qwen2.5:14b,A,10348,MdeModulePkg/Universal/FaultTolerantWriteDxe: Coverity scan flags multiple issues (Bugzilla Bug 4293),mdemodulepkg,False,1.0,"The issue describes a real problem with Coverity scan findings in MdeModulePkg, which is related to EDK II firmware development."
qwen2.5:14b,A,10347,MdeModulePkg/Universal/DisplayEngineDxe: Coverity scan flags multiple issues (Bugzilla Bug 4292),mdemodulepkg,False,1.0,"The issue describes a real problem with Coverity scan findings in MdeModulePkg, which is related to EDK II firmware development."
qwen2.5:14b,A,10346,MdeModulePkg/Universal/Console/GraphicsConsoleDxe: Coverity scan flags multiple issues (Bugzilla Bug 4291),mdemodulepkg,False,1.0,"The issue describes a real problem with Coverity scan findings in MdeModulePkg, which is related to EDK II firmware development."
qwen2.5:14b,A,9309,OvmfTpmSecurityStub.dsc.inc is wrongly controlled by SECURE_BOOT_ENABLE (Bugzilla Bug 4290),ovmfpkg,False,1.0,It is a genuine bug report related to EDK II package configuration.
qwen2.5:14b,A,9308,please clean up / actualize comments after commit 2a0bd3bffc80 (Bugzilla Bug 4289),ovmfpkg,True,1.0,The issue is about cleaning up comments and does not describe a reproducible problem or feature request.
qwen2.5:14b,A,10345,MdeModulePkg/Universal/HiiDatabaseDxe: Coverity scan flags multiple issues (Bugzilla Bug 4288),mdemodulepkg,False,1.0,The issue describes a real problem identified by Coverity scan and relates to an EDK II package.
qwen2.5:14b,A,10344,NetworkPkg/TlsAuthConfigDxe: Coverity scan flags multiple issues (Bugzilla Bug 4287),networkpkg,False,1.0,The issue describes a real problem with Coverity scan findings in the NetworkPkg/TlsAuthConfigDxe package.
qwen2.5:14b,A,9307,MdeModulePkg/Universal/SetupBrowserDxe: Coverity scan flags multiple issues (Bugzilla Bug 4286),mdemodulepkg,False,1.0,The issue describes a real problem identified by Coverity scan and is related to an EDK II package.
qwen2.5:14b,A,9306,NetworkPkg/Dhcp4Dxe: Coverity scan flags FORWARD_NULL issue (Bugzilla Bug 4285),networkpkg,False,1.0,It is a genuine bug report related to EDK II's NetworkPkg and involves Coverity scan findings.
qwen2.5:14b,A,9305,SecurityPkg/VariableAuthenticated/SecureBootConfigDxe: Coverity scan flags DEADCODE issue (Bugzilla Bug 4284),securitypkg,False,1.0,It describes a specific code quality issue flagged by Coverity scan in an EDK II package.
qwen2.5:14b,A,10343,SecurityPkg/Tcg/Tcg2Pei: Coverity scan flags UNUSED_VALUE issue (Bugzilla Bug 4283),securitypkg,False,1.0,It describes a real security vulnerability or build failure related to EDK II.
qwen2.5:14b,A,10342,SecurityPkg/Tcg/Tcg2Config: Coverity scan flags UNUSED_VALUE issue (Bugzilla Bug 4281),securitypkg,False,1.0,It describes a real security vulnerability or build failure related to EDK II.
qwen2.5:14b,A,10341,SecurityPkg/Tcg/Opal/OpalPassword: Coverity scan flags DEADCODE issues (Bugzilla Bug 4280),securitypkg,False,1.0,It describes a real security scan issue in an EDK II package.
qwen2.5:14b,A,10340,SecurityPkg/Library/Tpm2CommandLib: Coverity scan flags multiple issues (Bugzilla Bug 4279),securitypkg,False,1.0,It describes a real security vulnerability reported by Coverity scan.
qwen2.5:14b,A,10339,SecurityPkg/Library/SecureBootVariableProvisionLib: Coverity scan flags DEADCODE issue (Bugzilla Bug 4278),securitypkg,False,1.0,It describes a real security vulnerability or build failure related to EDK II.
qwen2.5:14b,A,9303,SecurityPkg/Library/HashLibBaseCryptoRouter: Coverity scan flags CHECKED_RETURN issue (Bugzilla Bug 4277),securitypkg,False,1.0,It describes a real security vulnerability or build failure related to EDK II.
qwen2.5:14b,A,10338,SecurityPkg/Library/DxeTcg2PhysicalPresenceLib: Coverity scan flags multiple issues (Bugzilla Bug 4276),securitypkg,False,1.0,It describes a real security vulnerability reported by Coverity scan.
qwen2.5:14b,A,10337,NetworkPkg/WifiConnectionManagerDxe: Coverity scan flags issues (Bugzilla Bug 4275),networkpkg,False,1.0,It is a genuine bug report related to EDK II's NetworkPkg.
qwen2.5:14b,A,10336,NetworkPkg/Library/DxeIpIoLib: Coverity scan flags DEADCODE issue (Bugzilla Bug 4274),networkpkg,False,1.0,It describes a specific code quality issue flagged by Coverity scan within an EDK II package.
qwen2.5:14b,A,10335,NetworkPkg/Ip6Dxe: Coverity scan flags multiple issues (Bugzilla Bug 4273),networkpkg,False,1.0,It describes a genuine bug report related to Coverity scan issues in NetworkPkg.
qwen2.5:14b,A,10334,NetworkPkg/UefiPxeBcDxe: Coverity scan flags OVERFLOW_BEFORE_WIDEN issue (Bugzilla Bug 4272),networkpkg,False,1.0,It is a genuine bug report related to the NetworkPkg in EDK II.
qwen2.5:14b,A,10333,NetworkPkg/SnpDxe: Coverity scan flags DEADCODE issue (Bugzilla Bug 4271),networkpkg,False,1.0,It describes a specific code quality issue flagged by Coverity scan within the NetworkPkg/SnpDxe package.
qwen2.5:14b,A,10332,NetworkPkg/Library/DxeNetLib: Coverity scan flags UNUSED_VALUE issue (Bugzilla Bug 4270),networkpkg,False,1.0,It is a genuine bug report related to the NetworkPkg package and Coverity scan issues.
qwen2.5:14b,A,10331,NetworkPkg/Ip4Dxe: Coverity scan flags multiple issues (Bugzilla Bug 4269),networkpkg,False,1.0,It is a genuine bug report related to EDK II's NetworkPkg and involves Coverity scan issues.
qwen2.5:14b,A,10330,OVMF CC need use SpeculationBarrier for VMM input ACPI table in QemuFwCfg (Bugzilla Bug 4268),ovmfpkg,False,1.0,It is a genuine bug report related to EDK II package.
qwen2.5:14b,A,10329,UefiCpuPkg/PiSmmCpuDxeSmm: Coverity scan flags multiple issues (Bugzilla Bug 4267),ueficpupkg,False,1.0,It is a genuine bug report related to EDK II package and build issues.
qwen2.5:14b,A,10328,SecurityPkg/VariableAuthenticated/SecureBootConfigDxe: Coverity scan flags multiple issues (Bugzilla Bug 4266),securitypkg,False,1.0,The issue describes a real security vulnerability flagged by Coverity scan.
qwen2.5:14b,A,10327,NetworkPkg/Library/DxeHttpIoLib: Coverity scan flags NULL_RETURNS issue (Bugzilla Bug 4265),networkpkg,False,1.0,It is a genuine bug report related to EDK II's NetworkPkg and mentions Coverity scan findings.
qwen2.5:14b,A,9302,[UEFIPayLoad] DebugPrintErrorLevelLibHob with deadcode caused unexpected log print level. (Bugzilla Bug 4264),uefipayloadpkg,False,1.0,It is a genuine bug report related to EDK II firmware development.
qwen2.5:14b,A,10326,Update Architecture MSR to follow latest SDM (Bugzilla Bug 4263),mdepkg,False,1.0,It is a genuine bug report related to updating architecture MSR in the mdepkg package.
qwen2.5:14b,A,10325,Update CPUID Leaf 06H to follow latest SDM (Bugzilla Bug 4262),mdepkg,False,1.0,It is a genuine bug report related to updating CPUID Leaf 06H in the mdepkg package.
qwen2.5:14b,A,10324,UefiCpuPkg/Library/MpInitLib: Coverity scan flags issues (Bugzilla Bug 4261),ueficpupkg,False,1.0,It is a genuine bug report related to EDK II package.
qwen2.5:14b,A,9301,UefiCpuPkg/Universal/Acpi/S3Resume2Pei: Coverity scan flags FORWARD_NULL issue (Bugzilla Bug 4260),ueficpupkg,False,1.0,It is a genuine bug report related to EDK II package and build infrastructure.
qwen2.5:14b,A,10323,UefiCpuPkg/Library/RegisterCpuFeaturesLib: Coverity scan flags FORWARD_NULL issue (Bugzilla Bug 4259),ueficpupkg,False,1.0,It is a genuine bug report related to EDK II package and build infrastructure.
qwen2.5:14b,A,10322,UefiCpuPkg/Library/MtrrLib: Coverity scan flags multiple issues (Bugzilla Bug 4258),ueficpupkg,False,1.0,It describes a genuine bug report related to Coverity scan issues in UefiCpuPkg.
qwen2.5:14b,A,10321,NetworkPkg/Dhcp4Dxe: Coverity scan flags multiple issues (Bugzilla Bug 4257),networkpkg,False,1.0,It describes a genuine bug report related to Coverity scan issues in NetworkPkg/Dhcp4Dxe.
qwen2.5:14b,A,9300,MdeModulePkg/Universal/SetupBrowserDxe - Part 2: Coverity scan flags issues (Bugzilla Bug 4255),mdemodulepkg,False,1.0,"The issue is related to a specific package and mentions Coverity scan issues, which are relevant for firmware development."
qwen2.5:14b,A,10320,MdeModulePkg/Universal/SetupBrowserDxe: Coverity scan flags multiple issues (Bugzilla Bug 4254),mdemodulepkg,False,1.0,The issue describes a real problem identified by Coverity scan and relates to an EDK II package.
qwen2.5:14b,A,10319,NetworkPkg/HttpDxe: Coverity scan flags multiple issues (Bugzilla Bug 4252),networkpkg,False,1.0,It describes a genuine bug report related to Coverity scan issues in NetworkPkg/HttpDxe.
qwen2.5:14b,A,9299,"OVMF IA32X64 boot failure on TCG, due to MMIO address space conflict (Bugzilla Bug 4251)",ovmfpkg,False,1.0,It describes a specific bug related to EDK II firmware and contains enough information for investigation.
qwen2.5:14b,A,10318,FatPkg/EnhancedFatDxe: Coverity scan flags multiple issues (Bugzilla Bug 4249),fatpkg,False,1.0,It describes a genuine bug report related to Coverity scan issues in FatPkg.
qwen2.5:14b,A,9297,FatPkg/EnhancedFatDxe: Coverity scan flags multiple issues (Bugzilla Bug 4248),fatpkg,False,1.0,It describes a genuine bug report related to Coverity scan issues in FatPkg.
qwen2.5:14b,A,10317,SMM code hangs when InitPaging (Bugzilla Bug 4246),ueficpupkg,False,1.0,It is a genuine bug report related to EDK II firmware functionality.
qwen2.5:14b,A,9296,TDVF need measurement VMM input ACPI table before register (Bugzilla Bug 4245),ovmfpkg,False,1.0,It is a genuine bug report related to EDK II firmware development.
qwen2.5:14b,A,9295,TDVF need integrate feature in config-B to config-A (Bugzilla Bug 4243),ovmfpkg,False,1.0,It is a genuine bug report related to EDK II package.
qwen2.5:14b,A,9294,Remove platform specific logic via protocol for bds (Bugzilla Bug 4241),uefipayloadpkg,False,1.0,It is a genuine bug report related to EDK II package.
qwen2.5:14b,A,10316,MdeModulePkg/Bus/Pci/PciBusDxe: Coverity scan flags multiple issues (Bugzilla Bug 4239),mdemodulepkg,False,1.0,"The issue describes a real problem with Coverity scan findings for MdeModulePkg/Bus/Pci/PciBusDxe, which is related to EDK II firmware development."
qwen2.5:14b,A,9293,OvmfPkg commit 9fdc70af6ba8 breaks log analysis and code cohesion (Bugzilla Bug 4237),ovmfpkg,False,1.0,It is a genuine bug report related to EDK II package OvmfPkg.
qwen2.5:14b,A,9292,please raise DXEFV to 13MB for NOOPT IA32X64 OVMF's sake (Bugzilla Bug 4236),ovmfpkg,False,1.0,It is a genuine bug report related to EDK II firmware size for specific configurations.
qwen2.5:14b,A,9291,"UefiCpuPkg, OvmfPkg: incomplete API removal: SmmCpuFeaturesAllocatePageTableMemory (Bugzilla Bug 4235)",ovmfpkg,False,1.0,It is a genuine bug report related to API removal in EDK II packages.
qwen2.5:14b,A,9290,UefiCpuPkg reaches a new low by BLATANTLY ignoring 32-bit Intel processors in commit 73ccde8f6d04 (Bugzilla Bug 4234),ueficpupkg,False,1.0,"The issue describes a specific commit that allegedly ignores 32-bit Intel processors, which is relevant to EDK II firmware development."
qwen2.5:14b,A,9289,Reduce the size of LoongArch64 cross compiler (Bugzilla Bug 4233),basetools,False,1.0,It is a genuine bug report related to reducing the size of LoongArch64 cross compiler in basetools package.
qwen2.5:14b,A,9286,MdeModulePkg/Bus/Pci/NvmExpressPei: Coverity scan flags DEADCODE issue (Bugzilla Bug 4220),mdemodulepkg,False,1.0,"It describes a specific code quality issue flagged by Coverity scan, which is relevant to EDK II firmware development."
qwen2.5:14b,A,9285,NetworkPkg/HttpDxe: Coverity scan flags NULL_RETURNS issues (Bugzilla Bug 4218),networkpkg,False,1.0,It is a genuine bug report related to EDK II's NetworkPkg/HttpDxe with specific issues from Coverity scan.
qwen2.5:14b,A,9284,NetworkPkg: Coverity flagged issues in edk2-stable202208 (Bugzilla Bug 4217),networkpkg,False,1.0,It describes a genuine bug report with Coverity flagged issues in NetworkPkg.
qwen2.5:14b,A,9283,Not an issue (Bugzilla Bug 4216),mdemodulepkg,True,0.95,The title indicates it's not an issue and provides no details about a bug or feature request.
qwen2.5:14b,A,9282,IPMI Redfish host interface (Bugzilla Bug 4213),mdepkg,False,0.95,"The issue is related to a specific package (mdepkg) and describes a bug, which makes it valid."
qwen2.5:14b,A,10315,MdeModulePkg/Bus/Pci/PciHostBridgeDxe: Coverity scan flags multiple issues (Bugzilla Bug 4212),mdemodulepkg,False,1.0,The issue describes a real problem with Coverity scan findings in an EDK II package.
qwen2.5:14b,A,9281,MdeModulePkg/Bus/Pci/UhciDxe: Coverity scan flags multiple issues (Bugzilla Bug 4211),mdemodulepkg,False,1.0,The issue describes a real problem with Coverity scan findings for a specific EDK II package.
qwen2.5:14b,A,9280,MdeModulePkg/Bus/Ata/AtaBusDxe: Coverity scan flags SIGN_EXTENSION issue (Bugzilla Bug 4209),mdemodulepkg,False,1.0,It is a genuine bug report related to EDK II code and mentions Coverity scan findings.
qwen2.5:14b,A,10314,iSCSI Remote Memory Corruption and Denial of Service (Bugzilla Bug 4207),networkpkg,False,1.0,It describes a real security vulnerability involving the iSCSI package.
qwen2.5:14b,A,9279,MdeModulePkg/Bus/Ata/AtaAtapiPassThru: Coverity scan flags multiple issues (Bugzilla Bug 4204),mdemodulepkg,False,1.0,It is a genuine bug report related to Coverity scan issues in MdeModulePkg.
qwen2.5:14b,A,10313,Integer overflow leading to heap buffer overwrite in FwVolBlock/FwVolBlock.c (Bugzilla Bug 4203),mdemodulepkg,False,1.0,It describes a potential security vulnerability involving integer overflow and heap buffer overwrite.
qwen2.5:14b,A,10312,The strings of the Smbiostype0 BIOS Characteristics field in shell module are inconsistent with the spec (Bugzilla Bug 4202),shellpkg,False,1.0,"It describes a specific inconsistency in the firmware component, which is relevant to EDK II development."
qwen2.5:14b,A,9278,MdeModulePkg/Bus/Ata/AhciPei: Coverity scan flags DEADCODE issue (Bugzilla Bug 4201),mdemodulepkg,False,1.0,"It describes a specific code quality issue flagged by Coverity scan, which is relevant to EDK II firmware development."
qwen2.5:14b,A,9277,IntelFsp2Pkg: Coverity scan flags OVERRUN issue (Bugzilla Bug 4200),intelfsp2pkg,False,1.0,It is a genuine bug report related to an issue found in the IntelFsp2Pkg package.
qwen2.5:14b,A,9276,FatPkg/EnhancedFatDxe: Coverity scan flags multiple issues (Bugzilla Bug 4199),fatpkg,False,1.0,It is a genuine bug report related to EDK II's FatPkg and Coverity scan issues.
qwen2.5:14b,A,10311,CryptoPkg: Make Protocol Service API backward compatible (Bugzilla Bug 4197),cryptopkg,False,1.0,It is a genuine bug report related to EDK II CryptoPkg.
qwen2.5:14b,A,9275,Move bdsdxe.inf from DXEFV to BDSFV in UefiPayloadPkg (Bugzilla Bug 4196),uefipayloadpkg,False,1.0,It is a genuine bug report related to EDK II package reorganization.
qwen2.5:14b,A,9274,UefiCpuPkg: Supporting S3 in 64bit PEI (Bugzilla Bug 4195),ueficpupkg,False,1.0,It is a genuine bug report related to EDK II package UefiCpuPkg.
qwen2.5:14b,A,9273,TdTcg2Dxe lives in the Ovmfpkg instead of the SecurityPkg. (Bugzilla Bug 4194),ovmfpkg,False,1.0,It is a genuine bug report related to the incorrect placement of a component in an EDK II package.
qwen2.5:14b,A,9272,Remove RTC_INDEX/RTC_TARGET from UplBuild macro list (Bugzilla Bug 4193),uefipayloadpkg,False,1.0,It is a genuine bug report related to EDK II package.
qwen2.5:14b,A,10310,Replace Variable Lock Protocol with Variable Policy in edk2 (Bugzilla Bug 4190),-,False,1.0,It is a genuine bug report related to EDK II firmware development.
qwen2.5:14b,A,9271,BinToPcd.py - xdrlib is deprecated in Python 3.11; removal in Python 3.13 (Bugzilla Bug 4188),basetools,False,1.0,It describes a genuine issue related to Python deprecation affecting EDK II build tools.
qwen2.5:14b,A,9270,Enable TDVF for Cloud Hypervisor to launch an Intel TDX guest (Bugzilla Bug 4187),ovmfpkg,False,1.0,It is a genuine bug report related to enabling TDVF for Cloud Hypervisor with Intel TDX guest support.
qwen2.5:14b,A,10308,Address/size of SEV launch secret area is overwritten by guest OS (Bugzilla Bug 4186),ovmfpkg,False,1.0,It describes a genuine bug related to SEV launch secret area in the ovmfpkg package.
qwen2.5:14b,A,10307,TDVF MP wake up code has hidden assumption. (Bugzilla Bug 4185),ovmfpkg,False,1.0,It is a genuine bug report related to EDK II firmware development.
qwen2.5:14b,A,9269,Incorrect protocol and structure version in the TDX CC measurement driver (Bugzilla Bug 4184),ovmfpkg,False,1.0,It describes a specific bug in an EDK II package with sufficient context.
qwen2.5:14b,A,9268,Modify APIs in UnitTestPersistenceLib to make it easy to become a public library. (Bugzilla Bug 4183),unittestframeworkpkg,False,1.0,It is a genuine bug report related to modifying APIs in an EDK II package.
qwen2.5:14b,A,10306,Customize lazy-accepted memory size in build time for OVMF (Bugzilla Bug 4181),ovmfpkg,False,1.0,It is a genuine bug report related to customizing memory size in OVMF build time.
qwen2.5:14b,A,9266,Incorrect implementation in the TDX RTMR implementation (Bugzilla Bug 4180),ovmfpkg,False,1.0,It is a genuine bug report related to the TDX RTMR implementation in EDK II.
qwen2.5:14b,A,9265,Incorrect implementation in the TDX RTMR implementation (Bugzilla Bug 4179),ovmfpkg,False,1.0,It describes a specific bug in the TDX RTMR implementation with package and state details.
qwen2.5:14b,A,9264,UnitTestFrameworklPkg DEC - Make GoogleTestLib and UnitTestPersistenceLib public (Bugzilla Bug 4178),unittestframeworkpkg,False,1.0,It is a genuine bug report related to EDK II package.
qwen2.5:14b,A,10305,DxeIpl: Code logic in SetPageTablePoolReadOnly() doesn't handle the Level5Paging case. (Bugzilla Bug 4176),mdemodulepkg,False,1.0,It is a genuine bug report related to EDK II firmware code logic.
qwen2.5:14b,A,10304,"After migrating to Permanent Memory, the non-core pointers in the PeiServices Table are not updated (Bugzilla Bug 4175)",mdemodulepkg,False,1.0,It is a genuine bug report related to firmware development.
qwen2.5:14b,A,10303,Provide feedback on antlr4-python3-runtime 4.7.1 to 4.11.1 pip module update (Bugzilla Bug 4174),basetools,False,0.95,"The issue relates to an EDK II build tool dependency update, which is relevant to the project."
qwen2.5:14b,A,10302,PiSmmCpuDxeSmm: Check SMM Delayed/Blocked AP Count to decide all CPUs in SMI or not (Bugzilla Bug 4173),ueficpupkg,False,1.0,It is a genuine bug report related to EDK II firmware development.
qwen2.5:14b,A,9261,Pre-alloc shared memory in IOMMU for Td guest's DMA operation (Bugzilla Bug 4171),ovmfpkg,False,1.0,It is a genuine bug report related to an EDK II package.
qwen2.5:14b,A,9260,Fix Instruction Pointer Incrementation by TD #VE MMIO Handler (Bugzilla Bug 4170),ovmfpkg,False,1.0,It is a genuine bug report related to EDK II firmware development.
qwen2.5:14b,A,9259,Fix Instruction Pointer Incrementation by TD #VE MMIO Handler (Bugzilla Bug 4169),ovmfpkg,False,1.0,It is a genuine bug report related to EDK II firmware development.
qwen2.5:14b,A,10301,use 5L paging when PA > 48 and CPU supports (Bugzilla Bug 4168),ueficpupkg,False,1.0,It is a genuine bug report related to EDK II firmware functionality.
qwen2.5:14b,A,10300,Time calculation overflow occurs when a certificate is imported (Bugzilla Bug 4167),cryptopkg,False,1.0,It describes a specific bug in the cryptopkg package.
qwen2.5:14b,A,10299,Integer Overflow in CreateHob() could lead to HOB OOB R/W (Bugzilla Bug 4166),uefipayloadpkg,False,1.0,It describes a real security vulnerability in an EDK II package.
qwen2.5:14b,A,9258,Support multiple firmware volume from elf file (Bugzilla Bug 4164),uefipayloadpkg,False,1.0,It is a genuine bug report related to firmware development.
qwen2.5:14b,A,9257,MdePkg/BaseRngLib does not properly check for RDRAND support (Bugzilla Bug 4163),mdepkg,False,1.0,It describes a genuine bug report related to firmware functionality.
qwen2.5:14b,A,9256,Deferring EOI until after RestoreTPL() causes system time to stop (Bugzilla Bug 4162),ovmfpkg,False,1.0,It is a genuine bug report related to EDK II firmware functionality.
qwen2.5:14b,A,10298,FFS checksum mismatch when PcdMigrateTemporaryRamFirmwareVolumes is enabled (Bugzilla Bug 4158),mdemodulepkg,False,1.0,It describes a reproducible problem related to EDK II firmware development.
qwen2.5:14b,A,9255,Disable PciDegrade support for LoongArch64 (Bugzilla Bug 4157),mdemodulepkg,False,1.0,It is a genuine bug report related to firmware development for LoongArch64 architecture.
qwen2.5:14b,A,9254,"Refer to SMBIOS v3.6, update ProcessorUpgradeTable in Edk2\ShellPkg\Library\UefiShellDebug1CommandsLib\SmbiosView\QueryTable.c (Bugzilla Bug 4156)",shellpkg,False,1.0,It is a genuine bug report related to updating SMBIOS and involves EDK II code.
qwen2.5:14b,A,9253,UefiPayloadPkg: The Universal Payload Information section is not aligned at 4-byte boundary (Bugzilla Bug 4153),uefipayloadpkg,False,1.0,It is a genuine bug report related to EDK II package.
qwen2.5:14b,A,9252,Enable Separate-Fv in OvmfPkg/IntelTdx (Bugzilla Bug 4152),ovmfpkg,False,1.0,It is a genuine bug report related to EDK II firmware development.
qwen2.5:14b,A,9251,Faulty Rng algo selection for Arm (Bugzilla Bug 4151),securitypkg,False,1.0,It is a genuine bug report related to EDK II package.
qwen2.5:14b,A,9250,ASSERT in ArmTrngLib prevents normal boot (Bugzilla Bug 4150),armpkg,False,1.0,It describes a genuine bug with a specific package and is marked as a bug in the type field.
qwen2.5:14b,A,10297,Multiple Coverity issues were found from EDK2 ShellPkg. (Bugzilla Bug 4148),shellpkg,False,1.0,It describes a genuine bug report with Coverity issues found in ShellPkg.
qwen2.5:14b,A,9248,Multiple Coverity issues were found from EDK2 ShellPkg. (Bugzilla Bug 4147),shellpkg,False,1.0,It describes a genuine bug report with Coverity issues found in ShellPkg.
qwen2.5:14b,A,9247,Pytools generates exception if nested packages are detected (Bugzilla Bug 4146),-,False,0.95,The issue describes a specific problem with Pytools and is marked as a bug.
qwen2.5:14b,A,10296,Update BaseTools C tools Generation without debug symbol (Bugzilla Bug 4145),basetools,False,1.0,It is a genuine bug report related to BaseTools package.
qwen2.5:14b,A,9245,InternalSyncCompareExchange64 is not implemented in RISC-V platform. (Bugzilla Bug 4143),mdepkg,False,1.0,It is a genuine bug report related to an implementation issue in the RISC-V platform.
qwen2.5:14b,A,9244,Modify _CID of PRMT Device (_HID=80860223) so it will not generate unknown device when default drivers loaded (Bugzilla Bug 4142),prmpkg,False,1.0,It is a genuine bug report related to an EDK II package.
qwen2.5:14b,A,9243,PrmPkg: WHQL Signed Driver test failure for PRM Test Device (Bugzilla Bug 4141),prmpkg,False,1.0,It is a genuine bug report related to EDK II firmware testing.
qwen2.5:14b,A,10295,Add Option to reserve 4K region at 4GB in Reset Vector Bin (Bugzilla Bug 4140),ueficpupkg,False,1.0,It is a genuine bug report related to firmware development.
qwen2.5:14b,A,9242,Building PcdValueInit.exe app with VS generates vcxxx.pdb in root of project (Bugzilla Bug 4139),basetools,False,1.0,It describes a specific build issue with EDK II build tools.
qwen2.5:14b,A,9240,Regression in 202202: Virtual machines with VFIO devices hang early during startup (Bugzilla Bug 4137),ovmfpkg,False,1.0,"It describes a specific regression issue with VFIO devices in virtual machines, which is related to EDK II firmware development."
qwen2.5:14b,A,9239,UefiPayloadPkg : Boot mode in PHIT HOB will not be updated (Bugzilla Bug 4136),uefipayloadpkg,False,1.0,It is a genuine bug report related to EDK II firmware component.
qwen2.5:14b,A,9238,Improved Smbios Type 9 data under smbiosview command (Bugzilla Bug 4135),shellpkg,False,0.95,"The issue is related to improving SMBIOS Type 9 data, which involves firmware components."
qwen2.5:14b,A,10294,TDVF: Need check TDCS.NOTIFY_ENABLES disable (Bugzilla Bug 4133),ovmfpkg,False,1.0,It is a genuine bug report related to EDK II firmware development.
qwen2.5:14b,A,10293,QEMU/KVM: INIT-SIPI-SIPI while CPU is in SMM fails smp boot (Bugzilla Bug 4132),ovmfpkg,False,1.0,"It describes a specific issue with SMP boot failure in QEMU/KVM related to SMM, which is relevant to EDK II firmware development."
qwen2.5:14b,A,10292,TDVF: Need set ATTR_SEPT_VE_DISABLE in TD configuration (Bugzilla Bug 4131),ovmfpkg,False,1.0,It is a genuine bug report related to EDK II firmware development.
qwen2.5:14b,A,9236,Simplify CryptoPkg host-based unit tests by using FILE_GUID in DSC file to test multiple OpensslLib instances (Bugzilla Bug 4130),cryptopkg,False,1.0,It is a genuine bug report related to EDK II CryptoPkg with sufficient context and discussion.
qwen2.5:14b,A,9235,FILE_GUID overrides in DSC file do not work for UnitTestFrameworkPkg based host unit tests (Bugzilla Bug 4129),unittestframeworkpkg,False,1.0,It is a genuine bug report related to EDK II's UnitTestFrameworkPkg.
qwen2.5:14b,A,9234,Make FspHelper.nasm to be shareable with other drivers (Bugzilla Bug 4128),intelfsp2pkg,False,1.0,It is a genuine bug report related to EDK II package.
qwen2.5:14b,A,10291,Basetools: The include file order in the created Makefile does not follow the order of Includes section in dec file (Bugzilla Bug 4127),basetools,False,1.0,It describes a reproducible problem with the build tools.
qwen2.5:14b,A,9233,IntelFsp2Pkg: Update function header to support IA32/X64. (Bugzilla Bug 4126),intelfsp2pkg,False,1.0,It is a genuine bug report related to EDK II package.
qwen2.5:14b,A,9232,TDVF: Need add GPA check for #VE handle (Bugzilla Bug 4125),ovmfpkg,False,1.0,It is a genuine bug report related to EDK II firmware development.
qwen2.5:14b,A,9231,Rename VmgExitLib to CcExitLib (Bugzilla Bug 4123),ovmfpkg,False,1.0,It is a genuine bug report with a clear package and type.
qwen2.5:14b,A,10289,ArmPkg should be deleted (Bugzilla Bug 4121),armpkg,False,0.95,The issue appears to be a genuine proposal or report related to an EDK II package.
qwen2.5:14b,A,9230,IntelFsp2WrapperPkg: Check header version before accessing MultiPhase fields. (Bugzilla Bug 4119),intelfsp2wrapperpkg,False,1.0,It is a genuine bug report related to an EDK II package.
qwen2.5:14b,A,9229,Heap Buffer Overflow in Tcg2MeasurePeImage() (Bugzilla Bug 4118),securitypkg,False,1.0,It describes a real security vulnerability in an EDK II package.
qwen2.5:14b,A,9228,Heap Buffer Overflow in Tcg2MeasureGptTable() (Bugzilla Bug 4117),securitypkg,False,1.0,It describes a real security vulnerability in an EDK II package.
qwen2.5:14b,A,9227,The Edk2\BaseTools\Tests\GNUmakefile file cannot handle the case which PYTHON_COMMAND is not defined (Bugzilla Bug 4116),basetools,False,1.0,"It describes a specific build issue with BaseTools, which is related to EDK II build infrastructure."
qwen2.5:14b,A,9226,Enable initial CodeQL support (Bugzilla Bug 4115),-,False,0.95,"The issue is related to enabling CodeQL support in EDK II, which involves build infrastructure and tooling."
qwen2.5:14b,A,9225,(edk2-stable202211) IntelFsp2Pkg: Support Input UPD parameter as NULL cases. (Bugzilla Bug 4114),intelfsp2pkg,False,1.0,It is a genuine bug report related to an EDK II package.
qwen2.5:14b,A,10288,"Uninitialized local variable ""VariableSize"" (Bugzilla Bug 4113)",mdemodulepkg,False,1.0,It describes a genuine bug report with enough details to be investigated.
qwen2.5:14b,A,10287,Memory Corruption Error in CapsuleRuntimeDxe (Bugzilla Bug 4112),mdemodulepkg,False,1.0,It describes a genuine bug report with a specific package and type.
qwen2.5:14b,A,9224,Coding style check error in Intel side (Bugzilla Bug 4111),basetools,False,1.0,It relates to EDK II build infrastructure and coding style enforcement tools.
qwen2.5:14b,A,9223,CryptoPkg: Should implement BIO_snprintf for X509 time check (Bugzilla Bug 4110),cryptopkg,False,1.0,It is a genuine bug report related to EDK II CryptoPkg.
qwen2.5:14b,A,10284,OpensslLib with EC services enabled fails to build for RISCV64 due to missing intrinsic (Bugzilla Bug 4103),cryptopkg,False,1.0,It describes a build failure with enough information to investigate.
qwen2.5:14b,A,9222,CryptoPkg: Add EC key retrieving and signature interface (Bugzilla Bug 4102),cryptopkg,False,1.0,It is a genuine bug report related to EDK II CryptoPkg.
qwen2.5:14b,A,10283,CI builds for clang (Bugzilla Bug 4101),-,False,1.0,The issue is related to CI builds for a specific compiler (clang) which affects EDK II build infrastructure.
qwen2.5:14b,A,9221,"ScsiDiskDxe driver updates ""ControllerNameTable"" with common string ""SCSI Disk Device"" for all SCSI disk devices (Bugzilla Bug 4100)",mdemodulepkg,False,1.0,It is a genuine bug report related to an EDK II package.
qwen2.5:14b,A,9220,DayRemainder may overflow (Bugzilla Bug 4099),cryptopkg,False,1.0,It is a genuine bug report related to EDK II firmware development.
qwen2.5:14b,A,9218,Deprecated crypto services should be disabled in UefiPayloadPkg.dsc (Bugzilla Bug 4096),uefipayloadpkg,False,1.0,It is a genuine bug report related to disabling deprecated crypto services in a specific EDK II package.
qwen2.5:14b,A,9217,Abstract SmmCpuFeaturesLib for sharing common code (Bugzilla Bug 4093),ueficpupkg,False,1.0,It is a genuine bug report related to EDK II package code.
qwen2.5:14b,A,9216,Duplicate library header in IntelFsp2WrapperPkg.dec. (Bugzilla Bug 4092),intelfsp2wrapperpkg,False,1.0,It is a genuine bug report related to EDK II package.
qwen2.5:14b,A,9215,SourceLevelDebugPkg: Add CI YAML file (Bugzilla Bug 4091),sourceleveldebugpkg,False,1.0,"The issue is related to adding a CI YAML file for an EDK II package, which involves build infrastructure."
qwen2.5:14b,A,10282,RdRandGenerateEntropy does not handle return values from GetRandomNumber128 correctly (Bugzilla Bug 4090),securitypkg,False,1.0,It is a genuine bug report related to EDK II package.
qwen2.5:14b,A,10278,PlatformBuild.py does not contain Basetool detection logic (Bugzilla Bug 4085),armvirtpkg,False,1.0,"The issue describes a missing feature in PlatformBuild.py related to Basetool detection logic, which is relevant to EDK II build infrastructure."
qwen2.5:14b,A,9214,Reset a parameter when BSP Exit in CPU relaxed mode (Bugzilla Bug 4083),ueficpupkg,False,1.0,It is a genuine bug report related to EDK II firmware development.
qwen2.5:14b,A,9213,CryptoPkg: Add more Crypto X509 funtions. (Bugzilla Bug 4082),cryptopkg,False,1.0,It is a legitimate feature request for adding more X509 functions in the CryptoPkg.
qwen2.5:14b,A,10276,INF [Sources] section Feature Flag Expressions do not use override values from build --pcd option (Bugzilla Bug 4081),basetools,False,1.0,It is a genuine bug report related to EDK II build tools.
qwen2.5:14b,A,9212,Add missing library mappings for CRYPTO_SERVICES set to ALL or MIN_DXE_MIN_SMM (Bugzilla Bug 4080),cryptopkg,False,1.0,It is a genuine bug report related to EDK II firmware development.
qwen2.5:14b,A,10275,EFI_KEYWORD_HANDLER_PROTOCOL.GetData() handle NamespaceId string as prefix (Bugzilla Bug 4079),mdemodulepkg,False,1.0,It is a genuine bug report related to EDK II firmware component.
qwen2.5:14b,A,9211,Enhancing the logic for AtaPassThruGetNextPort()/AtaPassThruGetNextDevice() (Bugzilla Bug 4078),mdemodulepkg,False,1.0,It is a genuine bug report related to EDK II firmware components.
qwen2.5:14b,A,9210,Remove enforcement of final GoIdle transition for CRB TPM commands. (Bugzilla Bug 4077),securitypkg,False,1.0,It is a genuine bug report related to an EDK II package.
qwen2.5:14b,A,9208,CryptoPkg: RsaGetPrivateKeyFromPem() crashed in Libfuzzer test (Bugzilla Bug 4075),cryptopkg,False,1.0,It is a genuine bug report related to EDK II CryptoPkg with enough information for investigation.
qwen2.5:14b,A,9207,[MdeModulePkg][XhciDxe] Current endpoint input context is not fully initialized for evaluate context command (Bugzilla Bug 4074),mdemodulepkg,False,1.0,It is a genuine bug report related to EDK II firmware development.
qwen2.5:14b,A,9204,UefiPayloadPkg: Provide a wrapper for UniversalPayloadBuild.py (Bugzilla Bug 4071),uefipayloadpkg,False,1.0,It is a genuine bug report related to EDK II package.
qwen2.5:14b,A,10274,Fix bug on SR-IOV device multi functions(over 8) reserved bus numbers calculate wrongly (Bugzilla Bug 4070),mdemodulepkg,False,1.0,It is a genuine bug report related to SR-IOV device functionality in EDK II.
qwen2.5:14b,A,10273,Correct SR-IOV reserved bus numbers calculation method (Bugzilla Bug 4069),mdemodulepkg,False,1.0,It is a genuine bug report related to firmware development.
qwen2.5:14b,A,10272,ArmPkg SMBIOS - Incorrect string index (FWTS failure) (Bugzilla Bug 4067),armpkg,False,1.0,It describes a genuine bug with reproducible failure in ArmPkg SMBIOS.
qwen2.5:14b,A,10271,"ArmPkg SMBIOS - strings populated with ""Not Specified"" (Bugzilla Bug 4066)",armpkg,False,1.0,It is a genuine bug report related to EDK II ArmPkg SMBIOS strings.
qwen2.5:14b,A,9202,IntelFsp2Pkg: NvsBufferPtr is missing in Fsp24ApiEntryM.nasm (Bugzilla Bug 4063),intelfsp2pkg,False,1.0,It is a genuine bug report related to an EDK II package.
qwen2.5:14b,A,9200,RISC-V build fails with GCC12 (Bugzilla Bug 4061),-,False,1.0,It describes a build failure which is relevant to EDK II.
qwen2.5:14b,A,10270,Is it necessary to add NULL check (Bugzilla Bug 4060),mdepkg,False,1.0,"The issue is a genuine bug report related to firmware development, specifically questioning the necessity of NULL checks in code."
qwen2.5:14b,A,10269,Add support in smbiosview command to display Type 45 table and fix a bug in Type 3 table (Bugzilla Bug 4058),shellpkg,False,1.0,It is a genuine bug report with specific details about adding support for Type 45 table and fixing an issue in Type 3 table.
qwen2.5:14b,A,9199,VirtioBlk doesn't work with cache modeling enabled on RDN2 FVP (Bugzilla Bug 4055),ovmfpkg,False,1.0,It is a genuine bug report related to EDK II firmware and build environment.
qwen2.5:14b,A,9196,SMBIOS Type 4 CurrentSpeed field can be various to reflect processor current speed in turbo mode case (Bugzilla Bug 4051),mdemodulepkg,False,1.0,It is a genuine bug report related to EDK II firmware component.
qwen2.5:14b,A,9195,SignedCapsulePkg: Add CI YAML file (Bugzilla Bug 4050),signedcapsulepkg,False,1.0,"The issue is related to adding a CI YAML file for a specific EDK II package, which is relevant to the project's build infrastructure."
qwen2.5:14b,A,9194,IntelFsp2Pkg: Fix build failure (FSP 2.4 Multi-Phase Interface) (Bugzilla Bug 4049),intelfsp2pkg,False,1.0,It is a genuine bug report related to an EDK II package with sufficient context.
qwen2.5:14b,A,9193,Add Intel FSP packages to edk2 CI (Bugzilla Bug 4048),intelfsp2wrapperpkg,False,1.0,"The issue is related to adding Intel FSP packages to edk2 CI, which involves EDK II build infrastructure."
qwen2.5:14b,A,10268,Clarify UART related PCDs in MdePkg(Serial I/O Protocol) and MdeModulePkg (SerialPortLib) (Bugzilla Bug 4047),mdepkg,False,1.0,"It is a genuine bug report requesting clarification on UART related PCDs, which relates to firmware development."
qwen2.5:14b,A,9192,EmbeddedPkg: Add CI YAML file (Bugzilla Bug 4046),embeddedpkg,False,1.0,"The issue is related to adding a CI YAML file for an EDK II package, which involves build infrastructure."
qwen2.5:14b,A,10267,PCD VPD errors passed on rebuild (Bugzilla Bug 4045),basetools,False,1.0,It is a genuine bug report related to EDK II build tools.
qwen2.5:14b,A,9191,UefiCpuPkg/SmmCpuRendezvousLib: Separate the processing logic of MM_STANDALONE and DXE_SMM_DRIVER customers (Bugzilla Bug 4044),ueficpupkg,False,1.0,It is a genuine bug report related to EDK II firmware development.
qwen2.5:14b,A,9190,Use switch case when checking supported HTTP methods (Bugzilla Bug 4043),networkpkg,False,1.0,It is a genuine bug report related to EDK II package.
qwen2.5:14b,A,9189,Incorrect BAR read in AhciPei driver (Bugzilla Bug 4041),mdemodulepkg,False,1.0,It is a genuine bug report related to the AhciPei driver in EDK II.
qwen2.5:14b,A,10266,Uefi Python368 port - unable to import socket library (Bugzilla Bug 4040),-,False,1.0,"The issue describes a problem with importing the socket library in Python, which is related to EDK II build environment or toolchain."
qwen2.5:14b,A,10265,Support several SkuId arguments to the 'build' command (Bugzilla Bug 4039),basetools,False,1.0,It is a genuine feature request for EDK II build tools.
qwen2.5:14b,A,10264,CapsuleApp refuses on-disk update when BootOrder is not defined (Bugzilla Bug 4038),mdemodulepkg,False,1.0,"It describes a specific issue with CapsuleApp behavior, likely a genuine bug report."
qwen2.5:14b,A,9188,Install EFI_DISCOVER_PROTOCOL on each network interface (Bugzilla Bug 4037),redfishpkg,False,1.0,It is a genuine bug report related to an EDK II package.
qwen2.5:14b,A,9187,CryptoPkg: Add AeadAesGcm support (Bugzilla Bug 4036),cryptopkg,False,1.0,It is a genuine feature request related to an EDK II package.
qwen2.5:14b,A,9186,BaseTools: 64bit FSP FV map file cannot be created correctly when using CLANG compiler (Bugzilla Bug 4035),basetools,False,1.0,"It describes a specific build issue with the CLANG compiler, which is relevant to EDK II's BaseTools package."
qwen2.5:14b,A,9185,MdePkg/SmmCpuRendezvousLibNull: Remove restriction that SmmCpuRendezvousLibNull only support MM_STANDALONE and DXE_SMM_DRIVER. (Bugzilla Bug 4034),mdepkg,False,1.0,It is a genuine bug report related to an EDK II package.
qwen2.5:14b,A,9184,CryptoPkg: Add Hkdf SHA384 support (Bugzilla Bug 4033),cryptopkg,False,1.0,It is a legitimate feature request for adding Hkdf SHA384 support in CryptoPkg.
qwen2.5:14b,A,9183,Ignore OptionRom in  Sev guest (Bugzilla Bug 4031),ovmfpkg,False,1.0,It is a genuine bug report related to EDK II firmware functionality.
qwen2.5:14b,A,9182,Update libraries consumed by the capsule driver in UPL (Bugzilla Bug 4030),uefipayloadpkg,False,1.0,It is a genuine bug report related to updating libraries in an EDK II package.
qwen2.5:14b,A,10262,Fix missing EFIAPI in ArmPkg headers (Bugzilla Bug 4028),armpkg,False,1.0,It is a genuine bug report related to EDK II package headers.
qwen2.5:14b,A,9181,ShellPkg smbiosview type 9 unexpected field displayed and miss Slot Pitch field (Bugzilla Bug 4026),shellpkg,False,1.0,"It describes a specific issue with the smbiosview tool in ShellPkg, which is related to EDK II firmware development."
qwen2.5:14b,A,9180,CryptoPkg: Add HMAC-SHA384 cipher support (Bugzilla Bug 4025),cryptopkg,False,1.0,It is a legitimate feature request for adding cryptographic support in the CryptoPkg.
qwen2.5:14b,A,10261,Build options for libraries can't be overridden in [BuildOptions] of DSC file (Bugzilla Bug 4024),basetools,False,1.0,It is a genuine bug report related to EDK II build infrastructure.
qwen2.5:14b,A,10260,Assert in MemDetect.c (MtrrDefType) after reset on open VM platform (Bugzilla Bug 4023),ovmfpkg,False,1.0,It describes a genuine bug with specific details and is related to EDK II firmware development.
qwen2.5:14b,A,9179,Update GenSec to support prior behavior if EFI_SECTION_FREEFORM_SUBTYPE_GUID is used with no GUID (Bugzilla Bug 4022),basetools,False,1.0,It describes a specific bug related to EDK II build tools and has enough information for investigation.
qwen2.5:14b,A,9178,Fix GenSec use EFI_SECTION_FREEFORM_SUBTYPE_GUID in extended size header (Bugzilla Bug 4021),basetools,False,1.0,It is a genuine bug report related to EDK II build tools.
qwen2.5:14b,A,9177,IntelFsp2Pkg: FSPM_ARCH2_UPD mismatching bug. (Bugzilla Bug 4019),intelfsp2pkg,False,1.0,It is a genuine bug report related to an EDK II package.
qwen2.5:14b,A,9176,UefipayloadPkg: Coverity scan flags multiple issues. (Bugzilla Bug 4018),uefipayloadpkg,False,1.0,It describes a real issue found by Coverity scan in UefiPayloadPkg.
qwen2.5:14b,A,10259,HDMI/DP Hotplug not working in BIOS with no EDP connected as NULL device is removed by EDK2 driver (Bugzilla Bug 4015),mdemodulepkg,False,1.0,It describes a specific issue with an EDK II package that is not working as expected.
qwen2.5:14b,A,9174,Smbiosview tool is not show 'Extended Speed' and 'Extended Configured Memory Speed' in type 17. (Bugzilla Bug 4014),shellpkg,False,1.0,It is a genuine bug report related to the Smbiosview tool in EDK II.
qwen2.5:14b,A,9173,Update the SMBIOS version  by UPL (Bugzilla Bug 4013),mdemodulepkg,False,1.0,It is a genuine bug report related to updating SMBIOS version in the mdemodulepkg package.
qwen2.5:14b,A,9171,MdeModulePkg: Need configurable AHCI command retries (Bugzilla Bug 4011),mdemodulepkg,False,1.0,It is a genuine bug report related to firmware development with sufficient discussion and context.
qwen2.5:14b,A,10258,Array PCDs are not overriden via INF files (Bugzilla Bug 4010),basetools,False,1.0,"It describes a specific issue with PCD overriding in INF files, which is related to EDK II build infrastructure."
qwen2.5:14b,A,9170,Remove Unreferenced OpenProtocol in NvmeExpressDxe driver (Bugzilla Bug 4008),mdemodulepkg,False,1.0,It is a genuine bug report related to removing unreferenced code in an EDK II driver.
qwen2.5:14b,A,9169,UefiPayloadPkg: Add macro to support selection of CryptoDxe driver (Bugzilla Bug 4006),uefipayloadpkg,False,1.0,It is a genuine bug report related to firmware development.
qwen2.5:14b,A,9168,EDKII HII Browser does not apply configuration values for F9 action (Bugzilla Bug 4004),-,False,1.0,It is a genuine bug report related to EDKII HII Browser functionality.
qwen2.5:14b,A,10256,Avoid Direct invocation of gcc  in basetools (Bugzilla Bug 4003),basetools,False,1.0,The issue relates to EDK II build infrastructure and proposes a fix for direct invocation of gcc in basetools.
qwen2.5:14b,A,9167,Missing NULL check on allocating memory for FileName at in PosixFileSetInfo (Bugzilla Bug 4001),emulatorpkg,False,1.0,It describes a genuine bug report with a specific code issue.
qwen2.5:14b,A,9166,EDK2 can't enumerate bus for all root bridge instances when one root bridge instance meet bus resource OUT_OF_RESOURCE. (Bugzilla Bug 4000),mdemodulepkg,False,1.0,It is a genuine bug report related to EDK II firmware functionality.
qwen2.5:14b,A,9164,Improve AcpiSsdtPcieLibArm compatibility (Bugzilla Bug 3998),dynamictablespkg,False,1.0,It is a genuine bug report related to improving compatibility in an EDK II package.
qwen2.5:14b,A,9163,DynamicTableManagerDxe: Take installed tables into consideration (Bugzilla Bug 3997),dynamictablespkg,False,1.0,It is a genuine bug report related to an EDK II package.
qwen2.5:14b,A,9162,Improve DynamicPlatRepoLib applicability (Bugzilla Bug 3996),dynamictablespkg,False,1.0,It is a genuine bug report related to an EDK II package.
qwen2.5:14b,A,9161,DSDT Parser does not warn if revision field is less than 2 on Arm (Bugzilla Bug 3995),shellpkg,False,1.0,It describes a specific bug related to the DSDT parser in EDK II.
qwen2.5:14b,A,10255,MdeModulePkg/scsi :Coverity scan flags multiple issues in edk2-stable202205 (Bugzilla Bug 3994),mdemodulepkg,False,1.0,The issue describes a real security or quality assurance finding from Coverity scan related to the MdeModulePkg/scsi package.
qwen2.5:14b,A,10254,Need to enable crypto functions (Bugzilla Bug 3992),cryptopkg,False,1.0,It is a genuine bug report related to enabling crypto functions in the cryptopkg package.
qwen2.5:14b,A,10253,Sha1 functions not surrounded by SHA1 deprecated define (Bugzilla Bug 3991),cryptopkg,False,1.0,It is a genuine bug report related to the EDK II package.
qwen2.5:14b,A,9159,Bug in BaseMemAllocation causes memory leak in PEI phase (Bugzilla Bug 3990),cryptopkg,False,1.0,It describes a genuine bug report with sufficient context.
qwen2.5:14b,A,10252,MdeModulePkg/Ufs :Coverity scan flags multiple issues in edk2-stable202205 (Bugzilla Bug 3989),mdemodulepkg,False,1.0,It describes a real issue found by Coverity scan in the MdeModulePkg/Ufs package.
qwen2.5:14b,A,9157,Debug string is limited to 104 char due to EFI_STATUS_CODE_DATA_MAX_SIZE set to 200 (Bugzilla Bug 3986),mdemodulepkg,False,1.0,It is a genuine bug report related to EDK II package with enough information.
qwen2.5:14b,A,9156,"Slowness issue when using ""edit"" command in Shell (Bugzilla Bug 3985)",shellpkg,False,1.0,"It describes a specific issue with an EDK II package, which is relevant to the project."
qwen2.5:14b,A,10251,UefiPayloadPkg: Fix RelaAddress type always mismatch in if condition (Bugzilla Bug 3984),uefipayloadpkg,False,1.0,It is a genuine bug report related to EDK II firmware development.
qwen2.5:14b,A,10250,Rename SecTpmMeasurementLib to PeiTpmMeasurementLib (Bugzilla Bug 3983),securitypkg,False,1.0,It is a genuine bug report related to renaming a library in the EDK II security package.
qwen2.5:14b,A,9155,File path in OvmfPkg should use AArch64 instead of Aarch64 (Bugzilla Bug 3982),ovmfpkg,False,1.0,It is a genuine bug report with a clear description of a file path issue in OvmfPkg.
qwen2.5:14b,A,9154,Add retry mechanism if tpm command fails with timeout error (Bugzilla Bug 3980),securitypkg,False,1.0,It is a genuine bug report related to the EDK II package.
qwen2.5:14b,A,9153,[UPL] UefiPayloadPkg: Add CryptoDxe driver to UefiPayload (Bugzilla Bug 3979),uefipayloadpkg,False,1.0,It is a genuine bug report related to adding a driver in an EDK II package.
qwen2.5:14b,A,9152,Update DMAR ACPI definitions according to Intel VT-d architecture specification rev4.0 (Bugzilla Bug 3978),mdepkg,False,1.0,It is a genuine bug report related to updating DMAR ACPI definitions in the EDK II project.
qwen2.5:14b,A,10249,PrintLib has no way to print UINTN portably (Bugzilla Bug 3977),mdepkg,False,1.0,It is a genuine bug report related to EDK II firmware development.
qwen2.5:14b,A,10248,enabling edk2 DEBUG_VERBOSE will cause pagefault and linux kernel panic (Bugzilla Bug 3974),mdepkg,False,1.0,It describes a reproducible problem with enabling DEBUG_VERBOSE in EDK II.
qwen2.5:14b,A,9149,Add NULL check for input pointer in MemoryAllocationLib FreePool function (Bugzilla Bug 3973),mdepkg,False,1.0,It is a genuine bug report with a clear description and relates to EDK II code.
qwen2.5:14b,A,9148,Add support for SMBIOS spec 3.6.0 to SmBios.h (Bugzilla Bug 3972),mdepkg,False,1.0,"It is a legitimate feature request to update SMBIOS support, which relates directly to EDK II firmware development."
qwen2.5:14b,A,10245,SCT run AuthVar_conf is failed via Provisioned Host Whitelist mode. (Bugzilla Bug 3969),mdemodulepkg,False,1.0,It is a genuine bug report related to an EDK II package.
qwen2.5:14b,A,10244,The backslashes in string definition that defined in building flag would be change to forward slashes with toolchain family GCC build (Bugzilla Bug 3968),basetools,False,1.0,It describes a reproducible problem with the GCC build toolchain in basetools package.
qwen2.5:14b,A,10243,UefiPayloadPkg: Add macro to support selective drivers (Bugzilla Bug 3967),uefipayloadpkg,False,1.0,It is a genuine bug report related to an EDK II package.
qwen2.5:14b,A,9146,UefiPayloadPkg: Align Attribute value with UPL spec (Bugzilla Bug 3963),uefipayloadpkg,False,1.0,It is a genuine bug report related to EDK II package.
qwen2.5:14b,A,10242,Add PCD to control SMRR enable & SmmFeatureControl support (Bugzilla Bug 3962),ueficpupkg,False,1.0,It is a legitimate feature request related to EDK II firmware development.
qwen2.5:14b,A,9145,NetworkPkg: Need to support Wi-Fi Wpa3 in WifiConnectManager (Bugzilla Bug 3961),networkpkg,False,1.0,It is a genuine bug report related to adding Wi-Fi Wpa3 support in WifiConnectManager within NetworkPkg.
qwen2.5:14b,A,9144,[UPL] UefiPayloadPkg: Backward support with python 3.6 (Bugzilla Bug 3960),uefipayloadpkg,False,1.0,It is a genuine bug report related to backward support with Python 3.6 for UefiPayloadPkg.
qwen2.5:14b,A,9143,The reserved IDT table size in SecCore is too small for X64 (Bugzilla Bug 3957),intelfsp2pkg,False,1.0,It is a genuine bug report related to EDK II firmware development.
qwen2.5:14b,A,9142,UefiPayloadPkg: UniversalPayloadBuild.py to support --pcd feature (Bugzilla Bug 3955),uefipayloadpkg,False,1.0,It is a genuine bug report related to EDK II package functionality.
qwen2.5:14b,A,9141,"failure to read XHCI reg causes BIOS hang, incomplete error checking (Bugzilla Bug 3954)",mdemodulepkg,False,1.0,It describes a genuine bug report with a specific issue in the mdemodulepkg package.
qwen2.5:14b,A,10240,Incremental builds are rebuilding all unmodified code on Linux/GCC (Bugzilla Bug 3953),basetools,False,1.0,It describes a reproducible build issue related to EDK II's build tools.
qwen2.5:14b,A,9140,Follow UEFI spec'd way to reconnect in form browser (Bugzilla Bug 3952),mdemodulepkg,False,1.0,It is a genuine bug report related to EDK II package.
qwen2.5:14b,A,10239,Add Support for HTTPS Proxy Server for HTTP Boot (Bugzilla Bug 3951),networkpkg,False,1.0,It is a genuine feature request related to EDK II package.
qwen2.5:14b,A,10238,I had a CI build failure from EfiROM complaining about a filename being too large. (Bugzilla Bug 3950),basetools,False,1.0,It describes a real build failure in EDK II basetools.
qwen2.5:14b,A,10237,The version compare issue in  edksetup.sh (Bugzilla Bug 3948),-,False,1.0,It is a genuine bug report related to the edksetup.sh script.
qwen2.5:14b,A,9139,VM stuck at initializing guest display with Secure Boot build of OVMF (Bugzilla Bug 3947),ovmfpkg,False,1.0,It is a genuine bug report related to EDK II package.
qwen2.5:14b,A,10236,Ubuntu 20.04 EmulatorPkg Build X64 error not finding X11/XLib.h include files (Bugzilla Bug 3946),emulatorpkg,False,1.0,It describes a build error in EmulatorPkg which is related to EDK II.
qwen2.5:14b,A,10235,ECC fails to run (Bugzilla Bug 3945),basetools,False,1.0,It is a genuine bug report related to EDK II build tools.
qwen2.5:14b,A,10234,ResetSystemPei fails after memory migration (Bugzilla Bug 3944),mdemodulepkg,False,1.0,It is a genuine bug report related to EDK II firmware functionality.
qwen2.5:14b,A,10233,PeCoffSearchImageBase() can search GiB of memory. It should have a max value (Bugzilla Bug 3943),mdepkg,False,1.0,It describes a genuine bug report with a specific function and issue.
qwen2.5:14b,A,9138,UncrustifyCheck ignore file list paths reduction (Bugzilla Bug 3942),-,False,1.0,The issue relates to EDK II build infrastructure and coding style enforcement tools.
qwen2.5:14b,A,9137,Support package-scope register programming during Smm CPU init (SmmCpuFeaturesInitializeProcessor) (Bugzilla Bug 3941),ueficpupkg,False,1.0,It is a genuine bug report related to EDK II package functionality.
qwen2.5:14b,A,10232,Booting HTTPS Boot (Bugzilla Bug 3940),networkpkg,False,1.0,"The issue is related to booting HTTPS in the network package, which involves EDK II firmware components."
qwen2.5:14b,A,10231,Request to add FV Shrink Option in FMMT Tool (Bugzilla Bug 3938),basetools,False,1.0,It is a legitimate feature request for an EDK II build tool.
qwen2.5:14b,A,10230,Shebang missing in edksetup.sh (Bugzilla Bug 3936),-,False,1.0,It is a genuine bug report related to the EDK II build infrastructure.
qwen2.5:14b,A,10229,ovmf miscompiles with gcc-12 (Bugzilla Bug 3934),ovmfpkg,False,1.0,It describes a genuine build issue with OVMF and GCC-12.
qwen2.5:14b,A,9135,MdeModulePkg/UefiPayloadPkg: need to have align Identifier value with UPL spec (Bugzilla Bug 3933),uefipayloadpkg,False,1.0,It is a genuine bug report related to EDK II package alignment with UPL spec.
qwen2.5:14b,A,10228,MdeModulePkg: typo DstBufAlocated (Bugzilla Bug 3932),mdemodulepkg,False,1.0,It is a genuine bug report about a typo in the code.
qwen2.5:14b,A,9134,"Remove ""assert"" from SmmCpuRendevousLibNull.c (Bugzilla Bug 3931)",mdepkg,False,1.0,It is a genuine bug report related to removing 'assert' from a specific file in the EDK II project.
qwen2.5:14b,A,9133,[edk2-stable202205] QEMU is hang when SMM is enabled (Bugzilla Bug 3930),-,False,1.0,"It describes a specific issue with QEMU hanging when SMM is enabled, which appears to be a genuine bug report."
qwen2.5:14b,A,9132,Review and fix spelling errors in ArmPkg.ci.yaml (Bugzilla Bug 3929),armpkg,False,1.0,It is a genuine bug report related to fixing spelling errors in an EDK II package.
qwen2.5:14b,A,9130,X64 Version  of FSP_TEMP_RAM_INIT API call must follow X64 Calling Convention (Bugzilla Bug 3926),intelfsp2pkg,False,1.0,It is a genuine bug report related to EDK II package and API calling convention.
qwen2.5:14b,A,10226,"Pkcs7Sign has an incorrect implementation, both in documentation and interface (Bugzilla Bug 3925)",cryptopkg,False,1.0,It is a genuine bug report related to an implementation issue in the cryptopkg package.
qwen2.5:14b,A,10225,PartitionDxe: PartitionRestoreGptTable() exit early if BlockIo->Media->ReadOnly (Bugzilla Bug 3924),mdemodulepkg,False,1.0,It is a genuine bug report related to EDK II firmware functionality.
qwen2.5:14b,A,10224,SecurityPKg : sync the PcdTpm2HashMask to the active PCR banks in the TPM (Bugzilla Bug 3923),securitypkg,False,1.0,It is a genuine bug report related to the SecurityPkg in EDK II.
qwen2.5:14b,A,10223,Some ArmLib APIs use UINT32 when they should use UINTN? ArmReadSctlr() etc. (Bugzilla Bug 3920),armpkg,False,1.0,It is a genuine bug report related to EDK II package armpkg.
qwen2.5:14b,A,10222,ovmf UEFI fails to boot when EFI system partition is too small (Bugzilla Bug 3919),ovmfpkg,False,1.0,It describes a specific bug related to the OVMF package in EDK II.
qwen2.5:14b,A,10221,PcdConfidentialComputingGuestAttr accesses using locking which is not SMP safe (Bugzilla Bug 3918),ueficpupkg,False,1.0,It describes a genuine bug related to SMP safety in EDK II firmware.
qwen2.5:14b,A,9128,MdeModulePkg: Pcd initialize DXE will have assert in corner case. (Bugzilla Bug 3917),mdemodulepkg,False,1.0,It is a genuine bug report related to EDK II firmware development.
qwen2.5:14b,A,9126,Add missing NFIT Platform Capabilities Structure defined by Mantis 1831 and added in ACPI 6.2A (Bugzilla Bug 3915),mdepkg,False,1.0,It is a genuine bug report related to adding missing NFIT Platform Capabilities Structure as per ACPI specification update.
qwen2.5:14b,A,9125,Add XHCI handle Port Speed field value of PORTSC according to Supported Protocol Capability (Bugzilla Bug 3914),mdemodulepkg,False,1.0,It is a genuine bug report related to firmware development.
qwen2.5:14b,A,9124,PcAtChipsetPkg: Change the flow of PcRtcInit(). (Bugzilla Bug 3913),pcatchipsetpkg,False,1.0,It is a genuine bug report related to EDK II firmware development.
qwen2.5:14b,A,9123,Move SmmCpuRendezvousLib.h to MdePkg and add SmmCpuRendezvousLibNull implement in MdePkg (Bugzilla Bug 3912),mdepkg,False,1.0,It is a genuine bug report related to EDK II package and library implementation.
qwen2.5:14b,A,9121,SecureBootVariableLib assumes initialization from FV (Bugzilla Bug 3910),securitypkg,False,1.0,It is a genuine bug report related to EDK II firmware development.
qwen2.5:14b,A,9120,SecureBootVariableLib depends on time protocol (Bugzilla Bug 3909),securitypkg,False,1.0,It is a genuine bug report related to an EDK II package.
qwen2.5:14b,A,9119,"CryptoPkg: Build failure in CryptoPkg caused by this patch "" CryptoPkg/CrtLibSupport: fix strcpy"" (Bugzilla Bug 3908)",cryptopkg,False,1.0,It describes a build failure in an EDK II package.
qwen2.5:14b,A,9117,Update smbiosview type 0 with SMBIOS 3.5 fields (Bugzilla Bug 3906),shellpkg,False,1.0,It is a genuine bug report related to updating SMBIOS fields in the EDK II project.
qwen2.5:14b,A,9116,PrmPkg: Fix unit test GCC compilation errors (Bugzilla Bug 3905),prmpkg,False,1.0,It is a genuine bug report related to GCC compilation errors in an EDK II package.
qwen2.5:14b,A,10220,PCI Library work round in TdxDxe driver (Bugzilla Bug 3904),ovmfpkg,False,1.0,It is a genuine bug report related to an EDK II package.
qwen2.5:14b,A,10219,GetPeiServicesTablePointer() from PeiServicesTablePointerLibIdt has integer overflow if Idtr.Base == 0 (Bugzilla Bug 3903),mdepkg,False,1.0,"It describes a genuine bug with potential integer overflow, providing specific details about the issue."
qwen2.5:14b,A,10218,Bad IO performance in SEC caused by TDX (Bugzilla Bug 3902),mdepkg,False,1.0,It is a genuine bug report related to EDK II firmware performance.
qwen2.5:14b,A,10217,ResetVector: Vtf0/Bin/IA32/ResetVector.ia32.*.raw binary is not 4K alignment (Bugzilla Bug 3901),ueficpupkg,False,1.0,"The issue describes a specific problem with binary alignment in the ResetVector file, which is relevant to EDK II firmware development."
qwen2.5:14b,A,9115,Update smbiosview type 41 with SMBIOS 3.5 fields (Bugzilla Bug 3900),shellpkg,False,1.0,It is a genuine bug report related to updating SMBIOS fields in the EDK II project.
qwen2.5:14b,A,10216,S3 Resume flow may result in executing garbage address in Release Build (Bugzilla Bug 3898),mdemodulepkg,False,1.0,It describes a potential bug in the S3 resume flow with implications for release builds.
qwen2.5:14b,A,9114,Update smbiosview type 9 with SMBIOS 3.5 fields (Bugzilla Bug 3896),shellpkg,False,1.0,It is a genuine bug report related to updating SMBIOS fields in the EDK II project.
qwen2.5:14b,A,10214,Request lock after DXE phase lead to assert (Bugzilla Bug 3895),securitypkg,False,1.0,It is a genuine bug report related to EDK II firmware development.
qwen2.5:14b,A,9113,To support PEI 64bit in IntelFsp2WrapperPkg (Bugzilla Bug 3894),intelfsp2wrapperpkg,False,1.0,It is a genuine bug report related to supporting PEI 64bit in an EDK II package.
qwen2.5:14b,A,9110,Tar files fail with Python 3.9.11+ (Bugzilla Bug 3891),-,False,1.0,"It describes a build issue related to Python version, which is relevant to EDK II build infrastructure."
qwen2.5:14b,A,9109,Fix VS2019 pipeline builds (Bugzilla Bug 3890),-,False,1.0,The issue is related to EDK II build infrastructure and describes a fix for VS2019 pipeline builds.
qwen2.5:14b,A,9108,NetworkPkg: Allow to set HTTP DNS RetryCount and RetryInterval (Bugzilla Bug 3889),networkpkg,False,1.0,It is a genuine bug report related to EDK II's NetworkPkg.
qwen2.5:14b,A,10213,64-bit XIP Code should NOT be aligned on a odd 4 byte boundary as this implies UB. (Bugzilla Bug 3887),ovmfpkg,False,1.0,It is a genuine bug report related to EDK II firmware development.
qwen2.5:14b,A,9106,bRefClkFreq UFS card attribute need to be read and written after fDeviceInit. (Bugzilla Bug 3886),mdemodulepkg,False,1.0,It is a genuine bug report related to firmware development.
qwen2.5:14b,A,9105,Redefinition bug in CrtLibSupport.h (Bugzilla Bug 3885),cryptopkg,False,1.0,It is a genuine bug report related to EDK II package code.
qwen2.5:14b,A,9104,Support BIOS ROM Size extension for SMBIOS Type 0 (Bugzilla Bug 3884),shellpkg,False,1.0,It is a genuine bug report related to firmware functionality.
qwen2.5:14b,A,10212,Depex in Standalone MM causes memory violation (Bugzilla Bug 3883),standalonemmpkg,False,1.0,It is a genuine bug report related to an EDK II package.
qwen2.5:14b,A,9103,Add dependency of VariableSmm driver to make it work normally (Bugzilla Bug 3882),uefipayloadpkg,False,1.0,It is a genuine bug report with a clear description of adding a dependency to make the VariableSmm driver work properly.
qwen2.5:14b,A,9102,CryptoPkg: should list all used library in dsc file (Bugzilla Bug 3881),cryptopkg,False,1.0,It is a genuine bug report related to EDK II's CryptoPkg.
qwen2.5:14b,A,9101,Add ignore file list to UncrustifyCheck.py (Bugzilla Bug 3880),-,False,1.0,It is a legitimate feature request related to build infrastructure tool UncrustifyCheck.py.
qwen2.5:14b,A,10210,Unused local breaking Clang build (Bugzilla Bug 3877),mdemodulepkg,False,1.0,It describes a genuine build issue related to EDK II.
qwen2.5:14b,A,9100,command line changes in recent NASM release(s) break VbeShim.sh (Bugzilla Bug 3876),ovmfpkg,False,1.0,"It describes a build issue related to EDK II package, which is valid."
qwen2.5:14b,A,9099,OvmfPkg: uncrustify should not modify generated files (Bugzilla Bug 3875),ovmfpkg,False,1.0,It is a genuine bug report related to EDK II build infrastructure.
qwen2.5:14b,A,10209,ECC inf version check issue (Bugzilla Bug 3872),basetools,False,1.0,It is a genuine bug report related to EDK II build tools.
qwen2.5:14b,A,9096,Update BFV searching algorithm in VTF0 (Bugzilla Bug 3870),ueficpupkg,False,1.0,It is a genuine bug report related to an EDK II package.
qwen2.5:14b,A,9095,Split pages should have their RW and Present Attributes Set (Bugzilla Bug 3869),emulatorpkg,False,1.0,It is a genuine bug report related to EDK II firmware development.
qwen2.5:14b,A,10208,ECC check failed under Linux (Bugzilla Bug 3868),basetools,False,1.0,It describes a build failure which is relevant to EDK II.
qwen2.5:14b,A,9093,StackOffset must be aligned to a 16-byte boundary in X64 (Bugzilla Bug 3865),mdemodulepkg,False,1.0,It is a genuine bug report related to EDK II package.
qwen2.5:14b,A,9091,Support FFS3 GUID in SearchForBfvBase.asm (Bugzilla Bug 3862),ueficpupkg,False,1.0,It is a genuine bug report related to EDK II firmware development.
qwen2.5:14b,A,9090,Add dependency of VariableSmm driver to make it work normally. (Bugzilla Bug 3861),ovmfpkg,False,1.0,It is a genuine bug report related to adding a dependency for the VariableSmm driver.
qwen2.5:14b,A,9089,Revise UEfiCpuPkg to accomodate all processor architectures (Bugzilla Bug 3860),ueficpupkg,False,1.0,It is a genuine bug report related to an EDK II package.
qwen2.5:14b,A,10206,RedfishPlatformCredentialLib shouldn't stop service by itself (Bugzilla Bug 3859),redfishpkg,False,1.0,It is a genuine bug report related to an EDK II package.
qwen2.5:14b,A,10205,LibStopRedfishService() in PlatformCredentialLib should check EFI_SECURE_BOOT_MODE_NAME (Bugzilla Bug 3858),redfishpkg,False,1.0,It is a genuine bug report related to EDK II firmware functionality.
qwen2.5:14b,A,9088,Add a check for metadata size in NvmExpress  Driver (Bugzilla Bug 3856),mdemodulepkg,False,1.0,It is a genuine bug report related to the NvmExpress driver in EDK II.
qwen2.5:14b,A,9087,Use SmmWaitForAllProcessor() form UefiCpuPkg to make Smm cpu rendezvous in TcgSmm and Tcg2Smm driver (Bugzilla Bug 3855),securitypkg,False,1.0,It is a genuine bug report related to EDK II firmware development.
qwen2.5:14b,A,9086,Use SmmWaitForAllProcessor() form UefiCpuPkg to make Smm cpu rendezvous in needed driver (Bugzilla Bug 3854),mdemodulepkg,False,1.0,It is a genuine bug report related to EDK II firmware development.
qwen2.5:14b,A,9085,Add support for programming bRefClkFreq (Reference Clock Frequency value) on UFS cards (Bugzilla Bug 3851),mdemodulepkg,False,1.0,It is a genuine bug report with comments and a state indicating it was addressed.
qwen2.5:14b,A,10203,MdePkg/Include/IndustryStandard/Tls1.h lacks definition for EFI_TLS_VERSION (Bugzilla Bug 3850),mdepkg,False,1.0,It is a genuine bug report with specific details about missing definition in header file.
qwen2.5:14b,A,10202,MdePkg/Include/Protocol/PxeBaseCodeCallBack.h lacks definition for EFI_PXE_BASE_CODE_PACKET (Bugzilla Bug 3849),mdepkg,False,1.0,It is a genuine bug report related to missing definition in EDK II code.
qwen2.5:14b,A,10201,uncrustify wrongly formats the code (Bugzilla Bug 3846),basetools,False,1.0,"The issue describes a problem with uncrustify formatting in the basetools package, which is related to EDK II build infrastructure."
qwen2.5:14b,A,10200,Enabling the WiFi Connection Manager to access WiFi profile from CSME during a one click recovery WLAN boot (Bugzilla Bug 3845),networkpkg,False,1.0,It is a genuine bug report related to EDK II firmware functionality.
qwen2.5:14b,A,9083,MdePackage/PeiDxeDebugLibReportStatusCode：Add Standalone MM support (Bugzilla Bug 3844),mdemodulepkg,False,1.0,It is a genuine bug report with context and comments indicating it has been addressed.
qwen2.5:14b,A,9082,Add definitions in SmBios.h to support SMBIOS Spec v3.5.0 (Bugzilla Bug 3843),mdepkg,False,1.0,It is a genuine bug report with comments and state indicating it was addressed.
qwen2.5:14b,A,10199,UnitTestFrameworkPkg - Unit Test Log output is truncated (Bugzilla Bug 3842),unittestframeworkpkg,False,1.0,It describes a reproducible problem with the UnitTestFrameworkPkg.
qwen2.5:14b,A,9080,Add ACPI_PARSER bitfield parser for acpiview (Bugzilla Bug 3839),shellpkg,False,1.0,It is a genuine bug report related to EDK II firmware development.
qwen2.5:14b,A,10196,ovmf SMM build crashes with edk2-stable202202-rc1 (Bugzilla Bug 3835),ovmfpkg,False,1.0,It describes a build failure with specific version and package.
qwen2.5:14b,A,9078,IntelFsp2Pkg: BaseFspDebugLibSerialPort Support for X64 (Bugzilla Bug 3833),intelfsp2pkg,False,1.0,It is a genuine bug report related to an EDK II package.
qwen2.5:14b,A,9077,IntelFsp2Pkg: BaseFspSwitchStackLib Support for X64 Build (Bugzilla Bug 3832),intelfsp2pkg,False,1.0,It is a genuine bug report related to EDK II package.
qwen2.5:14b,A,10195,Scrub tool usage of MAX_PATH with default of 256 (Bugzilla Bug 3830),basetools,False,1.0,It is a genuine bug report related to EDK II build infrastructure.
qwen2.5:14b,A,10194,Add New Processor Socket information to Processor Upgrade field in Smbios Type4 (Bugzilla Bug 3827),shellpkg,False,1.0,It is a genuine bug report related to EDK II firmware functionality.
qwen2.5:14b,A,10193,BaseLib LongJump implementations vary by CPU type (Bugzilla Bug 3825),mdepkg,False,1.0,It describes a genuine bug report related to EDK II firmware components.
qwen2.5:14b,A,10192,XhciDxe driver not driving USB controller connected in Pcie switch. (Bugzilla Bug 3822),mdemodulepkg,False,1.0,It is a genuine bug report related to an EDK II package.
qwen2.5:14b,A,10191,PeiReportStatusCodeLib uses pointer math to create a EFI_DEVICE_HANDLE_EXTENDED_DATA incorrectly (Bugzilla Bug 3820),mdemodulepkg,False,1.0,It is a genuine bug report related to EDK II firmware development.
qwen2.5:14b,A,9072,GetTimerPeriod returns sometime zero value when StallCounter has  smaller value than RttTimerTick (divide by zero) which results some failure at ping UEFI shell command (Bugzilla Bug 3819),shellpkg,False,1.0,It describes a reproducible issue with the ping UEFI shell command.
qwen2.5:14b,A,9071,Incorrect data type of ProcessRelocation64 (Bugzilla Bug 3818),uefipayloadpkg,False,1.0,It describes a specific bug in the code with enough context to be investigated.
qwen2.5:14b,A,9070,GetCpuidFw() uses Compacted when it is not initialized. (Bugzilla Bug 3817),ovmfpkg,False,1.0,It describes a genuine bug with specific package and state.
qwen2.5:14b,A,10190,Build fails in GenFS with GCC12 (Bugzilla Bug 3816),basetools,False,1.0,It describes a build failure which is relevant to EDK II firmware development.
qwen2.5:14b,A,9068,EmbeddedPkg: build error in FwVol.c in X64 arch (Bugzilla Bug 3814),embeddedpkg,False,1.0,It is a genuine bug report related to EDK II build infrastructure.
qwen2.5:14b,A,9067,Unicode string of the AKM/Cipher in Wi-Fi Network List is not correct (Bugzilla Bug 3813),networkpkg,False,1.0,It describes a specific bug in the Wi-Fi Network List functionality.
qwen2.5:14b,A,9065,PciBusDxe: Allow PCI Platform Protocol to override existing PCI ROM image (Bugzilla Bug 3811),mdemodulepkg,False,1.0,It is a genuine bug report related to EDK II firmware development.
qwen2.5:14b,A,9064,BaseTools/Conf: Add new macro for customizing dll file reduction. (Bugzilla Bug 3810),basetools,False,1.0,It is a genuine bug report related to EDK II build infrastructure.
qwen2.5:14b,A,9063,Simplify http response status check (Bugzilla Bug 3809),redfishpkg,False,1.0,It is a genuine bug report related to EDK II package.
qwen2.5:14b,A,9062,CI: Uncrustify test should display what changes were made (Bugzilla Bug 3808),-,False,1.0,"The issue is related to CI and Uncrustify test, which are part of EDK II build infrastructure."
qwen2.5:14b,A,10188,Changing fdf rule section won't trigger incremental build (Bugzilla Bug 3806),basetools,False,1.0,It describes a genuine bug related to build infrastructure.
qwen2.5:14b,A,10187,Smbios64BitPrintEPSInfo hit a stack guard exception due to buffer overflow. (Bugzilla Bug 3805),shellpkg,False,1.0,It describes a genuine bug with a specific error and package.
qwen2.5:14b,A,10186,issue in SR-IOV reserve bus caculation (Bugzilla Bug 3804),mdemodulepkg,False,1.0,"It describes a specific issue in an EDK II package, indicating it is a genuine bug report."
qwen2.5:14b,A,10185,FDF parsing does resolve macros properly (Bugzilla Bug 3803),basetools,False,1.0,It is a genuine bug report related to FDF parsing in the basetools package.
qwen2.5:14b,A,10184,armsoftfloatlib not correctly declared and introduces dependency on ArmPkg (Bugzilla Bug 3799),armpkg,False,1.0,It is a genuine bug report related to EDK II package and build issues.
qwen2.5:14b,A,9059,Spell check caused pipeline failures (Bugzilla Bug 3798),unittestframeworkpkg,False,1.0,It describes a real issue related to build infrastructure.
qwen2.5:14b,A,9057,HiiDataBaseDxe module lacks handling of authenticated variable type (Bugzilla Bug 3796),mdemodulepkg,False,1.0,The issue describes a specific missing feature in an EDK II module and is marked as a bug.
qwen2.5:14b,A,10183,Need to address a discrepancy with how untested memory is treated for allocation by DXE drivers. (Bugzilla Bug 3795),mdemodulepkg,False,1.0,It is a genuine bug report related to memory allocation in DXE drivers.
qwen2.5:14b,A,9055,Update Graphics Info Hob FrameBufferSize Based on UEFI Spec 2.0 (Bugzilla Bug 3793),mdepkg,False,1.0,It is a genuine bug report related to updating Graphics Info HOB FrameBufferSize based on UEFI Spec 2.0.
qwen2.5:14b,A,9054,Update FvLength to UINTN from UINT32 in FirmwareVolumeInfo (Bugzilla Bug 3792),mdemodulepkg,False,1.0,It is a genuine bug report related to EDK II package.
qwen2.5:14b,A,9053,IntelFsp2Pkg/FspSecCore: ExtendedImageRevision was not printed. (Bugzilla Bug 3791),intelfsp2pkg,False,1.0,It is a genuine bug report related to EDK II firmware component.
qwen2.5:14b,A,9052,Replace Opcode with the corresponding instructions (Bugzilla Bug 3790),mdepkg,False,1.0,It is a genuine bug report related to EDK II package.
qwen2.5:14b,A,9051,Moving UFS HCS.DP (Device Attached) checking out of UfsExecUicCommands() to fix timing problem (Bugzilla Bug 3776),mdemodulepkg,False,1.0,It is a genuine bug report with context and comments indicating it was investigated.
qwen2.5:14b,A,9050,Retry up to 5 times while sending UFS DME request to fix timing problem (Bugzilla Bug 3775),mdemodulepkg,False,1.0,It is a genuine bug report related to firmware development.
qwen2.5:14b,A,10180,EDK2 TCG & HDD Drivers must transition from Variable Lock to Variable Policy (Bugzilla Bug 3774),securitypkg,False,1.0,It is a genuine bug report related to EDK II package.
qwen2.5:14b,A,10178,Debug trace package integration to enable debug message capture on all targets. (Bugzilla Bug 3772),mdepkg,False,1.0,It is a genuine feature request related to EDK II package integration for debug message capture.
qwen2.5:14b,A,10177,edk2-stable202111: Black screen when doing single GPU passthrough (cause: TPM 2 related bugfix) (Bugzilla Bug 3771),ovmfpkg,False,0.95,The issue describes a specific problem with GPU passthrough and is related to EDK II firmware development.
qwen2.5:14b,A,9049,AcpiView: incorrect dereference when parsing PPTT (Bugzilla Bug 3770),shellpkg,False,1.0,It describes a genuine bug report with sufficient context.
qwen2.5:14b,A,9048,StandaloneMmPkg/FvLib needs to support large file with EFI_FFS_FILE_HEADER2. (Bugzilla Bug 3769),standalonemmpkg,False,1.0,It is a genuine bug report related to EDK II firmware development.
qwen2.5:14b,A,9047,Change DEBUG_CODE() to DEBUG_CODE_BEGIN/END() for complex C code  blocks (Bugzilla Bug 3767),shellpkg,False,1.0,It is a genuine bug report related to EDK II firmware development.
qwen2.5:14b,A,10176,Cond expression logic is not functioning as expected in VFR (Bugzilla Bug 3763),-,False,1.0,It appears to be a genuine bug report related to VFR in EDK II.
qwen2.5:14b,A,10175,Python FMMT tool issue (Bugzilla Bug 3762),basetools,False,1.0,"The issue relates to the EDK II build infrastructure, specifically a Python tool in the basetools package."
qwen2.5:14b,A,10174,AhciPei doesn't detect CD ROM device (Bugzilla Bug 3761),mdemodulepkg,False,1.0,It is a genuine bug report related to an EDK II package.
qwen2.5:14b,A,9046,Update source style for use of OPTIONAL keyword (Bugzilla Bug 3760),shellpkg,False,1.0,It is a genuine bug report related to source style update for an EDK II package.
qwen2.5:14b,A,9045,MemoryAllocationLib fails in clang release builds (Bugzilla Bug 3758),mdepkg,False,1.0,It describes a genuine bug with specific package and build type.
qwen2.5:14b,A,10173,Add registers of boot partitions feature to Nvme.h (Bugzilla Bug 3757),mdepkg,False,1.0,It is a genuine bug report related to firmware development.
qwen2.5:14b,A,9044,Displaying SMBIOS Type38 fields in smbiosview command in formatted manner (Bugzilla Bug 3755),shellpkg,False,1.0,It is a genuine bug report related to EDK II package.
qwen2.5:14b,A,9043,DxeCore Install mismatched LoadedImage Protocol when enable UniversalPayload (Bugzilla Bug 3754),uefipayloadpkg,False,1.0,It describes a specific bug related to EDK II firmware functionality.
qwen2.5:14b,A,9042,BuildAndIntegrationInstructions should contain solution for a common coreboot integration issue (Bugzilla Bug 3753),uefipayloadpkg,False,1.0,"The issue describes a specific integration problem and suggests an improvement to the build instructions, which is relevant to EDK II firmware development."
qwen2.5:14b,A,9041,VfrCompile: Numeric/one of opcode's Flag setting for bit field missing bit mask at VfrSyntax.g (Bugzilla Bug 3752),basetools,False,1.0,It is a genuine bug report related to EDK II build tools.
qwen2.5:14b,A,9040,Check routine from Mm Communication from Arm package fails unnecessarily (Bugzilla Bug 3751),armpkg,False,1.0,It is a genuine bug report related to the Arm package in EDK II.
qwen2.5:14b,A,9039,Update max job time from 60 min to 120 minutes in .azurepipelines/templates (Bugzilla Bug 3750),-,False,1.0,"The issue relates to updating build infrastructure in .azurepipelines/templates, which is relevant to EDK II."
qwen2.5:14b,A,9038,Update Package YAML files to ignore specific ECC files/errors (Bugzilla Bug 3749),shellpkg,False,1.0,It is a genuine bug report related to updating package YAML files.
qwen2.5:14b,A,9036,Update EmulatorPkg Win Host [BuildOptions] MSFT CC_FLAGS to not force debug information (Bugzilla Bug 3747),emulatorpkg,False,1.0,It is a genuine bug report related to EDK II build options for EmulatorPkg.
qwen2.5:14b,A,9035,Update pytool LicenseCheck plugin to use temp directory for diff output file (Bugzilla Bug 3746),-,False,1.0,It is a genuine bug report related to updating the LicenseCheck plugin.
qwen2.5:14b,A,9034,OvmfPkg: Remove unused print service driver (Bugzilla Bug 3744),ovmfpkg,False,1.0,It is a genuine bug report related to removing an unused driver in OvmfPkg.
qwen2.5:14b,A,9030,"[UEFIPayLoad]While BootMenuApp build in UEFI payload, pcd in BootMenuApp will not be override (Bugzilla Bug 3740)",uefipayloadpkg,False,1.0,It is a genuine bug report related to EDK II package.
qwen2.5:14b,A,9029,Update all C/H files in edk2 repo to use DEBUG_* defines instead of EFI_D_* defines (Bugzilla Bug 3739),shellpkg,False,1.0,"It is a legitimate feature request to update code in the EDK II repository, which relates directly to firmware development."
qwen2.5:14b,A,10172,ASSERT in NetworkPkg/TcpDxe/TcpOutput.c (Bugzilla Bug 3735),networkpkg,False,1.0,It is a genuine bug report related to EDK II firmware development.
qwen2.5:14b,A,10171,DynamicHii PCD will occupy PCD DB unnecessarily. (Bugzilla Bug 3734),mdemodulepkg,False,1.0,It is a genuine bug report related to an EDK II package.
qwen2.5:14b,A,9027,time_t typedef is incorrect (Bugzilla Bug 3733),cryptopkg,False,1.0,It describes a genuine bug in the 'cryptopkg' package.
qwen2.5:14b,A,9026,Recent change to AhciMode.c Potentially Causes NULL Pointer Access (Bugzilla Bug 3732),mdemodulepkg,False,1.0,"The issue describes a potential NULL pointer access in the AhciMode.c file, which is related to EDK II firmware development."
qwen2.5:14b,A,9025,Fix OvmfPkg Microvm builds with VS2019 NOOPT (edk2-stable202111) (Bugzilla Bug 3731),ovmfpkg,False,1.0,It is a genuine bug report related to EDK II build issues with specific toolchain.
qwen2.5:14b,A,10170,We lost some stack unwind termination logic when we dropped .S files. (Bugzilla Bug 3730),mdepkg,False,1.0,It describes a specific bug related to firmware development.
qwen2.5:14b,A,10169,Add ReportStatusCodeRouterRuntimeDxe & StatusCodeHandlerRuntimeDxe into UefiPayloadPkg's DXE A Priori file (Bugzilla Bug 3729),uefipayloadpkg,False,1.0,It is a genuine bug report related to EDK II package modification.
qwen2.5:14b,A,9024,Use SMM Interrupr Shadow Stack (Bugzilla Bug 3728),ueficpupkg,False,1.0,It is a genuine bug report related to EDK II firmware development.
qwen2.5:14b,A,10168,Add more unit tests for YAML config editor with CLI capability (Bugzilla Bug 3727),intelfsp2pkg,False,1.0,It is a legitimate feature request for adding unit tests to an EDK II package.
qwen2.5:14b,A,9023,Fix VS2019 build issue with OvmfPkg/Bhyve (Bugzilla Bug 3724),ovmfpkg,False,1.0,It is a genuine bug report related to EDK II build issue with specific package.
qwen2.5:14b,A,10165,Fix EmbeddedPkg VS2019 X64 NOOPT build issues (Bugzilla Bug 3723),embeddedpkg,False,1.0,It is a genuine bug report related to an EDK II package.
qwen2.5:14b,A,9022,Fix VS2019 NOOPT build issues with OvmfPkg/OvmfXen.dsc platform (Bugzilla Bug 3722),ovmfpkg,False,1.0,It is a genuine bug report related to EDK II build issues with specific package and platform.
qwen2.5:14b,A,10164,Action is set to 'untested' if image is unsigned and hash not found in DB/DBX (Bugzilla Bug 3721),securitypkg,False,1.0,It is a genuine bug report related to the 'securitypkg' package.
qwen2.5:14b,A,9021,Action is set to 'untested' if image signature is not found in DB (Bugzilla Bug 3720),securitypkg,False,1.0,It describes a specific issue related to image signature verification in the security package.
qwen2.5:14b,A,9020,DnsDxe: Host2Address pointer in response token is not null on error (Bugzilla Bug 3719),networkpkg,False,1.0,It describes a genuine bug report with a specific issue in the DnsDxe package.
qwen2.5:14b,A,9019,BaseTools/DevicePath: DevicePatch should support PCD value Lengths longer than now (Bugzilla Bug 3718),basetools,False,1.0,It is a genuine bug report related to EDK II BaseTools package.
qwen2.5:14b,A,10163,__clang__ flipped to __FILE_NAME__ vs. __FILE__ breaking our ASSERT strategy. (Bugzilla Bug 3716),mdepkg,False,1.0,It describes a genuine bug related to preprocessor macros breaking ASSERT strategy in EDK II.
qwen2.5:14b,A,10162,Some tools fail to compile for NOOPT with clang-13. (Bugzilla Bug 3715),basetools,False,1.0,"It describes a build failure with specific compiler and configuration, relevant to EDK II."
qwen2.5:14b,A,9018,Changing UFS descriptor configuration and retry for support device can't response in time (Bugzilla Bug 3714),mdemodulepkg,False,1.0,"It describes a specific issue with the UFS descriptor configuration in a package, which is related to EDK II firmware development."
qwen2.5:14b,A,10161,Adding support switch Gear mode and disable LCC when UFS PEI driver initialization (Bugzilla Bug 3713),mdemodulepkg,False,1.0,It is a genuine bug report related to firmware development.
qwen2.5:14b,A,10160,Rename XenTimerDxe to LocalApicTimerDxe and replace 8254 timer in OvmfPkg (Bugzilla Bug 3711),ovmfpkg,False,1.0,It is a genuine bug report related to renaming and replacing timer drivers in OvmfPkg.
qwen2.5:14b,A,9016,MessageLength is counting in communicate header for variable policy operations (Bugzilla Bug 3709),mdemodulepkg,False,1.0,It is a genuine bug report related to EDK II firmware development.
qwen2.5:14b,A,10159,OvmfPkgX64 RELEASE build fails with clang-13. (Bugzilla Bug 3704),ovmfpkg,False,1.0,"It describes a build failure with specific compiler version, which is relevant to EDK II."
qwen2.5:14b,A,9012,UFS MMIO address overflow issue observed when find more than one UFS HC (Bugzilla Bug 3703),mdemodulepkg,False,1.0,It describes a genuine bug related to UFS MMIO address overflow in the mdemodulepkg package.
qwen2.5:14b,A,9009,MdeModulePkg\Library\DxeCapsuleLibFmp use deprecated interface to lock variable (Bugzilla Bug 3699),mdemodulepkg,False,1.0,It describes a genuine bug report related to EDK II firmware development.
qwen2.5:14b,A,9006,HttpBootDxe rejected bootloaders with upper-case file extensions (Bugzilla Bug 3694),networkpkg,False,1.0,It is a genuine bug report related to EDK II firmware component.
qwen2.5:14b,A,10156,FL1100 usb chipset/Mac OS OVMF/XhciDxe issues with bootable usb 3.0 devices (Bugzilla Bug 3693),ovmfpkg,False,1.0,"The issue describes a specific problem with USB booting in OVMF, which is related to EDK II firmware development."
qwen2.5:14b,A,10155,Add support for config editor to handle multiple instance of UPD for bootloader use case (Bugzilla Bug 3692),intelfsp2pkg,False,1.0,It is a genuine bug report related to EDK II package functionality.
qwen2.5:14b,A,9003,microvm: add support for virtio-mmio devices (Bugzilla Bug 3689),ovmfpkg,False,1.0,It is a genuine bug report related to EDK II package.
qwen2.5:14b,A,9001,VFR Compiler generated random data in output files when unnamed fields used in HII C structure (Bugzilla Bug 3687),basetools,False,1.0,It describes a specific issue with the VFR compiler in EDK II's base tools.
qwen2.5:14b,A,10154,HII related GUIDs don’t end up in the Guid.xref file (Bugzilla Bug 3685),-,False,1.0,It is a genuine bug report related to EDK II firmware development.
qwen2.5:14b,A,10153,Microcode must be measured by TPM. (Bugzilla Bug 3683),ueficpupkg,False,1.0,It is a genuine bug report related to firmware security and TPM measurement.
qwen2.5:14b,A,8996,MdeModulePkg/Core/Dxe: Lock when iterates the gHandleList (Bugzilla Bug 3680),mdemodulepkg,False,1.0,It describes a genuine bug report related to EDK II firmware development.
qwen2.5:14b,A,8995,Configure/Enable elliptic curve ciphers in OpenSSL in EDK2 (Bugzilla Bug 3679),cryptopkg,False,1.0,It is a genuine bug report related to configuring elliptic curve ciphers in OpenSSL within the EDK2 cryptopkg.
qwen2.5:14b,A,10152,Add support for RISCV64 to RngDxe and BaseRngLib (Bugzilla Bug 3676),mdepkg,False,1.0,It is a legitimate feature request for adding RISCV64 support to existing EDK II packages.
qwen2.5:14b,A,8992,How Can I get in touch with cash app customer service? (Bugzilla Bug 3673),armpkg,True,1.0,The issue is unrelated to firmware development and appears to be a request for customer service support for Cash App.
qwen2.5:14b,A,10151,DescribeExceptionSyndrome() has the wrong encoding for SP alignment fault. (Bugzilla Bug 3669),armpkg,False,1.0,It is a genuine bug report related to EDK II firmware functionality.
qwen2.5:14b,A,8988,MdeModulePkg/Core/Dxe: Add lock protection in CoreLocateHandleBuffer() (Bugzilla Bug 3666),mdemodulepkg,False,1.0,It is a genuine bug report related to EDK II firmware development.
qwen2.5:14b,A,10150,Errors during compilation will be garbled (Bugzilla Bug 3664),mdepkg,False,1.0,It is a genuine bug report related to compilation errors in an EDK II package.
qwen2.5:14b,A,8986,Errors during compilation will be garbled (Bugzilla Bug 3663),mdepkg,False,1.0,It is a genuine bug report related to compilation errors in an EDK II package.
qwen2.5:14b,A,8985,Missing parameter in DEBUG print in XhciInitializeDeviceSlot() in XhciSched.c (Bugzilla Bug 3662),mdemodulepkg,False,1.0,It is a genuine bug report related to EDK II firmware development.
qwen2.5:14b,A,8984,Calling deprecated interface in FmpDevicePkg (Bugzilla Bug 3655),fmpdevicepkg,False,1.0,It describes a genuine bug report involving deprecated interface usage in an EDK II package.
qwen2.5:14b,A,10149,Set default Makefile name when building module/libraries target (Bugzilla Bug 3653),basetools,False,1.0,It is a genuine bug report related to EDK II build infrastructure.
qwen2.5:14b,A,10148,Move StandaloneMmPkg/Drivers/StandaloneMmCpu driver and EntryPointLib to ArmPkg (Bugzilla Bug 3652),standalonemmpkg,False,1.0,It is a legitimate feature request to move components between packages.
qwen2.5:14b,A,10147,Remove DxeIpl dependency on ArmPkg (Bugzilla Bug 3651),mdemodulepkg,False,1.0,It is a genuine bug report related to dependency management in EDK II.
qwen2.5:14b,A,10146,Move GccLto binaries from ArmPkg to Basetools to better align with usage (Bugzilla Bug 3650),basetools,False,1.0,The issue is a genuine bug report related to EDK II build infrastructure.
qwen2.5:14b,A,10144,Align the *MmuLib definitions in ArmPkg to allow common layers to exist (Bugzilla Bug 3647),armpkg,False,1.0,It is a genuine bug report related to EDK II package alignment.
qwen2.5:14b,A,8982,TCG_DEVICE_SECURITY_EVENT_DATA_VERSION   definition should be 1 (Bugzilla Bug 3646),mdepkg,False,1.0,It is a genuine bug report related to EDK II firmware component.
qwen2.5:14b,A,10143,The CCFlag generated in PcdValueInit makefile is incorrect when a -D statement contains a space (Bugzilla Bug 3645),basetools,False,1.0,"It describes a specific build issue with the makefile in EDK II basetools, which is relevant to firmware development."
qwen2.5:14b,A,10142,BaseTools: Dsc Parser scanning same file/line in code multiple times even if condition is False (Bugzilla Bug 3643),basetools,False,1.0,It describes a reproducible problem with the Dsc Parser in BaseTools.
qwen2.5:14b,A,8981,IntelFsp2WrapperPkg : FSPM/S UPD data address based on Build Type (Bugzilla Bug 3642),intelfsp2wrapperpkg,False,1.0,It is a genuine bug report related to an EDK II package.
qwen2.5:14b,A,10141,OVMF_CODE/VARS unable to reboot a mac os vm during installation (only first stage) (Bugzilla Bug 3640),ovmfpkg,False,1.0,"It describes a specific issue with OVMF_CODE/VARS during installation, which is related to EDK II firmware."
qwen2.5:14b,A,10140,CPU Stack Guard cannot be enabled (Bugzilla Bug 3639),ueficpupkg,False,1.0,It is a genuine bug report related to an EDK II package.
qwen2.5:14b,A,8980,Trim.py doesn't always properly report encoding error (Bugzilla Bug 3637),basetools,False,1.0,It is a genuine bug report related to EDK II build tools.
qwen2.5:14b,A,10139,Shell appears to be stalled or so when started headless (Bugzilla Bug 3636),shellpkg,False,1.0,It is a genuine bug report related to the EDK II package 'shellpkg'.
qwen2.5:14b,A,8979,PciTestSupportedAttribute logic should be changed. (Bugzilla Bug 3635),mdemodulepkg,False,1.0,It is a genuine bug report related to EDK II firmware development.
qwen2.5:14b,A,8978,Cpu feature data stored in memory by PEI AllocatePool() may be migrated to different location when CpuS3 reads (Bugzilla Bug 3634),ueficpupkg,False,1.0,It describes a genuine bug related to memory allocation and migration in the PEI phase.
qwen2.5:14b,A,8977,MdeModulePackage/PeiDxeDebugLibReportStatusCode：Add Standalone MM support (Bugzilla Bug 3633),mdemodulepkg,False,1.0,It is a genuine bug report with comments and a package reference.
qwen2.5:14b,A,8975,CpuFeaturesPei and PiSmmCpuSmmDxe initialize the CPU features twice in S3 boot (Bugzilla Bug 3631),ueficpupkg,False,1.0,It describes a genuine bug with specific details about duplicate initialization in S3 boot.
qwen2.5:14b,A,8974,Mm Communication Ppi is not defined in MdePkg (Bugzilla Bug 3629),mdepkg,False,1.0,It is a genuine bug report related to EDK II firmware development.
qwen2.5:14b,A,8973,CoreSetMemorySpaceCapabilities is receiving memory map entries unknown to it (Bugzilla Bug 3628),mdemodulepkg,False,1.0,It is a genuine bug report related to EDK II firmware development.
qwen2.5:14b,A,8971,AppPkg: Add support for atexit builtin module in Py 3.6.8 (Bugzilla Bug 3626),-,False,1.0,It is a genuine bug report with a specific feature request for AppPkg.
qwen2.5:14b,A,8970,Refactor initialization of CPU features during S3 resume (Bugzilla Bug 3621),ueficpupkg,False,1.0,It is a genuine bug report related to firmware development.
qwen2.5:14b,A,8969,CryptoPkg/BaseCryptLib: Pkcs7Verify() does extra buffer malloc and copy (Bugzilla Bug 3617),cryptopkg,False,1.0,It is a genuine bug report related to EDK II's CryptoPkg package.
qwen2.5:14b,A,8968,"GdbStub, GdbSerialDebugPortLib, and FwVol have multiple 64->32 conversion errors (Bugzilla Bug 3616)",embeddedpkg,False,1.0,It describes a genuine bug report with specific errors in EDK II packages.
qwen2.5:14b,A,8967,Need to add debug message for indicating IBB is successfully verified OBB (Bugzilla Bug 3615),securitypkg,False,1.0,It describes a specific feature addition for debug purposes in the security package.
qwen2.5:14b,A,8966,bad one title bandoned (Bugzilla Bug 3614),securitypkg,True,0.95,The issue lacks a clear description of the problem and seems abandoned.
qwen2.5:14b,A,10137,Error Message is misleading when enrolling security boot keys failed (Bugzilla Bug 3608),securitypkg,False,1.0,It is a genuine bug report related to EDK II firmware development.
qwen2.5:14b,A,8965,Can not access new members added to SMBIOS_TABLE_TYPE9 structure after variable data (Bugzilla Bug 3607),mdepkg,False,1.0,It is a genuine bug report related to EDK II firmware development.
qwen2.5:14b,A,8964,VMs that created from CentOS-7-x86_64-DVD-1708.iso fail to boot (Bugzilla Bug 3606),ovmfpkg,False,1.0,It is a genuine bug report related to an EDK II package.
qwen2.5:14b,A,8963,SecurityPkg/MemoryOverwriteControl: DEBUG print missing argument (Bugzilla Bug 3605),securitypkg,False,1.0,It describes a genuine bug report with enough context to be investigated.
qwen2.5:14b,A,10136,Build races+failure with -j > 1 in MAKEFLAGS (Bugzilla Bug 3604),-,False,1.0,"It describes a build issue with parallel builds, which is relevant to EDK II."
qwen2.5:14b,A,8962,UefiPayloadPkg: build warnings for IA32+X64 (GCC) (Bugzilla Bug 3603),ueficpupkg,False,1.0,It is a genuine bug report related to build warnings in an EDK II package.
qwen2.5:14b,A,10135,The $(MODULE_DIR) variable cannot work properly in INF file (Bugzilla Bug 3600),basetools,False,1.0,It is a genuine bug report related to EDK II build infrastructure.
qwen2.5:14b,A,8957,"gcc_[arm,aarch64]_linux_ext_dep.yaml should download GCC releases from Arm, not Linaro (Bugzilla Bug 3594)",basetools,False,1.0,It is a genuine bug report related to EDK II build infrastructure.
qwen2.5:14b,A,8956,OVMF: use qemu firmware config instead of cmos for memory detection (Bugzilla Bug 3593),ovmfpkg,False,1.0,It is a genuine bug report related to EDK II package.
qwen2.5:14b,A,10134,PciBusDxe：disable option rom decode (Bugzilla Bug 3592),mdemodulepkg,False,1.0,It is a genuine bug report related to EDK II firmware component.
qwen2.5:14b,A,8954,The BootManagerMenuApp would show incorrect when the boot option description is too long (Bugzilla Bug 3590),mdemodulepkg,False,1.0,It describes a specific bug in BootManagerMenuApp related to long boot option descriptions.
qwen2.5:14b,A,10133,UefiPayloadPkg: assert error in PeiPcdLib (Bugzilla Bug 3587),uefipayloadpkg,False,1.0,It is a genuine bug report related to EDK II firmware development.
qwen2.5:14b,A,8953,UefiPayloadPkg: build error (Bugzilla Bug 3586),uefipayloadpkg,False,1.0,It is a genuine bug report related to an EDK II package.
qwen2.5:14b,A,8952,UefiPayloadPkg: payload error (Bugzilla Bug 3585),uefipayloadpkg,False,1.0,It is a genuine bug report related to an EDK II package.
qwen2.5:14b,A,8951,Update mPatchCetSupported set  condition (Bugzilla Bug 3584),ueficpupkg,False,1.0,It is a genuine bug report related to an EDK II package.
qwen2.5:14b,A,10132,remove TcgMorLockSmm (Bugzilla Bug 3583),securitypkg,False,1.0,It is a genuine bug report related to an EDK II package.
qwen2.5:14b,A,10131,Reset loop encountered when running with OVMF and Windows2012R2 guest (Bugzilla Bug 3582),ovmfpkg,False,1.0,"It describes a reproducible problem with OVMF and Windows guest, which is related to EDK II firmware development."
qwen2.5:14b,A,8950,shell invocation might cause inconsistencies in memory maps presented to a operating system (Bugzilla Bug 3581),shellpkg,False,1.0,It describes a specific issue related to the EDK II shell package.
qwen2.5:14b,A,8949,PMTT memory device definitions do not match code (Bugzilla Bug 3579),mdepkg,False,1.0,It is a genuine bug report related to EDK II firmware development.
qwen2.5:14b,A,10129,Structure Pcd and Structure Array Pcd is not working properly (Bugzilla Bug 3577),basetools,False,1.0,"It describes a specific issue with PCD structures in the base tools, which is related to EDK II build infrastructure."
qwen2.5:14b,A,8948,Missing QemuKernelLoaderFsDxe in OvmfXen (Bugzilla Bug 3574),ovmfpkg,False,1.0,It is a genuine bug report related to an EDK II package.
qwen2.5:14b,A,8947,OvmfXen boot failed at SaveS3BootScript() (Bugzilla Bug 3573),ovmfpkg,False,1.0,It is a genuine bug report related to EDK II firmware.
qwen2.5:14b,A,8946,setup browser stucked when frequently plug and unplug usb storege (Bugzilla Bug 3571),mdemodulepkg,True,0.9,"The issue is about a browser setup problem, which is unrelated to EDK II firmware development."
qwen2.5:14b,A,8944,CoreValidateHandle has the risk of invalid memory access (Bugzilla Bug 3569),mdemodulepkg,False,1.0,"The issue describes a potential memory access risk in a specific package, which is relevant to EDK II firmware development."
qwen2.5:14b,A,8942,Enable Config Editor tool support for config file and binary delta comparison (Bugzilla Bug 3567),intelfsp2pkg,False,1.0,It is a genuine bug report related to enabling Config Editor tool support for config file and binary delta comparison.
qwen2.5:14b,A,10128,edk2-stable202108 - Change FV Header to FileSystemGuid3 when using GenFv/GenFds (Bugzilla Bug 3566),basetools,False,1.0,It is a genuine bug report related to EDK II build tools.
qwen2.5:14b,A,8940,MdeModulePkg/PeiCore: Remove MigrateSecModulesInFv() (Bugzilla Bug 3564),mdemodulepkg,False,1.0,It is a genuine bug report related to EDK II package.
qwen2.5:14b,A,10127,BaseTools: Generate EFI variable default value binary file in the build phase (Bugzilla Bug 3562),basetools,False,1.0,It is a genuine bug report related to EDK II build infrastructure.
qwen2.5:14b,A,8936,Learn how to use the Cash app refund to challenge a Cash transaction? (Bugzilla Bug 3558),armplatformpkg,True,1.0,The issue is about using the Cash app and has nothing to do with EDK II firmware development.
qwen2.5:14b,A,8935,Get Chime Customer Service If Require Experts Support Immediately (Bugzilla Bug 3557),armplatformpkg,True,1.0,The issue is unrelated to firmware development and appears to be a request for customer service.
qwen2.5:14b,A,8934,Understand How Much Money Can You Send On Cash App Account (Bugzilla Bug 3555),armplatformpkg,True,1.0,The issue is unrelated to firmware development and appears to be spam or a misunderstanding.
qwen2.5:14b,A,8933,Remote Interpretation Services (Bugzilla Bug 3554),-,True,0.9,The issue title and description do not provide enough information to determine if it is related to EDK II firmware development or a genuine bug report.
qwen2.5:14b,A,8932,Public Adjuster Toronro (Bugzilla Bug 3553),-,True,1.0,The issue title is unrelated and appears to be spam or a misfiled Bugzilla entry.
qwen2.5:14b,A,8931,Claims Adjuster Toronto (Bugzilla Bug 3552),-,True,1.0,The issue is completely unrelated to firmware development and appears to be about claims adjusting services.
qwen2.5:14b,A,10126,"ConvertAsn1TimeToEfiTime function, SetMem actual params out of order (Bugzilla Bug 3550)",cryptopkg,False,1.0,It describes a genuine bug report with specific function and parameter issues.
qwen2.5:14b,A,8929,OPEN_MAX limit value 20 from StdLib/Include/sys/syslimits.h causes Python interpreter 3.6.8 to fail with error IOError: [Errno 24] Too many open files (Bugzilla Bug 3548),-,True,0.9,The issue is about Python's IOError and not related to EDK II firmware development.
qwen2.5:14b,A,8927,How to get a cash app refund by raising a dispute? (Bugzilla Bug 3546),-,True,1.0,The issue is about getting a refund from Cash App and not related to EDK II firmware development.
qwen2.5:14b,A,10125,[MdePkg/BaseLib] Unaligned APIs cannot be called safely (Bugzilla Bug 3542),mdepkg,False,1.0,It is a genuine bug report related to EDK II firmware development.
qwen2.5:14b,A,8924,Get WordPress website development services from experts (Bugzilla Bug 3530),armpkg,True,1.0,The issue is about WordPress website development and not related to EDK II firmware.
qwen2.5:14b,A,8923,Online Guidance (Bugzilla Bug 3529),armvirtpkg,True,0.8,The issue title and description do not provide enough information to determine if it is a genuine bug report or feature request.
qwen2.5:14b,A,8921,How to perform Roadrunner email settings? (Bugzilla Bug 3527),armvirtpkg,True,1.0,The issue is about email settings and not related to firmware development.
qwen2.5:14b,A,8920,FSP NotifyPhase APIs caused 100ms delay in chrome platform. (Bugzilla Bug 3525),mdemodulepkg,False,1.0,It is a genuine bug report related to EDK II firmware development.
qwen2.5:14b,A,8919,How can I change my AOL Password? (Bugzilla Bug 3523),armvirtpkg,True,1.0,The issue is about changing an AOL password and unrelated to firmware development.
qwen2.5:14b,A,10122,.uni and .idf files cannot be used together (Bugzilla Bug 3517),basetools,False,1.0,"It describes a specific issue with EDK II build tools, which is relevant to the project."
qwen2.5:14b,A,8917,SyncPcrAllocationsAndPcrMask should trigger PCR bank reallocation based on BIOS HashLib instances. (Bugzilla Bug 3515),securitypkg,False,1.0,It is a genuine bug report related to EDK II firmware functionality.
qwen2.5:14b,A,10121,MOR bit heuristic in Variable/RuntimeDxe/TcgMorLockSmm.c incompatible with StandaloneMM (Bugzilla Bug 3513),mdemodulepkg,False,1.0,It is a genuine bug report related to EDK II firmware code.
qwen2.5:14b,A,8916,Pointer size mismatch in EvacuateTempRam() (Bugzilla Bug 3512),mdemodulepkg,False,1.0,It is a genuine bug report related to EDK II firmware development.
qwen2.5:14b,A,10120,Enable CI for edk2-platforms (Bugzilla Bug 3509),-,False,1.0,"The issue relates to enabling CI for edk2-platforms, which is relevant to EDK II build infrastructure."
qwen2.5:14b,A,8914,Sort CpuCacheInfo array in CpuCacheInfoLib (Bugzilla Bug 3508),ueficpupkg,False,1.0,It is a genuine bug report related to sorting an array in a specific package.
qwen2.5:14b,A,10119,Edk2/NetworkPkg/HttpBoot: Adding HTTP boot IO timeout programmability from PcdHttpIoTimeout (Bugzilla Bug 3507),networkpkg,False,1.0,It is a genuine bug report related to EDK II's NetworkPkg.
qwen2.5:14b,A,8913,UefiCpuPkg ResetVector Tool Support for Python 3 (Bugzilla Bug 3506),ueficpupkg,False,1.0,It is a genuine bug report related to EDK II package.
qwen2.5:14b,A,8912,Use of kernel/initrd/append option doesn't load VM (Bugzilla Bug 3504),ovmfpkg,False,1.0,The issue is a genuine bug report related to an EDK II package.
qwen2.5:14b,A,8911,Empty TPM Platform Auth (Bugzilla Bug 3499),-,False,1.0,The issue is a genuine bug report related to TPM platform authentication.
qwen2.5:14b,A,8908,HTTPS Additional Event Notifications (Bugzilla Bug 3496),networkpkg,False,1.0,The issue is related to EDK II package and describes a bug.
qwen2.5:14b,A,10115,GetNextDevicePathInstance does not work correctly when Size parameter is NULL (Bugzilla Bug 3495),basetools,False,1.0,It describes a specific bug in EDK II code with enough context to be investigated.
qwen2.5:14b,A,8907,"""PCI Express Gen 4"" SlotID display information support is not added in ShellPkg (Bugzilla Bug 3493)",shellpkg,False,1.0,It describes a specific feature request for ShellPkg with a clear reference to an existing Bugzilla entry.
qwen2.5:14b,A,8906,UefiCpuPkg: SecCoreNative without ResetVector (Bugzilla Bug 3492),ueficpupkg,False,1.0,It is a genuine bug report related to an EDK II package.
qwen2.5:14b,A,8904,SMM memory management: Inspect memory guarded with pool headers (Bugzilla Bug 3488),mdemodulepkg,False,1.0,It is a genuine bug report related to EDK II firmware development.
qwen2.5:14b,A,8903,Measured boot configurations will still compute hashes for TPM PCRs which are inactive. (Bugzilla Bug 3487),securitypkg,False,1.0,It is a genuine bug report related to EDK II's security package.
qwen2.5:14b,A,8902,IntelFsp2Pkg: BaseCacheLib EfiProgramMtrr MtrrNumber Should be UINT32 (Bugzilla Bug 3485),intelfsp2pkg,False,1.0,It is a genuine bug report related to EDK II package.
qwen2.5:14b,A,8901,RamDiskDxe crashes if ramdisks are registered via notify event (Bugzilla Bug 3483),mdemodulepkg,False,1.0,It is a genuine bug report related to EDK II firmware component.
qwen2.5:14b,A,8898,What is the purpose of 123.hp.com? (Bugzilla Bug 3480),armplatformpkg,True,1.0,The issue is about a website unrelated to firmware development.
qwen2.5:14b,A,8896,IntelFsp2Pkg: PatchFv parseInfFile function modification (Bugzilla Bug 3476),intelfsp2pkg,False,1.0,It is a genuine bug report related to an EDK II package.
qwen2.5:14b,A,8895,edk2 does not ignore PMBR protective record BootIndicator as required by UEFI spec (Bugzilla Bug 3474),mdemodulepkg,False,1.0,It is a genuine bug report related to EDK II firmware behavior.
qwen2.5:14b,A,10114,"UEFI: Drops offer from server and errors out ""BootFile does not exist"" (Bugzilla Bug 3471)",networkpkg,False,1.0,It is a genuine bug report related to the EDK II package 'networkpkg'.
qwen2.5:14b,A,8891,"Build tools cannot parse #if FixedPcdGetBool , used in header file of Structure PCD (Bugzilla Bug 3465)",basetools,False,1.0,"The issue describes a build tool problem related to parsing preprocessor directives in EDK II, which is relevant to the project."
qwen2.5:14b,A,8890,TPM must go to Idle state on CRB command completion. (Bugzilla Bug 3463),securitypkg,False,1.0,It is a genuine bug report related to the TPM behavior in EDK II.
qwen2.5:14b,A,8889,Conditionally clear SMM exception shadow stack token busy bit. (Bugzilla Bug 3462),ueficpupkg,False,1.0,It is a genuine bug report related to EDK II firmware development.
qwen2.5:14b,A,10111,Secure Boot: Signed image SHA-256 hashes are not always checked against dbx (Bugzilla Bug 3461),securitypkg,False,1.0,It is a genuine bug report related to Secure Boot functionality in EDK II.
qwen2.5:14b,A,8888,[BaseTools] GenFw: Unsupported ELF R_RISCV_PCREL_LO12_S relocations 0x19 (Bugzilla Bug 3459),basetools,False,1.0,"It describes a specific build issue with ELF relocations in BaseTools, which is related to EDK II build infrastructure."
qwen2.5:14b,A,8886,RSA PSS API had better enforce SaltSize to be same as DigestSize (Bugzilla Bug 3455),cryptopkg,False,1.0,It is a genuine bug report related to the RSA PSS API in the cryptopkg package.
qwen2.5:14b,A,8885,Spellcheck plugin finds fewer files when run on Linux (Bugzilla Bug 3454),-,False,1.0,"It describes a specific issue with the spellcheck plugin on Linux, which is related to EDK II build infrastructure."
qwen2.5:14b,A,10109,ipxe Boot throws exception when accessing SNP Interfaces (Bugzilla Bug 3453),networkpkg,False,1.0,It is a genuine bug report related to EDK II firmware development.
qwen2.5:14b,A,8884,VariablePolicy needs to replace VariableLock. (Bugzilla Bug 3449),mdemodulepkg,False,1.0,It is a genuine bug report related to EDK II firmware development.
qwen2.5:14b,A,8881,Update node to at least 12 to support cspell (Bugzilla Bug 3445),-,False,0.95,"The issue appears to be related to updating build dependencies for better support of a spelling checker tool, which is relevant to EDK II's development environment."
qwen2.5:14b,A,8880,spell check plugin for CI has incorrect file include patterns for invocation when a previous package modifies the standard list. (Bugzilla Bug 3443),-,False,1.0,The issue describes a specific problem with CI build infrastructure and is related to EDK II.
qwen2.5:14b,A,10107,The value of TPM_RC_BAD_TAG is wrong (Bugzilla Bug 3442),mdepkg,False,1.0,"It describes a specific issue with a value in the TPM protocol package, which is relevant to EDK II firmware development."
qwen2.5:14b,A,8879,Device path has wrong FV path if the boot manager menu is from different FV (Bugzilla Bug 3441),mdemodulepkg,False,1.0,It describes a specific bug related to firmware components.
qwen2.5:14b,A,8878,Add MM Configuration PPI definition to MdePkg (Bugzilla Bug 3440),mdepkg,False,1.0,It is a genuine bug report with comments and state indicating it was addressed.
qwen2.5:14b,A,10106,"only 2GB RAM reported I have this problem too. ESC key shows 8GB, Memmap in efi shell shows 2gb. Osx says 8gb. Ubuntu says 2gb (macbookpro10,1) uefipayload.. do u need the hw_probe info? (Bugzilla Bug 3439)",uefipayloadpkg,False,0.95,The issue describes a specific problem with memory reporting that could be a genuine bug.
qwen2.5:14b,A,8877,Everything know How to reset support for Epson printer support ? (Bugzilla Bug 3438),-,True,1.0,The issue is about printer support which is unrelated to EDK II firmware development.
qwen2.5:14b,A,8876,To Know About why Windows 10 Require an HP Support Assistant? (Bugzilla Bug 3437),-,True,1.0,"The issue is about Windows 10 and HP Support Assistant, unrelated to EDK II firmware development."
qwen2.5:14b,A,8875,Get a solution if the user needs PayPal to cash app transfer (Bugzilla Bug 3436),-,True,1.0,"The issue is about PayPal to Cash App transfer, which is unrelated to firmware development."
qwen2.5:14b,A,8874,How do I talk to a cash app representative with no troublesome conditions? (Bugzilla Bug 3435),-,True,1.0,The issue is unrelated to firmware development and appears to be a request for customer support for Cash App.
qwen2.5:14b,A,8871,BaseTools toolsetup.bat incorrectly checks for Split.exe to be build in C (Bugzilla Bug 3432),basetools,False,1.0,"It describes a specific issue with BaseTools, which is related to EDK II build infrastructure."
qwen2.5:14b,A,8867,Build failure with GCC11 (Bugzilla Bug 3427),basetools,False,1.0,It describes a build failure which is relevant to EDK II firmware development.
qwen2.5:14b,A,10104,UefiCpuPkg/CpuCommonFeaturesLib: Processor location information check needs to updated when Core 0 is disabled (Bugzilla Bug 3424),ueficpupkg,False,1.0,It describes a specific bug related to firmware functionality.
qwen2.5:14b,A,8865,Enable BaseCryptLib in Smm (Bugzilla Bug 3423),cryptopkg,False,1.0,It is a genuine bug report related to enabling BaseCryptLib in Smm.
qwen2.5:14b,A,10103,UnitTestAssertNotEfiError fails with CONST pointers (Bugzilla Bug 3422),unittestframeworkpkg,False,1.0,It is a genuine bug report related to EDK II firmware development.
qwen2.5:14b,A,8864,BdsDxe produces DEPRECATED INTERFACE messages. (Bugzilla Bug 3421),mdemodulepkg,False,1.0,"The issue describes a reproducible problem with deprecation messages in BdsDxe, which is related to EDK II firmware development."
qwen2.5:14b,A,10101,error: RPC failed; curl 56 GnuTLS recv error (-9): Error decoding the received TLS packet. fatal: the remote end hung up unexpectedly fatal: early EOF fatal: index-pack failed (Bugzilla Bug 3419),uefipayloadpkg,True,0.95,"The issue appears to be about Git repository access problems, not related to EDK II firmware development."
qwen2.5:14b,A,8863,Having problem when xHCI create Setup Stage TRB (Bugzilla Bug 3418),mdemodulepkg,False,0.95,The issue appears to be a genuine bug report related to EDK II firmware development.
qwen2.5:14b,A,8860,ArmPkg: Fix maximum number of interrupts in GICv3 (Bugzilla Bug 3415),armpkg,False,1.0,It is a genuine bug report related to EDK II's ArmPkg.
qwen2.5:14b,A,8859,Parameters passed to IsLanguageSupported () function inside LookupUnicodeString2() Needs to be interchanged. (Bugzilla Bug 3414),mdepkg,False,1.0,It is a genuine bug report related to EDK II firmware development.
qwen2.5:14b,A,8857,overly noisy deprecation warning in varlock / varpol compat code (Bugzilla Bug 3410),mdemodulepkg,False,1.0,It describes a genuine bug report with context about deprecation warnings in specific code.
qwen2.5:14b,A,10100,build.py: post-prebuild environment capturing breaks with multi-line variables (Bugzilla Bug 3409),basetools,False,1.0,It describes a specific build issue with the EDK II build tools.
qwen2.5:14b,A,8856,SupportedAttributes value in OpalGetSupportedAttributesInfo () is left undetermined and cause Descriptor.RemovalMechanism != 0 assertion (Bugzilla Bug 3408),securitypkg,False,1.0,It is a genuine bug report related to the EDK II package.
qwen2.5:14b,A,10099,[StandaloneMmCore] StandaloneMmCore should not depend on uefi protocolsm & EfiSystemTable should not be used in the StandaloneMmCore (Bugzilla Bug 3407),standalonemmpkg,False,1.0,It is a genuine bug report related to the StandaloneMmCore package.
qwen2.5:14b,A,10098,Basetools need check [Depex] section for MM_STANDALONE module type during build (Bugzilla Bug 3406),basetools,False,1.0,It describes a specific issue related to build tools for a particular module type.
qwen2.5:14b,A,8855,AsmReadSs() for the GCC toolchain returns DS instead of SS (Bugzilla Bug 3405),mdepkg,False,1.0,It is a genuine bug report related to EDK II firmware development.
qwen2.5:14b,A,10097,Add -ffat-lto-objects option in GCC5 tool chain (Bugzilla Bug 3403),basetools,False,1.0,It is a genuine bug report related to EDK II build infrastructure.
qwen2.5:14b,A,10096,it will take too long time(about 40s) to save IIO Configuration SETUP value on EGS CRB board. (Bugzilla Bug 3402),mdemodulepkg,False,1.0,"It describes a specific performance issue with the IIO Configuration SETUP value saving process, which is related to EDK II firmware development."
qwen2.5:14b,A,10095,Shell screen will show a redundant symbol after using Hexedit command under command line. (Bugzilla Bug 3401),shellpkg,False,1.0,It describes a reproducible issue within an EDK II package.
qwen2.5:14b,A,10094,EFI_MM_COMMUNICATE_HEADER has architecture dependent sized field (Bugzilla Bug 3398),mdepkg,False,1.0,It describes a genuine bug related to architecture-dependent sizing in an EDK II package.
qwen2.5:14b,A,8852,MmControl.h in MdePkg has inconsistent names between prototype and usages (Bugzilla Bug 3397),mdepkg,False,1.0,It describes a genuine coding inconsistency issue within an EDK II package.
qwen2.5:14b,A,8851,Add Config Editor tool support for YAML configuration editing (Bugzilla Bug 3396),intelfsp2pkg,False,1.0,It is a legitimate feature request for EDK II with detailed comments and a closed state indicating it was processed.
qwen2.5:14b,A,8850,Bug fix for existing Yaml script for BSF to YAML conversion and array size check issue (Bugzilla Bug 3395),intelfsp2pkg,False,1.0,It is a genuine bug report related to an EDK II package.
qwen2.5:14b,A,10092,Null pointers referenced in SecureBoot LoadSignattureData() and LoadSignatureList() (Bugzilla Bug 3392),securitypkg,False,1.0,It describes a potential bug in the SecureBoot functionality with specific functions mentioned.
qwen2.5:14b,A,8848,build.py does not return failed status code when DSC POSTBUILD returns failed status code (Bugzilla Bug 3391),basetools,False,1.0,It describes a specific build issue with the EDK II build tools.
qwen2.5:14b,A,10091,Support of bit fields in IFR using GUIDed OpCode (Bugzilla Bug 3389),mdemodulepkg,False,1.0,It is a genuine bug report related to EDK II package functionality.
qwen2.5:14b,A,10090,About the efficiency of Shell command (Bugzilla Bug 3388),shellpkg,False,0.95,"The issue is related to the efficiency of a Shell command in EDK II, which suggests it involves firmware components or tools."
qwen2.5:14b,A,8847,SmmEntryPoint underflow allowing potential SMM privilege escalation (Bugzilla Bug 3387),mdemodulepkg,False,1.0,It describes a real security vulnerability involving SmmEntryPoint.
qwen2.5:14b,A,10089,CryptoPkg: Resource leaks in RsaSetKey() (Bugzilla Bug 3386),cryptopkg,False,1.0,It describes a genuine bug report with a specific function and package.
qwen2.5:14b,A,8846,UefiCpuPkg MpLib.c: 'type cast' : conversion from 'int' to 'SEV_ES_AP_JMP_FAR *' of greater size (Bugzilla Bug 3385),ueficpupkg,False,1.0,It is a genuine bug report related to EDK II firmware development.
qwen2.5:14b,A,8845,"Remove UefiBootManagerLib's assumption ""BootManagerMenuFile is in the same FV as the module links to this library"" (Bugzilla Bug 3384)",mdemodulepkg,False,1.0,It is a genuine bug report related to EDK II firmware development.
qwen2.5:14b,A,10088,Incorrect Makefile generation for Windows and C files (Bugzilla Bug 3382),-,False,1.0,"It describes a reproducible problem with Makefile generation, which is related to EDK II build infrastructure."
qwen2.5:14b,A,10087,"BaseTool: Under X64 arch, the structure PCD value is incorrect if its associate c struct has UINTN type attribute or pointer type attribute (Bugzilla Bug 3379)",basetools,False,1.0,"It describes a specific build issue with BaseTools under X64 architecture, which is relevant to EDK II firmware development."
qwen2.5:14b,A,10085,Keyboard does not work in VM-UEFI Boot Environment (Bugzilla Bug 3376),-,False,1.0,It is a genuine bug report related to firmware functionality.
qwen2.5:14b,A,10084,MdeModulePkg: Uninitialized pointer may be accessed when PEI Dispatcher evacuates content of temporary RAM (Bugzilla Bug 3374),mdemodulepkg,False,1.0,It describes a potential uninitialized pointer access issue which is a genuine bug report.
qwen2.5:14b,A,8841,Missing comma in initialization of mExceptionNameStr[] (Bugzilla Bug 3373),ueficpupkg,False,1.0,It is a genuine bug report with enough information and context.
qwen2.5:14b,A,8839,No tarball in 202102 release (Bugzilla Bug 3371),-,False,1.0,"The issue describes a missing tarball in a specific release, which is related to EDK II build infrastructure."
qwen2.5:14b,A,8838,No root-level directory in release archive (Bugzilla Bug 3370),-,False,1.0,It is a genuine bug report related to the release archive structure.
qwen2.5:14b,A,10083,Do we still need the extra CoreConnectController() calls by StartImage for EFI 1.02 compatibility? (Bugzilla Bug 3369),mdemodulepkg,False,1.0,The issue is a genuine bug report related to EFI compatibility and firmware components.
qwen2.5:14b,A,10082,Pkcs7Sign.py should ignore alignment for generating sign buffer (Bugzilla Bug 3364),basetools,False,1.0,It is a genuine bug report related to EDK II build tools.
qwen2.5:14b,A,8836,edk2 202102 fail to build (Illegal instruction) (Bugzilla Bug 3363),ovmfpkg,False,1.0,It describes a build failure with specific error message and package name.
qwen2.5:14b,A,10081,Changes required  for  STR_SMBIOSVIEW_PRINTINFO_BITS_48_64 to be  STR_SMBIOSVIEW_PRINTINFO_BITS_48_63 in smbiosviewstrings.uni (Bugzilla Bug 3362),shellpkg,False,1.0,It is a genuine bug report with specific changes required in a source file.
qwen2.5:14b,A,8835,"Support Target, ToolChain, or Architecture declared in DSC [BuildOptions] sections (Bugzilla Bug 3359)",basetools,False,1.0,It is a genuine bug report related to EDK II build infrastructure.
qwen2.5:14b,A,8834,CLANGPDB build fails in StandaloneMmCoreEntryPoint module (Bugzilla Bug 3358),standalonemmpkg,False,1.0,It describes a build failure related to EDK II.
qwen2.5:14b,A,10080,The edksetup.sh should create a Conf folder if it doesn't exist (Bugzilla Bug 3357),-,False,1.0,It is a genuine bug report related to EDK II build infrastructure.
qwen2.5:14b,A,8833,NetworkPkg/IScsiDxe: remotely exploitable buffer overflows (Bugzilla Bug 3356),networkpkg,False,1.0,It describes a real security vulnerability in the IScsiDxe driver.
qwen2.5:14b,A,8831,clean up TPM_ENABLE remnants in OvmfPkg/Bhyve (Bugzilla Bug 3354),ovmfpkg,False,1.0,It is a genuine bug report with context and comments indicating work has been done.
qwen2.5:14b,A,8830,BaseTools generated makefile tool definitions should be sorted (Bugzilla Bug 3353),basetools,False,1.0,It is a genuine bug report related to BaseTools package.
qwen2.5:14b,A,8829,LcdHwNullLib returns an inconvenient value for LcdIdentify() (Bugzilla Bug 3351),armplatformpkg,False,1.0,It is a genuine bug report related to an EDK II package.
qwen2.5:14b,A,8828,About the URL of BoringSSL in CryptoPkg. (Bugzilla Bug 3350),cryptopkg,False,1.0,"The issue relates to the CryptoPkg package and discusses a URL, which is relevant to EDK II build infrastructure."
qwen2.5:14b,A,8827,Add the ArmPlatformPkg to the azurepipeline (Bugzilla Bug 3349),armplatformpkg,False,1.0,"The issue is related to adding a package to the build pipeline, which involves EDK II build infrastructure."
qwen2.5:14b,A,8826,Add the ArmPkg to the azurepipeline (Bugzilla Bug 3348),armpkg,False,1.0,"The issue is related to adding a package to the build infrastructure, which is relevant to EDK II."
qwen2.5:14b,A,8824,Brotli compress failure due to file corruption (Bugzilla Bug 3346),basetools,False,1.0,It describes a build failure related to EDK II build tools.
qwen2.5:14b,A,8823,SEV-ES guest does not work with a TPM enabled OVMF package (Bugzilla Bug 3345),ovmfpkg,False,1.0,It is a genuine bug report related to an EDK II package.
qwen2.5:14b,A,8822,Verify that TAB_TOD_DEFINES_FAMILY key is present in ToolDef dictionary before access (Bugzilla Bug 3344),basetools,False,1.0,It is a genuine bug report related to EDK II build infrastructure.
qwen2.5:14b,A,8821,FmpDeviceLib interface for Driver Unload is missing. (Bugzilla Bug 3342),fmpdevicepkg,False,1.0,"It describes a specific issue with an EDK II package, indicating it is a genuine bug report."
qwen2.5:14b,A,8820,LLVM default installation path is not correctly set in windows (Bugzilla Bug 3341),basetools,False,1.0,It describes a specific build issue with the EDK II build tools on Windows.
qwen2.5:14b,A,10077,Designware MMC driver support (Bugzilla Bug 3340),embeddedpkg,False,1.0,It is a genuine bug report related to an EDK II package.
qwen2.5:14b,A,8817,Remove redundant MAKE_PATH and MAKE_FLAGS statements in tools_def.template (Bugzilla Bug 3337),basetools,False,1.0,It is a genuine bug report related to EDK II build infrastructure.
qwen2.5:14b,A,8814,Remove microcode related PCDs in IntelFsp2WrapperPkg (Bugzilla Bug 3334),intelfsp2wrapperpkg,False,1.0,It is a genuine bug report related to an EDK II package.
qwen2.5:14b,A,8813,using sizeof twice (Bugzilla Bug 3333),securitypkg,False,1.0,The issue is related to an EDK II package and describes a potential bug.
qwen2.5:14b,A,10076,[BaseTools][FitGen] Modify FitGen tool to support multiple generation of ACM header (Bugzilla Bug 3332),basetools,False,1.0,It is a genuine bug report related to modifying the FitGen tool in BaseTools.
qwen2.5:14b,A,10075,Treat memory protection attributes separately (Bugzilla Bug 3331),-,False,0.95,The issue appears to be a genuine bug report related to memory protection attributes.
qwen2.5:14b,A,10074,DxeCore: No support for granular PE section permissions (Bugzilla Bug 3329),mdemodulepkg,False,1.0,It is a genuine bug report related to EDK II firmware functionality.
qwen2.5:14b,A,8812,DxeCore: PE code section protection uses raw file size (Bugzilla Bug 3328),mdemodulepkg,False,1.0,It is a genuine bug report related to EDK II firmware development.
qwen2.5:14b,A,10073,DxeCore: Image-based MAT splitting may emit unintended permissions (Bugzilla Bug 3327),mdemodulepkg,False,1.0,It is a genuine bug report related to EDK II firmware development.
qwen2.5:14b,A,8811,AsmReadMsr64() for the GCC toolchain can return uninitialized value (Bugzilla Bug 3325),mdepkg,False,1.0,It is a genuine bug report related to EDK II firmware development.
qwen2.5:14b,A,8810,MpInitLib: SEV-ES stacks share page with code and other data (Bugzilla Bug 3324),ueficpupkg,False,1.0,It is a genuine bug report related to EDK II firmware components.
qwen2.5:14b,A,10071,LoadFile: Insufficient data is returned (Bugzilla Bug 3323),mdepkg,False,1.0,"It describes a specific issue with the 'mdepkg' package, which is related to EDK II firmware development."
qwen2.5:14b,A,10070,PiPeiCis: Section data returned without corresponding size (Bugzilla Bug 3321),mdepkg,False,1.0,It is a genuine bug report related to EDK II firmware development.
qwen2.5:14b,A,10069,MpInitLib/Pei: WakeupBuffer is still borrowed (Bugzilla Bug 3320),ueficpupkg,False,1.0,"It describes a specific issue within an EDK II package, indicating it is a genuine bug report."
qwen2.5:14b,A,10068,MpInitLib/Dxe: BackupBuffer and WakeupBufferHigh have been deprecated (Bugzilla Bug 3319),ueficpupkg,False,1.0,It is a genuine bug report related to deprecation of specific buffers in EDK II.
qwen2.5:14b,A,10067,Inconsistency between .rdata and .rodata sections (Bugzilla Bug 3318),-,False,0.95,The issue describes a potential inconsistency in section definitions which is relevant to firmware development.
qwen2.5:14b,A,10066,"{Dxe,PiSmm,StandaloneMm}Core: Untrusted images may be left dangling in memory (Bugzilla Bug 3317)",mdemodulepkg,False,1.0,The issue describes a potential security vulnerability related to memory management in EDK II.
qwen2.5:14b,A,8809,DxeCore: Unloading image pre-CpuDxe may dereference NULL (Bugzilla Bug 3315),mdemodulepkg,False,1.0,It is a genuine bug report related to EDK II firmware components.
qwen2.5:14b,A,8807,Fix MAKE_FLAG typos in tools_def.template for VS20xx toolchains (Bugzilla Bug 3313),basetools,False,1.0,It is a genuine bug report with comments and a state indicating it was addressed.
qwen2.5:14b,A,8806,Support MAKE_PATH in DSC [BuildOptions] and split MAKE_FLAGS in DSC [BuildOptions] (Bugzilla Bug 3312),basetools,False,1.0,It is a genuine bug report related to EDK II build infrastructure.
qwen2.5:14b,A,10065,SetupBrowserDxe does not handle two formsets using the same VarStoreID (Bugzilla Bug 3311),mdemodulepkg,False,1.0,It is a genuine bug report related to an EDK II package.
qwen2.5:14b,A,8805,VarCheckPolicyLibMmiHandler() passes uninitialized TempSize to DumpVariablePolicy() (Bugzilla Bug 3310),mdemodulepkg,False,1.0,It is a genuine bug report related to EDK II firmware development.
qwen2.5:14b,A,8804,Define new element in CPUID Leaf(07h) data structure (Bugzilla Bug 3309),mdepkg,False,1.0,It is a genuine bug report related to EDK II package.
qwen2.5:14b,A,8803,"Remove fixed CPU architecture list assumptions from BaseTools, MdePkg, and CryptoPkg (Bugzilla Bug 3308)",basetools,False,1.0,The issue is a genuine bug report related to removing fixed CPU architecture assumptions in EDK II packages.
qwen2.5:14b,A,10064,FreePool : Exploitable if Buffer does not belong to SMRAM. SMM should always call Smst version not gBS version (Bugzilla Bug 3305),mdepkg,False,1.0,The issue describes a potential security vulnerability related to EDK II firmware.
qwen2.5:14b,A,10063,BaseTools can't be built on Windows because warnings are set to error (Bugzilla Bug 3302),basetools,False,1.0,"It describes a build issue with BaseTools on Windows, which is relevant to EDK II."
qwen2.5:14b,A,8800,Create TianoCore mirror of cmocka and use it from UnitTestFrameworkPkg (Bugzilla Bug 3301),unittestframeworkpkg,False,1.0,It is a legitimate feature request to create a TianoCore mirror of cmocka and use it from UnitTestFrameworkPkg.
qwen2.5:14b,A,8799,Physical Address Bits in PiSmmCpuDxeSmm updated during SetStaticPageTable routine (Bugzilla Bug 3300),ueficpupkg,False,1.0,It is a genuine bug report related to EDK II firmware development.
qwen2.5:14b,A,8798,[BaseTools] GenFw: Unsupported ELF EM_RISCV64 relocations 0x13 and 0x14 (Bugzilla Bug 3299),basetools,False,1.0,"It describes a specific build issue with ELF relocations in BaseTools, which is related to EDK II build infrastructure."
qwen2.5:14b,A,8797,Rename mAcpiS3Enable global in PiDxeS3BootScriptLib to avoid duplicate symbol with CLANGPDB (Bugzilla Bug 3297),mdemodulepkg,False,1.0,It is a genuine bug report related to symbol naming conflict with CLANGPDB.
qwen2.5:14b,A,10062,EFI_ACPI_MAX_NUM_TABLES hardcoded to 20 was too small for our platform. (Bugzilla Bug 3296),mdemodulepkg,False,1.0,It describes a genuine bug with insufficient configuration for the platform.
qwen2.5:14b,A,8796,MdePkg: IEEE Extended Unique Identifiers (EUI64) are big endian (Bugzilla Bug 3292),mdepkg,False,1.0,It is a genuine bug report related to EDK II's MdePkg package.
qwen2.5:14b,A,8795,VfrCompile fails when attempting to compile DriverSampleDxe (Bugzilla Bug 3289),mdemodulepkg,False,1.0,"It describes a specific build failure with VfrCompile, which is related to EDK II."
qwen2.5:14b,A,8794,Simplify CryptoPkg.dsc by using UnitTestFrameworkPkgTarget.dsc.inc (Bugzilla Bug 3288),cryptopkg,False,1.0,It is a genuine bug report related to simplifying CryptoPkg.dsc by using UnitTestFrameworkPkgTarget.dsc.inc
qwen2.5:14b,A,8793,Remove duplicate declaration of EDKII_CRYPTO_RSA_GET_PUBLIC_KEY_FROM_X509 in CryptoPkg/Private/Protocol/Crypto.h (Bugzilla Bug 3287),cryptopkg,False,1.0,It is a genuine bug report related to code cleanup in an EDK II package.
qwen2.5:14b,A,8792,Remove duplicate declaration of EFI_RESET_NOTIFICATION_PROTOCOL in MdePkg/Include/Protocol/ResetNotification.h (Bugzilla Bug 3286),mdepkg,False,1.0,It is a genuine bug report related to removing duplicate declarations in EDK II source code.
qwen2.5:14b,A,8791,Remove duplicate declaration of   EFI_HII_POPUP_PROTOCOL in MdePkg/Include/Protocol/HiiPopup.h (Bugzilla Bug 3285),mdepkg,False,1.0,It is a genuine bug report related to removing duplicate declarations in EDK II source code.
qwen2.5:14b,A,8790,Support Extended Control Register(XCR) read and write (Bugzilla Bug 3284),mdepkg,False,1.0,It is a genuine bug report related to EDK II firmware development.
qwen2.5:14b,A,8789,SMM save state code does not check the buffer width before accessing (Bugzilla Bug 3283),ueficpupkg,False,1.0,It is a genuine bug report related to EDK II firmware code.
qwen2.5:14b,A,10060,MdeModulePkg: AuthenticationStatus from DXE SectionExtraction handler is not processed (Bugzilla Bug 3279),mdemodulepkg,False,1.0,"It describes a specific issue within an EDK II package, indicating it is a genuine bug report."
qwen2.5:14b,A,10059,a bug fix impacts the usage of the GCC toolchain (Bugzilla Bug 3278),basetools,False,1.0,"The issue describes a bug related to the GCC toolchain usage, which is relevant to EDK II build infrastructure."
qwen2.5:14b,A,8787,"Tcg2Smm.c - SecurityPkg\Tcg\Tcg2Smm\Tcg2Smm.c:254:7: error: variable 'Status' is used uninitialized whenever 'if' condition is false [-Werror,-Wsometimes-uninitialized] (Bugzilla Bug 3277)",securitypkg,False,1.0,It describes a specific build error with a clear code reference.
qwen2.5:14b,A,10058,"Local Buffer allocated for Copy of data, is not freed in ShellPkg for ""CP"" command (Bugzilla Bug 3276)",shellpkg,False,1.0,It describes a genuine memory leak issue in ShellPkg.
qwen2.5:14b,A,10057,GenFw: IsDataShdr() always returns false (Bugzilla Bug 3271),basetools,False,1.0,It is a genuine bug report related to EDK II build tools.
qwen2.5:14b,A,10056,Windows guest fails to boot into recovery mode due to commit 5267926 (Bugzilla Bug 3269),mdemodulepkg,False,1.0,"It describes a specific issue with booting into recovery mode, likely a genuine bug report."
qwen2.5:14b,A,10055,SecurityPkg/Tcg2Config: PCR Bank SHA1 checkbox is still can be selected when SHA1 algorithm is disbaled (Bugzilla Bug 3268),securitypkg,False,1.0,It describes a genuine bug related to the Tcg2Config in SecurityPkg.
qwen2.5:14b,A,8783,Collect cache associative type in CpuCacheInfoLib (Bugzilla Bug 3265),ueficpupkg,False,1.0,It is a genuine bug report related to EDK II firmware development.
qwen2.5:14b,A,8782,build tool does not work with Python 3.9 (Bugzilla Bug 3263),basetools,False,1.0,The issue relates to a build tool in EDK II and describes a specific version compatibility problem.
qwen2.5:14b,A,8781,"Unknown PCIe extended capability ID (70FFh/FFFFh).  No interpretation available."" error message in output of pci -i command in EFI Shell (Bugzilla Bug 3262)",shellpkg,False,1.0,It describes a specific error message in the EFI Shell which is related to EDK II firmware development.
qwen2.5:14b,A,8780,Lost dependency section when create FFS with guid section or FV section. (Bugzilla Bug 3261),basetools,False,1.0,It describes a specific reproducible problem with EDK II build tools.
qwen2.5:14b,A,10053,System hang caused by MNP driver when MNP driver failed to uninstall Managed Network Protocol (Bugzilla Bug 3260),mdemodulepkg,False,1.0,It describes a reproducible system hang issue related to an EDK II package.
qwen2.5:14b,A,8779,ArmPkg should declare library classes it defines in the DEC file and build all instances (Bugzilla Bug 3258),armpkg,False,1.0,It is a genuine bug report related to EDK II package ArmPkg.
qwen2.5:14b,A,8778,GenFw embeds full DLL pathname in RELEASE binaries (Bugzilla Bug 3256),basetools,False,1.0,It is a genuine bug report related to EDK II build tools.
qwen2.5:14b,A,8777,ArmMmuStandaloneMmLib.inf and ArmMmuBaseLib.inf have same File Guid (Bugzilla Bug 3255),armpkg,False,1.0,It describes a genuine issue with duplicate GUIDs in EDK II source files.
qwen2.5:14b,A,8776,ArmPkg Dec file doesn't correctly declare LibraryClasses header files (Bugzilla Bug 3254),armpkg,False,1.0,It is a genuine bug report related to EDK II's ArmPkg package.
qwen2.5:14b,A,10051,LocateHandleBuffer fail if number of Handle varies (Bugzilla Bug 3247),mdemodulepkg,False,1.0,It is a genuine bug report related to EDK II firmware development.
qwen2.5:14b,A,10050,UefiCpuPkg/MpInitLib should avoid printing debug messages in MicrocodeDetect() (Bugzilla Bug 3245),ueficpupkg,False,1.0,It is a genuine bug report related to EDK II firmware development.
qwen2.5:14b,A,10049,Pkcs7GetSigners() misuse (Bugzilla Bug 3243),cryptopkg,False,1.0,It is a genuine bug report related to an EDK II package.
qwen2.5:14b,A,10048,Reading the RTC time and date registers is not safe with respect to SMI (Bugzilla Bug 3241),pcatchipsetpkg,False,1.0,It describes a specific issue related to firmware functionality.
qwen2.5:14b,A,10047,Support standalone MM Driver Unload capbility in StandaloneMmDriverEntryPoint lib (Bugzilla Bug 3240),mdepkg,False,1.0,It is a genuine bug report related to an EDK II package.
qwen2.5:14b,A,8773,"build command ""modules"" option doesn't work (Bugzilla Bug 3238)",basetools,False,1.0,It is a genuine bug report related to EDK II build tools.
qwen2.5:14b,A,8772,SMM stack offset is not correct under multi processor (Bugzilla Bug 3237),ueficpupkg,False,1.0,It is a genuine bug report related to EDK II firmware development.
qwen2.5:14b,A,8771,Wrong GICR_IPRIORITYR address used in ArmGicSetInterruptPriority (Bugzilla Bug 3236),armpkg,False,1.0,It is a genuine bug report related to EDK II firmware development.
qwen2.5:14b,A,8770,StandaloneMmPkg StandaloneMmDriverEntryPoint.h Duplicates MdePkg File (Bugzilla Bug 3235),standalonemmpkg,False,1.0,"The issue describes a duplicate file problem within the EDK II project, which is relevant to firmware development."
qwen2.5:14b,A,8769,"Need to disable the ""map"" print when entering to EFI shell (Bugzilla Bug 3234)",shellpkg,False,1.0,It is a genuine bug report with comments and state indicating it was addressed.
qwen2.5:14b,A,10046,CpuDxe may allocate above 4GB memory for GDT (Bugzilla Bug 3233),ueficpupkg,False,1.0,It is a genuine bug report related to memory allocation in CpuDxe package.
qwen2.5:14b,A,10045,Possible exception in FileHandleWrappers.c using Redirection with HeapGuard active (Bugzilla Bug 3232),shellpkg,False,1.0,It describes a potential bug with specific details related to EDK II firmware development.
qwen2.5:14b,A,8765,"""maybe-uninitialized"" warnings emitted by gcc-5.5.0 (Bugzilla Bug 3228)",shellpkg,False,1.0,"It describes a specific build warning related to EDK II package, which is relevant for firmware development."
qwen2.5:14b,A,10043,DxeMpLib requires executable reserved memory on multicore CPUs (Bugzilla Bug 3222),mdemodulepkg,False,1.0,It is a genuine bug report related to EDK II firmware development.
qwen2.5:14b,A,10042,PcdDxeNxMemoryProtectionPolicy makes PageTable writable (Bugzilla Bug 3221),mdemodulepkg,False,1.0,It is a genuine bug report related to EDK II firmware functionality.
qwen2.5:14b,A,10041,Add platform CI support for Kvmtool (Bugzilla Bug 3216),armvirtpkg,False,1.0,"It is a genuine feature request to add CI support for Kvmtool, which relates to EDK II build infrastructure."
qwen2.5:14b,A,8760,SMBIOS 3.4.0 support (Bugzilla Bug 3215),shellpkg,False,1.0,It is a genuine bug report related to SMBIOS support in the EDK II project.
qwen2.5:14b,A,8759,Incorrect dependencies on Tcg2PhysicalPresenceLib (Bugzilla Bug 3214),securitypkg,False,1.0,It describes a specific bug in an EDK II package.
qwen2.5:14b,A,10040,MemoryFence() should have a compiler fence for VC++ (Bugzilla Bug 3213),mdepkg,False,1.0,It is a genuine bug report related to EDK II package functionality.
qwen2.5:14b,A,8758,Mismatch in Ecc check and EDK II coding standard policy (Bugzilla Bug 3212),basetools,False,0.95,"The issue relates to a coding standard policy in EDK II build tools, which is relevant to the project."
qwen2.5:14b,A,8757,Uefi functions AddUnicodeString2() and LookupUnicodeString2() are returning EFI_UNSUPPORTED incorrectly. (Bugzilla Bug 3211),mdepkg,False,1.0,"The issue describes a specific problem with Uefi functions returning EFI_UNSUPPORTED incorrectly, which is relevant to EDK II firmware development."
qwen2.5:14b,A,8756,BrotliCompress can't run in Linux machine (Bugzilla Bug 3210),basetools,False,1.0,It is a genuine bug report related to EDK II build tools.
qwen2.5:14b,A,10039,ECC tracker (Bugzilla Bug 3206),basetools,False,1.0,It relates to EDK II build infrastructure (basetools package).
qwen2.5:14b,A,8752,Add a Standalone MM HOB production library (Bugzilla Bug 3205),standalonemmpkg,False,1.0,It is a genuine bug report related to EDK II firmware development.
qwen2.5:14b,A,8751,VS2019 compiler warning in StandaloneMmCore (Bugzilla Bug 3204),standalonemmpkg,False,1.0,"It describes a compiler warning in an EDK II package, which is relevant to firmware development."
qwen2.5:14b,A,8750,StandaloneMmPkg/FvLib.h: FfsFindSection() missing EFIAPI (Bugzilla Bug 3203),standalonemmpkg,False,1.0,It is a genuine bug report related to EDK II firmware development.
qwen2.5:14b,A,8749,Add X64 build support to StandaloneMmPkg (Bugzilla Bug 3202),standalonemmpkg,False,1.0,"The issue is related to adding X64 build support for a specific EDK II package, which is relevant to firmware development."
qwen2.5:14b,A,10038,Ecc failures on code checking (Bugzilla Bug 3201),-,False,1.0,It is a genuine bug report related to EDK II code checking.
qwen2.5:14b,A,10037,Opaque build failure when a file guid is zero (Bugzilla Bug 3200),basetools,False,1.0,"It describes a specific build failure in EDK II basetools, which is relevant to the project."
qwen2.5:14b,A,8748,"Call MmStartupThisAp many times in a SMI service, system will hang because of run out of SMM memory. (Bugzilla Bug 3199)",ueficpupkg,False,1.0,"It describes a specific issue with SMM memory exhaustion in EDK II firmware, which is relevant to the project."
qwen2.5:14b,A,8747,MemAttrTable and ESRT should using AllocRuntimePoll (Bugzilla Bug 3198),mdemodulepkg,False,1.0,It is a genuine bug report related to EDK II firmware development.
qwen2.5:14b,A,10036,Wrong debug message regarding FvNameGuid (Bugzilla Bug 3197),mdemodulepkg,False,1.0,It is a genuine bug report related to EDK II firmware development.
qwen2.5:14b,A,8746,Support no enabled AP case in DxeCpuCacheInfoLib (Bugzilla Bug 3195),ueficpupkg,False,1.0,It is a genuine bug report related to EDK II firmware development.
qwen2.5:14b,A,8745,Seems like OVMF cannot initialize Radeon Pro VII (Bugzilla Bug 3193),ovmfpkg,False,0.95,"The issue describes a problem with OVMF and Radeon Pro VII initialization, which is related to EDK II firmware development."
qwen2.5:14b,A,8744,Clear shadow stack token busy bit before return from SMM exception handler (Bugzilla Bug 3192),mdepkg,False,1.0,It is a genuine bug report related to EDK II firmware functionality.
qwen2.5:14b,A,8743,Support Non-Blocking Execution in CpuCacheInfoLib (Bugzilla Bug 3191),ueficpupkg,False,1.0,It is a genuine bug report related to EDK II firmware development.
qwen2.5:14b,A,8742,Add MpService dependency in CpuCacheInfoLib (Bugzilla Bug 3190),ueficpupkg,False,1.0,It is a genuine bug report related to EDK II package dependency.
qwen2.5:14b,A,10035,MP: 2nd StartupThisAp may interrupt AP which is still executing procedure assigned by 1st StartupThisAp (Bugzilla Bug 3189),ueficpupkg,False,1.0,It describes a specific issue related to EDK II firmware behavior.
qwen2.5:14b,A,10034,MP: SwitchBSPWorker() can wait till FinishedCount ==1 instead of GetApState() == CpuStateFinished (Bugzilla Bug 3188),ueficpupkg,False,1.0,It is a specific bug report related to EDK II firmware functionality.
qwen2.5:14b,A,10033,FaultTolerantWriteDxe defect will cause NVRAM not recovered after number of WorkSpaceRefresh(). (Bugzilla Bug 3187),mdemodulepkg,False,1.0,"It describes a specific defect in the FaultTolerantWriteDxe package that affects NVRAM recovery, which is relevant to EDK II firmware development."
qwen2.5:14b,A,10032,AllocSize = USBHC_MEM_ROUND (Size);  // results in ASSERT when second last trb-address + 64 bytes croses end of 16 pages memblock in transfer ring with 0x1000 trb s each with 16 byte size (Bugzilla Bug 3186),mdemodulepkg,False,1.0,"The issue describes a specific bug in the USBHC_MEM_ROUND macro that causes an assertion failure, which is relevant to EDK II firmware development."
qwen2.5:14b,A,8741,Add MM_STANDALONE support to SmiHandlerProfileLib (Bugzilla Bug 3185),mdemodulepkg,False,1.0,It is a genuine bug report related to EDK II firmware development.
qwen2.5:14b,A,8740,Add MM_STANDALONE support to SmiHandlerProfileLibNull (Bugzilla Bug 3184),mdepkg,False,1.0,It is a genuine bug report related to EDK II firmware development.
qwen2.5:14b,A,8739,Runtime service flash updates not succeeding for an SEV-ES guest (Bugzilla Bug 3183),ovmfpkg,False,1.0,It is a genuine bug report related to firmware functionality.
qwen2.5:14b,A,8738,MP: Racing condition in AP wake up (Bugzilla Bug 3182),ueficpupkg,False,1.0,It describes a genuine bug report with a specific issue in the MP (Multi-Processor) package.
qwen2.5:14b,A,8737,UEFI BIOS Accepts Weak Platform Key (PK) (Bugzilla Bug 3181),-,False,1.0,It describes a security vulnerability related to UEFI BIOS accepting weak platform keys.
qwen2.5:14b,A,8736,OvmfPkg/PlatformBootManagerLibGrub: consider removing EfiBootManagerDispatchDeferredImages() call (Bugzilla Bug 3180),ovmfpkg,False,1.0,It is a genuine bug report related to EDK II package OvmfPkg.
qwen2.5:14b,A,8735,MP: InterlockedIncrement ((UINT32 *) &CpuMpData->CpuCount) can be removed from ApWakeupFunction (Bugzilla Bug 3179),ueficpupkg,False,1.0,It is a genuine bug report related to EDK II firmware development.
qwen2.5:14b,A,8734,UEFI shell rebuild for edk2-stable202102 (Bugzilla Bug 3178),-,False,1.0,It is a genuine bug report related to UEFI shell rebuild in edk2-stable202102.
qwen2.5:14b,A,8733,"There is no data for Contained Element Count, Contained Element Record Length and Contained Elements with smbiosview -t 3 in shell (Bugzilla Bug 3177)",shellpkg,False,0.95,"The issue describes a specific problem with smbiosview in the shell package, which is related to EDK II firmware development."
qwen2.5:14b,A,8732,EDKII Platform level Redfish packet encode/decode library (Bugzilla Bug 3174),redfishpkg,False,1.0,It is a genuine bug report related to EDK II package.
qwen2.5:14b,A,8731,Implement EmulatorPkg platform Redfish credential library (Bugzilla Bug 3173),emulatorpkg,False,1.0,It is a legitimate feature request or bug report related to EmulatorPkg.
qwen2.5:14b,A,8730,Migrate HTTP header manipulation APIs (Bugzilla Bug 3172),networkpkg,False,1.0,It is a genuine bug report related to EDK II package.
qwen2.5:14b,A,8729,NetworkPkg/Library/DxeHttpIoLib: Http boot failure with no initializes timeout value. (Bugzilla Bug 3170),networkpkg,False,1.0,It is a genuine bug report related to EDK II's NetworkPkg.
qwen2.5:14b,A,8726,CpuMp calls AllocatePool() to allocate > 64KB memory (Bugzilla Bug 3167),ueficpupkg,False,1.0,It is a genuine bug report related to EDK II package.
qwen2.5:14b,A,10031,CoreValidateHandle() is unsafe. (Bugzilla Bug 3166),mdemodulepkg,False,1.0,"It describes a potential safety issue with CoreValidateHandle(), which is relevant to EDK II firmware development."
qwen2.5:14b,A,10030,IndustryStandard/SmBios.h has incorrectly capitalized filename (Bugzilla Bug 3164),mdepkg,False,1.0,It is a genuine bug report regarding incorrect capitalization in a header file.
qwen2.5:14b,A,10029,Build failed on os.makedirs() for .cache (Bugzilla Bug 3161),basetools,False,0.95,The issue describes a build failure which is relevant to EDK II's build infrastructure.
qwen2.5:14b,A,8723,Possible TOCTOU in the GDT migration code (Bugzilla Bug 3160),ueficpupkg,False,1.0,"It describes a potential race condition in the GDT migration code, which is a genuine security concern."
qwen2.5:14b,A,8722,"remove CPU_REGISTER_TABLE allocations in CpuS3DataDxe, in OvmfPkg and UefiCpuPkg (Bugzilla Bug 3159)",ovmfpkg,False,1.0,It is a genuine bug report related to EDK II firmware development.
qwen2.5:14b,A,10028,Openssl allocatepool failed in PEI phase when Image buffer is large then 64K (Bugzilla Bug 3157),cryptopkg,False,1.0,"It describes a specific issue with OpenSSL allocation in the PEI phase, which is relevant to EDK II firmware development."
qwen2.5:14b,A,8721,"Core CI, Platform CI: issues with the ""ubuntu-latest"" VM image (Bugzilla Bug 3156)",basetools,False,1.0,"The issue relates to CI build problems with the 'ubuntu-latest' VM image, which is relevant to EDK II build infrastructure."
qwen2.5:14b,A,10027,Second uCode load can be eliminated in MpInitLib (Bugzilla Bug 3155),ueficpupkg,False,1.0,It is a genuine bug report related to EDK II firmware development.
qwen2.5:14b,A,8720,Fix Variable Lock compatibility issue for SetVariable from SMM (Bugzilla Bug 3154),mdemodulepkg,False,1.0,It is a genuine bug report related to EDK II firmware development.
qwen2.5:14b,A,8715,Exception handle for high 32bit of Pmem64 bit BAR being zero (Bugzilla Bug 3149),mdemodulepkg,False,1.0,It is a genuine bug report related to EDK II firmware development.
qwen2.5:14b,A,10026,Basetools Should Check the INF file GUID correctness before generating the AutoGen.c (Bugzilla Bug 3148),basetools,False,1.0,It is a genuine bug report related to EDK II build tools.
qwen2.5:14b,A,10025,Initialize Real Non-volatile storage (Bugzilla Bug 3144),mdemodulepkg,False,1.0,It is a genuine bug report related to firmware development.
qwen2.5:14b,A,8714,"Create password does not prompt ""Configuration changed"" (Bugzilla Bug 3143)",-,True,0.95,The issue title and description suggest a configuration or password prompt behavior which is unrelated to firmware development.
qwen2.5:14b,A,10024,Add AlderLake Socket information to Processor Upgrade field in Smbios structure - Smbios.h (Bugzilla Bug 3141),mdepkg,False,1.0,It is a genuine bug report related to EDK II package.
qwen2.5:14b,A,10023,Add New Processor Socket information to Processor Upgrade field in Smbios structure - Smbios.h (Bugzilla Bug 3140),mdepkg,False,1.0,It is a genuine bug report related to EDK II package.
qwen2.5:14b,A,10022,AllocatePool use wrong size value (Bugzilla Bug 3139),embeddedpkg,False,0.95,The issue is a genuine bug report related to EDK II firmware development.
qwen2.5:14b,A,8713,Add PCIe Resizable BAR Capability Support (Bugzilla Bug 3138),mdemodulepkg,False,1.0,It is a legitimate feature request related to EDK II firmware development.
qwen2.5:14b,A,10021,BaseTools: Update the Basetools code for Python3.9 compatibility (Bugzilla Bug 3136),basetools,False,1.0,It is a genuine bug report related to EDK II build infrastructure.
qwen2.5:14b,A,8712,Boot0000 would be first place after resetting BootOrder by efibootmgr (Bugzilla Bug 3135),mdemodulepkg,False,1.0,It is a genuine bug report related to EDK II package functionality.
qwen2.5:14b,A,10019,ECC tool doesn't understand Doxygen comments with leading asterisk (Bugzilla Bug 3131),basetools,False,1.0,It is a genuine bug report related to EDK II build tools.
qwen2.5:14b,A,10018,StandaloneMmMemLib does not initialize MMRAM information (Bugzilla Bug 3128),standalonemmpkg,False,1.0,It is a genuine bug report related to EDK II firmware component.
qwen2.5:14b,A,8708,BaseTools reports -1 as the line number if the ppi/protocol/guid/pcd is not found in INF file (Bugzilla Bug 3127),basetools,False,1.0,"It describes a specific issue with BaseTools reporting incorrect line numbers, which is relevant to EDK II build infrastructure."
qwen2.5:14b,A,8707,Some log in ExitBootService() will be lost if use RSC DebugLib (Bugzilla Bug 3126),mdemodulepkg,False,1.0,"It describes a specific issue with logging in ExitBootService() related to RSC DebugLib, which is relevant to EDK II firmware development."
qwen2.5:14b,A,10017,Too long console argument causes application to crash (Bugzilla Bug 3124),-,False,1.0,It is a genuine bug report describing a reproducible problem.
qwen2.5:14b,A,8704,OvmfPkgX64 is broken on AMD (reset loop) after cee5b0441af3 UefiCpuPkg/CpuDxe: Fix boot error (Bugzilla Bug 3121),ueficpupkg,False,0.95,"The issue describes a specific problem with OvmfPkgX64 after a commit, which is related to EDK II firmware development."
qwen2.5:14b,A,8703,Should always define PCD TOKEN value as Zero for static PCD (Bugzilla Bug 3120),basetools,False,1.0,It is a genuine bug report related to EDK II build tools.
qwen2.5:14b,A,8702,MdePkg/UefiFileHandleLib: EFI_FILE_PROTOCOL leak (Bugzilla Bug 3119),mdepkg,False,1.0,It describes a genuine bug report with enough context and is related to EDK II firmware development.
qwen2.5:14b,A,10015,Adding call back function for UFS to switch Gear mode. (Bugzilla Bug 3117),mdemodulepkg,False,1.0,It is a genuine feature request or enhancement for the UFS driver in EDK II.
qwen2.5:14b,A,8701,Prevent  lost characters and error status across config changes in UARTs managed by PciSioSerialDxe (Bugzilla Bug 3114),mdemodulepkg,False,1.0,It is a genuine bug report related to EDK II firmware components.
qwen2.5:14b,A,8700,Exception happened when length of usb disk path is larger than 260 (Bugzilla Bug 3113),fatpkg,False,1.0,It describes a specific bug related to the FAT package in EDK II.
qwen2.5:14b,A,8699,Remove redundant APIs from FspCommonLib (Bugzilla Bug 3112),intelfsp2pkg,False,1.0,It is a genuine bug report related to removing redundant APIs in an EDK II package.
qwen2.5:14b,A,8698,Variable Lock Protocol RequestToLock() shim on top of Variable Policy Protocol changed behavior (Bugzilla Bug 3111),mdemodulepkg,False,1.0,It is a genuine bug report related to EDK II firmware components.
qwen2.5:14b,A,8697,Add IOMMU DMAR SATC support. (Bugzilla Bug 3109),mdepkg,False,1.0,It is a genuine bug report related to firmware development.
qwen2.5:14b,A,8696,Apply SEV-ES mitigations for encryption bit position and MMIO (Bugzilla Bug 3108),ovmfpkg,False,1.0,It is a genuine bug report related to firmware security mitigations.
qwen2.5:14b,A,8695,GenCfgOpt.py caused Incremental build regression issue. (Bugzilla Bug 3107),intelfsp2pkg,False,1.0,The issue describes a reproducible build problem related to EDK II.
qwen2.5:14b,A,8694,Issue: EFI partition contents/files (FS0:\) not visible to EFI shell (OVMF + QEMU) (Bugzilla Bug 3106),ovmfpkg,False,1.0,It is a genuine bug report related to EDK II package functionality.
qwen2.5:14b,A,8693,Add new CpuCacheInfoLib in UefiCpuPkg (Bugzilla Bug 3105),ueficpupkg,False,1.0,It is a genuine bug report related to an EDK II package.
qwen2.5:14b,A,8692,Define default value of NETWORK_HTTP_ENABLE (Bugzilla Bug 3104),emulatorpkg,False,1.0,It is a genuine bug report related to defining a default value for a configuration option in EDK II.
qwen2.5:14b,A,10014,Call CollectProcessorData in parallel (Bugzilla Bug 3103),ueficpupkg,False,1.0,It is a genuine bug report related to EDK II package.
qwen2.5:14b,A,8691,Implement EmulatorPkg platform Redfish host interface library (Bugzilla Bug 3102),emulatorpkg,False,1.0,It is a legitimate feature request for implementing Redfish host interface library in EmulatorPkg.
qwen2.5:14b,A,8689,Remove PEI phase from UEFI payload (Bugzilla Bug 3100),uefipayloadpkg,False,1.0,It is a genuine bug report related to an EDK II package.
qwen2.5:14b,A,8688,Stable source release archives (Bugzilla Bug 3099),-,True,1.0,The issue is about stable source release archives and does not describe a specific bug or feature related to EDK II firmware development.
qwen2.5:14b,A,8687,OVMF fails to build with XCODE5 in NOOPT (Bugzilla Bug 3098),mdemodulepkg,False,1.0,"It describes a build failure with specific conditions (XCODE5 and NOOPT), which is relevant to EDK II."
qwen2.5:14b,A,8685,"Elf64Convert.c does not support R_RISCV_CALL_PLT, R_RISCV_GOT_HI20 (Bugzilla Bug 3096)",basetools,False,1.0,It is a genuine bug report related to EDK II build tools.
qwen2.5:14b,A,10013,ECC tool incorrectly reports prefix and postfix underscores are needed for include guard names (Bugzilla Bug 3094),basetools,False,1.0,It is a genuine bug report related to EDK II build tools.
qwen2.5:14b,A,8684,EmulatorPkg Linux X64 build crash (Bugzilla Bug 3093),emulatorpkg,False,1.0,It is a genuine bug report related to an EDK II package.
qwen2.5:14b,A,8683,New Variable Policy code is causing runtime panics in linux (Bugzilla Bug 3092),mdemodulepkg,False,1.0,It describes a genuine bug report with a specific package and state.
qwen2.5:14b,A,8682,Add YAML support for package configuration (Bugzilla Bug 3091),intelfsp2pkg,False,1.0,It is a legitimate feature request for EDK II with detailed discussion and resolution.
qwen2.5:14b,A,10012,Tcg2Smm should translate the Manufacture ID to ACPI PNP ID for _HID name string (Bugzilla Bug 3090),securitypkg,False,1.0,It is a genuine bug report related to EDK II package.
qwen2.5:14b,A,10011,Deprecate  MemoryOverwriteRequestControlLock module (Bugzilla Bug 3089),securitypkg,False,1.0,It is a genuine bug report related to deprecating a module in the security package.
qwen2.5:14b,A,10010,Enforce CRTM version check in Tcg2Pei (Bugzilla Bug 3088),securitypkg,False,1.0,It is a genuine bug report related to EDK II package.
qwen2.5:14b,A,10009,TCG: EFI_EXIT_BOOT_SERVICES_INVOCATION is not recorded when ExitBootService Fails (Bugzilla Bug 3087),mdemodulepkg,False,1.0,It is a genuine bug report related to EDK II firmware functionality.
qwen2.5:14b,A,8681,MdeModulePkg: Invalid parameter to SetMem in OnigurumaUefiPort (Bugzilla Bug 3085),mdemodulepkg,False,1.0,It describes a genuine bug with specific details about an invalid parameter in a function.
qwen2.5:14b,A,8680,Boot ERROR in CpuDxe driver when it is dispatched above 4GB memory (Bugzilla Bug 3084),ueficpupkg,False,1.0,It describes a genuine bug report with specific details about memory allocation issues in CpuDxe driver.
qwen2.5:14b,A,8679,Callback function name in UefiDebugLibDebugPortProtocol is too generic (Bugzilla Bug 3083),mdepkg,False,1.0,It describes a specific issue with a function name in an EDK II package.
qwen2.5:14b,A,8678,bcfg: invalid argument - option index (Bugzilla Bug 3080),shellpkg,False,1.0,It is a genuine bug report related to the EDK II package.
qwen2.5:14b,A,10008,Clean up the SHA1 from SecureBoot (Bugzilla Bug 3079),securitypkg,False,1.0,It is a genuine bug report related to cleaning up SHA1 from SecureBoot in the security package.
qwen2.5:14b,A,10007,ReportDispatcher for RSC appears to be in conflict with the PI spec (Bugzilla Bug 3078),mdemodulepkg,False,1.0,It is a genuine bug report related to EDK II firmware components.
qwen2.5:14b,A,10006,NULL Pointer Check is needed for InternalImageHandleToFvHandle of DxeServicesLib (Bugzilla Bug 3076),mdepkg,False,1.0,It is a genuine bug report related to EDK II firmware development.
qwen2.5:14b,A,8676,Fields in CXL_1_1_LINK_CAPABILITY_STRUCTURE in Cxl11.h have incorrect offsets (Bugzilla Bug 3074),mdepkg,False,1.0,"It is a genuine bug report related to incorrect offsets in a header file, which affects firmware development."
qwen2.5:14b,A,10004,Provide test cases/apps for VarPol (Bugzilla Bug 3073),mdemodulepkg,False,1.0,"It is a legitimate feature request for providing test cases, which relates to EDK II package development."
qwen2.5:14b,A,8675,Develop a way to support host-test entry points while complying with ECC (Bugzilla Bug 3072),unittestframeworkpkg,False,1.0,It is a genuine bug report related to EDK II package development.
qwen2.5:14b,A,10003,Refactor EndOfDxe event to support decoupling of MorLock and VarPolLock (Bugzilla Bug 3071),mdemodulepkg,False,1.0,It is a genuine bug report related to EDK II package.
qwen2.5:14b,A,8674,BaseTools: SetupGit.py: edk2-test missing in UPSTREAMS (Bugzilla Bug 3066),basetools,False,1.0,It is a genuine bug report related to EDK II build infrastructure.
qwen2.5:14b,A,8673,X64 OVMF_CODE.fd with -DSMM_REQUIRE=TRUE -DSECURE_BOOT_ENABLE=TRUE does not show startup screen (Bugzilla Bug 3064),ovmfpkg,False,1.0,It is a genuine bug report with specific build flags and expected behavior.
qwen2.5:14b,A,10000,ECC reports the wrong issue in enum definition (Bugzilla Bug 3060),basetools,False,1.0,It is a genuine bug report related to EDK II build tools.
qwen2.5:14b,A,9999,MdeModulePkg: NotifyTpl check in CoreCreateEventEx() (Bugzilla Bug 3058),mdemodulepkg,False,1.0,It is a genuine bug report related to an EDK II package.
qwen2.5:14b,A,9998,Measuring the EV_TABLE_OF_DEVICES event - hash vs. event log (Bugzilla Bug 3056),securitypkg,False,1.0,It is a genuine bug report related to the EDK II package.
qwen2.5:14b,A,8669,BaseTools: Incremental build issues collections by Nov 2020 (Bugzilla Bug 3052),basetools,False,1.0,The issue is related to EDK II build infrastructure and describes a genuine bug.
qwen2.5:14b,A,9997,PcdDxe: Enhance to detect inconsistent LocalTokenNumber between PEI and DXE database for dynamic EX PCDs (Bugzilla Bug 3051),mdemodulepkg,False,1.0,It is a genuine bug report related to EDK II firmware development.
qwen2.5:14b,A,8668,Add defintion for Arm Error Source Table (AEST) (Bugzilla Bug 3049),mdepkg,False,1.0,It is a genuine bug report related to adding a definition for Arm Error Source Table in the EDK II package.
qwen2.5:14b,A,8667,Acpiview: Add support for parsing Arm Error Source Table (AEST) (Bugzilla Bug 3048),-,False,1.0,It is a legitimate feature request for adding support to parse Arm Error Source Table (AEST) in acpiview.
qwen2.5:14b,A,8666,Acpiview: Add support for parsing ACPI PCCT table (Bugzilla Bug 3047),shellpkg,False,1.0,It is a legitimate feature request for adding support to parse ACPI PCCT table.
qwen2.5:14b,A,8665,Acpiview: Field validator not invoked in certain cases (Bugzilla Bug 3046),shellpkg,False,1.0,It is a genuine bug report related to EDK II firmware development.
qwen2.5:14b,A,8664,Add support for parsing HMAT table in Acpiview (Bugzilla Bug 3045),shellpkg,False,1.0,It is a genuine bug report with a specific feature request for Acpiview.
qwen2.5:14b,A,8663,FMMT replace file failure when files in FV level over 2 (Bugzilla Bug 3044),basetools,False,1.0,It is a genuine bug report related to EDK II build tools.
qwen2.5:14b,A,9996,Poor VS2019 compiler flags for x86/x64 debug builds (Bugzilla Bug 3043),basetools,False,1.0,"It describes a specific issue with compiler flags in the build tools, which is relevant to EDK II development."
qwen2.5:14b,A,9995,DEBUG() with smaller code footprint (Bugzilla Bug 3041),mdepkg,False,1.0,It is a genuine bug report related to reducing the code footprint of DEBUG() in an EDK II package.
qwen2.5:14b,A,8662,BaseTools: build failure for RISC-V using GCC 10 (Bugzilla Bug 3040),basetools,False,1.0,"It describes a build failure for RISC-V using GCC 10, which is relevant to EDK II's build infrastructure."
qwen2.5:14b,A,8661,Build failed due to MAX_LONG_FILE_PATH being too small. Should use PATH_MAX (Bugzilla Bug 3032),basetools,False,1.0,It describes a build failure related to EDK II build tools.
qwen2.5:14b,A,9994,Undefined macros in FDF should not equal to 0 (Bugzilla Bug 3031),basetools,False,1.0,It is a genuine bug report related to EDK II build tools.
qwen2.5:14b,A,8660,"Inconsistent function in,out parameter defined in function header and function prototype in EFI_REST_JSON_STRUCTURE_REGISTER in RestJsonStructure.h (Bugzilla Bug 3030)",redfishpkg,False,1.0,It describes a genuine bug report with specific details about inconsistent function parameters in the code.
qwen2.5:14b,A,8659,DXE Core produced FirmwareVolume2Protocol->GetNextFile() doesn't not support type of standalone MM driver (Bugzilla Bug 3028),mdemodulepkg,False,1.0,"It describes a specific issue with DXE Core and FirmwareVolume2Protocol, which is related to EDK II firmware development."
qwen2.5:14b,A,8658,Remove the deprecated MD5 and SHA1 support of Hash2DxeCrypto (Bugzilla Bug 3027),securitypkg,False,1.0,It is a genuine bug report related to removing deprecated cryptographic support in an EDK II package.
qwen2.5:14b,A,8655,AtaAtapiPassThru polls D2H register type instead of checking IS (Bugzilla Bug 3024),mdemodulepkg,False,1.0,It is a genuine bug report related to firmware development.
qwen2.5:14b,A,8654,Make MD5 disable as default edk2 setting (Bugzilla Bug 3021),cryptopkg,False,1.0,It is a genuine bug report related to the EDK II package 'cryptopkg'.
qwen2.5:14b,A,8653,Spelling issue of CHUNKED_TRNASFER_* macros in Http11.h (Bugzilla Bug 3019),-,False,1.0,It is a genuine bug report about incorrect spelling in EDK II source code.
qwen2.5:14b,A,8651,IntelFsp2Pkg: LoadMicrocodeDefault() failed with padding in FV. (Bugzilla Bug 3017),intelfsp2pkg,False,1.0,It is a genuine bug report related to an EDK II package.
qwen2.5:14b,A,8650,Support 5 level paging for mInternalCr3 (Bugzilla Bug 3015),ueficpupkg,False,1.0,It is a genuine bug report related to EDK II package.
qwen2.5:14b,A,8649,Pull out HTTP IO related functions from HttpBootDxe to a helper library (Bugzilla Bug 3013),networkpkg,False,1.0,It is a genuine bug report related to refactoring code within the EDK II project.
qwen2.5:14b,A,8648,Revert the change for partition child handler block size change (Bugzilla Bug 3012),mdemodulepkg,False,1.0,It is a genuine bug report related to EDK II package.
qwen2.5:14b,A,8647,CI test fail on copyright information in INF file (Bugzilla Bug 3011),-,False,1.0,"It describes a CI test failure related to copyright information in an INF file, which is relevant to EDK II build infrastructure."
qwen2.5:14b,A,8646,FmpDevicePkg build fails due to missing RngLib instance (Bugzilla Bug 3010),fmpdevicepkg,False,1.0,It describes a build failure related to an EDK II package.
qwen2.5:14b,A,8644,"SEV-ES fixes, updates and cleanups (Bugzilla Bug 3008)",ovmfpkg,False,1.0,"The issue is related to SEV-ES fixes and updates in the ovmfpkg package, which is relevant to EDK II firmware development."
qwen2.5:14b,A,8643,XhciDxe: Clean up UsbDevContext if USB slot initialization is failed (Bugzilla Bug 3007),mdemodulepkg,False,1.0,It describes a genuine bug report with context and is related to EDK II firmware development.
qwen2.5:14b,A,8642,Cannot start vm with OVMF_CODE/VARS.fd (stable 202005 and 202008) if hdmi is not attached / Compilation with XCODE5/clang - Only RELEASE version (Bugzilla Bug 3006),ovmfpkg,False,1.0,It describes a specific issue with OVMF_CODE/VARS.fd and provides context for investigation.
qwen2.5:14b,A,9993,ReleaseSpinLock() requires a barrier at the beginning (Bugzilla Bug 3005),mdepkg,False,1.0,It is a genuine bug report related to EDK II firmware development.
qwen2.5:14b,A,8641,Pyrite support - Secure erase is only available if encryption is supported (Bugzilla Bug 3004),securitypkg,False,1.0,It describes a specific bug in the securitypkg package related to Pyrite support.
qwen2.5:14b,A,8640,Make the iSCSI driver disable as default setting for security (Bugzilla Bug 3003),networkpkg,False,1.0,It is a genuine bug report related to the iSCSI driver in EDK II.
qwen2.5:14b,A,8639,Structured PCD generated code has a casting error when using x64 tools (Bugzilla Bug 3001),basetools,False,1.0,It describes a genuine bug with enough context and is related to EDK II build tools.
qwen2.5:14b,A,8638,Structured PCD generated code has a casting error when using x64 tools (Bugzilla Bug 3001),basetools,False,1.0,It describes a genuine bug with enough context and is related to EDK II build tools.
qwen2.5:14b,A,9992,Macro processing by the build tool is not in compliance with the DSC spec (Bugzilla Bug 2999),basetools,False,1.0,It is a genuine bug report related to build tool compliance with the DSC spec.
qwen2.5:14b,A,8636,ShellPkg/Library/UefiShellDebug1CommandsLib/Edit/FileBuffer.c should initialize CutLine to null (Bugzilla Bug 2998),shellpkg,False,1.0,It is a genuine bug report related to EDK II firmware development.
qwen2.5:14b,A,9991,RuntimeCryptLib should use non-null version of CryptPkcs5Pbkdf2 (Bugzilla Bug 2997),cryptopkg,False,1.0,It is a genuine bug report related to EDK II firmware development.
qwen2.5:14b,A,8635,EccCheck plugin should not calculate BaseTools path from workspace (Bugzilla Bug 2996),-,False,1.0,It is a genuine bug report related to EDK II build infrastructure.
qwen2.5:14b,A,9988,Mitigation of a hardware attack on the TPM (Bugzilla Bug 2993),securitypkg,False,1.0,It is a genuine bug report related to EDK II's security package.
qwen2.5:14b,A,8634,In PciBusDxe\PciOptionRomSupport.c increase the width if the data read during oprom shadow to at least 32bits (Bugzilla Bug 2989),mdemodulepkg,False,1.0,It is a genuine bug report with context and comments indicating it was investigated.
qwen2.5:14b,A,9987,BaseTools reports the exception when the wrong syntax is specified in FDF file (Bugzilla Bug 2988),basetools,False,1.0,It describes a genuine bug related to BaseTools and syntax errors in FDF files.
qwen2.5:14b,A,9986,Remove CpuFeaturesDxe and accordingly code in PiSmmCpuDxeSmm (Bugzilla Bug 2987),ueficpupkg,False,1.0,It is a genuine bug report related to EDK II package code.
qwen2.5:14b,A,8633,EccCheck should not revert staged and local changes (Bugzilla Bug 2986),-,False,1.0,The issue is a genuine bug report related to EDK II build infrastructure.
qwen2.5:14b,A,8632,Private Include Section in MdeModulePkg lead Emulator Platform Build Fail (Bugzilla Bug 2985),mdemodulepkg,False,1.0,It describes a build failure related to EDK II package.
qwen2.5:14b,A,8631,Bochs MMIO GOP driver does not work in ovmf (BarIndex confusion) (Bugzilla Bug 2984),ovmfpkg,False,1.0,It is a genuine bug report related to an EDK II package.
qwen2.5:14b,A,8630,edk2-stable202008 Vlv2TbltDevicePkg platforms fails to build (Bugzilla Bug 2983),-,False,1.0,It describes a build failure for an EDK II package.
qwen2.5:14b,A,8629,DxeCore: UEFI memmap workaround for hiding page-access caps from OSes hides SP and CRYPTO caps too (Bugzilla Bug 2982),mdepkg,False,1.0,It is a genuine bug report related to EDK II firmware functionality.
qwen2.5:14b,A,8628,Should OVMF VirtioGpuDxe install GOP on secondary child handle? (Bugzilla Bug 2980),ovmfpkg,False,1.0,It is a genuine bug report related to EDK II package functionality.
qwen2.5:14b,A,8627,EmulatorPkg: CI Enablement for SECURE_BOOT_ENABLE option (Bugzilla Bug 2979),emulatorpkg,False,1.0,It is a genuine bug report related to CI enablement for a specific option in EmulatorPkg.
qwen2.5:14b,A,8626,Incremental build issue as PCD_TOKEN value not change in AutoGen.c and AutoGen.h (Bugzilla Bug 2978),basetools,False,1.0,The issue describes a reproducible build problem related to EDK II build tools.
qwen2.5:14b,A,9985,Wrong BaseAddress entries in the FSP map file (Bugzilla Bug 2976),intelfsp2pkg,False,1.0,"It describes a specific issue with BaseAddress entries in the FSP map file, which is related to EDK II firmware development."
qwen2.5:14b,A,8624,NVMe SSD is failed to show up in the Advanced menu of system BIOS (Bugzilla Bug 2974),mdemodulepkg,False,1.0,It is a genuine bug report related to EDK II package.
qwen2.5:14b,A,8623,Incremental build issue for previous created files' deletion (Bugzilla Bug 2973),basetools,False,1.0,The issue is related to EDK II build infrastructure and describes a specific problem with incremental builds.
qwen2.5:14b,A,8622,Incremental build issue for included ASI file's deletion (Bugzilla Bug 2972),basetools,False,1.0,The issue describes a specific build problem related to EDK II's build tools.
qwen2.5:14b,A,9984,Add NULL lib to OvmfPkg/ResetVector/ResetVector.inf causes build failure (Bugzilla Bug 2970),basetools,False,1.0,It describes a real build failure in the EDK II project.
qwen2.5:14b,A,8620,Request to Place PLATFORM_GUID Macro in AutoGen.h (Bugzilla Bug 2968),basetools,False,1.0,It is a legitimate feature request related to EDK II build infrastructure.
qwen2.5:14b,A,8619,GenCfgOpt.py should take the consistent behavior for the different options (Bugzilla Bug 2967),intelfsp2pkg,False,1.0,It is a genuine bug report related to EDK II build infrastructure.
qwen2.5:14b,A,9983,BPDG tool should not update the output file when the output file is not changed. (Bugzilla Bug 2966),basetools,False,1.0,It describes a specific issue with the BPDG tool in EDK II's build infrastructure.
qwen2.5:14b,A,8618,Incremental build issue for FV_IMAGE Section deletion (Bugzilla Bug 2965),basetools,False,1.0,It describes a specific build issue related to EDK II's build tools.
qwen2.5:14b,A,9982,MdeModulePkg/Pcdpeim: PcdGetPtr () caused memory wasting. (Bugzilla Bug 2964),mdemodulepkg,False,1.0,It is a genuine bug report related to EDK II firmware development.
qwen2.5:14b,A,8617,remove TPM related ppi from Depex for Fsp wrapper PEIM driver (Bugzilla Bug 2963),intelfsp2wrapperpkg,False,1.0,It is a genuine bug report related to an EDK II package.
qwen2.5:14b,A,8616,The EmbeddedPkg TimeBaseLib cannot pass MS VS X64 build (Bugzilla Bug 2962),embeddedpkg,False,1.0,It is a genuine bug report related to EDK II build issues.
qwen2.5:14b,A,8615,EFI_BLOCK_IO_PROTOCOL_REVISION3 value is incorrect (Bugzilla Bug 2961),mdepkg,False,1.0,"It describes a specific issue with an EDK II package, indicating it is a genuine bug report."
qwen2.5:14b,A,8614,Support FD type in [FD] section of FDF file (Bugzilla Bug 2959),basetools,False,1.0,It is a genuine bug report related to EDK II build infrastructure.
qwen2.5:14b,A,9981,PciBusDxe does not support EFI_INCOMPATIBLE_PCI_DEVICE_SUPPORT_PROTOCOL returning a fixed address for specific BARs (Bugzilla Bug 2958),mdemodulepkg,False,1.0,It is a genuine bug report related to EDK II firmware component.
qwen2.5:14b,A,8613,BootPerformanceTable pointer is read from an NVRAM variable in PEI (Bugzilla Bug 2957),mdemodulepkg,False,1.0,The issue describes a specific problem related to EDK II firmware development.
qwen2.5:14b,A,8612,Boundary condition bug on SmmSaveState.c function ReadSaveStateRegisterByIndex. (Bugzilla Bug 2956),ueficpupkg,False,1.0,It is a genuine bug report related to EDK II firmware development.
qwen2.5:14b,A,9980,"[edk2-staging] Edkrepo sync works most the time, but not always (Bugzilla Bug 2955)",basetools,False,1.0,"The issue describes a reproducible problem with edkrepo sync, which is related to EDK II build infrastructure."
qwen2.5:14b,A,9979,System hang when trig Memtest (Bugzilla Bug 2954),ueficpupkg,False,1.0,It is a genuine bug report related to EDK II firmware.
qwen2.5:14b,A,9978,Server name Indication (SNI) support in CryptoPkg (Bugzilla Bug 2953),cryptopkg,False,1.0,It is a genuine bug report related to EDK II CryptoPkg.
qwen2.5:14b,A,9977,Update SmbiosView with SMBIOS 3.3 fields (Bugzilla Bug 2952),shellpkg,False,1.0,"It is a genuine feature request to update SMBIOS fields, which relates to EDK II firmware development."
qwen2.5:14b,A,8611,Enable ECC error code 10014 in open CI (Bugzilla Bug 2951),-,False,1.0,"The issue is related to enabling an ECC error code in CI, which pertains to EDK II build infrastructure."
qwen2.5:14b,A,9976,[AuthService]: Digest Algorithm update for Authenticated Variables (Bugzilla Bug 2950),-,False,1.0,It is a genuine bug report related to firmware security features.
qwen2.5:14b,A,9975,[Unit Test]: Digest Algorithm update for Authenticated Variables (Bugzilla Bug 2949),-,False,1.0,It is a genuine bug report related to EDK II unit tests and authenticated variables.
qwen2.5:14b,A,8610,Timeout loops in XhciDxe take longer than specified (Bugzilla Bug 2948),mdemodulepkg,False,1.0,It is a genuine bug report related to EDK II firmware development.
qwen2.5:14b,A,8609,overflow happens when calculating memory size (Bugzilla Bug 2947),emulatorpkg,False,1.0,"It describes a genuine bug with a specific package and is marked as closed, indicating it was likely investigated."
qwen2.5:14b,A,8608,BrotliCustomDecompressLib : Destination size and Scratch size are claimed too large (Bugzilla Bug 2946),mdemodulepkg,False,1.0,It is a genuine bug report related to an EDK II package.
qwen2.5:14b,A,8607,variable 'Status' is used uninitialized (Bugzilla Bug 2945),securitypkg,False,1.0,It describes a genuine bug with specific details about an uninitialized variable in the 'securitypkg' package.
qwen2.5:14b,A,8606,add FspMeasurementLib.h to IntelFsp2WrapperPkg/IntelFsp2WrapperPkg.dec (Bugzilla Bug 2944),intelfsp2wrapperpkg,False,1.0,It is a genuine bug report related to EDK II package.
qwen2.5:14b,A,8605,Disable the SHA1 support of DxeImageVerificationLib base on the MACRO DISABLE_SHA1_DEPRECATED_INTERFACES (Bugzilla Bug 2943),securitypkg,False,1.0,It is a genuine bug report related to disabling SHA1 support in an EDK II package.
qwen2.5:14b,A,9974,Enable OpenCI for IntelFsp2WrapperPkg and IntelFsp2Pkg (Bugzilla Bug 2942),intelfsp2pkg,False,1.0,"The issue is related to enabling OpenCI for specific EDK II packages, which involves build infrastructure."
qwen2.5:14b,A,8604,HttpParseMessageBody spins forever in for loop when HTTP server does not provide Content-Length header (Bugzilla Bug 2941),networkpkg,False,1.0,It is a genuine bug report related to EDK II's network package.
qwen2.5:14b,A,8603,change TpmMeasurementLibNull to BASE library (Bugzilla Bug 2940),mdemodulepkg,False,1.0,It is a genuine bug report related to an EDK II package.
qwen2.5:14b,A,8602,Structured PCD for ACPI fixed tables is limited by BaseTools having copies of ACPI header files (Bugzilla Bug 2938),basetools,False,1.0,"The issue relates to BaseTools and describes a limitation with PCD for ACPI fixed tables, which is relevant to EDK II build infrastructure."
qwen2.5:14b,A,8601,"In Acpi10.h, EFI_ACPI_DMA_TRANSFER_TYPE_16_BIT is defined with the wrong value. (Bugzilla Bug 2937)",mdepkg,False,1.0,It is a genuine bug report with enough information to investigate.
qwen2.5:14b,A,8593,race conditions in VCPU hotplug (Bugzilla Bug 2929),ovmfpkg,False,1.0,It describes a specific bug in an EDK II package.
qwen2.5:14b,A,8592,"duplicate ""-Os"" compiler options (Bugzilla Bug 2928)",basetools,False,1.0,It describes a genuine build issue with specific compiler options.
qwen2.5:14b,A,8591,Add strncmp macro to use AsciiStrnCmp (Bugzilla Bug 2927),embeddedpkg,False,1.0,It is a genuine bug report related to EDK II firmware development.
qwen2.5:14b,A,8590,Add new memory attribute EFI_MEMORY_SP and EFI_MEMORY_CPU_CRYPTO introduced by UEFI2.8 (Bugzilla Bug 2926),mdepkg,False,1.0,It is a legitimate feature request for adding new memory attributes as per UEFI2.8 specification.
qwen2.5:14b,A,9973,CryptoPkg/Library/OpensslLib/process_files.pl missing copyright (Bugzilla Bug 2925),cryptopkg,False,1.0,It is a genuine bug report about missing copyright in a specific file.
qwen2.5:14b,A,8589,HostUnitTestDscCompleteCheck: return value typo under DscPath file check (Bugzilla Bug 2924),basetools,False,1.0,"It describes a genuine bug with a specific typo in the code, related to EDK II build tools."
qwen2.5:14b,A,8588,"Selecting the Secure Boot Mode = ""Custom Mode"" is never saved (Bugzilla Bug 2923)",ovmfpkg,False,1.0,It describes a specific issue with the Secure Boot Mode in an EDK II package.
qwen2.5:14b,A,8587,SMM_REQUIRE=TRUE triggers kvm internal error (Bugzilla Bug 2922),ovmfpkg,False,1.0,It is a genuine bug report related to EDK II firmware functionality.
qwen2.5:14b,A,8585,False positive issue in edk2 open Ci (Bugzilla Bug 2920),-,False,1.0,The issue is related to EDK II build infrastructure and describes a false positive in the CI system.
qwen2.5:14b,A,8584,Reference implement of EFI Redfish BIOS resource provisioning transport protocol (Bugzilla Bug 2919),-,False,0.95,The issue appears to be related to a specific protocol implementation in EDK II.
qwen2.5:14b,A,8583,Reference implement of EFI Redfish BIOS resource provisioning payload generator protocol (Bugzilla Bug 2918),-,False,0.95,The issue appears to be related to a specific protocol implementation in EDK II.
qwen2.5:14b,A,8582,Add NETWORK_HTTP_ENABLE macro for generic HTTP modules enabled in  NetworkPkg (Bugzilla Bug 2917),networkpkg,False,1.0,It is a legitimate feature request related to EDK II's NetworkPkg.
qwen2.5:14b,A,8581,Support Rest style in HII options in VFR compiler (Bugzilla Bug 2916),basetools,False,1.0,It is a genuine bug report related to the VFR compiler in EDK II.
qwen2.5:14b,A,8580,Add definitions for HTTP Chunked Transfer (Bugzilla Bug 2915),networkpkg,False,1.0,It is a genuine bug report related to adding definitions for HTTP Chunked Transfer in the networkpkg package.
qwen2.5:14b,A,8579,Reference implementation of EFI SOURCE CODING PROTOCOL (Bugzilla Bug 2914),-,False,0.95,"The issue appears to be related to EDK II coding standards and implementation, which is relevant to the project."
qwen2.5:14b,A,8578,Implement the reference platform driver to provide EFI_REDFISH_PLATFORM_BIOS_RESOURCE_PROTOCOL (Bugzilla Bug 2913),-,False,1.0,It is a legitimate feature request for implementing a specific protocol in EDK II.
qwen2.5:14b,A,8577,Implementation of UEFI Redfish Host Interface Dxe (Bugzilla Bug 2912),networkpkg,False,0.95,"The issue is related to an EDK II package and describes a bug, even though it's closed."
qwen2.5:14b,A,8575,EDKII Redfish Credential Protocol (changed from EFI Redfish Credential Protocol) (Bugzilla Bug 2910),-,False,1.0,The issue is related to a protocol change in EDKII and was previously tracked as a Bugzilla bug.
qwen2.5:14b,A,8574,TlsChildHandle is not cleared to NULL when HTTP EFI instance is reset (Bugzilla Bug 2909),networkpkg,False,1.0,It describes a specific bug in the networkpkg package.
qwen2.5:14b,A,8573,Implementation of UEFI spec 29.7.2 EFI_REST_EX_PROTOCOL (Bugzilla Bug 2908),-,False,1.0,It is a genuine bug report related to implementing UEFI spec.
qwen2.5:14b,A,8572,Implementation of UEFI spec 29.7.3 EFI_REST_JSON_STRUCTURE_PROTOCOL (Bugzilla Bug 2907),-,False,1.0,It is a genuine bug report related to implementing UEFI spec.
qwen2.5:14b,A,8570,BaseTools : Build Failure for VfrCompile (Bugzilla Bug 2905),basetools,False,1.0,It describes a build failure in BaseTools which is related to EDK II.
qwen2.5:14b,A,8569,False positive issue reported by ECC under Linux OS (Bugzilla Bug 2904),basetools,False,1.0,It is a genuine bug report related to EDK II build tools.
qwen2.5:14b,A,8568,MpInitLib build failure on CLANGPDB (Bugzilla Bug 2901),ueficpupkg,False,1.0,"It describes a build failure related to EDK II, which is relevant and specific."
qwen2.5:14b,A,9972,RDSEED concerns (Bugzilla Bug 2897),cryptopkg,False,1.0,It is a genuine bug report related to the cryptopkg package.
qwen2.5:14b,A,8564,VS2017 prefix is wrongly set when VS2017 and VS2019 are both installed. (Bugzilla Bug 2896),basetools,False,1.0,It is a genuine bug report related to EDK II build infrastructure.
qwen2.5:14b,A,9971,MdePkgHostTest.dsc build fail with LLVM/CLANG (Bugzilla Bug 2895),basetools,False,1.0,"It describes a build failure with specific tools, which is relevant to EDK II."
qwen2.5:14b,A,9968,MdeModulePkg: AhciPei doesn't convert port multiplier value (Bugzilla Bug 2892),mdemodulepkg,False,1.0,It is a genuine bug report related to an EDK II package.
qwen2.5:14b,A,9967,License should be changed to BSD-2-Clause-Patent in BaseTools\UserManuals files (Bugzilla Bug 2890),basetools,False,1.0,It is a legitimate feature request or bug report related to license change in BaseTools package.
qwen2.5:14b,A,9966,No license in the file header of some files in OvmfPkg (Bugzilla Bug 2889),ovmfpkg,False,1.0,"It describes a missing license in file headers, which is a genuine bug report."
qwen2.5:14b,A,8563,CLANGPDB tool chain build failure in FmpDxe (Bugzilla Bug 2887),fmpdevicepkg,False,1.0,"It describes a build failure related to EDK II, which is relevant and specific."
qwen2.5:14b,A,9964,EmbeddedPkg PrePiHobLib SetBootMode wrong return type (Bugzilla Bug 2886),embeddedpkg,False,1.0,It is a genuine bug report related to EDK II firmware development.
qwen2.5:14b,A,9963,CD command failed with Trailing period end of folder name (Bugzilla Bug 2885),shellpkg,False,1.0,It is a genuine bug report related to the EDK II package 'shellpkg'.
qwen2.5:14b,A,8561,Incremental build error triggered by changing name of source code file (Bugzilla Bug 2882),basetools,False,1.0,Describes a reproducible build issue in EDK II basetools.
qwen2.5:14b,A,8560,Incremental build issue as macro value change in Makefile (Bugzilla Bug 2881),basetools,False,1.0,It describes a genuine build issue related to EDK II's build tools.
qwen2.5:14b,A,8559,Incremental build issue as directory macros extended in Makefile (Bugzilla Bug 2880),basetools,False,1.0,It describes a specific build issue related to EDK II's build tools.
qwen2.5:14b,A,9962,Hardware error record variable quota calculation update (Bugzilla Bug 2879),mdemodulepkg,False,1.0,It is a genuine bug report related to EDK II firmware development.
qwen2.5:14b,A,9961,Update FMP function descriptions to match UEFI 2.8B spec (Bugzilla Bug 2878),fmpdevicepkg,False,1.0,It is a genuine bug report related to updating function descriptions in an EDK II package.
qwen2.5:14b,A,9960,Bug Capsule date error (Bugzilla Bug 2877),mdemodulepkg,False,1.0,It is a genuine bug report related to EDK II firmware.
qwen2.5:14b,A,8558,SVN#15047 (Bugzilla Bug 2876),networkpkg,False,1.0,The issue is related to an EDK II package and is marked as a closed bug.
qwen2.5:14b,A,9958,QuarkPlatformPkg compilation problem (Bugzilla Bug 2874),-,False,1.0,The issue is related to a specific package and describes a compilation problem.
qwen2.5:14b,A,9957,IP is getting Configured when IP Configuration is disabled (Bugzilla Bug 2873),networkpkg,False,1.0,It describes a reproducible problem with the network package.
qwen2.5:14b,A,8557,DHCP support for RFC 3021 addresses? Question/Feature reuquest (Bugzilla Bug 2871),networkpkg,True,0.95,The issue is a general usage question and does not describe a reproducible problem or feature request.
qwen2.5:14b,A,8556,FMP Protocol Function Parameter Input Validation Could be Improved in FmpDxe (Bugzilla Bug 2869),fmpdevicepkg,False,1.0,It is a genuine bug report related to EDK II firmware component.
qwen2.5:14b,A,9956,Request to add PatchCheck as CI Plugin (Bugzilla Bug 2868),basetools,False,1.0,It is a legitimate feature request for adding PatchCheck as CI plugin in EDK II basetools.
qwen2.5:14b,A,8555,GCC build fails due variable self assignment (Bugzilla Bug 2864),basetools,False,1.0,It describes a build failure related to EDK II build tools.
qwen2.5:14b,A,9955,Make MtrrLib unit test failure easily reproducable (Bugzilla Bug 2863),ueficpupkg,False,1.0,It is a genuine bug report related to EDK II unit test failure.
qwen2.5:14b,A,8554,Read/Write MMX and MemoryFence() missing in UnitTestHostBaseLib (Bugzilla Bug 2862),mdepkg,False,1.0,It is a genuine bug report related to EDK II firmware development.
qwen2.5:14b,A,9954,"HiiDatabaseDxe, ConfigRouting.c, GetElementsFromRequest incorrect error handling. (Bugzilla Bug 2861)",mdemodulepkg,False,1.0,It is a genuine bug report related to EDK II firmware development.
qwen2.5:14b,A,9952,Invalid Flash BlockIo device under qemu (Bugzilla Bug 2856),armplatformpkg,False,1.0,"The issue describes a specific problem with the Flash BlockIo device under QEMU, which is related to EDK II firmware development."
qwen2.5:14b,A,8550,Fix GetSupportedAndActivePcrs counter calculation (Bugzilla Bug 2855),securitypkg,False,1.0,It is a genuine bug report related to the EDK II package.
qwen2.5:14b,A,8549,"""build clean"" fails for OVMF: ""ResetVector: Is a directory"" (Bugzilla Bug 2854)",basetools,False,1.0,It describes a build failure with enough information to investigate.
qwen2.5:14b,A,9951,UT_LOG_xxx() messages are truncated (Bugzilla Bug 2853),unittestframeworkpkg,False,1.0,It is a genuine bug report related to EDK II firmware development.
qwen2.5:14b,A,8548,please update / extend the HTTPS cipher suite notes in OvmfPkg/README (Bugzilla Bug 2852),ovmfpkg,False,1.0,"The issue is a legitimate request to update documentation, which is relevant for firmware development."
qwen2.5:14b,A,9950,TPM _SRS has interrupt polarity reversed (following an ACPI spec inconsistency) (Bugzilla Bug 2851),securitypkg,False,1.0,It is a genuine bug report related to the TPM package in EDK II.
qwen2.5:14b,A,8547,Generate compile_commands.json file needed by clangd VS Code plugin (Bugzilla Bug 2850),basetools,False,1.0,It is a genuine feature request related to EDK II build infrastructure.
qwen2.5:14b,A,8546,Remove unnecessary APIs from MtrrLib (Bugzilla Bug 2849),ueficpupkg,False,1.0,It is a genuine bug report related to removing unnecessary APIs in an EDK II package.
qwen2.5:14b,A,8545,"""OpensslLib.inf"" and ""OpensslLibCrypto.inf"" use different RISCV64_CC_FLAGS (Bugzilla Bug 2848)",cryptopkg,False,1.0,It describes a specific build issue with different flags in EDK II packages.
qwen2.5:14b,A,9949,Error while execute command 'nmake all' in direcotry C:\Users\jguo5\Downloads\edk2-master\BaseTools\Source\C\BrotliCompress (Bugzilla Bug 2846),mdemodulepkg,False,1.0,It describes a build error with enough context to be investigated.
qwen2.5:14b,A,8544,To enable X2Apic by default (Bugzilla Bug 2845),ueficpupkg,False,1.0,It is a genuine bug report related to enabling X2Apic by default in the ueficpu package.
qwen2.5:14b,A,8543,SetVariable() returns EFI_SUCCESS after Reclaim() when variable is not actually set (Bugzilla Bug 2844),mdemodulepkg,False,1.0,It describes a specific issue with SetVariable() behavior that is likely a genuine bug report.
qwen2.5:14b,A,8542,Partition child handler calculate the start and end LBA with incorrect blocksize (Bugzilla Bug 2843),mdemodulepkg,False,1.0,It is a genuine bug report related to EDK II firmware development.
qwen2.5:14b,A,8541,Using LLVM compiler set to build BaseTools in Linux (Bugzilla Bug 2842),basetools,False,1.0,"The issue is related to building BaseTools with LLVM compiler in Linux, which involves EDK II build infrastructure."
qwen2.5:14b,A,8539,Add missing PcrIndex assignment for Tcg2Pei FvBlock2 event. (Bugzilla Bug 2840),securitypkg,False,1.0,It is a genuine bug report related to EDK II firmware development.
qwen2.5:14b,A,8538,Use PcdTcgPfpMeasurementRevision to TcgSpecId event (Bugzilla Bug 2839),securitypkg,False,1.0,It is a genuine bug report related to EDK II firmware development.
qwen2.5:14b,A,9947,missing memory attribute type (Bugzilla Bug 2837),mdepkg,False,1.0,It is a genuine bug report related to an EDK II package.
qwen2.5:14b,A,8537,Enhance PatchChecker to skip Tag line in the commit message (Bugzilla Bug 2836),basetools,False,1.0,It is a legitimate feature request for EDK II's PatchChecker tool.
qwen2.5:14b,A,8536,Explicitly cast UINT64 to UINT32 in ArmMMU (Bugzilla Bug 2835),armpkg,False,1.0,It is a genuine bug report related to EDK II firmware development.
qwen2.5:14b,A,9946,Contribution guidelines have not been re-evaluated following dropping of contribution agreement (Bugzilla Bug 2834),-,False,1.0,The issue pertains to the EDK II project's contribution guidelines and is a legitimate concern.
qwen2.5:14b,A,8535,license check introduced for bug 2691 interferes with generated files (Bugzilla Bug 2833),basetools,False,1.0,The issue relates to a specific problem with license check in EDK II build tools.
qwen2.5:14b,A,8534,Remove PEI/DXE instances of CpuTimerLib in UefiCpuPkg (Bugzilla Bug 2832),ueficpupkg,False,1.0,It is a genuine bug report related to EDK II package.
qwen2.5:14b,A,9945,UefiBootManagerLib is not specs compliant with regards to EFI_EVENT_GROUP_READY_TO_BOOT (Bugzilla Bug 2831),mdemodulepkg,False,1.0,"The issue describes a potential non-compliance with specifications in an EDK II package, which is relevant to firmware development."
qwen2.5:14b,A,9944,ECC parse struct member include keyword string issue (Bugzilla Bug 2830),basetools,False,1.0,It is a genuine bug report related to EDK II build tools.
qwen2.5:14b,A,9943,ECC parse UTF-16 encoding source file halt issue (Bugzilla Bug 2829),basetools,False,1.0,It is a genuine bug report related to EDK II build tools.
qwen2.5:14b,A,8533,IntelFsp2Pkg/Tools/GenCfgOpt.py failed to parse the macro value which contain another macro (Bugzilla Bug 2827),intelfsp2pkg,False,1.0,It is a genuine bug report related to an EDK II package.
qwen2.5:14b,A,8532,OVMF bios corrupts files in shared folder of QEMU (Bugzilla Bug 2826),ovmfpkg,False,1.0,"It describes a specific issue with OVMF bios in QEMU, which is related to EDK II."
qwen2.5:14b,A,8531,Use InitializeFloatingPointUnits defined in UefiCpuLib (Bugzilla Bug 2825),intelfsp2pkg,False,1.0,It is a genuine bug report related to EDK II package.
qwen2.5:14b,A,8530,Update the MBR partition child handler to skip the table added for windows compatibility (Bugzilla Bug 2823),mdemodulepkg,False,1.0,It is a genuine bug report related to firmware development.
qwen2.5:14b,A,9941,Add AARCH64 flags for MSFT compiler to Intrinsic Lib (Bugzilla Bug 2821),cryptopkg,False,1.0,It is a genuine bug report related to EDK II package and compiler flags.
qwen2.5:14b,A,9940,Initialize variables in FwVol (PrePiLib) (Bugzilla Bug 2820),embeddedpkg,False,1.0,It is a genuine bug report related to EDK II firmware development.
qwen2.5:14b,A,9939,There should be a macro defined for file attribute 0. (Bugzilla Bug 2819),mdepkg,False,1.0,It is a genuine bug report related to EDK II firmware development.
qwen2.5:14b,A,8529,"Upon BootOption failure, Destroy RamDisk memory before reporting StatusCode. (Bugzilla Bug 2818)",mdemodulepkg,False,1.0,It is a genuine bug report related to firmware functionality.
qwen2.5:14b,A,8528,Avoid using MAX_STRING_SIZE in AsciiStrCpyS() (Bugzilla Bug 2817),cryptopkg,False,1.0,It is a genuine bug report related to EDK II package code.
qwen2.5:14b,A,9938,Separate NULL class libraries for Memory and serial handlers from MdeModulePkg/Universal/StatusCodeHandler modules (Bugzilla Bug 2816),mdemodulepkg,False,1.0,It is a genuine bug report related to EDK II package.
qwen2.5:14b,A,8527,Triple fault in Ovmf caused by interrupt stack overflow under heavy load (Bugzilla Bug 2815),ovmfpkg,False,1.0,It describes a genuine bug with sufficient context and is related to EDK II firmware.
qwen2.5:14b,A,9937,Break out the PromptForUserConfirmation() function from Tcg2 PPI. (Bugzilla Bug 2814),securitypkg,False,1.0,It is a genuine bug report related to an EDK II package.
qwen2.5:14b,A,9936,Add support for Tpm2PolicyLocality assertions. (Bugzilla Bug 2813),securitypkg,False,1.0,It is a genuine feature request or enhancement for the securitypkg package.
qwen2.5:14b,A,9935,Add Tpm12GetCapabilityFirmwareVersion() for Tpm12CommandLib (Bugzilla Bug 2812),securitypkg,False,1.0,It is a genuine bug report related to an EDK II package.
qwen2.5:14b,A,9934,Tcg2Smm debug statement can overrun string buffer. (Bugzilla Bug 2811),securitypkg,False,1.0,It is a genuine bug report related to EDK II firmware development.
qwen2.5:14b,A,8526,Allow OpenSSL config to support elliptic curve algorithms (Bugzilla Bug 2810),cryptopkg,False,1.0,It is a genuine bug report related to OpenSSL configuration in EDK II.
qwen2.5:14b,A,8525,DXE_ASSERT when UEFI Driver creates an event for EVT_SIGNAL_EXIT_BOOT_SERVICES with TPL_NOTIFY (Bugzilla Bug 2809),pcatchipsetpkg,False,1.0,It is a genuine bug report related to EDK II firmware development.
qwen2.5:14b,A,9933,Implement authentication mechanism for UEFI BIOS sub-region (Bugzilla Bug 2808),securitypkg,False,1.0,It is a legitimate feature request related to EDK II package.
qwen2.5:14b,A,8524,"Build intermittently breaks with ""make: *** No rule to make target 'tbuild'.  Stop."" (Bugzilla Bug 2807)",basetools,False,1.0,It describes a reproducible build issue related to EDK II build tools.
qwen2.5:14b,A,8523,Use filename instead of function name in target based unit test log messages (Bugzilla Bug 2806),unittestframeworkpkg,False,1.0,It is a genuine bug report related to EDK II package.
qwen2.5:14b,A,8522,Move print of unit test log into unit test tear down function CmockaUnitTestTeardownFunctionRunner() (Bugzilla Bug 2805),unittestframeworkpkg,False,1.0,It is a genuine bug report related to EDK II package.
qwen2.5:14b,A,8520,Increase host based unit test stack size to a minimum of 256KB (Bugzilla Bug 2803),unittestframeworkpkg,False,1.0,It is a genuine bug report related to EDK II package.
qwen2.5:14b,A,8518,Add UT_EXPECT_ASSERT_FAILURE() to UnitTestLib (Bugzilla Bug 2801),unittestframeworkpkg,False,1.0,It is a legitimate feature request for EDK II's UnitTestLib.
qwen2.5:14b,A,8516,Add BaseCacheMaintenanceLibNull instance of CacheMaintenanceLib to MdePkg (Bugzilla Bug 2799),mdepkg,False,1.0,It is a genuine bug report related to EDK II firmware development.
qwen2.5:14b,A,8515,Add BaseCpuLibNull instance of CpuLib to MdePkg (Bugzilla Bug 2798),mdepkg,False,1.0,It is a genuine bug report related to EDK II firmware development.
qwen2.5:14b,A,8514,Allow NULL library instances for HOST_APPLICATION modules (Bugzilla Bug 2797),basetools,False,1.0,It is a genuine bug report related to EDK II build tools.
qwen2.5:14b,A,9932,PCI passthrough impaired due to very limiting PCI64 aperture - heuristic should be used instead of hardcoded window (Bugzilla Bug 2796),ovmfpkg,False,1.0,It is a genuine bug report related to EDK II firmware functionality.
qwen2.5:14b,A,9931,Report the spare space in FV image when its top ffs is placed (Bugzilla Bug 2790),basetools,False,1.0,"It describes a specific issue related to firmware volume (FV) image space reporting, which is relevant to EDK II build tools."
qwen2.5:14b,A,8511,IntelFsp2Pkg.dsc is missing Fsp22SecCoreS.inf (Bugzilla Bug 2788),intelfsp2pkg,False,1.0,It is a genuine bug report related to an EDK II package.
qwen2.5:14b,A,8510,MdeModulePkg/Universal/StatusCodeHandler: do not output \n\r for string data (Bugzilla Bug 2787),mdemodulepkg,False,1.0,It is a genuine bug report related to EDK II firmware development.
qwen2.5:14b,A,8509,MdeModulePkg.dec: Change PCDs for status code. (Bugzilla Bug 2786),mdemodulepkg,False,1.0,It is a genuine bug report related to EDK II package modification.
qwen2.5:14b,A,8508,OvmfPkg/X86QemuLoadImageLib does not recognize EFI_ACCESS_DENIED from LoadImage() (Bugzilla Bug 2785),ovmfpkg,False,1.0,It is a genuine bug report related to EDK II firmware development.
qwen2.5:14b,A,8506,FileHandleReadLine() overruns a supplied buffer if the buffer is too small (Bugzilla Bug 2783),mdepkg,False,1.0,It describes a genuine bug with enough details to be reproducible.
qwen2.5:14b,A,9930,BaseTools assume the map file is always generated (Bugzilla Bug 2782),basetools,False,1.0,"It describes a specific issue with BaseTools, which is related to EDK II build infrastructure."
qwen2.5:14b,A,8504,"Update new timezone of Istanbul, Novosibirsk, Georgetown (Bugzilla Bug 2780)",shellpkg,False,1.0,"The issue is related to updating timezones in the EDK II package, which involves firmware components."
qwen2.5:14b,A,8503,Brotli sources are not included into released source archive (Bugzilla Bug 2779),-,False,1.0,"The issue describes a missing component in the released source archive, which is related to EDK II build infrastructure."
qwen2.5:14b,A,8502,Maintainers.txt: disorder between subsystem headers (Bugzilla Bug 2778),-,False,1.0,It is a genuine bug report related to EDK II build infrastructure.
qwen2.5:14b,A,9929,Extended PMR feature: allow platform code to adjust RMRR range base on the project needs (Bugzilla Bug 2775),intelsiliconpkg,False,1.0,It is a genuine feature request related to EDK II package.
qwen2.5:14b,A,9928,NvmExpressDxe reconfigures controllers already handled by another driver (Bugzilla Bug 2773),mdemodulepkg,False,1.0,It is a genuine bug report related to an EDK II package.
qwen2.5:14b,A,8499,"Remove deprecated packages in bugzilla Package field for ""Edk2"" product (Bugzilla Bug 2771)",stdlibprivateinternalfiles,True,0.95,The issue is about updating metadata in a bug tracking system and does not describe a firmware development problem or request.
qwen2.5:14b,A,8498,Trim.py giving error when .asl files filtered out by build flags are not present in the folder (Bugzilla Bug 2770),basetools,False,1.0,It describes a genuine build issue with Trim.py in the basetools package.
qwen2.5:14b,A,8495,Register SMI handler profile for PiSmmCommunication driver (Bugzilla Bug 2766),mdemodulepkg,False,1.0,It is a genuine bug report related to an EDK II package.
qwen2.5:14b,A,9927,UnicodeStrToAsciiStrS should filter non-ascii characters (Bugzilla Bug 2764),mdepkg,False,1.0,It is a genuine bug report related to an EDK II package.
qwen2.5:14b,A,9926,Inconsistent Shell File Info state assumptions (Bugzilla Bug 2763),shellpkg,False,1.0,It is a genuine bug report related to the EDK II package.
qwen2.5:14b,A,8494,Adding Guid name support in GenFfs to prevent hard coding GUID vaule on fdf file (Bugzilla Bug 2762),basetools,False,1.0,It is a legitimate feature request for EDK II's GenFfs tool.
qwen2.5:14b,A,9925,Tcg2Dxe Invoke Exit Boot Services should be hashed into PCR on failure and success case (Bugzilla Bug 2753),securitypkg,False,1.0,It is a genuine bug report related to the Tcg2Dxe package in EDK II.
qwen2.5:14b,A,8493,OvmfPkg/Tcg2ConfigPei: trivial cleanups (Bugzilla Bug 2752),ovmfpkg,False,1.0,"It is a genuine bug report with the title indicating cleanups for OvmfPkg/Tcg2ConfigPei, which relates to EDK II firmware development."
qwen2.5:14b,A,8492,[aarch64] [OVMF] Translation Fault upon attempting to execute EFI_FILE->GetInfo (Bugzilla Bug 2730),armvirtpkg,False,1.0,It is a genuine bug report related to EDK II firmware execution on a specific architecture.
qwen2.5:14b,A,9924,UnitTest for BaseLib needs better structuring to support all BaseLib functions (Bugzilla Bug 2729),mdepkg,False,1.0,It is a genuine bug report related to improving the structuring of UnitTest for BaseLib.
qwen2.5:14b,A,8491,"""ArmVirtPkg/ArmVirtQemu.dsc"" build failure with ""-D TPM2_ENABLE"" (Bugzilla Bug 2728)",ovmfpkg,False,1.0,"It describes a build failure with specific conditions, which is relevant to EDK II."
qwen2.5:14b,A,8490,Support for OS debug memory buffer when the OS debugger loader supports EFI_PCI_PROTOCOL or EFI_IOMMU_PROTOCOL (Bugzilla Bug 2727),intelsiliconpkg,False,1.0,It is a genuine bug report related to EDK II package functionality.
qwen2.5:14b,A,8489,IntelFsp2Pkg: Add FunctionParametePtr to FspGlobalData. (Bugzilla Bug 2726),intelfsp2pkg,False,1.0,It is a genuine bug report related to an EDK II package.
qwen2.5:14b,A,9923,WinHost.exe exits after launching after SEC core. (Bugzilla Bug 2725),emulatorpkg,False,1.0,It is a genuine bug report related to EDK II firmware development.
qwen2.5:14b,A,9922,Change the process_file.py in CryptoPkg to make the created file opensslconfig.h with correct line ending (Bugzilla Bug 2724),cryptopkg,False,1.0,It is a genuine bug report related to EDK II build infrastructure.
qwen2.5:14b,A,9921,Base tools Common lib built with wrong arch on mac os (Bugzilla Bug 2722),apppkg,False,1.0,"It describes a specific build issue with the base tools on macOS, which is relevant to EDK II."
qwen2.5:14b,A,8487,Both ResultReportLibs use wrong bounded StrCpy function. (Bugzilla Bug 2721),unittestframeworkpkg,False,1.0,It is a genuine bug report related to EDK II firmware development.
qwen2.5:14b,A,9920,HttpBootDxe fails with some HTTP servers and low-latency links (Bugzilla Bug 2720),networkpkg,False,1.0,It is a genuine bug report related to an EDK II package.
qwen2.5:14b,A,8486,X64 build error for MdePkg: Unable to open include file Nasm.inc (Bugzilla Bug 2719),mdepkg,False,1.0,"It describes a build error related to EDK II, which is relevant and contains enough information for investigation."
qwen2.5:14b,A,8485,MdePkg/Include/IndustryStandard/SmBios.h and ShellPkg/Library/UefiShellDebug1CommandsLib/SmbiosView/PrintInfo.c misspell FirmwareVersion (Bugzilla Bug 2718),shellpkg,False,1.0,It describes a genuine bug report with enough information to investigate.
qwen2.5:14b,A,8484,MdePkg/Include/Protocol/DevicePath.h lacks definitions for NVDIMM Namespace Device Path (Bugzilla Bug 2717),mdepkg,False,1.0,It is a genuine bug report related to missing definitions in EDK II source code.
qwen2.5:14b,A,8483,MdePkg/Include/Protocol/DevicePath.h lacks definitions for ACPI NVDIMM Device Path (Bugzilla Bug 2716),mdepkg,False,1.0,It is a genuine bug report related to missing definitions in EDK II source code.
qwen2.5:14b,A,8482,Get default value from same source for TCG2_PHYSICAL_PRESENCE_FLAGS_VARIABLE (Bugzilla Bug 2713),securitypkg,False,1.0,It is a genuine bug report related to EDK II package.
qwen2.5:14b,A,8481,Build failure with XCODE and CLANG9 when building MdeModulePkg (Bugzilla Bug 2712),mdemodulepkg,False,1.0,"It describes a build failure with specific tools and package, which is relevant to EDK II."
qwen2.5:14b,A,9919,MdeModulePkg: PEI Usb read doesn't handle large file size (Bugzilla Bug 2711),mdemodulepkg,False,1.0,It is a genuine bug report related to firmware development.
qwen2.5:14b,A,9918,[ECC] UnicodeDecodeError: 'ascii' codec can't decode byte 0xef in position 38: ordinal not in range(128) (Bugzilla Bug 2709),basetools,False,1.0,It describes a specific build error with enough context to be investigated.
qwen2.5:14b,A,9917,[ECC] AttributeError: 'NoneType' object has no attribute 'line' (Bugzilla Bug 2708),basetools,False,1.0,It describes a genuine bug with an error message and is related to EDK II build tools.
qwen2.5:14b,A,8480,Ecc Fails with Python 3.8 (Bugzilla Bug 2707),basetools,False,1.0,"It describes a specific build issue with Python version, relevant to EDK II build tools."
qwen2.5:14b,A,8479,automatic reboot during first boot after deploying OVMF binary containing commit d42fdd6f8384 (Bugzilla Bug 2706),ovmfpkg,False,1.0,"It describes a specific issue with OVMF binary deployment, likely a genuine bug report."
qwen2.5:14b,A,8478,ECC fails to run with Py38 interpreter (Bugzilla Bug 2703),basetools,False,1.0,It describes a specific build issue with EDK II basetools.
qwen2.5:14b,A,9916,stdtold and strtoumax functions in StdLib can't be used. (Bugzilla Bug 2702),stdlibprivateinternalfiles,False,1.0,It is a genuine bug report related to EDK II's StdLib package.
qwen2.5:14b,A,8477,System can not go to right page if reconnect flag is enabled. (Bugzilla Bug 2701),mdemodulepkg,False,1.0,It describes a specific bug in the mdemodulepkg package.
qwen2.5:14b,A,8474,Incorrect TCG PPI version comparison in SmmTcg2PhysicalPresenceLib (Bugzilla Bug 2697),securitypkg,False,1.0,It is a genuine bug report related to EDK II firmware component.
qwen2.5:14b,A,9914,AARCH64 Release build failed with Clang 9 and Clang 10 (Bugzilla Bug 2695),cryptopkg,False,1.0,"It describes a build failure related to EDK II, which is relevant and requires investigation."
qwen2.5:14b,A,8472,Xhci Assert when Reset Device purposely (Bugzilla Bug 2694),mdemodulepkg,False,1.0,It is a genuine bug report related to EDK II firmware.
qwen2.5:14b,A,8471,BaseLib/SafeString.c: invalid integer parse result when subject sequence is empty (Bugzilla Bug 2693),mdepkg,False,1.0,It describes a genuine bug with enough details to be reproducible.
qwen2.5:14b,A,8470,BrotliCompress submodule change for BaseTools causes untracked files in BaseTools after building (Bugzilla Bug 2692),basetools,False,1.0,The issue describes a reproducible problem related to EDK II build infrastructure.
qwen2.5:14b,A,8468,PCD default value is unexpected when using GUID(gXXXX) syntax to describe a list GUIDs in PCD (Bugzilla Bug 2686),basetools,False,1.0,It is a genuine bug report related to EDK II build tools.
qwen2.5:14b,A,9913,PatchCheck.py: Check for added newline at end of file (Bugzilla Bug 2685),basetools,False,1.0,It is a genuine bug report related to EDK II build infrastructure.
qwen2.5:14b,A,8467,ASSERT when AP try to use CpuMpData (Bugzilla Bug 2683),ueficpupkg,False,1.0,It is a genuine bug report related to EDK II firmware development.
qwen2.5:14b,A,9912,SmmCommunicationBufferDxe should be updated for MmStandalone (Bugzilla Bug 2682),mdemodulepkg,False,1.0,It is a genuine bug report related to an EDK II package.
qwen2.5:14b,A,9911,SnpDxe: ExitBootServices notification function can call FreePool() (Bugzilla Bug 2679),networkpkg,False,1.0,It is a genuine bug report related to EDK II firmware development.
qwen2.5:14b,A,8465,"commit 4c0f6e349d32 marks ""MpLib.h"" as executable, breaking downstream packaging (Bugzilla Bug 2678)",ueficpupkg,False,1.0,"It describes a specific issue with file permissions affecting packaging, which is relevant to EDK II build and distribution."
qwen2.5:14b,A,8464,ECC needs to update the contents of CParser4 (Bugzilla Bug 2676),basetools,False,1.0,It is a genuine bug report related to EDK II build tools.
qwen2.5:14b,A,8463,OvmfPkg: clean up Libary/ResetSystemLib (Bugzilla Bug 2675),ovmfpkg,False,1.0,It is a genuine bug report related to cleanup in an EDK II package.
qwen2.5:14b,A,8462,VerifyHashedFv() should not ASSERT (Bugzilla Bug 2673),securitypkg,False,1.0,It is a genuine bug report related to EDK II firmware development.
qwen2.5:14b,A,8460,Update the RSC Data Buffer on Buffer Reallocation in ReportStatusCodeRouterRuntimeDxe (Bugzilla Bug 2670),mdemodulepkg,False,1.0,It is a genuine bug report related to EDK II firmware development.
qwen2.5:14b,A,8459,Data Buffers May be Handled Incorrectly in ReportStatusCodeRouterRuntimeDxe (Bugzilla Bug 2669),mdemodulepkg,False,1.0,It is a genuine bug report related to EDK II firmware component.
qwen2.5:14b,A,8458,EmulatorPkg IA32 Segfault in late Dxe (Bugzilla Bug 2668),emulatorpkg,False,1.0,It is a genuine bug report related to EDK II's EmulatorPkg with detailed discussion and resolution.
qwen2.5:14b,A,9910,Create two valid PlatformLang or Lang variables issue (Bugzilla Bug 2667),mdemodulepkg,False,1.0,It is a genuine bug report related to an EDK II package.
qwen2.5:14b,A,8457,Assert in FwuPartitionVersionFromFlash (FreePool on a NULL pointer) (Bugzilla Bug 2666),fmpdevicepkg,False,1.0,It describes a genuine bug with specific details and is related to EDK II firmware development.
qwen2.5:14b,A,8456,Report status code might cause page fault when executes the out of resource path (Bugzilla Bug 2665),mdemodulepkg,False,1.0,It is a genuine bug report related to EDK II firmware development.
qwen2.5:14b,A,8455,EmulatorPkg has a public header file in Include/Library that is not declared in EmulatorPkg.dec library class (Bugzilla Bug 2663),emulatorpkg,False,1.0,It is a genuine bug report related to EDK II package structure.
qwen2.5:14b,A,8454,OvmfPkg has numerous public libraries not declared in the DEC file (Bugzilla Bug 2662),ovmfpkg,False,1.0,It describes a genuine issue related to EDK II package structure and correctness.
qwen2.5:14b,A,8453,OvmfPkg with numerous defines turned on runs out of space on NOOPT build with VS2019 (Bugzilla Bug 2661),ovmfpkg,False,1.0,"It describes a build issue with OvmfPkg, which is related to EDK II firmware development."
qwen2.5:14b,A,8452,Remove deprecated Visual Studio compiler option ‘Gm’ for VS2017 and VS2019 (Bugzilla Bug 2660),basetools,False,1.0,It is a genuine bug report related to build infrastructure and compiler options.
qwen2.5:14b,A,8451,VS2019 and VS2017 toolchain plugin does not allow caller to request Platform libs and headers for any architecture other than X64 (Bugzilla Bug 2659),basetools,False,1.0,It is a genuine bug report related to EDK II build tools.
qwen2.5:14b,A,9909,Need a tool to count all the interfaces exposed by a package (Bugzilla Bug 2657),basetools,False,1.0,The issue describes a tool request for EDK II build infrastructure.
qwen2.5:14b,A,8449,NetworkPkg/Ip6Dxe: Reversed logic of ASSERTs in Ip6ProcessRouterAdvertise (Bugzilla Bug 2655),networkpkg,False,1.0,It is a genuine bug report related to EDK II firmware development.
qwen2.5:14b,A,8447,Improper order of open CI build (Bugzilla Bug 2653),-,False,1.0,It describes a genuine issue related to the CI build process.
qwen2.5:14b,A,8446,Returning at start of function directly will block image execution (Bugzilla Bug 2652),securitypkg,False,1.0,It is a genuine bug report related to EDK II package.
qwen2.5:14b,A,8445,Commit c4c15b870239c2c23442dfc29c4421ac98d00ee0 breaks OVMF with VS2019 fails in PvScsi.c (Bugzilla Bug 2651),ovmfpkg,False,1.0,It describes a specific build failure related to EDK II.
qwen2.5:14b,A,8444,FvIsBeingProcessed references uninitialized variable KNownFwVol in DEBUG statement (Bugzilla Bug 2649),standalonemmpkg,False,1.0,It describes a genuine bug with specific details and is related to EDK II firmware development.
qwen2.5:14b,A,9907,BaseTools can't take .sh file to generate a new private/public key in Linux system (Bugzilla Bug 2645),basetools,False,1.0,"It describes a specific issue with BaseTools in Linux, which is related to EDK II build infrastructure."
qwen2.5:14b,A,9906,Externally loaded runtime images are mapped RWX (Bugzilla Bug 2643),mdemodulepkg,False,1.0,It is a genuine bug report related to EDK II firmware functionality.
qwen2.5:14b,A,8442,XCODE5 built OVMF does not support memory attributes (Bugzilla Bug 2642),ovmfpkg,False,1.0,It is a genuine bug report related to EDK II package.
qwen2.5:14b,A,8441,tftpDynamicCommand.efi load error in debug mode (Bugzilla Bug 2641),shellpkg,False,1.0,It is a genuine bug report related to EDK II package.
qwen2.5:14b,A,9905,EmulatorPkg x64 Segmentation fault on GCC5 toolchain on Ubuntu (Bugzilla Bug 2639),emulatorpkg,False,1.0,It is a genuine bug report with specific details about a segmentation fault in EmulatorPkg on the GCC5 toolchain.
qwen2.5:14b,A,8439,EmulatorPkg fails to build IA32 with GCC5 (Bugzilla Bug 2638),emulatorpkg,False,1.0,"It describes a build failure for EmulatorPkg with GCC5, which is relevant to EDK II."
qwen2.5:14b,A,8438,EmulatorPkg WinHost Fails to compile with VS2019 (Bugzilla Bug 2637),emulatorpkg,False,1.0,It is a genuine bug report related to EDK II build failure with specific details.
qwen2.5:14b,A,8437,OvmfPkg/GenericQemuLoadImageLib: OVMF ia32x64 fails with VS2019 (Bugzilla Bug 2636),ovmfpkg,False,1.0,It is a genuine bug report related to OVMF build failure with VS2019.
qwen2.5:14b,A,8436,TlsAuthConfigAccessCallback() use console library to popup error message. (Bugzilla Bug 2635),networkpkg,False,1.0,It is a genuine bug report related to EDK II firmware development.
qwen2.5:14b,A,9904,Error message of 'ifconfig6 -s <name> man host <ipv6>' with invalid value prints unknown command (Bugzilla Bug 2634),shellpkg,False,1.0,"The issue describes a specific error message in the shellpkg package, which is related to EDK II firmware development."
qwen2.5:14b,A,8435,remove code to generate the properties table (Bugzilla Bug 2633),mdemodulepkg,False,1.0,It is a genuine bug report related to EDK II package code.
qwen2.5:14b,A,8434,[UefiCpuPkg/MpInitLib] Both PEI & DXE instances are missing the PcdLib dependency (Bugzilla Bug 2632),ueficpupkg,False,1.0,It is a genuine bug report related to an EDK II package.
qwen2.5:14b,A,8433,Build failure with VS2012 in SdMmcPciHcDxe\SdMmcPciHcDxe.c (Bugzilla Bug 2631),mdemodulepkg,False,1.0,It describes a build failure related to EDK II source code.
qwen2.5:14b,A,8432,Build fail with GCC48 and GCC49 in OvmfPkg (Bugzilla Bug 2630),ovmfpkg,False,1.0,It describes a build failure related to specific compiler versions in an EDK II package.
qwen2.5:14b,A,9903,Audit X86 common packages in edk2 repo to minimize public interfaces (Bugzilla Bug 2629),shellpkg,False,1.0,It is a genuine bug report related to minimizing public interfaces in EDK II packages.
qwen2.5:14b,A,8431,CLANGPDB toolchain in IA32 mode generates large binaries (Bugzilla Bug 2628),basetools,False,1.0,"It describes a specific build issue with the CLANGPDB toolchain in IA32 mode, which is relevant to EDK II firmware development."
qwen2.5:14b,A,8430,[UefiCpuPkg/MpInitLib] Add a PCD to configure the periodic interval for AP status checking (Bugzilla Bug 2627),ueficpupkg,False,1.0,It is a genuine bug report related to EDK II firmware development.
qwen2.5:14b,A,8429,Typo in Python development Process and coding standards draft spec (Bugzilla Bug 2626),-,False,1.0,"It describes a typo in the development process documentation, which is relevant to EDK II."
qwen2.5:14b,A,9902,Add the transaction interface to OpalStorageCoreLib (Bugzilla Bug 2625),securitypkg,False,1.0,It is a legitimate feature request or bug report for an EDK II package.
qwen2.5:14b,A,8428,GenMake.py is adding make requirements for files that may not exist. (Bugzilla Bug 2624),basetools,False,1.0,"It describes a specific issue with GenMake.py, which is part of EDK II build infrastructure."
qwen2.5:14b,A,9901,VerifyHashedFv() Possible overflow in pool allocation math due to typecasting (Bugzilla Bug 2623),securitypkg,False,1.0,"It describes a potential overflow issue in pool allocation math, which is a genuine bug report."
qwen2.5:14b,A,9900,Possible typecasting issue in function InstallPreHashFvPpi (Bugzilla Bug 2622),securitypkg,False,1.0,"It describes a potential typecasting issue in a specific function, which is relevant to EDK II firmware development."
qwen2.5:14b,A,9899,VerifyHashedFv ASSERTs should have conditionals (Bugzilla Bug 2621),securitypkg,False,1.0,It is a genuine bug report related to EDK II firmware development.
qwen2.5:14b,A,9898,InstallPreHashFvPpi ASSERTs should have conditionals (Bugzilla Bug 2620),securitypkg,False,1.0,It is a genuine bug report related to EDK II firmware development.
qwen2.5:14b,A,9897,"Buffer allocation uses ASSERTs, needs conditional checks (Bugzilla Bug 2619)",securitypkg,False,1.0,It is a genuine bug report related to EDK II package.
qwen2.5:14b,A,8427,Update edk2 CI to nodejs version 12.x (LTS) (Bugzilla Bug 2618),-,False,1.0,"The issue relates to updating CI infrastructure for EDK II, which is relevant."
qwen2.5:14b,A,8426,Update edk2 build and test ci to use Python 3.8.x (Bugzilla Bug 2617),-,False,1.0,"The issue relates to updating CI infrastructure for EDK II builds, which is relevant to the project."
qwen2.5:14b,A,8425,Update edk2-pytool-extensions to 0.13.x (Bugzilla Bug 2616),-,False,1.0,The issue relates to updating a build tool used in the EDK II project.
qwen2.5:14b,A,9896,ECC doesn't report accurate line number (Bugzilla Bug 2615),basetools,False,1.0,It is a genuine bug report related to EDK II build tools.
qwen2.5:14b,A,8424,Arrays might use invalid index (Bugzilla Bug 2614),networkpkg,False,1.0,It is a genuine bug report related to an EDK II package.
qwen2.5:14b,A,8423,"""PATH"" variable overloaded that could fail .bat run due to command line too long (Bugzilla Bug 2613)",basetools,False,1.0,It describes a genuine build issue with the basetools package.
qwen2.5:14b,A,8422,SaveFrameworkState in UnitTestLib still requires FrameworkHandle (Bugzilla Bug 2612),unittestframeworkpkg,False,1.0,It is a genuine bug report related to EDK II firmware development.
qwen2.5:14b,A,8420,BaseTools print traceback info issue (Bugzilla Bug 2610),basetools,False,1.0,It is a genuine bug report related to BaseTools package.
qwen2.5:14b,A,8419,SavedState is not sticky in UnitTestFrameworkPkg (Bugzilla Bug 2609),unittestframeworkpkg,False,1.0,It is a genuine bug report related to the EDK II package UnitTestFrameworkPkg.
qwen2.5:14b,A,8418,Translate title from Ascii to Unicode caused page fault in unit test framework initialization (Bugzilla Bug 2608),unittestframeworkpkg,False,1.0,It describes a specific bug with reproducible symptoms in an EDK II package.
qwen2.5:14b,A,9895,Stale DeviceHandle in LoadedImageProtocol of Driver (Bugzilla Bug 2607),mdemodulepkg,False,1.0,It describes a genuine bug report related to EDK II firmware component.
qwen2.5:14b,A,8416,The behavior of ShellReadFile is unexpected. (Bugzilla Bug 2605),emulatorpkg,False,1.0,It describes a specific behavior issue in an EDK II package.
qwen2.5:14b,A,8415,Build fail with VS2019 (Bugzilla Bug 2604),emulatorpkg,False,1.0,It describes a build failure which is relevant to EDK II.
qwen2.5:14b,A,8414,FmpDxe::EvaluateImageDependencies can reference an uninitialized pointer (Bugzilla Bug 2602),fmpdevicepkg,False,1.0,It describes a genuine bug report with enough context to be investigated.
qwen2.5:14b,A,8413,ArmVirtQemu ompilation failure for RELEASE with GCC49 profile (gcc 8.3) (Bugzilla Bug 2601),armvirtpkg,False,1.0,It describes a build failure for a specific package and compiler profile.
qwen2.5:14b,A,9894,HTTP Communication failed in Host Name Validation when wild card certificates are used (Bugzilla Bug 2600),networkpkg,False,1.0,It is a genuine bug report related to EDK II's network package.
qwen2.5:14b,A,8412,HTTP Communication failed in Host Name Validation when wild card certificates are used (Bugzilla Bug 2599),networkpkg,False,1.0,It is a genuine bug report related to EDK II's network package.
qwen2.5:14b,A,8411,[MdePkg/PciExpress40.h] DVSEC definition missing (Bugzilla Bug 2598),mdepkg,False,1.0,It is a genuine bug report related to EDK II firmware development.
qwen2.5:14b,A,9893,SecurityPkg: OpalGetFeatureDescriptor always returns success (Bugzilla Bug 2597),securitypkg,False,1.0,It describes a genuine bug related to EDK II's SecurityPkg.
qwen2.5:14b,A,8409,Build Fail EmulatorPkg VS2017 -Cannot find the path specified ... UefiBootManagerLib.inf (Bugzilla Bug 2595),emulatorpkg,False,1.0,It describes a build failure in EmulatorPkg which is related to EDK II firmware development.
qwen2.5:14b,A,8408,SpellCheck plugin should increase the number of Max Failures (Bugzilla Bug 2593),-,False,1.0,It is a legitimate feature request for improving the EDK II build infrastructure tool.
qwen2.5:14b,A,8407,SMM Dispatcher Memory leakage (Bugzilla Bug 2592),mdemodulepkg,False,1.0,It describes a genuine bug report related to memory leakage in an EDK II package.
qwen2.5:14b,A,8406,Tcg2Dxe's ExitBootServices and ExitBootServicesFailed notifications should be registered at TPL_CALLBACK (Bugzilla Bug 2591),securitypkg,False,1.0,It is a genuine bug report related to EDK II firmware development.
qwen2.5:14b,A,9891,Tcg2Dxe's ExitBootServices and ExitBootServicesFailed notifications should be registered at TPL_CALLBACK (Bugzilla Bug 2590),securitypkg,False,1.0,It is a genuine bug report related to EDK II firmware component.
qwen2.5:14b,A,8405,"ASSERT triggered in ArmVirtGicArchLib with mach-virt,virtualization=on under QEMU TCG (Bugzilla Bug 2588)",armvirtpkg,False,1.0,It describes a specific bug with detailed information and is related to EDK II firmware development.
qwen2.5:14b,A,9890,PcdValueInit generation fails when libCommon.a is not present (Bugzilla Bug 2586),basetools,False,1.0,It describes a build failure issue related to EDK II build tools.
qwen2.5:14b,A,8404,OVMF IA32X64 no longer builds in common config after recent feature additions (@ 6b7855209ad8) (Bugzilla Bug 2585),ovmfpkg,False,1.0,It describes a build failure related to EDK II.
qwen2.5:14b,A,8403,Abstract DxeIpl from processor architecture (Bugzilla Bug 2583),mdemodulepkg,False,1.0,It is a genuine bug report related to EDK II firmware development.
qwen2.5:14b,A,8402,"OvmfPkg/X86QemuLoadImageLib: UINTN to UINT32, possible loss of data compiler warning in VS2015/VS2019 (Bugzilla Bug 2582)",ovmfpkg,False,1.0,"It describes a compiler warning in a specific EDK II package, which is relevant to the project."
qwen2.5:14b,A,9889,BaseToolsBuild directory should be added to .gitignore (Bugzilla Bug 2581),basetools,False,1.0,It is a genuine bug report related to build infrastructure.
qwen2.5:14b,A,8401,OvmfPkg build failed on windows with MSVC (Bugzilla Bug 2580),ovmfpkg,False,1.0,It describes a build failure for OvmfPkg on Windows with MSVC.
qwen2.5:14b,A,8400,Variable runtime cache overwritten during initializaiton (Bugzilla Bug 2579),mdemodulepkg,False,1.0,It is a genuine bug report related to EDK II firmware development.
qwen2.5:14b,A,9888,BuildReport.py can throw UnicodeDecodeError exception FindIncludeFiles (Bugzilla Bug 2578),basetools,False,1.0,"The issue describes a specific build problem with reproducible error, related to EDK II build tools."
qwen2.5:14b,A,8399,Add MemoryTypeInformationChangeLib to Dsc (Bugzilla Bug 2577),shellpkg,False,1.0,It is a genuine bug report related to adding MemoryTypeInformationChangeLib to Dsc.
qwen2.5:14b,A,8398,"Expand PcdEmbeddedFdBaseAddress, PcdEmbeddedFdSize, PcdFlashFvMainSize, PcdPrePiStackSize, and a few other PCD's in EmbeddedPkg to support addresses above 4G (Bugzilla Bug 2576)",embeddedpkg,False,1.0,It is a genuine bug report related to expanding PCDs in EDK II's EmbeddedPkg.
qwen2.5:14b,A,8397,Components are missing in ArmPlatformPkg.dsc (Bugzilla Bug 2575),armplatformpkg,False,1.0,It is a genuine bug report related to missing components in ArmPlatformPkg.
qwen2.5:14b,A,8396,Components are missing in ArmPkg.dsc (Bugzilla Bug 2574),armpkg,False,1.0,"It describes a specific issue with missing components in ArmPkg.dsc, which is related to EDK II firmware development."
qwen2.5:14b,A,8394,"ovmf build fail on Redhat 8.1, gcc 8.3.1 (Bugzilla Bug 2572)",-,False,1.0,It describes a build failure which is relevant to EDK II.
qwen2.5:14b,A,9887,Incorrect ACPI PMTT device type values (Bugzilla Bug 2569),mdepkg,False,1.0,It is a genuine bug report related to EDK II firmware.
qwen2.5:14b,A,8392,PcdValueInit generation should copy the common PcdValueCommon.c in its output directory (Bugzilla Bug 2568),basetools,False,1.0,It is a genuine bug report related to EDK II build tools.
qwen2.5:14b,A,9886,ASSERT in SmmNotifyProtocol (Bugzilla Bug 2565),mdemodulepkg,False,1.0,It describes a genuine bug with an assertion failure in a specific package.
qwen2.5:14b,A,8388,BaseTools: Changing header file does not trigger module re-build (Bugzilla Bug 2563),basetools,False,1.0,It describes a genuine build issue with BaseTools that affects re-build triggering.
qwen2.5:14b,A,8387,EDK2 CI for RISC-V architecture (Bugzilla Bug 2562),-,False,1.0,"The issue relates to EDK II CI for a specific architecture, indicating it is related to build infrastructure."
qwen2.5:14b,A,8382,"MpInitLib ucode regression: ""PlatformId"" MSR does not exist on AMD-based platforms (Bugzilla Bug 2556)",ueficpupkg,False,1.0,It is a genuine bug report related to EDK II firmware development.
qwen2.5:14b,A,8381,"QemuVideoDxe no longer binds ""secondary-vga"" and ""bochs-display"" (Bugzilla Bug 2555)",ovmfpkg,False,1.0,It is a genuine bug report related to an EDK II package.
qwen2.5:14b,A,9884,ECC issues related to UnitTestFramePkg (Bugzilla Bug 2554),unittestframeworkpkg,False,1.0,It is a genuine bug report related to an EDK II package.
qwen2.5:14b,A,8380,ECC issues in edk2/UefiCpuPkg (Bugzilla Bug 2553),ueficpupkg,False,1.0,The issue is related to a specific package in EDK II and is marked as a bug.
qwen2.5:14b,A,8379,Issues reported by ECC in edk2/CryptoPkg (Bugzilla Bug 2552),cryptopkg,False,1.0,It describes a real security vulnerability or build failure in the CryptoPkg.
qwen2.5:14b,A,8378,NetworkPkg: CVE-2019-14559 tracker (Bugzilla Bug 2550),networkpkg,False,1.0,It describes a security vulnerability related to EDK II's NetworkPkg.
qwen2.5:14b,A,8377,MdeModulePkg: Libraries that depend on SMM depended on non-x86 (Bugzilla Bug 2549),mdemodulepkg,False,1.0,It is a genuine bug report related to EDK II package dependencies.
qwen2.5:14b,A,8376,PcdDxeIplSwitchToLongMode isn't defined on non-x86 (Bugzilla Bug 2548),mdemodulepkg,False,1.0,It is a genuine bug report related to EDK II firmware component.
qwen2.5:14b,A,8375,DeviceManagerUiLib: Assigning GUID causes memcpy link issue (Bugzilla Bug 2547),mdemodulepkg,False,1.0,It describes a specific build/link issue related to EDK II firmware development.
qwen2.5:14b,A,9883,Incremental builds construct illegal FV on >= GenFdsGlobalVariable.LARGE_FILE_SIZE sections (Bugzilla Bug 2546),basetools,False,1.0,It describes a reproducible build issue related to EDK II build tools.
qwen2.5:14b,A,9880,Basetools: Remove the old style module support from Basetools (Bugzilla Bug 2543),basetools,False,1.0,It is a genuine bug report related to EDK II build infrastructure.
qwen2.5:14b,A,8374,TlsLib should not have a list of Ciphers which may or may not agree with what is available. (Bugzilla Bug 2541),cryptopkg,False,1.0,"It describes a specific issue within an EDK II package, indicating it is a genuine bug report."
qwen2.5:14b,A,9879,Openssl configuration needs to be available in Windows (Bugzilla Bug 2540),cryptopkg,False,1.0,It is a genuine bug report related to OpenSSL configuration in Windows.
qwen2.5:14b,A,8373,CryptPkcs7VerifyBase.c: Pkcs7GetAttachedContent() should check type is data and support other OID types (Bugzilla Bug 2539),cryptopkg,False,1.0,It is a genuine bug report related to EDK II firmware development.
qwen2.5:14b,A,8372,GuidedSectionTools.txt is not generated correctly when tool path is overrided in DSC (Bugzilla Bug 2538),basetools,False,1.0,"It describes a specific build issue with BaseTools, which is related to EDK II build infrastructure."
qwen2.5:14b,A,8371,AsmWriteCR0() halts execution (Bugzilla Bug 2537),mdepkg,False,1.0,It is a genuine bug report related to EDK II firmware development.
qwen2.5:14b,A,8370,UnitTestFrameworkPkg: Invalid index may be used in array (Bugzilla Bug 2535),unittestframeworkpkg,False,1.0,It is a genuine bug report related to EDK II's UnitTestFrameworkPkg.
qwen2.5:14b,A,8369,acpiview enters infinite loop if ACPI structure length is 0 (Bugzilla Bug 2534),shellpkg,False,1.0,It describes a genuine bug with clear implications for firmware functionality.
qwen2.5:14b,A,8368,Pointer BinData needs to be checked before used (Bugzilla Bug 2531),mdepkg,False,0.95,The issue is a genuine bug report related to EDK II firmware development.
qwen2.5:14b,A,8367,UnitTestFrameworkPkg: Suspicious dereference of pointer Suite  before null check (Bugzilla Bug 2530),unittestframeworkpkg,False,1.0,It is a genuine bug report related to EDK II's UnitTestFrameworkPkg.
qwen2.5:14b,A,8366,"BaseTools: Python tool will cause MSVC ""expanded command line too long"" build error (Bugzilla Bug 2528)",basetools,False,1.0,It describes a genuine build issue related to BaseTools in EDK II.
qwen2.5:14b,A,8365,FCE tool doesn't find the last FV with SEC module as BFV image (Bugzilla Bug 2527),basetools,False,1.0,It is a genuine bug report related to EDK II build tools.
qwen2.5:14b,A,8364,FileTimeToLocalTime() ASSERTs if LocalTimeZone == EFI_UNSPECIFIED_TIMEZONE (Bugzilla Bug 2526),shellpkg,False,1.0,It is a genuine bug report with a specific issue and package.
qwen2.5:14b,A,8363,MdePkg/BaseSafeIntLib - Some VS20xx IA32 optimized builds fail with unresolved _allmul symbol (Bugzilla Bug 2525),mdepkg,False,1.0,"It describes a build failure related to EDK II, which is relevant and specific enough for investigation."
qwen2.5:14b,A,8362,remove -DNO_MSABI_VA_FUNCS option in CLANGPDB tool chain (Bugzilla Bug 2524),basetools,False,1.0,It is a genuine bug report related to EDK II build infrastructure.
qwen2.5:14b,A,9878,"BdsDxe ignores the meaning of PcdPlatformRecoverySupport, and may boot to USB unexpectedly. (Bugzilla Bug 2523)",mdemodulepkg,False,1.0,It describes a specific behavior issue with BdsDxe that could be a genuine bug.
qwen2.5:14b,A,8360,Update FMMT to support FFS without UI section (Bugzilla Bug 2521),basetools,False,1.0,It is a genuine bug report related to EDK II build tools.
qwen2.5:14b,A,8359,Incremental build failure in CLANGPDB tool chain on Windows host (Bugzilla Bug 2520),basetools,False,1.0,It describes a build failure related to EDK II build tools on Windows.
qwen2.5:14b,A,9877,Move ProcessorSignature/PlatformId from CPU_AP_DATA to CPU_INFO_IN_HOB (Bugzilla Bug 2519),ueficpupkg,False,1.0,It is a genuine bug report related to EDK II firmware development.
qwen2.5:14b,A,8356,Issues reported by ECC in edk2 (Bugzilla Bug 2515),-,False,0.95,"The issue is reported as a bug and has comments, indicating it contains enough information for investigation."
qwen2.5:14b,A,8355,Disable EBC for UnitTestFrameworkPkg and all unit tests (Bugzilla Bug 2514),unittestframeworkpkg,False,1.0,It is a genuine bug report related to the EDK II package UnitTestFrameworkPkg.
qwen2.5:14b,A,8354,HostBasedUnitTestRunner plugin only runs on Windows and thus HostUnitTests are only automatically run during CI on windows.  Fix this by enabling Linux in plugin (Bugzilla Bug 2513),basetools,False,1.0,It is a genuine bug report with a clear description and proposed fix.
qwen2.5:14b,A,8353,UnitTestFramworkPkg/UnitTest - XCODE5 generates errors for extra parenthesis (Bugzilla Bug 2512),unittestframeworkpkg,False,1.0,It is a genuine bug report related to EDK II build issues with XCODE5.
qwen2.5:14b,A,8352,Enhancement to BaseHashApiLib TO align with latest crypto libraries and making PCD PcdsFixedAtBuild (Bugzilla Bug 2511),cryptopkg,False,1.0,It is a legitimate feature request to enhance BaseHashApiLib and align it with latest crypto libraries.
qwen2.5:14b,A,9876,Input shift when Ctrl/Shift modifiers are used (Bugzilla Bug 2510),shellpkg,False,1.0,It is a genuine bug report related to EDK II package.
qwen2.5:14b,A,9875,IoLib should support real 64bit MMIO access even in PEI Phase(32bit mode) (Bugzilla Bug 2509),mdepkg,False,1.0,It is a genuine bug report related to EDK II firmware functionality.
qwen2.5:14b,A,9874,Specific for loop will be triggered to compiler intrinsic function which may cause build fail (Bugzilla Bug 2508),-,False,1.0,It describes a specific build issue that could be related to EDK II compilation.
qwen2.5:14b,A,8350,"When setting a new PK in setup mode, PK should not be required to be self-signed (Bugzilla Bug 2506)",securitypkg,False,1.0,It is a genuine bug report related to the security package in EDK II.
qwen2.5:14b,A,8347,GCC49 tool chain meets with the build failure when GCC7.4 compiler (Bugzilla Bug 2502),basetools,False,1.0,It describes a build failure related to EDK II build tools.
qwen2.5:14b,A,8346,UpdateCapsule rejects all non-reset capsule image at runtime (Bugzilla Bug 2501),mdemodulepkg,False,1.0,It is a genuine bug report related to EDK II firmware functionality.
qwen2.5:14b,A,8345,[UefiCpuPkg/MpInitLib] CPUID and PlatformID information can be uninitialized in MicrocodeDetect() (Bugzilla Bug 2498),ueficpupkg,False,1.0,It is a genuine bug report related to EDK II firmware component.
qwen2.5:14b,A,8344,SecurityPkg/DxeImageVerificationHandler: handle undefined and forbidden image verification policies more flexibly (Bugzilla Bug 2497),securitypkg,False,1.0,It is a genuine bug report related to EDK II's SecurityPkg.
qwen2.5:14b,A,8343,BaseTools/Build: Improved compiler compatibility with Structured PCDs (Bugzilla Bug 2496),basetools,False,1.0,It is a genuine bug report related to EDK II build tools.
qwen2.5:14b,A,8342,BaseTools/Build: Make sure host environment supports building Structured PCD POSIX application (Bugzilla Bug 2495),basetools,False,1.0,It is a genuine bug report related to the BaseTools package in EDK II.
qwen2.5:14b,A,8341,BaseTools/DscBuildData: Fix PCD autogen include file conflict with standard includes such as <stdio.h> (Bugzilla Bug 2494),basetools,False,1.0,It is a genuine bug report related to EDK II build infrastructure.
qwen2.5:14b,A,8340,CryptoPkg/BaseCryptLibNull: Add missing HkdfSha256ExtractAndExpand() service (Bugzilla Bug 2493),cryptopkg,False,1.0,It is a genuine bug report related to an EDK II package.
qwen2.5:14b,A,8338,Issue in AutoGen.py splitting filename and extension (Bugzilla Bug 2491),basetools,False,1.0,"It describes a specific issue in an EDK II build tool, AutoGen.py."
qwen2.5:14b,A,8337,OvmfXen: Set PcdFSBClock at runtime (Bugzilla Bug 2490),ovmfpkg,False,1.0,It is a genuine bug report related to EDK II package.
qwen2.5:14b,A,9871,Emulator CLANGPDB Release binary cannot boot (Bugzilla Bug 2489),emulatorpkg,False,1.0,It is a genuine bug report related to EDK II build artifacts.
qwen2.5:14b,A,8336,ArmVirtQemu: Variable not being saved (Bugzilla Bug 2488),armvirtpkg,False,1.0,It is a genuine bug report related to EDK II firmware development.
qwen2.5:14b,A,8335,Call stack cannot unwind correctly in debuggers for CLANGPDB x64 binary (Bugzilla Bug 2487),basetools,False,1.0,It describes a genuine bug related to EDK II build tools and debuggers.
qwen2.5:14b,A,8334,PatchCheck: Do not check enforce CR/LF line endings when with adding a submodule directory (Bugzilla Bug 2485),basetools,False,1.0,It describes an issue related to EDK II build infrastructure and is a genuine bug report.
qwen2.5:14b,A,8333,PatchCheck: Do not enforce no tabs or CR/LF on file .gitmodules (Bugzilla Bug 2484),basetools,False,1.0,It relates to EDK II build infrastructure and coding style enforcement tools.
qwen2.5:14b,A,8332,Add FIT BIOS Specification version FITGEN tool is aligned to in help section. (Bugzilla Bug 2483),basetools,False,1.0,It is a genuine bug report related to EDK II build tools.
qwen2.5:14b,A,8331,SMBIOS spec 3.3+ Type17 support isn't included for final DWORDS (Bugzilla Bug 2482),mdepkg,False,1.0,It is a genuine bug report related to SMBIOS spec support in an EDK II package.
qwen2.5:14b,A,8330,Makefile choice based on OS (Bugzilla Bug 2481),basetools,False,1.0,It is a genuine bug report related to EDK II build infrastructure.
qwen2.5:14b,A,9869,Add EFI SPDM protocol (Bugzilla Bug 2477),mdepkg,False,1.0,"It is a genuine feature request related to adding an EFI SPDM protocol, which involves EDK II firmware components."
qwen2.5:14b,A,9868,Support FV Extension header to do smart FV shadow (Bugzilla Bug 2476),basetools,False,1.0,It is a genuine bug report related to EDK II build infrastructure.
qwen2.5:14b,A,9867,Need to measure the break-down performance data for a single SMI (Bugzilla Bug 2475),mdemodulepkg,False,1.0,It is a genuine bug report related to measuring performance data for SMI in the mdemodulepkg package.
qwen2.5:14b,A,8328,[UefiCpuPkg/MpInitLib] The 'InitFlag' field of CPU_MP_DATA structure may be uninitialized under some cases (Bugzilla Bug 2474),ueficpupkg,False,1.0,It is a genuine bug report related to EDK II firmware development.
qwen2.5:14b,A,9866,Fix PHYSICAL_PRESENCE_DEACTIVATE_DISABLE_OWNER_FALSE operation flow to match the spec (Bugzilla Bug 2473),securitypkg,False,1.0,It is a genuine bug report related to EDK II package.
qwen2.5:14b,A,8327,Replace the ASSERT with return error code in TcgPhysicalPresenceLib (Bugzilla Bug 2472),securitypkg,False,1.0,It is a genuine bug report related to EDK II package code.
qwen2.5:14b,A,8326,Add new pcd to control TCG/TCG2 user confirmation time out (Bugzilla Bug 2471),securitypkg,False,1.0,It is a genuine bug report related to an EDK II package.
qwen2.5:14b,A,8325,Using WaitForEven instead of busy loop for TCG/TCG2 read user key function (Bugzilla Bug 2470),-,False,1.0,It is a genuine bug report related to firmware functionality.
qwen2.5:14b,A,9865,NetList functions use ASSERT to handle cases when an error value could be returned. (Bugzilla Bug 2468),networkpkg,False,1.0,It is a genuine bug report related to EDK II firmware components.
qwen2.5:14b,A,8324,DxeHstiLib: uninitialized local variable used in if statement (Bugzilla Bug 2467),mdepkg,False,1.0,It describes a genuine bug report with a specific issue related to an uninitialized variable in EDK II code.
qwen2.5:14b,A,8323,Backward incompatible CPU_MP_DATA struct change breaks FSP boot (Bugzilla Bug 2465),ueficpupkg,False,1.0,It describes a genuine bug related to firmware development.
qwen2.5:14b,A,9864,DxeCore: CoreInitializeMemoryServices() can overwrite Memory Allocation HOB regions (Bugzilla Bug 2464),mdemodulepkg,False,1.0,It is a genuine bug report related to EDK II firmware functionality.
qwen2.5:14b,A,8322,Perform Data and Address line test only if not ignore memory test. (Bugzilla Bug 2463),mdemodulepkg,False,1.0,It is a genuine bug report related to EDK II firmware development.
qwen2.5:14b,A,9863,Update PatchCheck to relax CVE patten checking in subject line (Bugzilla Bug 2462),basetools,False,1.0,It is a genuine bug report related to EDK II build infrastructure.
qwen2.5:14b,A,9862,Connecting all devices in UEFI Shell may freeze select firmwares (Bugzilla Bug 2460),shellpkg,False,1.0,It is a genuine bug report related to the UEFI Shell package.
qwen2.5:14b,A,8321,Buffer double free caused use-after-free assert (Bugzilla Bug 2459),cryptopkg,False,1.0,It describes a genuine bug with enough context to be reproducible.
qwen2.5:14b,A,8320,Multiple misuse of SetMem function (Bugzilla Bug 2458),cryptopkg,False,1.0,It is a genuine bug report related to EDK II package.
qwen2.5:14b,A,8319,Exception processing SetVariable when variable store is full. (Bugzilla Bug 2457),mdemodulepkg,False,1.0,"It describes a genuine bug with specific package and is already closed, indicating it was valid."
qwen2.5:14b,A,9861,PiSmmIpl NULL pointer access when memory contents are low (Bugzilla Bug 2456),mdemodulepkg,False,1.0,It is a genuine bug report related to EDK II firmware development.
qwen2.5:14b,A,8318,GenFds issue for Using the GenFds tool alone displays the build tool (Bugzilla Bug 2455),basetools,False,1.0,It is a genuine bug report related to the GenFds tool in EDK II.
qwen2.5:14b,A,9860,Add microcode flash address to EDKII microcode patch HOB. (Bugzilla Bug 2454),ueficpupkg,False,1.0,It is a genuine bug report related to EDKII microcode patch HOB.
qwen2.5:14b,A,8317,Incremental Build Issue for the header file deletion (Bugzilla Bug 2451),basetools,False,0.95,The issue describes a specific build problem related to header file deletion in the basetools package.
qwen2.5:14b,A,8316,Add platform microcode shadow PPI to UefiCpuPkg (Bugzilla Bug 2449),ueficpupkg,False,1.0,It is a genuine bug report related to EDK II package.
qwen2.5:14b,A,8315,Basetools: Enable build option group setting (Bugzilla Bug 2448),basetools,False,1.0,It is a genuine bug report related to build options in EDK II basetools.
qwen2.5:14b,A,8314,Avoid using CreateEventEx unless required (Bugzilla Bug 2446),mdepkg,False,1.0,It is a genuine bug report related to EDK II package.
qwen2.5:14b,A,9858,Provide hypervisor bit name in CPUID_VERSION_INFO_ECX (Bugzilla Bug 2445),mdepkg,False,1.0,It is a genuine bug report related to firmware functionality.
qwen2.5:14b,A,9856,Extend and fix the TCG/TCG2 Physical Presence Interface (Bugzilla Bug 2443),securitypkg,False,1.0,It is a genuine bug report related to an EDK II package.
qwen2.5:14b,A,9855,"gEfiMdeModulePkgTokenSpaceGuid.PcdAcpiS3Enable has defaulted to True, which enables S3 on platforms (Bugzilla Bug 2442)",mdemodulepkg,False,1.0,It is a genuine bug report related to EDK II firmware configuration.
qwen2.5:14b,A,8313,UEFIPayloadPkg: coreboot on Intel DenvertonNS with UEFIPayload leads to assertion (Bugzilla Bug 2441),uefipayloadpkg,False,1.0,It is a genuine bug report related to EDK II package.
qwen2.5:14b,A,8312,An uesless if statement (Bugzilla Bug 2440),mdemodulepkg,True,1.0,"The title 'An uesless if statement' does not provide enough information to reproduce or investigate the issue, and it seems like a minor code review comment rather than a genuine bug report."
qwen2.5:14b,A,8311,Add TCG PFP revision 105 support and NIST SP800-155 event (Bugzilla Bug 2439),securitypkg,False,1.0,It is a genuine bug report related to TCG PFP revision and NIST SP800-155 event in the securitypkg package.
qwen2.5:14b,A,9854,"Remove Framework HII ""class\subclass"" in Network Pkg VFR (Bugzilla Bug 2437)",networkpkg,False,1.0,It is a genuine bug report related to EDK II firmware development.
qwen2.5:14b,A,8310,There are some incorrect Doxygen comment in SmmAccess feature (Bugzilla Bug 2436),intelsiliconpkg,False,1.0,It is a genuine bug report related to incorrect Doxygen comments in the SmmAccess feature.
qwen2.5:14b,A,9853,Should have clear separation for PEI global variable and data supporting PEI/DXE communication in MpInitLib (Bugzilla Bug 2435),ueficpupkg,False,1.0,It is a genuine bug report related to EDK II firmware components.
qwen2.5:14b,A,8309,"improve the coding style of loops over CPUs in ""UefiCpuPkg/PiSmmCpuDxeSmm/MpService.c"" (Bugzilla Bug 2434)",ueficpupkg,False,1.0,It is a legitimate feature request to improve coding style within an EDK II package.
qwen2.5:14b,A,9852,HTTPS Certificate Enrollment Issue (Bugzilla Bug 2433),networkpkg,False,1.0,The issue relates to a package in EDK II and is reported as a bug.
qwen2.5:14b,A,9851,Basetool: Make FixedAtBuild Pcd Token Number be fixed in AutoGen File (Bugzilla Bug 2432),basetools,False,1.0,It is a genuine bug report related to EDK II build infrastructure.
qwen2.5:14b,A,8308,Microcode revision mismatch between BSP and AP (Bugzilla Bug 2431),ueficpupkg,False,1.0,It describes a specific issue related to firmware components.
qwen2.5:14b,A,8306,[UefiCpuPkg/MpInitLib] Reduce the copy size when loading microcode patches data into memory (Bugzilla Bug 2429),ueficpupkg,False,1.0,It is a genuine bug report related to EDK II firmware development.
qwen2.5:14b,A,8305,Need add SPDM device measurement definition in TCG PFP spec. (Bugzilla Bug 2428),mdepkg,False,1.0,It is a genuine bug report related to adding SPDM device measurement definition in TCG PFP spec.
qwen2.5:14b,A,8304,SPDM Nonce structure definition error (Bugzilla Bug 2427),mdepkg,False,1.0,It is a genuine bug report related to the SPDM package in EDK II.
qwen2.5:14b,A,8303,BaseTools: Remove unused PCD_TOKEN_ macro definition for FixedAtBuild PCD (Bugzilla Bug 2426),basetools,False,1.0,It is a genuine bug report related to BaseTools package.
qwen2.5:14b,A,8301,change UTF-8 characters to asci character (Bugzilla Bug 2423),basetools,False,1.0,The issue is related to EDK II build tools and describes a specific problem with character encoding.
qwen2.5:14b,A,8300,FirwareVersion should be FirmwareVersion. (Bugzilla Bug 2422),mdepkg,True,0.95,The issue title suggests a typo correction rather than a genuine bug or feature request.
qwen2.5:14b,A,9849,DisplayUpdateProgressLibGraphics should allow configuration of the background color. (Bugzilla Bug 2419),mdemodulepkg,False,1.0,It is a legitimate feature request for an EDK II package.
qwen2.5:14b,A,9848,Aspeed AST2400/2500 USB Hub Init fails (Bugzilla Bug 2418),mdemodulepkg,False,1.0,It is a genuine bug report related to an EDK II package.
qwen2.5:14b,A,8297,SMI generation IO port number is unsupported on AMD systems (Bugzilla Bug 2416),securitypkg,False,1.0,It describes a genuine bug related to firmware functionality.
qwen2.5:14b,A,8296,CLANG38 toolchain fails to build in latest edk2 (Bugzilla Bug 2415),basetools,False,0.95,"The issue describes a build failure with the CLANG38 toolchain, which is relevant to EDK II's build infrastructure."
qwen2.5:14b,A,9847,SmmReadyToLock event needs to be relayed to MM when signaled in DXE (Bugzilla Bug 2414),standalonemmpkg,False,1.0,It is a genuine bug report related to EDK II firmware functionality.
qwen2.5:14b,A,9846,Drop EDK Shell (EdkShellPkg) support (Bugzilla Bug 2413),shellpkg,False,1.0,"The issue is related to dropping support for a specific EDK II package, which involves firmware development."
qwen2.5:14b,A,8294,heapguard.c faults when Use after free is enabled (Bugzilla Bug 2411),mdemodulepkg,False,1.0,It describes a specific bug related to EDK II firmware development.
qwen2.5:14b,A,8292,Steps to enable LLVM build in Windows is too complex (Bugzilla Bug 2404),basetools,False,1.0,"The issue relates to EDK II build infrastructure and describes a complexity in enabling LLVM builds, which is relevant for firmware development."
qwen2.5:14b,A,8291,CLANG9 TOOLS build OVMF failed with -D SECURE_BOOT_ENABLE=TRUE (Bugzilla Bug 2403),cryptopkg,False,1.0,"It describes a build failure with CLANG9 tools for OVMF, which is relevant to EDK II."
qwen2.5:14b,A,9844,MdePkg/Include/IndustryStandard/Tpm12.h variable named operator causes C++ compiler issue (Bugzilla Bug 2402),mdepkg,False,1.0,It describes a genuine bug related to EDK II code causing C++ compiler issues.
qwen2.5:14b,A,8290,"BaseTools: Dsc Parser, included dsc file is parsed always no matter if its condition is False (Bugzilla Bug 2400)",basetools,False,1.0,It describes a specific bug in the Dsc Parser of BaseTools with clear context and is already marked as closed.
qwen2.5:14b,A,8289,Fix EBC build failure caused by change of size_t's definition (Bugzilla Bug 2398),mdemodulepkg,False,1.0,"It describes a build failure related to EDK II, which is relevant and actionable."
qwen2.5:14b,A,8288,"_MSC_EXTENSIONS is not an indication of MSVC compiler, _MSC_VER should be used (Bugzilla Bug 2397)",basetools,False,1.0,It describes a specific issue with compiler detection in EDK II build tools.
qwen2.5:14b,A,9842,Lasterror is not updated after tftp dynamic command when edk2 RELEASE is built by gcc-7.x/gcc-8x arm 64-bit compiler (Bugzilla Bug 2396),shellpkg,False,1.0,"It describes a specific issue with the 'lasterror' not being updated after using tftp dynamic command in edk2 RELEASE build, which is relevant to firmware development."
qwen2.5:14b,A,8287,InternalShellExecuteDevicePath: Return invalid argument error instead of ASSERT while error happened during arguments parsing (Bugzilla Bug 2395),shellpkg,False,1.0,It is a genuine bug report with a clear description and relates to an EDK II package.
qwen2.5:14b,A,8286,OFFSET_OF() not treated as integral constant with CLANGPDB toolchain (Bugzilla Bug 2393),-,False,1.0,"It describes a specific build issue with CLANGPDB toolchain, which is relevant to EDK II."
qwen2.5:14b,A,8285,CpuDxe/MpInitLib wrongly assumes no switch BSP could happen in PEI phase (Bugzilla Bug 2392),ueficpupkg,False,1.0,It is a genuine bug report related to EDK II firmware development.
qwen2.5:14b,A,8283,Requesting support for SHA384 & SHA512 (during signing scheme) (Bugzilla Bug 2389),cryptopkg,False,1.0,It is a legitimate feature request for adding SHA384 and SHA512 support in the cryptopkg package.
qwen2.5:14b,A,8282,SMM latency increase sharply (Bugzilla Bug 2388),ueficpupkg,False,1.0,It is a genuine bug report related to firmware development.
qwen2.5:14b,A,9840,Ifconfig6 command with out gateway option along with the host option not printing any error message (Bugzilla Bug 2385),shellpkg,False,1.0,"It describes a specific issue with the ifconfig6 command in shellpkg, which is related to EDK II firmware development."
qwen2.5:14b,A,8281,Add ARM/Aarch64 which were missing to VALID_ARCHITECTURES in LzmaCustomDecompressLib.inf (Bugzilla Bug 2382),mdemodulepkg,False,1.0,It is a genuine bug report with a clear description and fix.
qwen2.5:14b,A,8280,Duplicate FILE_GUID used in PrePiLib and PrePiHobLib. (Bugzilla Bug 2381),embeddedpkg,False,1.0,It describes a genuine bug with specific package and state.
qwen2.5:14b,A,8279,Blind assignment of UINT64 to UINT32 in VirtualRealTimeClockLib.c (Bugzilla Bug 2380),embeddedpkg,False,1.0,It is a genuine bug report related to EDK II firmware development.
qwen2.5:14b,A,8278,"ShellPkg/edit: typo ""Lines Wrote"" (Bugzilla Bug 2379)",edkshellpkg,False,1.0,It is a genuine bug report about fixing a typo in the ShellPkg.
qwen2.5:14b,A,9839,The FV reported in DS->ProcessFirmwareVolume() might not be measured (Bugzilla Bug 2378),securitypkg,False,1.0,It is a genuine bug report related to firmware measurement in the security package.
qwen2.5:14b,A,9838,The FV reported in FV_HOB might not be measured (Bugzilla Bug 2377),securitypkg,False,1.0,It is a genuine bug report related to firmware security measurement.
qwen2.5:14b,A,9837,EFI_TCP4_PROTOCOL.Cancel() breaks Network Stack (Bugzilla Bug 2373),networkpkg,False,1.0,It is a genuine bug report related to the EDK II network package.
qwen2.5:14b,A,9836,DXE core compares an enum-typed (EFI_MEMORY_TYPE) variable with a constant outside of the range of the enum. (Bugzilla Bug 2372),mdemodulepkg,False,1.0,It describes a specific coding issue within an EDK II package.
qwen2.5:14b,A,8276,Build failures with multiple -b options (Bugzilla Bug 2371),basetools,False,1.0,It describes a build failure which is relevant to EDK II firmware development.
qwen2.5:14b,A,9835,.dsc files matching Components on list of all except EBC architecture (Bugzilla Bug 2370),-,False,1.0,"The issue describes a specific problem with .dsc files and architecture matching, which is related to EDK II build infrastructure."
qwen2.5:14b,A,9834,Remove ALL UGA content (Bugzilla Bug 2368),mdemodulepkg,False,0.95,"The issue is related to removing content from an EDK II package, which involves firmware development."
qwen2.5:14b,A,9832,IPv6 DHCP Stateless - should INFORMATION-REQUEST for boot options only not DHCPSOLICIT. (Bugzilla Bug 2366),networkpkg,False,1.0,It is a genuine bug report related to EDK II's network package.
qwen2.5:14b,A,8275,Basetool: Build failed on Non-English OS if structurePcd is used in platform dsc file (Bugzilla Bug 2365),basetools,False,1.0,"It describes a build failure related to EDK II basetools on non-English OS, which is relevant and specific enough for investigation."
qwen2.5:14b,A,8274,VS2012 Build Warning in VariableParsing.c (Bugzilla Bug 2364),mdemodulepkg,False,1.0,"It describes a build warning in an EDK II package, which is relevant to firmware development."
qwen2.5:14b,A,8273,Basetool: Missing IMAGE= in the platform .map file (Bugzilla Bug 2363),basetools,False,1.0,It describes a specific build issue related to EDK II basetools.
qwen2.5:14b,A,8272,"spelling mistake, ""trival"" should be ""trivial"" (Bugzilla Bug 2362)",basetools,True,1.0,"It is a trivial spelling correction, not a functional issue or feature request."
qwen2.5:14b,A,8271,"spelling mistake, ""occured"" should be ""occurred"" (Bugzilla Bug 2361)",mdemodulepkg,True,0.95,"It is a trivial spelling correction, not a functional issue or feature request."
qwen2.5:14b,A,8270,"spelling mistake, ""instrcution"" should be ""instruction"" (Bugzilla Bug 2360)",mdemodulepkg,True,1.0,"It is a trivial spelling correction, not a functional issue or feature request."
qwen2.5:14b,A,8269,"spelling mistake, ""infomation"" should be ""information"" (Bugzilla Bug 2359)",mdemodulepkg,True,1.0,"It is a trivial spelling correction, not a functional issue or feature request."
qwen2.5:14b,A,8268,"spelling mistake, ""formated"" should be ""formatted"" (Bugzilla Bug 2358)",-,True,1.0,It is a trivial spelling correction and not a functional issue.
qwen2.5:14b,A,8267,"spelling mistake, ""eable"" should be ""enable"" (Bugzilla Bug 2357)",ueficpupkg,False,1.0,It is a genuine bug report about correcting a spelling mistake in the code.
qwen2.5:14b,A,8266,"spelling mistake, ""devies"" should be ""devices"" (Bugzilla Bug 2356)",mdemodulepkg,True,1.0,"It is a trivial spelling correction, not a genuine bug or feature request."
qwen2.5:14b,A,8265,"spelling mistake, ""defualt"" should be ""default"" (Bugzilla Bug 2355)",mdemodulepkg,True,1.0,"It is a trivial spelling correction, not a genuine bug or feature request."
qwen2.5:14b,A,8264,Structure CPU_MP_DATA should not put MicrocodePatchRegionSize after UINTN field (Bugzilla Bug 2354),ueficpupkg,False,1.0,It is a genuine bug report related to EDK II package structure.
qwen2.5:14b,A,8263,Enhance the binary cache to leverage compiler to output the dependency files (Bugzilla Bug 2353),basetools,False,1.0,It is a legitimate feature request for EDK II's build tools.
qwen2.5:14b,A,8262,Add DDR5 definitions for SMBIOS 3.4.0 (Bugzilla Bug 2352),mdepkg,False,1.0,"It is a genuine bug report related to adding DDR5 definitions for SMBIOS, which involves EDK II firmware components."
qwen2.5:14b,A,9831,AutoGenWorker doesn't bubble up error status to main build script (Bugzilla Bug 2351),basetools,False,1.0,It describes a specific issue with the build tools that needs to be fixed.
qwen2.5:14b,A,9830,Error when processing custom makefiles: CustomMakefile object has no attribute DependencyHeaderFileSet (Bugzilla Bug 2350),basetools,False,1.0,It describes a specific error in EDK II build tools with enough detail to be investigated.
qwen2.5:14b,A,8261,"spelling mistake ""consistant"" should be ""consistent"" (Bugzilla Bug 2349)",basetools,True,1.0,"It is a trivial spelling correction, not a genuine bug or feature request."
qwen2.5:14b,A,8260,"spelling mistake ""conenction"" should be ""connection"" (Bugzilla Bug 2348)",networkpkg,True,1.0,It is a trivial spelling correction and not a functional issue or feature request.
qwen2.5:14b,A,8259,"spelling mistake ""comamnd"" should be ""command"", ""agaist"" should be ""against"" (Bugzilla Bug 2347)",sourceleveldebugpkg,True,1.0,"It is a trivial spelling correction, not a genuine bug or feature request."
qwen2.5:14b,A,8258,"spelling mistake, ""cancal"" should be ""cancel"" (Bugzilla Bug 2346)",securitypkg,False,1.0,It is a genuine bug report describing a spelling mistake in the code.
qwen2.5:14b,A,8257,"spelling mistake ""atttributes"" should be ""attributes"" (too may t's) (Bugzilla Bug 2345)",basetools,True,1.0,It is a trivial spelling correction and not a functional issue or feature request.
qwen2.5:14b,A,8256,"spelling mistake, ""aquire"" should be ""acquire"" (Bugzilla Bug 2344)",mdemodulepkg,True,1.0,"It is a trivial spelling correction, not a functional issue or feature request."
qwen2.5:14b,A,9829,Convert all the magic number into enums/MACROs in the SmbiosView (Bugzilla Bug 2343),shellpkg,False,1.0,It is a genuine bug report related to EDK II firmware development.
qwen2.5:14b,A,9828,"DHCPv6 - Does two request's - the second result in ""no addresses available"" reply from dhcp server. Boot Fails. (Bugzilla Bug 2342)",networkpkg,False,1.0,"It describes a specific issue with DHCPv6 in the network package, which is related to EDK II firmware development."
qwen2.5:14b,A,8255,Rename tool chain CLANG9 to CLANGPDB (Bugzilla Bug 2341),basetools,False,1.0,The issue relates to renaming a toolchain in EDK II's build infrastructure.
qwen2.5:14b,A,8254,In-place binary patching of flash performed during SEC phase (Bugzilla Bug 2340),ueficpupkg,False,1.0,It is a genuine bug report related to EDK II package.
qwen2.5:14b,A,9827,Editor does not allow to enter a simple Unicode text like 'привет мир' (Bugzilla Bug 2339),shellpkg,False,1.0,It is a genuine bug report related to EDK II package functionality.
qwen2.5:14b,A,8253,Unify the definitions of size_t (Bugzilla Bug 2338),mdemodulepkg,False,1.0,It is a genuine bug report related to EDK II package.
qwen2.5:14b,A,8252,UEFI Redfish POC code re-architecture (Bugzilla Bug 2337),-,True,0.95,The issue is a general discussion about re-architecture and does not describe a specific bug or feature request.
qwen2.5:14b,A,9826,Issues in Memory BAR decoding (Bugzilla Bug 2335),networkpkg,False,1.0,It is a genuine bug report related to EDK II firmware development.
qwen2.5:14b,A,8251,Static Code Fixes in Network Package (Bugzilla Bug 2334),networkpkg,False,1.0,"The issue is related to static code fixes in an EDK II package, which is a valid firmware development topic."
qwen2.5:14b,A,8250,Fix variable runtime cache update logic (Bugzilla Bug 2333),mdemodulepkg,False,1.0,It is a genuine bug report related to EDK II package.
qwen2.5:14b,A,8249,Exiting a shell application using StdLib does not flush the file buffers. (Bugzilla Bug 2332),stdlib,False,1.0,It is a genuine bug report related to the EDK II stdlib package.
qwen2.5:14b,A,8248,Remove ExecutionDisable feature logic from UefiCpuPkg/CpuCommonFeaturesLib (Bugzilla Bug 2329),ueficpupkg,False,1.0,It is a genuine bug report related to EDK II package UefiCpuPkg.
qwen2.5:14b,A,8247,Add structure definition of host interface protocol type in SMBIOS header file (Bugzilla Bug 2328),mdepkg,False,1.0,It is a genuine bug report related to adding structure definition in SMBIOS header file.
qwen2.5:14b,A,8246,SecurityPkg/OpalPassword: Remove dependency on EFI_BLOCK_IO_PROTOCOL (Bugzilla Bug 2327),securitypkg,False,1.0,It is a genuine bug report related to removing a dependency in SecurityPkg.
qwen2.5:14b,A,9825,need add debug message for one-of option mismatch in setupbrowser (Bugzilla Bug 2326),mdepkg,False,1.0,It is a genuine bug report requesting debug messages for an option mismatch issue.
qwen2.5:14b,A,8245,Add FitGen feature to support uCode Capsule Update (Bugzilla Bug 2321),basetools,False,1.0,It is a legitimate feature request for EDK II with detailed discussion and resolution.
qwen2.5:14b,A,8244,Need to support map file parsing for CLANG9 tool chain. (Bugzilla Bug 2320),basetools,False,1.0,It is a genuine bug report related to EDK II build infrastructure.
qwen2.5:14b,A,8243,EmulatorPkg using CpuBreakPoint (Bugzilla Bug 2319),emulatorpkg,False,0.95,"The issue is related to a specific package (EmulatorPkg) and describes a bug, making it valid."
qwen2.5:14b,A,9824,Add library class and instance for configuration block management (Bugzilla Bug 2318),intelsiliconpkg,False,1.0,It is a genuine bug report related to EDK II package.
qwen2.5:14b,A,9823,[SMM info leak] SMM information got published to non-SMM database (Bugzilla Bug 2317),mdepkg,False,1.0,It describes a real security vulnerability in the SMM package.
qwen2.5:14b,A,8242,Mouse and keyboard not working on qemu with UefiPayloadPkg (Bugzilla Bug 2316),uefipayloadpkg,False,0.95,"The issue describes a problem with input devices not working, which is related to firmware development and could be a genuine bug."
qwen2.5:14b,A,8240,MdeModulePkg/NvmExpressPei: Fix Opal S3 unlock issue (Bugzilla Bug 2312),mdemodulepkg,False,1.0,It is a genuine bug report related to an EDK II package.
qwen2.5:14b,A,8239,Basetool: Current GetFileDependency method to get source code's dependency is slow. (Bugzilla Bug 2311),basetools,False,1.0,"It describes a performance issue in EDK II build tools, which is relevant to the project."
qwen2.5:14b,A,8238,IntelFsp2Pkg/SplitFspBin.py: Command crashed when FV almost full. (Bugzilla Bug 2310),intelfsp2pkg,False,1.0,It is a genuine bug report related to an EDK II package.
qwen2.5:14b,A,8237,Add UEFI 2.8 new memory attribute definitions (Bugzilla Bug 2309),mdepkg,False,1.0,It is a legitimate feature request to add new memory attribute definitions for UEFI 2.8.
qwen2.5:14b,A,8236,Add architecture modifier to DSC [Components] section tag (Bugzilla Bug 2308),basetools,False,1.0,It is a genuine bug report related to EDK II build infrastructure.
qwen2.5:14b,A,9821,Remove binary module UefiCpuPkg/ResetVector/Vtf0/Bin/ResetVector.inf (Bugzilla Bug 2306),ueficpupkg,False,1.0,It is a genuine bug report related to an EDK II package.
qwen2.5:14b,A,8234,Build.py warning using python 3.8 (Bugzilla Bug 2304),basetools,False,1.0,"It describes a build issue with python 3.8, which is relevant to EDK II build infrastructure."
qwen2.5:14b,A,8232,DebugPrintMarker implementations may preliminary cut message data (Bugzilla Bug 2302),mdepkg,False,1.0,It is a genuine bug report related to EDK II firmware development.
qwen2.5:14b,A,8231,Build warning due to calling removed sys.setdefaultencoding in python 3 (Bugzilla Bug 2301),basetools,False,1.0,It describes a build warning related to EDK II build tools.
qwen2.5:14b,A,8230,Handling mixed UnicodeCollation with accordance to PlatformLang (Bugzilla Bug 2300),shellpkg,False,1.0,It is a genuine bug report related to EDK II package.
qwen2.5:14b,A,9819,UefiDevicePathLibOptionalDevicePathProtocol asserts on missing DevicePathProtocol (Bugzilla Bug 2298),mdepkg,False,1.0,It is a genuine bug report related to EDK II firmware development.
qwen2.5:14b,A,8229,ls is broken on empty directory (Bugzilla Bug 2296),shellpkg,True,0.85,"The issue title mentions a broken 'ls' command on an empty directory, which is likely unrelated to EDK II firmware development and more relevant to the shell package's functionality."
qwen2.5:14b,A,8228,UefiFileHandleLib mishandles root directory on many drivers (Bugzilla Bug 2295),mdepkg,False,1.0,It is a genuine bug report related to EDK II firmware development.
qwen2.5:14b,A,8227,Unhandled unspecified Timezone in ls causing garbage output (Bugzilla Bug 2294),shellpkg,False,1.0,It is a genuine bug report related to EDK II package.
qwen2.5:14b,A,8226,NULL pointer dereference in FileHandleGetInfo (Bugzilla Bug 2293),mdepkg,False,1.0,It describes a genuine bug with specific details.
qwen2.5:14b,A,9817,Potential uninitialized read in function re_mbcinit (Bugzilla Bug 2292),mdemodulepkg,False,1.0,It describes a potential security vulnerability in the code.
qwen2.5:14b,A,9816,potential uninitialized pointer read in function reg_set_encoding (Bugzilla Bug 2291),mdemodulepkg,False,1.0,"It describes a potential uninitialized pointer read, which is a genuine bug report."
qwen2.5:14b,A,8225,Overflowed array index on array mStandbyButtonPhaseString (Bugzilla Bug 2290),mdemodulepkg,False,1.0,It describes a genuine bug with specific details and is related to EDK II firmware development.
qwen2.5:14b,A,8224,Overflowed array index on array mIoTrapTypeString (Bugzilla Bug 2289),mdemodulepkg,False,1.0,It describes a genuine bug with specific details and is related to EDK II firmware development.
qwen2.5:14b,A,8223,Overflowed array index on array mSxPhaseString (Bugzilla Bug 2288),mdemodulepkg,False,1.0,It describes a genuine bug with specific details and is related to EDK II firmware development.
qwen2.5:14b,A,8222,Overflowed array index on array mSxTypeString (Bugzilla Bug 2287),mdemodulepkg,False,1.0,It describes a genuine bug with specific details and is related to EDK II firmware development.
qwen2.5:14b,A,8221,Potential null pointer dereference on pointer Token (Bugzilla Bug 2286),mdemodulepkg,False,1.0,"It describes a potential null pointer dereference, which is a genuine bug report."
qwen2.5:14b,A,8220,bad pointer operation in UiCustomizeFrontPageBanner (Bugzilla Bug 2285),mdemodulepkg,False,0.95,The issue describes a specific bug in the UiCustomizeFrontPageBanner function within the mdemodulepkg package.
qwen2.5:14b,A,9815,Exception in HttpImpl.c (Bugzilla Bug 2283),networkpkg,False,1.0,It is a genuine bug report related to EDK II firmware development.
qwen2.5:14b,A,8219,ip6ConfigReadConfigData causes an exception by accessing beyond the end of a read variable (Bugzilla Bug 2273),networkpkg,False,1.0,It is a genuine bug report related to EDK II firmware development.
qwen2.5:14b,A,8218,Overflowed array index on array mUsbTypeString (Bugzilla Bug 2272),mdemodulepkg,False,1.0,It describes a genuine bug with specific details and is related to EDK II firmware development.
qwen2.5:14b,A,9813,Incorrect logical operator used in comparing a char in MangleFileName (Bugzilla Bug 2271),mdemodulepkg,False,1.0,It describes a specific coding issue in an EDK II package.
qwen2.5:14b,A,8216,complete ARM support in DynamicTablesPkg (Bugzilla Bug 2269),-,False,1.0,The issue is related to firmware development and appears to be a legitimate feature request or bug report for improving ARM support in DynamicTablesPkg.
qwen2.5:14b,A,8215,ASSERT occurs in MpService.c when calling ReleaseSpinLock() (Bugzilla Bug 2268),ueficpupkg,False,1.0,It is a genuine bug report with a reproducible problem.
qwen2.5:14b,A,8214,PlatformBootManagerWaitCallback(0) broke x86 OVMF on QEMU (Bugzilla Bug 2267),ovmfpkg,False,1.0,It is a genuine bug report related to EDK II firmware on QEMU.
qwen2.5:14b,A,8213,BDS crashes if PcdPlatformBootTimeOut == 0 (Bugzilla Bug 2266),ovmfpkg,False,1.0,It is a genuine bug report related to EDK II firmware functionality.
qwen2.5:14b,A,8212,Fix spelling errors in SecurityPkg (Bugzilla Bug 2265),securitypkg,False,1.0,It is a genuine bug report addressing spelling errors in SecurityPkg.
qwen2.5:14b,A,8211,Fix spelling errors in FatPkg (Bugzilla Bug 2264),fatpkg,False,1.0,It is a genuine bug report related to fixing spelling errors in an EDK II package.
qwen2.5:14b,A,8210,Fix spelling errors in PcAtChipsetPkg (Bugzilla Bug 2263),pcatchipsetpkg,False,1.0,It is a genuine bug report addressing spelling errors in an EDK II package.
qwen2.5:14b,A,8209,fix spelling errors in FmpDevicePkg (Bugzilla Bug 2262),fmpdevicepkg,False,1.0,It is a genuine bug report addressing spelling errors in a specific EDK II package.
qwen2.5:14b,A,8208,MdePkg dsc isn't complete and thus not a valid build for all modules and libraries in the package (Bugzilla Bug 2261),mdepkg,False,1.0,"The issue describes a build problem related to MdePkg, which is relevant to EDK II firmware development."
qwen2.5:14b,A,9812,BaseIoLib doesn't compile/assemble with Visual Studio for ARM/AARCH64 (Bugzilla Bug 2260),mdepkg,False,1.0,"It describes a compilation issue with Visual Studio for ARM/AARCH64, which is relevant to EDK II build infrastructure."
qwen2.5:14b,A,8207,Network Pkg DSC is incomplete thus making invalid for CI builds (Bugzilla Bug 2259),networkpkg,False,1.0,"The issue describes a problem with the Network Pkg DSC file affecting CI builds, which is relevant to EDK II firmware development."
qwen2.5:14b,A,8204,SecurityPkg.dec invalid library class defined (Bugzilla Bug 2256),securitypkg,False,1.0,It describes a real security vulnerability in the SecurityPkg.
qwen2.5:14b,A,8203,UefiCpuPkg dsc doesn't include every library and module within the components section thus it isn't a complete build of everything in the package (Bugzilla Bug 2255),ueficpupkg,False,1.0,"The issue describes a specific build problem within UefiCpuPkg, which is relevant to EDK II firmware development."
qwen2.5:14b,A,8202,CryptoPkg dsc doesn't include every library and module within the components section thus it isn't a complete build of everything in the package (Bugzilla Bug 2254),cryptopkg,False,1.0,"It describes a specific build issue within CryptoPkg, which is relevant to EDK II firmware development."
qwen2.5:14b,A,8201,"StandaloneMmPkg build failure (IA32, X64 / DEBUG / GCC48) (Bugzilla Bug 2253)",standalonemmpkg,False,1.0,It describes a build failure for a specific EDK II package.
qwen2.5:14b,A,8200,SignedCapsulePkg build failure (DEBUG / AARCH64 / GCC5) (Bugzilla Bug 2252),signedcapsulepkg,False,1.0,It describes a build failure for a specific EDK II package.
qwen2.5:14b,A,9811,New POODLE vulnerability in TLS v1.2 (Bugzilla Bug 2251),cryptopkg,False,1.0,It describes a security vulnerability related to an EDK II package.
qwen2.5:14b,A,9810,Deferred LSV Commit after Platform Health Check (Bugzilla Bug 2236),fmpdevicepkg,False,1.0,It is a genuine bug report related to an EDK II package.
qwen2.5:14b,A,8197,Boot Manager missing entry from second disk (Bugzilla Bug 2235),ovmfpkg,False,1.0,It is a genuine bug report related to EDK II firmware functionality.
qwen2.5:14b,A,8196,Multi-workspace failure in GenMake (Bugzilla Bug 2232),basetools,False,1.0,It describes a specific build issue with GenMake in the basetools package.
qwen2.5:14b,A,9809,"Shadow Pcd PEIM, Variable PEIM, and ReportStatusCodeRouter PEIM (Bugzilla Bug 2231)",mdemodulepkg,False,1.0,The issue is related to a specific EDK II package and appears to be a genuine bug report.
qwen2.5:14b,A,9808,Python backtrace when building without /dev/shm mounted (Bugzilla Bug 2227),basetools,False,1.0,"Describes a build issue with EDK II basetools, likely a genuine bug."
qwen2.5:14b,A,9807,"SmmCore double dispatch driver in SMM, without check the FvNameGuid (Bugzilla Bug 2224)",mdemodulepkg,False,1.0,It describes a specific issue in an EDK II package with potential security implications.
qwen2.5:14b,A,9806,AutoGen threads are failing to rejoin in some environments. (Bugzilla Bug 2223),basetools,False,1.0,It describes a reproducible problem with the build tools.
qwen2.5:14b,A,8194,"CpuTimerLib cannot be built for AARCH64, but is included in the standard Components. (Bugzilla Bug 2222)",ueficpupkg,False,1.0,"It describes a build issue for a specific package, which is relevant to EDK II."
qwen2.5:14b,A,8193,BaseTools Makefile should be generated based on OS instead of tool chain family (Bugzilla Bug 2221),basetools,False,1.0,It is a genuine bug report related to EDK II build infrastructure.
qwen2.5:14b,A,8191,Enhance the terminal console to support the arrow keys (Bugzilla Bug 2219),mdemodulepkg,False,0.95,The issue is a genuine feature request or bug report related to terminal console functionality.
qwen2.5:14b,A,8190,[SdMmcPciHcDxe] Fix bus speed mode changing sequence for eMMC devices (Bugzilla Bug 2218),mdemodulepkg,False,1.0,It is a genuine bug report related to EDK II firmware development.
qwen2.5:14b,A,8189,"ArmVirtPkg fails to build ""source object (many) has EABI version 5, but target LogoDxe.dll has EABI version 0"" (Bugzilla Bug 2216)",armvirtpkg,False,1.0,It describes a build failure with specific error messages and is related to an EDK II package.
qwen2.5:14b,A,8188,DxeImageVerificationHandler integer overflow leads to endless loop (Bugzilla Bug 2215),pcatchipsetpkg,False,1.0,It describes a genuine security vulnerability in an EDK II package.
qwen2.5:14b,A,8186,MdeModulePkg: Enable/Disable S3BootScript dynamically. (Bugzilla Bug 2209),mdemodulepkg,False,1.0,It is a genuine bug report related to an EDK II package.
qwen2.5:14b,A,8185,[MdeMoudlePkg - UFS] edk2 UFS stack does not handle the 'FLAG VALUE' field of the QUERY RESPONSE UPIU properly (Bugzilla Bug 2208),mdemodulepkg,False,1.0,It is a genuine bug report related to the UFS stack in MdeModulePkg.
qwen2.5:14b,A,9805,UefiCpuPkg should not depends on MdeModulePkg (Bugzilla Bug 2206),ueficpupkg,False,1.0,It is a genuine bug report related to package dependencies in EDK II.
qwen2.5:14b,A,8184,build break due to custom makefile with the Basetools update (Bugzilla Bug 2203),basetools,False,1.0,"The issue describes a build break related to EDK II Basetools, which is relevant to the project."
qwen2.5:14b,A,8183,Add definitions in SmBIos.h to support SMBIOS spec 3.3.0 (Bugzilla Bug 2202),mdepkg,False,1.0,It is a legitimate feature request to update SMBIOS spec support in EDK II.
qwen2.5:14b,A,8182,An error occurs using special VpdPcd that is not used in the Inf file (Bugzilla Bug 2201),basetools,False,1.0,It is a genuine bug report related to EDK II build tools.
qwen2.5:14b,A,8180,Network related header files should be moved from MdeModulePkg to NetworkPkg (Bugzilla Bug 2196),networkpkg,False,1.0,It is a genuine bug report related to EDK II package structure.
qwen2.5:14b,A,8179,PcdTftpBlockSize should be moved from MdeModulePkg into NetworkPkg (Bugzilla Bug 2195),networkpkg,False,1.0,It is a genuine bug report related to EDK II package configuration.
qwen2.5:14b,A,8178,Need more input parameter checking and error message output for CopyFileOnChange() (Bugzilla Bug 2193),basetools,False,1.0,It is a genuine bug report with a clear description and relates to EDK II build tools.
qwen2.5:14b,A,9803,CoreDisconnectController should not return EFI_NOT_FOUND (Bugzilla Bug 2192),mdemodulepkg,False,1.0,It is a genuine bug report related to EDK II firmware functionality.
qwen2.5:14b,A,9802,XenBusDxe: Fix ExitBootServices handler to not use Memory Allocation Services (Bugzilla Bug 2190),ovmfpkg,False,1.0,It is a genuine bug report related to EDK II firmware component.
qwen2.5:14b,A,9801,CpuExceptionLib can be enhanced to dump more details when Machine Check happens (Bugzilla Bug 2189),ueficpupkg,False,1.0,It is a genuine feature request to enhance an existing EDK II library for better diagnostics.
qwen2.5:14b,A,8177,build single issue:'PlatformInfo' object has no attribute 'DynamicPcdList' (Bugzilla Bug 2188),basetools,False,1.0,It describes a build issue with enough context to be investigated.
qwen2.5:14b,A,8176,Introduce new terminal type for terminal console driver (Bugzilla Bug 2186),mdemodulepkg,False,1.0,It is a genuine bug report related to an EDK II package.
qwen2.5:14b,A,8175,Shell ASSERT if PlatformLang is not supported in UnicodeCollation2 (Bugzilla Bug 2184),shellpkg,False,1.0,It is a genuine bug report related to EDK II firmware development.
qwen2.5:14b,A,8174,BaseTools:  Remove unnecessary the operation of renaming a file. (Bugzilla Bug 2183),basetools,False,1.0,It is a genuine bug report related to BaseTools package.
qwen2.5:14b,A,8172,Add NULL CryptoLib instance (Bugzilla Bug 2181),cryptopkg,False,1.0,It is a genuine bug report related to an EDK II package.
qwen2.5:14b,A,9800,GenFw always zeros the timestamp (Bugzilla Bug 2180),basetools,False,1.0,It is a genuine bug report related to the EDK II build tools.
qwen2.5:14b,A,8171,Thunk16 related APIs can be removed from BaseLib (Bugzilla Bug 2179),mdepkg,False,1.0,It is a genuine bug report related to EDK II package.
qwen2.5:14b,A,8170,Remove the workaround definition in SecurityPkg/Tcg/Tcg2Config/Tcg2ConfigNvData.h (Bugzilla Bug 2178),securitypkg,False,1.0,It is a genuine bug report related to an EDK II package.
qwen2.5:14b,A,9799,DnsDxe vulnerable to cache poisoning from predictable UDP (Bugzilla Bug 2177),networkpkg,False,1.0,It describes a real security vulnerability in the DnsDxe package.
qwen2.5:14b,A,9798,IScsiDhcp6ExtractRootPath() out of bound Read (Bugzilla Bug 2176),networkpkg,False,1.0,It is a genuine bug report related to EDK II firmware development.
qwen2.5:14b,A,9797,Mtftp4FillOptions can lead to memory corruption (Bugzilla Bug 2175),networkpkg,False,1.0,It describes a potential security vulnerability in the Mtftp4FillOptions function.
qwen2.5:14b,A,8169,Ip6ProcessRouterAdvertise DoS through infinite loop (Bugzilla Bug 2174),networkpkg,False,1.0,It describes a real security vulnerability in the networkpkg package.
qwen2.5:14b,A,9796,IScsiOnR2TRcvd Integer Overflow (Bugzilla Bug 2173),networkpkg,False,1.0,It describes a real security vulnerability in an EDK II package.
qwen2.5:14b,A,9795,TcpDxe vulnerable to sequence number prediction attacks (Bugzilla Bug 2172),networkpkg,False,1.0,It describes a real security vulnerability in the TcpDxe package.
qwen2.5:14b,A,9794,IScsiReceivePdu integer overflow may lead to memory corruption (Bugzilla Bug 2171),networkpkg,False,1.0,It describes a potential security vulnerability in the IScsiReceivePdu function.
qwen2.5:14b,A,9793,iSCSI secrets saved as plaintext UEFI variable (Bugzilla Bug 2170),networkpkg,False,1.0,It describes a security vulnerability related to UEFI variable storage.
qwen2.5:14b,A,8168,Out of bound read in Tcg2MeasureGptTable() and TcgMeasureGptTable() (Bugzilla Bug 2168),securitypkg,False,1.0,It describes a genuine security-related bug in an EDK II package.
qwen2.5:14b,A,8167,GetEfiGlobalVariable2() return value not checked (Bugzilla Bug 2167),mdemodulepkg,False,1.0,It is a genuine bug report related to EDK II package.
qwen2.5:14b,A,8166,BaseTools: build clean fail (Bugzilla Bug 2166),basetools,False,0.95,The issue is related to EDK II build infrastructure and describes a build failure.
qwen2.5:14b,A,9792,Need a dependency evaluation tool (Bugzilla Bug 2161),basetools,False,0.95,The issue is related to EDK II build infrastructure and describes a feature request for a dependency evaluation tool.
qwen2.5:14b,A,8165,OS complains memory < 1MB changes across S3 (Bugzilla Bug 2158),ueficpupkg,False,0.95,"The issue describes a specific problem with memory changes during S3 resume, which is related to EDK II firmware development."
qwen2.5:14b,A,8164,Basetool: The default variable value would be generated incorrect (Bugzilla Bug 2157),basetools,False,1.0,It is a genuine bug report related to EDK II build infrastructure.
qwen2.5:14b,A,8163,UefiCpuPkg/SecCore: support only EFI_PEI_CORE_FV_LOCATION_PPI in PpiList (Bugzilla Bug 2153),ueficpupkg,False,1.0,It is a genuine bug report related to an EDK II package.
qwen2.5:14b,A,9791,build with -Y EXECUTION_ORDER fails to create execution order prediction report (Bugzilla Bug 2152),basetools,False,1.0,It describes a specific build failure with EDK II build tools.
qwen2.5:14b,A,8162,Enable Unified API for UEFI drivers utilizing HASH/RSA Authentication Mechanism (Bugzilla Bug 2151),cryptopkg,False,1.0,It is a genuine bug report related to enabling Unified API for UEFI drivers in the cryptopkg package.
qwen2.5:14b,A,8161,#AC split lock caused by exception handler (Bugzilla Bug 2150),ueficpupkg,False,1.0,It is a genuine bug report related to an EDK II package.
qwen2.5:14b,A,9790,Ecc fails on python3 with antlr3 (Bugzilla Bug 2148),basetools,False,1.0,It describes a specific build issue with EDK II basetools.
qwen2.5:14b,A,8160,AutoGen need generate same AutoGen.h and AutoGen.c for same module across different OS (Bugzilla Bug 2147),basetools,False,1.0,It is a genuine bug report related to EDK II build tools.
qwen2.5:14b,A,8159,Library Class Header file is not specified correctly in Package.dec file (Bugzilla Bug 2146),mdepkg,False,1.0,It is a genuine bug report related to EDK II package configuration.
qwen2.5:14b,A,8158,Remove gEfiFormBrowserExProtocolGuid protocol guid (Bugzilla Bug 2145),mdemodulepkg,False,1.0,It is a genuine bug report related to removing a protocol guid in EDK II.
qwen2.5:14b,A,8157,Update FILE GUID to avoid the duplicated module GUIDs (Bugzilla Bug 2144),mdepkg,False,1.0,It is a genuine bug report related to updating FILE GUIDs in an EDK II package.
qwen2.5:14b,A,8156,ECC tool will report error and hang when scan code in AdvancedFeaturePkg.dec (Bugzilla Bug 2142),basetools,False,1.0,It describes a specific issue with the ECC tool related to scanning code in AdvancedFeaturePkg.dec.
qwen2.5:14b,A,9789,ArmSoftFloatLib: compiler error on VS2019 (Bugzilla Bug 2140),armpkg,False,1.0,It describes a genuine build issue with ArmSoftFloatLib on VS2019.
qwen2.5:14b,A,8155,"MdePkg/DxeHstiLib: An issue was observed on Dell Poweredge R740, where the Dell PERC H740P controller UEFI driver returned InfoTypesBuffer = NULL, InfoTypesBufferCount = 0 and caused an FreePool assert. (Bugzilla Bug 2138)",mdepkg,False,1.0,It describes a specific issue with an EDK II driver and includes details about the problem observed.
qwen2.5:14b,A,8154,Basetool: Changing source file does not trigger rebuild (Bugzilla Bug 2137),basetools,False,1.0,It describes a build issue related to EDK II basetools.
qwen2.5:14b,A,8153,Save AllSecPpiList after SecPlatformMain function. (Bugzilla Bug 2136),ueficpupkg,False,1.0,It is a genuine bug report related to EDK II firmware development.
qwen2.5:14b,A,8152,Missing mws import statement in FvImageSection.py (Bugzilla Bug 2135),basetools,False,1.0,It is a genuine bug report related to EDK II build tools.
qwen2.5:14b,A,8151,MdeModulePkg applications do not build for !x86 (Bugzilla Bug 2134),mdemodulepkg,False,1.0,It describes a build issue for MdeModulePkg which is related to EDK II firmware development.
qwen2.5:14b,A,9788,BaseTools: The dsc file name is incorrect in log message if that file is a included dsc (Bugzilla Bug 2133),basetools,False,1.0,It describes a specific bug in BaseTools related to log messages for included DSC files.
qwen2.5:14b,A,8150,Incorrect entropy computation (Bugzilla Bug 2131),-,False,1.0,"The issue is described as a bug and has been closed, indicating it was likely investigated and resolved."
qwen2.5:14b,A,8149,IPv4 PXE Boot: ProxyRequests sent although IP and Bootfile in DHCP Offer (Bugzilla Bug 2130),networkpkg,False,1.0,It is a genuine bug report related to EDK II's PXE boot functionality.
qwen2.5:14b,A,8148,"[DxeImageVerificationLib] DxeImageVerificationHandler() is not handling correctly for policy ""DENY_EXECUTE_ON_SECURITY_VIOLATION"" (Bugzilla Bug 2129)",securitypkg,False,1.0,"It describes a specific bug in the DxeImageVerificationHandler function for a particular policy, which is relevant to EDK II firmware development."
qwen2.5:14b,A,9787,Wrap OpenSSL SM4 algorithm into BaseCryptLib (Bugzilla Bug 2128),cryptopkg,False,1.0,It is a genuine bug report related to wrapping OpenSSL SM4 algorithm into BaseCryptLib in the cryptopkg package.
qwen2.5:14b,A,9786,Wrap OpenSSL SM2 algorithm into BaseCryptLib (Bugzilla Bug 2127),cryptopkg,False,1.0,It is a genuine bug report related to wrapping OpenSSL SM2 algorithm into BaseCryptLib in the cryptopkg package.
qwen2.5:14b,A,8147,[IGNORE] find a way for preventing Bugzilla from wrapping code snippets (Bugzilla Bug 2125),-,True,0.9,"The issue is about modifying Bugzilla behavior, not related to EDK II firmware development."
qwen2.5:14b,A,8145,Implement SmmAccess in IntelSiliconPkg (Bugzilla Bug 2121),intelsiliconpkg,False,1.0,It is a genuine bug report related to an EDK II package.
qwen2.5:14b,A,9783,SetupBrowserDxe/Ifrparse.c DestroyFormSet: FormSet->Link is not removed from linked list (Bugzilla Bug 2119),mdemodulepkg,False,1.0,It describes a specific bug in the code with enough context to be investigated.
qwen2.5:14b,A,8144,NVMe driver uses wrong queue size when NVMe device doesn't support size of driver queue (Bugzilla Bug 2118),mdemodulepkg,False,1.0,It describes a specific bug in the NVMe driver with enough context to be investigated.
qwen2.5:14b,A,8143,"BaseTools will report ""unresolved external symbol _ModuleEntryPoint"" while the actual reason is a missing lib instance in DSC. (Bugzilla Bug 2112)",basetools,False,1.0,It is a genuine bug report related to BaseTools with enough information provided.
qwen2.5:14b,A,8142,Need move tempfile.NamedTemporaryFile() block operation outside of FileLock (Bugzilla Bug 2106),basetools,True,0.95,"The issue is about Python's tempfile module and FileLock, which are unrelated to EDK II firmware development."
qwen2.5:14b,A,8141,Fix regression in EmulatorPkg WinHost when image is loaded more than one or unloaded (Bugzilla Bug 2105),emulatorpkg,False,1.0,It describes a genuine bug report with specific conditions for reproduction.
qwen2.5:14b,A,8140,Exiting a shell application does not correctly unload the DLL under EmulatorPkg causing stability issues (Bugzilla Bug 2104),emulatorpkg,False,1.0,It describes a genuine bug related to EDK II's EmulatorPkg.
qwen2.5:14b,A,8139,CopyFileOnChange() and SaveFileOnChange() should support Long FilePath in windows (Bugzilla Bug 2103),basetools,False,1.0,It is a genuine bug report related to EDK II build tools.
qwen2.5:14b,A,8138,BaseTools: pre-process the input string for regular expression findall function (Bugzilla Bug 2102),basetools,False,1.0,It is a genuine bug report related to EDK II BaseTools package.
qwen2.5:14b,A,8137,BaseTools: remove unnecessary the checking for file existing (Bugzilla Bug 2101),basetools,False,1.0,It is a genuine bug report related to EDK II BaseTools package.
qwen2.5:14b,A,8135,BaseTools: The error message for missing library instance is incorrect (Bugzilla Bug 2099),basetools,False,1.0,It describes a genuine bug in BaseTools with enough context to be investigated.
qwen2.5:14b,A,9781,IPV6 PXE Failure on 3 Layer network (Bugzilla Bug 2097),networkpkg,False,1.0,It is a genuine bug report related to EDK II's network package.
qwen2.5:14b,A,10651,Apply new TimerLib instances from CpuTimerLib to use CPUID Lead 0x15 XTAL clock frequency to calculate TSC (Bugzilla Bug 2096),ueficpupkg,False,1.0,It is a genuine bug report related to EDK II firmware development.
qwen2.5:14b,A,8134,Potential memory leak in HMAC Sha256 flow (Bugzilla Bug 2095),cryptopkg,False,1.0,"It describes a potential memory leak in a specific package, which is a genuine bug report."
qwen2.5:14b,A,9780,PrePiLib: incorrect population of FV2 HOB FvName field (Bugzilla Bug 2094),embeddedpkg,False,1.0,It is a genuine bug report related to EDK II firmware development.
qwen2.5:14b,A,8133,'PlatformAutoGen' object has no attribute 'DataPile' in BuildReport (Bugzilla Bug 2093),basetools,False,1.0,It describes a specific build issue with the 'basetools' package.
qwen2.5:14b,A,8132,BaseTools: Incremental build genmake failed on python3 (Bugzilla Bug 2090),basetools,False,1.0,It describes a build failure in BaseTools which is related to EDK II build infrastructure.
qwen2.5:14b,A,9778,Wild & dangling pointers in the acpiview ACPI table parsers (Bugzilla Bug 2089),shellpkg,False,1.0,It describes a potential genuine bug with enough context to be investigated.
qwen2.5:14b,A,8131,BaseTools: Incorrect Module UniqueName generated if there are more than one instance for the same module (Bugzilla Bug 2088),basetools,False,1.0,"It describes a specific build issue with BaseTools, which is related to EDK II build infrastructure."
qwen2.5:14b,A,8130,ECC reports an false positive error (Bugzilla Bug 2087),basetools,False,1.0,It is a genuine bug report related to EDK II build tools.
qwen2.5:14b,A,8128,Process_files.pl needs to be updated to add missing header files in generated inf files (Bugzilla Bug 2085),cryptopkg,False,1.0,It is a genuine bug report related to updating build scripts in an EDK II package.
qwen2.5:14b,A,8127,BaseTools: ECC failed with ModuleNotFoundError (Bugzilla Bug 2081),basetools,False,1.0,It describes a build failure in BaseTools which is related to EDK II build infrastructure.
qwen2.5:14b,A,8126,BaseTools: Fixed issue on IgnoreAutoGen build option (Bugzilla Bug 2080),basetools,False,1.0,"It describes a fixed issue in BaseTools, which is related to EDK II build infrastructure."
qwen2.5:14b,A,8125,AutoGen file saving and copying report IOError occasionally if work with multi-process (Bugzilla Bug 2079),basetools,False,1.0,It describes a reproducible problem with EDK II build tools.
qwen2.5:14b,A,8124,BaseTools: Incorrect incremental build behavior (Bugzilla Bug 2078),basetools,False,1.0,"It describes a specific issue with BaseTools build behavior, which is related to EDK II infrastructure."
qwen2.5:14b,A,8123,LzmaCompress need support switches to set compression mode and dictionary size (Bugzilla Bug 2077),basetools,False,1.0,It is a legitimate feature request for EDK II's basetools package.
qwen2.5:14b,A,9776,The UEFI Shell editor will Assert  with in Emulator for Windows (Bugzilla Bug 2076),emulatorpkg,False,1.0,It describes a reproducible problem with the UEFI Shell editor in an emulator.
qwen2.5:14b,A,9775,gUefiCpuPkgTokenSpaceGuid.PcdCpuApTargetCstate definition is unclear. (Bugzilla Bug 2075),ueficpupkg,False,1.0,It appears to be a genuine bug report related to the definition of a PCD in EDK II.
qwen2.5:14b,A,9774,"BaseTool: With --hash build option, build can't resume after build break in make phase. (Bugzilla Bug 2072)",basetools,False,1.0,"It describes a specific build issue with the --hash option in BaseTools, which is related to EDK II build infrastructure."
qwen2.5:14b,A,9771,Calls to EFI_PCI_IO_PROTOCOL.Map should always unmap on errors (Bugzilla Bug 2069),mdemodulepkg,False,1.0,It is a genuine bug report related to EDK II package.
qwen2.5:14b,A,8118,GetVariable not returning attributes on EFI_BUFFER_TOO_SMALL (Bugzilla Bug 2062),mdemodulepkg,False,1.0,It is a genuine bug report related to EDK II firmware functionality.
qwen2.5:14b,A,8117,"UefiCpuPkg: remove useless ""ConsoleLogLock"" from RegisterCpuFeaturesLib and PiSmmCpuDxeSmm (Bugzilla Bug 2060)",ueficpupkg,False,1.0,It is a genuine bug report related to EDK II firmware development.
qwen2.5:14b,A,8116,Failure caused by python tool occurs when building ShellPkg (Bugzilla Bug 2058),basetools,False,1.0,The issue describes a build failure related to EDK II build tools.
qwen2.5:14b,A,8115,Ecc needs to handle another copyright format (Bugzilla Bug 2057),basetools,False,1.0,It is a genuine bug report related to EDK II build tools.
qwen2.5:14b,A,8114,VS20xx IA32 builds of EmulatorPkg can not boot (Bugzilla Bug 2056),emulatorpkg,False,1.0,It is a genuine bug report related to EDK II build issues.
qwen2.5:14b,A,8113,Remove use of UNIX_SEC_BUILD and WIN_SEC_BUILD defines in EmulatorPkg DSC file (Bugzilla Bug 2055),emulatorpkg,False,1.0,It is a genuine bug report related to EDK II package EmulatorPkg.
qwen2.5:14b,A,9769,OpenSSL reuses pointers across SetVirtualAdressMap() (Bugzilla Bug 2053),cryptopkg,False,1.0,It is a genuine bug report related to the EDK II package 'cryptopkg'.
qwen2.5:14b,A,8111,A parameter needs description in comments (Bugzilla Bug 2052),ueficpupkg,True,1.0,"The issue is about improving code comments, which does not describe a genuine bug or feature request."
qwen2.5:14b,A,8110,A pointer is not safe when dereferenced in DebugCommunicationLibUsb3Dxe.c (Bugzilla Bug 2051),sourceleveldebugpkg,False,1.0,It is a genuine bug report related to EDK II code safety.
qwen2.5:14b,A,9768,MdeModulePkg/Logo Outdated (Bugzilla Bug 2050),mdemodulepkg,False,1.0,"The issue describes an outdated logo in a specific package, which is related to EDK II firmware development."
qwen2.5:14b,A,8109,Pointer Response in ShellPkg needs to be checked (Bugzilla Bug 2049),shellpkg,False,1.0,It is a genuine bug report related to EDK II's ShellPkg.
qwen2.5:14b,A,8107,BaseTools: Build raise exception if there is libraryclass missing in dsc file and --pcd build option is used (Bugzilla Bug 2047),basetools,False,1.0,It describes a genuine build issue with BaseTools related to missing libraryclass and --pcd option.
qwen2.5:14b,A,8106,EmulatorPkg builds fail with XCODE5 toolchain tag for IA32 and X64 (Bugzilla Bug 2046),emulatorpkg,False,1.0,"It describes a build failure for EmulatorPkg, which is related to EDK II."
qwen2.5:14b,A,8105,EmulatorPkg build fails VS2015x86 if VS2017 is also installed (Bugzilla Bug 2045),emulatorpkg,False,1.0,It describes a build failure related to EDK II package EmulatorPkg.
qwen2.5:14b,A,8104,PatchCheck .py is producing false positives in patch evaluation (Bugzilla Bug 2044),basetools,False,1.0,It describes a genuine bug report related to EDK II build infrastructure.
qwen2.5:14b,A,9766,Need a way to inform consumers the side effect of using PEI memory pool services (Bugzilla Bug 2042),mdemodulepkg,False,1.0,It is a genuine bug report related to firmware development.
qwen2.5:14b,A,8103,Improve FSP Python scripts to support 3.x. (Bugzilla Bug 2041),intelfsp2pkg,False,1.0,It is a genuine bug report related to improving FSP Python scripts for compatibility with Python 3.x.
qwen2.5:14b,A,8102,IA32_FEATURE_CONTROL stays unlocked in S3 after a warm reset (Bugzilla Bug 2040),ueficpupkg,False,1.0,It describes a specific firmware behavior issue that could be a genuine bug.
qwen2.5:14b,A,9765,BaseTools: build will fail if running Edksetup.bat under VS2015 developer command and the VS2017 are also installed (Bugzilla Bug 2039),basetools,False,1.0,It describes a reproducible build failure related to EDK II build infrastructure.
qwen2.5:14b,A,8101,GenFds multithread generate wrong SectionAlign option for GenFfs command in makefile (Bugzilla Bug 2038),basetools,False,1.0,It describes a specific build issue with the GenFds tool in EDK II's base tools package.
qwen2.5:14b,A,8100,Fix warning: Module MetaFile [Sources] is missing local header! (Bugzilla Bug 2036),mdepkg,False,1.0,"It describes a specific build warning that needs fixing, which is relevant to EDK II firmware development."
qwen2.5:14b,A,9764,BaseTools/FMMT: Cannot handle nested FV when deleting PEIMs. (Bugzilla Bug 2034),basetools,False,1.0,It is a genuine bug report related to EDK II build tools.
qwen2.5:14b,A,8099,Comments need to be improved in UefiCpuPkg/Cpuid.c (Bugzilla Bug 2033),ueficpupkg,True,1.0,"The issue is about improving comments, which does not describe a bug or feature request."
qwen2.5:14b,A,8098,Ping6OnEchoReplyReceived crash (Bugzilla Bug 2032),shellpkg,False,1.0,It is a genuine bug report related to an EDK II package.
qwen2.5:14b,A,8097,ARP packet receive crash (Bugzilla Bug 2031),mdemodulepkg,False,1.0,It is a genuine bug report related to firmware development.
qwen2.5:14b,A,8096,tools_def.txt contains hard-coded path to mtoc (*_XCODE5_*_MTOC_PATH) (Bugzilla Bug 2030),basetools,False,1.0,"The issue describes a specific problem with hard-coded paths in tools_def.txt, which is relevant to EDK II build infrastructure."
qwen2.5:14b,A,9763,CryptoPkg Broken on MSVC after upgrade to 1.1.1b (Bugzilla Bug 2029),cryptopkg,False,1.0,"It describes a build failure after an upgrade, which is relevant to EDK II firmware development."
qwen2.5:14b,A,8095,Comparisons in CapsuleOnDisk.c should be improved (Bugzilla Bug 2028),mdemodulepkg,False,1.0,It is a genuine bug report related to code improvement in an EDK II package.
qwen2.5:14b,A,8094,Comparisons in CryptPkcs7VerifyEku.c should be improved (Bugzilla Bug 2027),cryptopkg,False,1.0,It is a genuine bug report related to EDK II package code.
qwen2.5:14b,A,8093,Strings are missing in SecurityPkg.uni (Bugzilla Bug 2026),securitypkg,False,1.0,"It describes a specific issue with missing strings in SecurityPkg.uni, which is related to EDK II firmware development."
qwen2.5:14b,A,8092,"Should add build option ""-fno-omit-frame-pointer"" in SecMain.inf (Bugzilla Bug 2024)",ovmfpkg,False,1.0,It is a genuine bug report with comments and a specific build option suggestion.
qwen2.5:14b,A,8091,Move MmAccess & MmControl PPI from MdeModulePkg to MdePkg (Bugzilla Bug 2023),mdepkg,False,1.0,The issue is a genuine bug report related to moving PPIs between packages in EDK II.
qwen2.5:14b,A,8090,Change from 01.org bug emails to Groups.io (Bugzilla Bug 2021),-,True,1.0,"The issue is about changing notification systems and does not describe a bug, feature request or security vulnerability related to EDK II firmware development."
qwen2.5:14b,A,8089,EFI_SMRAM_HOB_DESCRIPTOR_BLOCK isn't defined in MdePkg though it's in PI spec 1.5 (Bugzilla Bug 2020),mdepkg,False,1.0,"It describes a missing definition in MdePkg which is present in the PI spec, indicating a potential bug."
qwen2.5:14b,A,8088,"Change ""EDK II Trunk"" in Bugzilla's `Release(s) the issue is observed` to ""EDK II Master"" (Bugzilla Bug 2019)",-,True,1.0,The issue is about updating a label in Bugzilla and does not relate to EDK II firmware development.
qwen2.5:14b,A,8087,IntelFsp2Pkg: PeiService pointer not reset to 0 in SecMain (Bugzilla Bug 2018),intelfsp2pkg,False,1.0,It is a genuine bug report related to EDK II firmware development.
qwen2.5:14b,A,8086,Added arch output to build report (Bugzilla Bug 2016),basetools,False,1.0,The issue relates to EDK II build infrastructure and describes a specific improvement to the build report.
qwen2.5:14b,A,8085,Updata the output encoding of the Popen  function (Bugzilla Bug 2015),basetools,False,1.0,The issue relates to EDK II build infrastructure and is a genuine bug report.
qwen2.5:14b,A,8084,Add extra debugging to improve error identification. (Bugzilla Bug 2014),basetools,False,1.0,It is a genuine bug report with comments and a state indicating it was processed.
qwen2.5:14b,A,8083,"replace the chinese quotation mark with  unicode "" (Bugzilla Bug 2013)",basetools,False,1.0,It is a genuine bug report related to EDK II build infrastructure.
qwen2.5:14b,A,8082,UefiDebugLibStdErr library lacks destructor to close event (Bugzilla Bug 2012),mdepkg,False,1.0,It describes a genuine bug report related to an EDK II package.
qwen2.5:14b,A,9762,"Help content for ""comp"" Shell command is incorect (Bugzilla Bug 2011)",shellpkg,False,1.0,"It describes a specific issue with the 'comp' Shell command help content, which is related to EDK II firmware development."
qwen2.5:14b,A,8080,[MdePkg/PciExpress21.h]: The existing PCI industry standard registers are not up to date as per PCIe Base Specification 4.0 (Bugzilla Bug 2007),mdepkg,False,1.0,It is a genuine bug report related to updating PCI industry standard registers according to the PCIe Base Specification 4.0.
qwen2.5:14b,A,9761,Introduce new library SecurityLockAuditLib to provide a consistant debug log message of security event (Bugzilla Bug 2006),mdemodulepkg,False,1.0,It is a genuine bug report related to introducing a new library for security event logging.
qwen2.5:14b,A,9760,GUID override doesn't work in Apriori section (Bugzilla Bug 2005),basetools,False,1.0,It is a genuine bug report related to EDK II build tools.
qwen2.5:14b,A,8079,Basetools: misuse of lstrip (Bugzilla Bug 2003),basetools,False,1.0,The issue is related to EDK II build infrastructure and describes a specific bug in the basetools package.
qwen2.5:14b,A,9758,SMM pointer leak in SmmVariableGetStatistics() (Bugzilla Bug 2002),mdemodulepkg,False,1.0,It describes a genuine security-related issue within an EDK II package.
qwen2.5:14b,A,8078,Integer truncation issues in S3BootScript[Save]*() API (Bugzilla Bug 2001),mdemodulepkg,False,1.0,It describes a specific bug in an EDK II package with sufficient context to be investigated.
qwen2.5:14b,A,9757,PE loader should zero out dest buffer on allocation (Bugzilla Bug 1999),mdemodulepkg,False,1.0,It is a genuine bug report related to the PE loader in EDK II.
qwen2.5:14b,A,8077,CoreLoadPeImage() allows fixed mappings (Bugzilla Bug 1998),mdemodulepkg,False,1.0,It is a genuine bug report related to EDK II firmware development.
qwen2.5:14b,A,8076,CoreLoadImageCommon() security violation (Bugzilla Bug 1997),mdemodulepkg,False,1.0,It describes a real security vulnerability in the EDK II package.
qwen2.5:14b,A,8075,Wifi manager exposes sensitive material to HostOS (Bugzilla Bug 1996),mdemodulepkg,False,1.0,It describes a security vulnerability related to EDK II firmware.
qwen2.5:14b,A,8074,"Error corner cases in Hii Os Runtime support, where Host OS could trigger use after free (Bugzilla Bug 1995)",mdemodulepkg,False,1.0,It describes a real security vulnerability in the Hii Os Runtime support.
qwen2.5:14b,A,8073,Integer overflows in PeCoffLoaderRelocateImage (Bugzilla Bug 1993),mdepkg,False,1.0,It describes a genuine bug in the PeCoffLoaderRelocateImage function.
qwen2.5:14b,A,8072,All LoadImage() callers should handle EFI_SECURITY_VIOLATION explicitly (Bugzilla Bug 1992),shellpkg,False,1.0,It describes a security-related issue and is marked as a bug.
qwen2.5:14b,A,8071,Double EFI_PCI_ROOT_BRIDGE_IO_PROTOCOL_UNMAP in SdMmcCreateTrb (Bugzilla Bug 1989),mdemodulepkg,False,1.0,The issue describes a specific bug related to EDK II firmware development.
qwen2.5:14b,A,9756,BaseTools: Remove gDatabasePath global variable (Bugzilla Bug 1987),basetools,False,1.0,It is a genuine bug report related to EDK II build infrastructure.
qwen2.5:14b,A,8070,"Basetools: Create "".cache"" folder as early as possible (Bugzilla Bug 1986)",basetools,False,1.0,It is a genuine bug report related to EDK II build infrastructure.
qwen2.5:14b,A,9755,edksetup.bat/edksetup.sh Reconfig option should reset EDK_TOOLS_PATH/PYTHONPATH (Bugzilla Bug 1985),-,False,1.0,"The issue describes a specific problem with the edksetup script that needs to be fixed, which is relevant to EDK II build infrastructure."
qwen2.5:14b,A,8069,UefiCpuPkg RegisterCpuFeaturesLib: cautious to debug print on AP (Bugzilla Bug 1984),ueficpupkg,False,1.0,It is a genuine bug report related to EDK II firmware development.
qwen2.5:14b,A,8068,Performed Microcode copy from flash on both PEI and DXE (Bugzilla Bug 1982),ueficpupkg,False,1.0,It is a genuine bug report related to firmware development.
qwen2.5:14b,A,8067,OvmfPkg/EnrollDefaultKeys: clean up Base64Decode() retval handling (Bugzilla Bug 1981),ovmfpkg,False,1.0,It is a genuine bug report related to EDK II package code.
qwen2.5:14b,A,8066,BaseLib/Base64Decode(): move variable declarations from nested block scope to function block scope (Bugzilla Bug 1980),mdepkg,False,1.0,It is a genuine bug report related to EDK II code improvement.
qwen2.5:14b,A,9754,Add a pcd PcdBootManagerInBootOrder to control whether BootManger is in BootOrder variable (Bugzilla Bug 1979),mdemodulepkg,False,1.0,It is a legitimate feature request related to EDK II package.
qwen2.5:14b,A,8065,DxeMain: Fix for missing MAT update when code uses  AllocateAddress after ReadyToBoot. (Bugzilla Bug 1978),mdemodulepkg,False,1.0,It is a genuine bug report related to EDK II firmware development.
qwen2.5:14b,A,8064,build returns exit code 0 when Postbuild process fails (Bugzilla Bug 1977),basetools,False,1.0,"The issue describes a build problem with Basetools, which is related to EDK II build infrastructure."
qwen2.5:14b,A,8063,SnpDxe: ExitBootServices notification function uses UNDI functions (Bugzilla Bug 1974),networkpkg,False,1.0,It is a genuine bug report related to EDK II firmware development.
qwen2.5:14b,A,8062,CpuFeaturesPei driver enter deadloop if package level MSR used (Bugzilla Bug 1973),ueficpupkg,False,1.0,It describes a specific bug in the CpuFeaturesPei driver with enough context to be investigated.
qwen2.5:14b,A,8061,UefiCpuPkg RegisterCpuFeaturesLib should not use PcdCpuFeaturesSetting for AP code (Bugzilla Bug 1972),ueficpupkg,False,1.0,It is a genuine bug report related to EDK II firmware development.
qwen2.5:14b,A,8060,EDK generates PE32 instead of PE32+ (Bugzilla Bug 1971),-,False,0.95,"The issue describes a specific problem with EDK II build output, likely related to firmware generation."
qwen2.5:14b,A,8059,Acpiview shell command does not build for IA32 (Bugzilla Bug 1970),shellpkg,False,1.0,It is a genuine bug report related to building an EDK II package.
qwen2.5:14b,A,8058,Handle NULL Data Pointer Properly in ReportStatusCodeRouterRuntimeDxe at TPL Less Than TPL_HIGH (Bugzilla Bug 1969),mdemodulepkg,False,1.0,It is a genuine bug report related to EDK II firmware development.
qwen2.5:14b,A,8057,UefiCpuPkg: ASSERT in RegisterCpuFeaturesLib (Bugzilla Bug 1968),ueficpupkg,False,1.0,It is a genuine bug report related to EDK II firmware development.
qwen2.5:14b,A,8056,"BaseLib.h linked list macros should define ""delete safe iterator loop"" instead of having EFI_LIST_FOR_EACH_SAFE defined numerous places in edk2 code (Bugzilla Bug 1967)",mdepkg,False,1.0,It is a genuine feature request related to improving the EDK II codebase.
qwen2.5:14b,A,8055,InsertNewGuidNameMapping() overflowing ReallocatePool if called a 3rd time. (Bugzilla Bug 1965),shellpkg,False,1.0,It is a genuine bug report related to EDK II firmware development.
qwen2.5:14b,A,8054,TypeFileByHandle underflows buffer if 1st char is \r or \n (Bugzilla Bug 1964),shellpkg,False,1.0,It describes a specific bug in the TypeFileByHandle function.
qwen2.5:14b,A,8053,Typos in BaseTools\Source\C\FMMT and BfmLib (Bugzilla Bug 1963),basetools,False,1.0,It describes typos in source code which is a genuine bug report.
qwen2.5:14b,A,9751,Apply new ModuleType HOST_APPLICATION into EmulatorPkg (Bugzilla Bug 1962),emulatorpkg,False,1.0,It is a genuine bug report related to applying a new ModuleType in EmulatorPkg.
qwen2.5:14b,A,8052,CpuCommonFeaturesLib Ppin.c Enhance the code to disable and lock (Bugzilla Bug 1961),ueficpupkg,False,1.0,It is a genuine bug report related to EDK II package code enhancement.
qwen2.5:14b,A,9750,Basetool FMMT module build fails with gcc 7.4.0 (Bugzilla Bug 1960),basetools,False,1.0,"It describes a build failure with specific compiler version, relevant to EDK II build infrastructure."
qwen2.5:14b,A,8051,"BaseLib.h linked list macros should define ""delete safe iterator loop"" instead of having EFI_LIST_FOR_EACH_SAFE defined numerous places in edk2 code (Bugzilla Bug 1959)",mdepkg,False,1.0,It is a genuine bug report related to EDK II codebase improvement.
qwen2.5:14b,A,8050,Build cache cannot generate the offset file for hii/vfr module (Bugzilla Bug 1958),basetools,False,1.0,"It describes a specific build issue with the hii/vfr module, which is related to EDK II build infrastructure."
qwen2.5:14b,A,8048,pci command for gen 4 devices displays incorrect info (Bugzilla Bug 1955),shellpkg,False,0.95,"The issue describes a specific problem with PCI command information for Gen 4 devices, which is related to EDK II firmware development."
qwen2.5:14b,A,8047,[EmulatorPkg] Remove unused module MiscSubClassPlatformDxe (Bugzilla Bug 1953),emulatorpkg,False,1.0,It is a genuine bug report related to removing an unused module in EmulatorPkg.
qwen2.5:14b,A,8046,Build cache should not use [self.Arch][self.Name] info as key to identify module (Bugzilla Bug 1951),basetools,False,1.0,It is a genuine bug report related to EDK II build infrastructure.
qwen2.5:14b,A,8045,File MdeModulePkg/Include/Protocol/Dpc.h should be placed in NetworkPkg (Bugzilla Bug 1949),mdemodulepkg,False,0.95,"The issue describes a specific file placement problem within the EDK II project, which is relevant to firmware development."
qwen2.5:14b,A,8044,Use unique data structure signatures in MdeModulePkg PiSmmCore module (Bugzilla Bug 1948),mdemodulepkg,False,1.0,It is a genuine bug report related to EDK II package.
qwen2.5:14b,A,8043,SCT 2.7 test -DevicePathToTextProcotolTest\ConvertDeviceNodeToText_Coverage -- FAILURE (Bugzilla Bug 1947),mdepkg,False,0.95,The issue appears to be a genuine bug report related to a test failure in the SCT (Security Configuration Test) suite.
qwen2.5:14b,A,8041,"Scripts\FormatDosFiles.py  ""--exclude"" cannot use absolute paths (Bugzilla Bug 1944)",basetools,False,1.0,It describes a specific issue with an EDK II build tool script.
qwen2.5:14b,A,8039,drivers command issue (Bugzilla Bug 1941),shellpkg,False,0.95,The issue is related to a driver command problem in the shellpkg package.
qwen2.5:14b,A,8038,ACPI DATA being measured after table patch (Bugzilla Bug 1940),securitypkg,False,1.0,It is a genuine bug report related to EDK II package.
qwen2.5:14b,A,9748,"After performing PXE boot to Grub, exit to setup. Not able to perform PXE boot again (Bugzilla Bug 1938)",networkpkg,False,0.95,"The issue describes a reproducible problem with PXE booting, which is related to EDK II firmware functionality."
qwen2.5:14b,A,8036,Add pointer check for the new allocate pool in CapsulePei/UefiCapsule.c (Bugzilla Bug 1935),mdemodulepkg,False,1.0,It is a genuine bug report with comments and a state indicating it was addressed.
qwen2.5:14b,A,8035,MicrocodeDetect: Incorrect checksum before verify the microcode's header (Bugzilla Bug 1934),ueficpupkg,False,1.0,It is a genuine bug report related to EDK II firmware component.
qwen2.5:14b,A,9746,Windows debug build is not reproducible even in the same path workspace (Bugzilla Bug 1933),basetools,False,1.0,It describes a reproducible build issue which is relevant to EDK II.
qwen2.5:14b,A,8034,BaseTool: Separate current CreateAsBuiltInf function into two (Bugzilla Bug 1932),basetools,False,1.0,It is a genuine bug report related to EDK II build infrastructure.
qwen2.5:14b,A,9745,[PciBus] SRIOV device may reserve additional one bus (Bugzilla Bug 1931),mdemodulepkg,False,1.0,It is a genuine bug report related to firmware development.
qwen2.5:14b,A,8033,"Running edksetup.sh will make an error because ""bc"" is not installed on Linux (Bugzilla Bug 1929)",basetools,False,1.0,It describes a genuine build issue that can be investigated and fixed.
qwen2.5:14b,A,8030,Problems using HTTPS boot due to TlsInitialize failed. (Bugzilla Bug 1926),cryptopkg,False,1.0,It describes a specific issue with the TlsInitialize function in the cryptopkg package.
qwen2.5:14b,A,8029,Build cache need more comprehensive info to explain why cache miss (Bugzilla Bug 1925),basetools,False,1.0,It describes a genuine bug report related to build tools.
qwen2.5:14b,A,8027,GenFds multi-thread build fails if enable the build cache (Bugzilla Bug 1923),basetools,False,1.0,It describes a specific build failure related to EDK II build tools.
qwen2.5:14b,A,8026,SMBIOS Type 4 Processor Voltage information can be various to reflect processor current voltage when Bit 7 is set (Bugzilla Bug 1922),mdemodulepkg,False,1.0,It describes a specific issue related to SMBIOS Type 4 information in the mdemodulepkg package.
qwen2.5:14b,A,8025,Build tool need to detect the change of NASM_PREFIX environment variable (Bugzilla Bug 1921),basetools,False,1.0,The issue relates to a build tool and describes a specific problem that needs to be addressed.
qwen2.5:14b,A,8024,Platform exception when callback function was destroyed by unconnected controller in setup browser. (Bugzilla Bug 1920),mdemodulepkg,False,1.0,It is a genuine bug report related to EDK II firmware development.
qwen2.5:14b,A,8023,Remove DxeDeferImageLoadLib form SecurityPkg (Bugzilla Bug 1919),securitypkg,False,1.0,It is a genuine bug report related to EDK II package.
qwen2.5:14b,A,9744,Feature request: Provide interface to copy memory contents above 4GB area in PEI phase. (Bugzilla Bug 1918),mdepkg,False,1.0,It is a legitimate feature request for EDK II.
qwen2.5:14b,A,8022,HTTPS TLS causes unhandled exception due to corruption of SetSessionData pointer (Bugzilla Bug 1917),networkpkg,False,1.0,It describes a genuine bug with specific symptoms and is related to EDK II firmware development.
qwen2.5:14b,A,8021,Build cache cannot store .efi and .pdb files in second incremental build (Bugzilla Bug 1915),basetools,False,1.0,It describes a specific build issue with the EDK II build tools.
qwen2.5:14b,A,8020,NULL pointer dereference in AuthenticodeVerify() (Bugzilla Bug 1914),securitypkg,False,1.0,It describes a genuine bug report with sufficient context.
qwen2.5:14b,A,9743,HttpDxe: calling Response() after end of stream causes assert in HttpResponseWorker (Bugzilla Bug 1912),networkpkg,False,1.0,It is a genuine bug report with enough context to investigate.
qwen2.5:14b,A,8018,BaseTools doesn't throw an error when a FixAtBuildPcd is used but people forgot to declare the pcd name on inf (Bugzilla Bug 1908),basetools,False,1.0,It describes a genuine bug in BaseTools related to FixAtBuildPcd handling.
qwen2.5:14b,A,9742,Add a Pcd and variable to control gRT->CapsuleUpdate and QueryCapsuleCapabilities (Bugzilla Bug 1907),mdemodulepkg,False,1.0,"It is a legitimate feature request for EDK II to add a Pcd and variable, which relates to firmware functionality."
qwen2.5:14b,A,8017,Return a null in ShellPromptForResponse (Bugzilla Bug 1906),shellpkg,False,1.0,It is a genuine bug report related to the EDK II shell package.
qwen2.5:14b,A,8015,Add missing instances to SourceLevelDebugPkg.dsc for build only (Bugzilla Bug 1903),sourceleveldebugpkg,False,1.0,It is a genuine bug report related to an EDK II package.
qwen2.5:14b,A,8014,Add missing instances to SecurityPkg.dsc for build only (Bugzilla Bug 1902),securitypkg,False,1.0,It is a genuine bug report related to EDK II build configuration.
qwen2.5:14b,A,8013,Set the returned buffer to null while fail to create HOB in PeiAllocatePool (Bugzilla Bug 1901),mdemodulepkg,False,1.0,It is a genuine bug report related to EDK II firmware development.
qwen2.5:14b,A,8012,Add missing instances to CryptoPkg.dsc (Bugzilla Bug 1900),cryptopkg,False,1.0,It is a genuine bug report related to EDK II CryptoPkg.
qwen2.5:14b,A,8010,"remove BUFSIZ from ""CrtLibSupport.h"" at the next OpenSSL rebase (Bugzilla Bug 1897)",cryptopkg,False,1.0,It is a genuine bug report related to EDK II package code.
qwen2.5:14b,A,8008,Build cache cannot store cache for the same library modules in different arch together (Bugzilla Bug 1895),basetools,False,1.0,It describes a specific build issue with the EDK II build tools.
qwen2.5:14b,A,8007,Basetool need CopyFileOnChange function to avoid cache file writing race in multi-thread build (Bugzilla Bug 1894),basetools,False,1.0,It describes a genuine bug related to build infrastructure.
qwen2.5:14b,A,8006,Base64Decode does not follow its specification (Bugzilla Bug 1891),mdepkg,False,1.0,It is a genuine bug report related to the Base64Decode function in EDK II.
qwen2.5:14b,A,8004,Remove unused Edk2\BuildNotes2.txt (Bugzilla Bug 1889),-,False,1.0,It is a genuine bug report for removing an unused file.
qwen2.5:14b,A,9741,Add and adjust the performance code (Bugzilla Bug 1888),-,False,0.95,"The issue is a genuine bug report related to performance code, even though it lacks detailed information."
qwen2.5:14b,A,9740,DnsDxe uses only the first DNS server (Bugzilla Bug 1886),networkpkg,False,1.0,It is a genuine bug report related to an EDK II package.
qwen2.5:14b,A,8003,Enabling HeapGuard NULL pointer detection doesn't reserve page 0 (Bugzilla Bug 1885),mdemodulepkg,False,1.0,It is a genuine bug report related to EDK II firmware development.
qwen2.5:14b,A,8002,obsolete network feature test macros (build flags) in OvmfPkg/README (Bugzilla Bug 1884),ovmfpkg,False,1.0,It describes a genuine bug report about obsolete build flags in the README file.
qwen2.5:14b,A,7999,Update process_files.pl in OpensslLib to exclude err_all.c (Bugzilla Bug 1881),cryptopkg,False,1.0,It is a genuine bug report related to EDK II package maintenance.
qwen2.5:14b,A,7998,QemuVideoDxe driver has a bug that it shouldn’t assume that system is running in VGA alias mode. (Bugzilla Bug 1880),ovmfpkg,False,1.0,It is a genuine bug report related to the QemuVideoDxe driver in EDK II.
qwen2.5:14b,A,7996,VS2017 build failure in module linked against OpensslLibCrypto (Bugzilla Bug 1878),cryptopkg,False,1.0,"It describes a build failure related to EDK II, which is relevant and specific enough for investigation."
qwen2.5:14b,A,7995,Commit 7cea4d71a8a8 regresses CPU speed display (from SMBIOS) in MdeModulePkg/UiApp (Bugzilla Bug 1877),mdemodulepkg,False,1.0,It is a genuine bug report related to EDK II firmware component.
qwen2.5:14b,A,9739,Add a PCD to skip Hdd password prompt (Bugzilla Bug 1876),securitypkg,False,1.0,It is a genuine bug report related to an EDK II package.
qwen2.5:14b,A,7993,FSP related Python build script error log enhancement (Bugzilla Bug 1872),basetools,False,1.0,The issue is related to EDK II build infrastructure and describes a specific problem with Python build scripts.
qwen2.5:14b,A,7992,"OpensslLib should use proper entropy sources, not the timestamp counter (Bugzilla Bug 1871)",cryptopkg,False,1.0,It is a genuine bug report related to OpenSSLLib entropy sources in the cryptopkg package.
qwen2.5:14b,A,7991,Build Cache need output notification message if module cache miss & cache hit happen (Bugzilla Bug 1868),basetools,False,1.0,It is a genuine bug report related to build tools.
qwen2.5:14b,A,7990,Build cache cannot store the cache files for library package (Bugzilla Bug 1867),basetools,False,1.0,It describes a specific build issue with the basetools package.
qwen2.5:14b,A,7989,IpSecDxe.efi and IKEv2 (Bugzilla Bug 1866),-,False,0.95,"The issue is related to a firmware component and was previously tracked as a Bugzilla bug, indicating it's likely a genuine bug report."
qwen2.5:14b,A,7988,[AhciPei] Hard disk device cannot be found in non-S3 boot path for some AHCI controller capabilities (Bugzilla Bug 1862),mdemodulepkg,False,1.0,It describes a specific firmware issue with AHCI controller support.
qwen2.5:14b,A,7987,Wrap OpenSSL SM3 algorithm into BaseCryptLib (Bugzilla Bug 1861),cryptopkg,False,1.0,It is a genuine bug report related to EDK II package.
qwen2.5:14b,A,7986,placing the q35 PCIEXBAR above the 32-bit MMIO aperture causes QEMU to generate an invalid ACPI \_SB.PCI0._CRS object (Bugzilla Bug 1859),ovmfpkg,False,1.0,"It describes a specific issue with QEMU and EDK II interaction, likely a genuine bug report."
qwen2.5:14b,A,7985,Clean up some unused parameters and change some incorrect parameter defaults (Bugzilla Bug 1858),basetools,False,1.0,It is a genuine bug report related to cleaning up unused parameters and correcting incorrect defaults in the basetools package.
qwen2.5:14b,A,7984,Add instances to MdeModulePkg.dsc [Components] section for build (Bugzilla Bug 1857),mdemodulepkg,False,1.0,It is a genuine bug report related to EDK II build configuration.
qwen2.5:14b,A,7983,SmmLockBoxPeiLib only support IA32 and X64 (Bugzilla Bug 1856),mdemodulepkg,False,1.0,It is a genuine bug report related to EDK II package.
qwen2.5:14b,A,7982,Buffer overflow in modules AcpiPlatform (Bugzilla Bug 1854),vlv2tbltdevicepkg,False,1.0,It describes a real security vulnerability in an EDK II package.
qwen2.5:14b,A,7981,Optimize the code of CapsulePei driver for easier maintain (Bugzilla Bug 1853),mdemodulepkg,False,0.95,"The issue is related to optimizing code within an EDK II package, which is a legitimate maintenance task."
qwen2.5:14b,A,7979,Add new script to detect unused items in package dec file (Bugzilla Bug 1850),basetools,False,1.0,It is a legitimate feature request for EDK II build tools.
qwen2.5:14b,A,9738,Add FCE tool into edk2 BaseTools (Bugzilla Bug 1848),basetools,False,1.0,"The issue is related to adding a tool into EDK II BaseTools, which involves build infrastructure."
qwen2.5:14b,A,7978,Add FMMT tool into edk2 BaseTools (Bugzilla Bug 1847),basetools,False,1.0,"The issue is related to adding a tool into EDK II BaseTools, which involves build infrastructure."
qwen2.5:14b,A,7975,[OvmfPkg] Update modules in OvmfPkg to drop their dependencies on IntelFramework[Module]Pkg (Bugzilla Bug 1843),ovmfpkg,False,1.0,It is a genuine bug report related to updating modules in OvmfPkg.
qwen2.5:14b,A,7974,[OvmfPkg] Drop the consume of the ISA stack in PcAtChipsetPkg/IntelFrameworkModulePkg (Bugzilla Bug 1842),ovmfpkg,False,1.0,It is a genuine bug report related to EDK II firmware development.
qwen2.5:14b,A,9737,Error when build BaseTools (Bugzilla Bug 1841),basetools,False,1.0,"It describes a build error in BaseTools, which is related to EDK II build infrastructure."
qwen2.5:14b,A,7973,[CapsuleApp] Enhance Capsule-On-Disk related functions (Bugzilla Bug 1840),mdemodulepkg,False,1.0,It is a legitimate feature request or bug report related to an EDK II package.
qwen2.5:14b,A,7972,OVMF found EFI executable on USB Attached SCSI device but fail to boot (Bugzilla Bug 1838),ovmfpkg,False,1.0,"It describes a specific issue with OVMF booting from USB Attached SCSI, which is related to EDK II firmware."
qwen2.5:14b,A,7970,Add tools/scripts to automate setup of git environment for EDK II dev process (Bugzilla Bug 1836),basetools,False,1.0,"The issue is related to adding tools/scripts for EDK II development setup, which falls under build infrastructure and is a valid feature request."
qwen2.5:14b,A,7969,"""edksetup.bat ReBuild"" fail on ""echo."" of Makefile on Windows (NMAKE : fatal error U1045: spawn failed : Permission denied) (Bugzilla Bug 1835)",-,False,1.0,It describes a build failure with detailed error message.
qwen2.5:14b,A,7967,The python 3 version CParser in Ecc and Eot tools work incorrectly (Bugzilla Bug 1833),basetools,False,1.0,It is a genuine bug report related to EDK II build tools.
qwen2.5:14b,A,9736,CpuCommonFeaturesLib MachineCheck.c Make sure the CPU generation check is correct (Bugzilla Bug 1831),ueficpupkg,False,1.0,"It describes a potential bug in the CPU generation check within CpuCommonFeaturesLib, which is relevant to EDK II firmware development."
qwen2.5:14b,A,9735,CpuCommonFeaturesLib FeatureControl.c Make sure the CPU generation check is correct (Bugzilla Bug 1830),ueficpupkg,False,1.0,It describes a genuine bug report with a specific issue related to CPU generation check.
qwen2.5:14b,A,7965,CpuCommonFeaturesLib MachineCheck.c There will be ASSERT if LMCE is supported (Bugzilla Bug 1829),ueficpupkg,False,1.0,It describes a specific bug in the CpuCommonFeaturesLib package.
qwen2.5:14b,A,9734,"EmulatorPkg: Create postbuild script to make ""build run"" work (Bugzilla Bug 1828)",emulatorpkg,False,1.0,It is a genuine bug report related to EDK II build infrastructure.
qwen2.5:14b,A,9733,UEFIPayloadPkg: coreboot on QEMU with UEFIPayload leads to assertion (Bugzilla Bug 1827),uefipayloadpkg,False,1.0,It is a genuine bug report related to EDK II package with sufficient details and state.
qwen2.5:14b,A,7964,Use AsciiStrnCpyS to replace AsciiStrCpyS while copy a truncate string (Bugzilla Bug 1826),intelframeworkmodulepkg,False,1.0,It is a genuine bug report related to EDK II package.
qwen2.5:14b,A,9732,source code about disabling the DMAR of IOMMU in IntelSiliconPkg (Bugzilla Bug 1823),intelsiliconpkg,False,1.0,The issue relates to a specific package in EDK II and is reported as a bug.
qwen2.5:14b,A,7963,OpensslLib: Missing local header files in [Sources] section of .INFs (Bugzilla Bug 1821),cryptopkg,False,1.0,"It describes a specific issue with header files in the OpenSSL library, which is related to EDK II firmware development."
qwen2.5:14b,A,7961,Possible heap corruption with LzmaUefiDecompressGetInfo (Bugzilla Bug 1816),intelframeworkmodulepkg,False,1.0,"The issue describes a potential heap corruption, which is a genuine bug report."
qwen2.5:14b,A,7960,outdated mailing list address in BaseTools error messages (Bugzilla Bug 1815),basetools,False,1.0,It is a genuine bug report related to EDK II build infrastructure.
qwen2.5:14b,A,7959,"""unusual"" QEMU guest RAM sizes cause ASSERT()s to fail in OvmfPkg/PlatformPei (Bugzilla Bug 1814)",ovmfpkg,False,1.0,It describes a genuine bug with specific conditions leading to ASSERT() failures in OvmfPkg.
qwen2.5:14b,A,7957,Remove Nt32Pkg (Bugzilla Bug 1812),nt32pkg,False,0.95,"The issue appears to be a genuine request for removing a package, likely after addressing an underlying bug."
qwen2.5:14b,A,7956,[OVMF] Duplicate the required CSM components from IntelFramework[Module]Pkg into OvmfPkg (Bugzilla Bug 1811),ovmfpkg,False,1.0,It is a genuine bug report related to EDK II firmware development.
qwen2.5:14b,A,7955,CpuCommonFeaturesLib ClockModulation.c reduce writing MSR_IA32_CLOCK_MODULATION times (Bugzilla Bug 1810),ueficpupkg,False,1.0,It is a genuine bug report related to EDK II firmware development.
qwen2.5:14b,A,7954,"CpuCommonFeaturesLib ProcTrace.c could disable TraceEn at the beginning of ProcTraceInitialize(), but not the end (Bugzilla Bug 1809)",ueficpupkg,False,1.0,It is a specific bug report related to EDK II firmware code.
qwen2.5:14b,A,7953,CpuCommonFeaturesLib ProcTrace.c has bug about register table write for RTIT_OUTPUT_BASE and RTIT_OUTPUT_MASK_PTRS (Bugzilla Bug 1808),ueficpupkg,False,1.0,It is a genuine bug report related to EDK II firmware development.
qwen2.5:14b,A,7952,Error LibGdtoa unresolved external symbol __fpclassifyd while build SampleCApp on Visual Studio 2017 (Bugzilla Bug 1807),stdlib,False,1.0,"It describes a build error with specific details, likely a genuine bug report."
qwen2.5:14b,A,7951,Different platform caches might overlay each other inside Binary Cache database if they use same platform name (Bugzilla Bug 1806),basetools,False,1.0,"It describes a specific bug in the Binary Cache database related to platform caches, which is relevant to EDK II build tools."
qwen2.5:14b,A,7950,Remove IPF code in BaseCryptLib not used any more (Bugzilla Bug 1805),cryptopkg,False,1.0,It is a genuine bug report related to removing unused code in an EDK II package.
qwen2.5:14b,A,7949,BaseTools: Add a checking for Sources section in INF file (Bugzilla Bug 1804),basetools,False,1.0,It is a genuine bug report related to BaseTools package.
qwen2.5:14b,A,7948,Binary EFI in INF's do not respect TARGET distinction (Bugzilla Bug 1803),basetools,False,1.0,It is a genuine bug report related to EDK II build tools.
qwen2.5:14b,A,9730,Add PCD to skip password prompt in device unlocked status (Bugzilla Bug 1801),securitypkg,False,1.0,It is a genuine bug report related to an EDK II package.
qwen2.5:14b,A,7947,Extend the binary cache to support library cache (Bugzilla Bug 1797),basetools,False,1.0,It is a genuine bug report related to EDK II build tools.
qwen2.5:14b,A,7946,PciBusDxe: duplicate node insertion for every PPB device in the system (Bugzilla Bug 1796),mdemodulepkg,False,1.0,It is a genuine bug report related to EDK II firmware component.
qwen2.5:14b,A,7945,ECC reports 16 errors on version a642e2 (Bugzilla Bug 1795),mdemodulepkg,False,1.0,It describes a genuine bug report with enough information to investigate.
qwen2.5:14b,A,7944,Move OptionRomPkg into new Drivers directory edk2-platforms repo (Bugzilla Bug 1793),optionrompkg,False,1.0,It is a genuine bug report related to EDK II package reorganization.
qwen2.5:14b,A,7943,Deprecate HmacXxxGetContextSize in BaseCryptLib (Bugzilla Bug 1792),cryptopkg,False,1.0,It is a genuine bug report related to deprecating functions in an EDK II package.
qwen2.5:14b,A,9729,"Basetools: Clean up the support for "".C"" files (Bugzilla Bug 1790)",basetools,False,1.0,It is a genuine bug report related to EDK II build infrastructure.
qwen2.5:14b,A,7942,BaseTools: Read size is not checked and it may cause dead loop (Bugzilla Bug 1789),basetools,False,1.0,It describes a genuine bug in BaseTools with enough context to be investigated.
qwen2.5:14b,A,7941,BaseTools: Library hashing fix and optimization for --hash feature (Bugzilla Bug 1788),basetools,False,1.0,It is a genuine bug report related to BaseTools package with enough information and context.
qwen2.5:14b,A,7940,BaseTools: Include headers not mentioned in inf are not hashed (Bugzilla Bug 1787),basetools,False,1.0,It describes a specific build issue related to EDK II BaseTools.
qwen2.5:14b,A,7939,BaseTool: Module size and Build Time Stamp are missing in build report (Bugzilla Bug 1786),basetools,False,1.0,"It describes a specific issue with build reports in BaseTools, which is related to EDK II build infrastructure."
qwen2.5:14b,A,7938,Issue in SecurityPkg AuthVariableLib to remove the variable at certdb (Bugzilla Bug 1783),securitypkg,False,1.0,It is a genuine bug report related to EDK II's SecurityPkg.
qwen2.5:14b,A,7937,BlockSid command should been send at EndOfDxe (Bugzilla Bug 1782),securitypkg,False,0.95,The issue is related to EDK II firmware functionality and describes a specific bug.
qwen2.5:14b,A,9727,BaseTools: Reduce the duplication compression code in BaseTools (Bugzilla Bug 1779),basetools,False,1.0,It is a genuine bug report related to BaseTools package.
qwen2.5:14b,A,7935,ECC need to handle lower case 'static' at the beginning of functions (Bugzilla Bug 1778),basetools,False,1.0,It describes a specific coding issue in EDK II build tools that needs to be handled.
qwen2.5:14b,A,7934,Remove BootInRecoveryMode PPI DEPEX from PEI storage stack (Bugzilla Bug 1777),mdemodulepkg,False,1.0,It is a genuine bug report related to EDK II package.
qwen2.5:14b,A,7933,Build break if C file suffixes of named .C Under certain circumstances. (Bugzilla Bug 1773),basetools,False,0.95,"The issue appears to describe a build problem related to file suffixes in the basetools package, which is relevant to EDK II firmware development."
qwen2.5:14b,A,9726,Indicate two Guids gCapsuleArmedResetGuid and gCapsuleUpdateCompleteResetGuid for capsule update (Bugzilla Bug 1772),mdemodulepkg,False,1.0,It is a genuine bug report related to EDK II firmware components.
qwen2.5:14b,A,7932,ECC reports 2 errors in MdeModulePkg (Bugzilla Bug 1771),mdemodulepkg,False,1.0,It describes a genuine bug report with enough context to be investigated.
qwen2.5:14b,A,7931,FDF FFS Rule doesn't support GUID value format (Bugzilla Bug 1768),basetools,False,1.0,It is a genuine bug report related to EDK II build tools.
qwen2.5:14b,A,7930,Replace use of 'STATIC' with 'static' (Bugzilla Bug 1767),shellpkg,False,0.95,The issue is related to code style enforcement within an EDK II package.
qwen2.5:14b,A,7929,BaseTools doesn't support correct RAW FFS FILE generation (Bugzilla Bug 1765),basetools,False,1.0,It is a genuine bug report related to BaseTools package.
qwen2.5:14b,A,7928,Basetools: Enable GCC flags to prevent compiler from optimizing out security checks (Bugzilla Bug 1764),basetools,False,1.0,It is a genuine bug report related to EDK II build infrastructure.
qwen2.5:14b,A,9724,Optimize the performance of intel vt-d invalidation (Bugzilla Bug 1763),intelsiliconpkg,False,1.0,It is a genuine bug report related to optimizing performance of intel vt-d invalidation.
qwen2.5:14b,A,7927,Error message is inappropriate  for conf case (Bugzilla Bug 1762),basetools,False,0.95,The issue is related to EDK II build tools and describes a specific error message problem.
qwen2.5:14b,A,7926,UEFI SCT reports 5 failures in ConsoleSupportTest\SerialIOProtocolTest on Emulator. (Bugzilla Bug 1761),emulatorpkg,False,1.0,It describes a specific test failure in the EDK II emulator package.
qwen2.5:14b,A,9723,System hangs or stops abnormally when running UEFI SCT MediaAccessTest on Emulator. (Bugzilla Bug 1760),emulatorpkg,False,1.0,It describes a reproducible problem with the Emulator package.
qwen2.5:14b,A,9722,Emulator stopped working twice when running UEFI SCT RuntimeServicesTest\MiscRuntimeServicesTest on it (Bugzilla Bug 1759),emulatorpkg,False,1.0,It is a genuine bug report related to an EDK II package.
qwen2.5:14b,A,7925,UEFI SCT reports 16 failures in RuntimeServicesTest\TimeServicesTest on Emulator. (Bugzilla Bug 1758),emulatorpkg,False,1.0,It describes a specific test failure in the EDK II emulator package.
qwen2.5:14b,A,9721,UEFI SCT reports 12 failures in BootServicesTest\MiscBootServicesTest on Emulator. (Bugzilla Bug 1757),emulatorpkg,False,1.0,It describes a specific test failure in the EDK II project.
qwen2.5:14b,A,9720,Emulator doesn't support Network functionality. (Bugzilla Bug 1756),emulatorpkg,False,1.0,It describes a specific missing feature in the EDK II emulator package.
qwen2.5:14b,A,9719,Remove legacy CSM definition in MdePkg (Bugzilla Bug 1754),shellpkg,False,1.0,It is a genuine bug report related to EDK II package.
qwen2.5:14b,A,7924,Add warning message for Secure Erase (Bugzilla Bug 1753),securitypkg,False,1.0,It is a genuine bug report related to adding a warning message for Secure Erase in the securitypkg package.
qwen2.5:14b,A,7923,"When assign value size > PCD array size in dsc, returned value is not right. (Bugzilla Bug 1752)",basetools,False,1.0,It describes a specific bug related to PCD array size in DSC files.
qwen2.5:14b,A,7922,ECC report errors on account of analyze special characters (Bugzilla Bug 1751),basetools,True,0.9,The title is unclear and does not describe a specific bug or feature related to EDK II firmware development.
qwen2.5:14b,A,7921,"Remove tool chain RVCT, RVCTLINUX, RVCTCYGWIN and CLANG35 (Bugzilla Bug 1750)",basetools,False,1.0,The issue is related to removing specific toolchains in the EDK II build infrastructure.
qwen2.5:14b,A,7920,The order of file Guid.xref will change after increment build (Bugzilla Bug 1749),basetools,False,1.0,It describes a reproducible issue related to build tools.
qwen2.5:14b,A,9718,[UdfDxe] Typo in function ResolveSymlink() (Bugzilla Bug 1746),mdemodulepkg,False,1.0,It is a genuine bug report with a clear description of a typo in the code.
qwen2.5:14b,A,9717,[UdfDxe] Bug exists for function MangleFileName() to handle file path like '\..\path' (Bugzilla Bug 1745),mdemodulepkg,False,1.0,It is a genuine bug report related to EDK II firmware development.
qwen2.5:14b,A,7918,"Unlimited FV Recursion, round 2 (Bugzilla Bug 1743)",mdemodulepkg,False,1.0,It is a genuine bug report related to EDK II firmware development.
qwen2.5:14b,A,7917,Binary Cache should update the recovered file’s creation and modification times to the current time (Bugzilla Bug 1742),basetools,False,1.0,It is a genuine bug report related to EDK II build tools.
qwen2.5:14b,A,7916,ECC reports 4 errors in NetworkPkg (Bugzilla Bug 1741),networkpkg,False,0.95,"The issue describes a specific problem with ECC errors in NetworkPkg, which is related to EDK II firmware development."
qwen2.5:14b,A,7915,decrease the namespace collisions (Bugzilla Bug 1740),mdepkg,False,1.0,It is a genuine bug report related to namespace collisions in the mdepkg package.
qwen2.5:14b,A,7914,Ensure that PYTHONHASHSEED workaround is available in all ENV scripts. (Bugzilla Bug 1739),basetools,False,1.0,It is a genuine bug report related to EDK II build infrastructure.
qwen2.5:14b,A,9716,Unordered datatypes should be replaced with ordered datatypes where consistency is required. (Bugzilla Bug 1738),basetools,False,1.0,"It describes a potential improvement to the codebase related to data consistency, which is relevant for firmware development."
qwen2.5:14b,A,7913,"[BaseTools-make] Customization within build_rule.txt before ""$(CC)"" for compiling command is not supported (Bugzilla Bug 1737)",basetools,False,1.0,"It describes a specific build issue with BaseTools, which is related to EDK II build infrastructure."
qwen2.5:14b,A,7912,ECC reports 1 error in CryptoPkg (Bugzilla Bug 1736),cryptopkg,False,1.0,It describes a genuine bug report with enough context to be investigated.
qwen2.5:14b,A,7911,Remove unused BaseTools\Source\Python\UPT\Dll (Bugzilla Bug 1735),basetools,False,1.0,It is a genuine bug report related to removing unused code in EDK II BaseTools.
qwen2.5:14b,A,7910,Bin Cache database should be read only for --binary-source usage (Bugzilla Bug 1732),basetools,False,1.0,It is a genuine bug report related to EDK II build infrastructure.
qwen2.5:14b,A,7909,ECC reports 1 error in UefiCpuPkg (Bugzilla Bug 1731),ueficpupkg,False,1.0,It describes a genuine bug report with a specific package and error.
qwen2.5:14b,A,7908,ECC report 1 error in IntelFsp2WrapperPkg (Bugzilla Bug 1730),intelfsp2wrapperpkg,False,1.0,It is a genuine bug report related to an EDK II package.
qwen2.5:14b,A,7907,Build fails on some build machine after the commit 05217d210e8da37b47d0be58ec363f7af2fa1c18 (Bugzilla Bug 1729),basetools,False,1.0,"It describes a build failure after a specific commit, which is relevant to EDK II firmware development."
qwen2.5:14b,A,7906,Report ASSERT if reenter setup page on Emulator (Bugzilla Bug 1728),emulatorpkg,False,1.0,It is a genuine bug report related to EDK II firmware.
qwen2.5:14b,A,7905,GenFw doesn't work correctly when convert ELF image to EFI image with -e PEIM -z option both (Bugzilla Bug 1727),basetools,False,1.0,It is a genuine bug report related to EDK II build tools.
qwen2.5:14b,A,7904,Enhance Bin Cache database to support save the cache for multiple platforms with multiple tool-chains and targets (Bugzilla Bug 1726),basetools,False,1.0,It is a legitimate feature request for EDK II's build infrastructure.
qwen2.5:14b,A,7903,Bin Cache wrongly cache hit for CLANG38 build with the GCC5 build cache result (Bugzilla Bug 1725),basetools,False,1.0,"The issue describes a specific build problem with bin cache, which is related to EDK II build infrastructure."
qwen2.5:14b,A,9715,Provide the way to enable VS w4701 and w4703 warning (Bugzilla Bug 1724),basetools,False,1.0,It is a legitimate feature request for EDK II build tools.
qwen2.5:14b,A,7902,Build cache of binary files fails on MinPlatform Kabylake windows build (Bugzilla Bug 1723),basetools,False,1.0,It describes a specific build issue with enough context to be investigated.
qwen2.5:14b,A,7901,Share code for BaseUefiDecompressLib in MdePkg and BaseUefiTianoCustomDecompressLib in MdeModulePkg (Bugzilla Bug 1722),mdepkg,False,0.95,The issue appears to be related to EDK II package code sharing and is marked as a bug.
qwen2.5:14b,A,7900,Remove framework pkgs dependency from EmulatorPkg (Bugzilla Bug 1721),emulatorpkg,False,1.0,It is a genuine bug report related to EDK II package dependency.
qwen2.5:14b,A,7899,Remove framework pkgs dependency from BeagleBoardPkg and EmbeddedPkg (Bugzilla Bug 1720),beagleboardpkg,False,1.0,The issue is a genuine bug report related to removing framework package dependencies in BeagleBoardPkg and EmbeddedPkg.
qwen2.5:14b,A,7898,Quark: Remove IntelFrameworkPkg/IntelFrameworkModulePkg dependencies (Bugzilla Bug 1719),quarkplatformpkg,False,1.0,It is a genuine bug report related to removing dependencies in an EDK II package.
qwen2.5:14b,A,7897,update ConvertFceToStructurePcd.py with the char order PCD name. (Bugzilla Bug 1718),basetools,False,1.0,It is a genuine bug report related to an EDK II build tool.
qwen2.5:14b,A,7896,IntelFsp2WrapperPkg: Perform post FSP-S process. (Bugzilla Bug 1716),intelfsp2wrapperpkg,False,1.0,It is a genuine bug report related to an EDK II package.
qwen2.5:14b,A,9714,HTTP redirections not handled properly (Bugzilla Bug 1715),networkpkg,False,1.0,It is a genuine bug report related to an EDK II package.
qwen2.5:14b,A,7895,HTTPS boot is impossible on aarch64 (Bugzilla Bug 1714),armvirtpkg,False,1.0,It is a genuine bug report related to EDK II package.
qwen2.5:14b,A,7894,UefiCpuPkg: Coverity scan flags multiple issues in edk2-stable201903 (Bugzilla Bug 1713),ueficpupkg,False,1.0,It describes a genuine bug report related to Coverity scan issues in UefiCpuPkg.
qwen2.5:14b,A,7893,ShellPkg: Coverity scan flags multiple issues in edk2-stable201903 (Bugzilla Bug 1712),shellpkg,False,1.0,"The issue is related to a Coverity scan for ShellPkg and describes multiple issues found in edk2-stable201903, which is relevant to EDK II firmware development."
qwen2.5:14b,A,7892,PcAtChipsetPkg: Coverity scan flags multiple issues in edk2-stable201903 (Bugzilla Bug 1711),pcatchipsetpkg,False,1.0,It describes a genuine bug report related to Coverity scan issues in a specific EDK II package.
qwen2.5:14b,A,7891,NetworkPkg: Coverity scan flags multiple issues in edk2-stable201903 (Bugzilla Bug 1709),networkpkg,False,1.0,It is a genuine bug report related to EDK II's NetworkPkg with Coverity scan issues.
qwen2.5:14b,A,7890,MdePkg: Coverity scan flags multiple issues in edk2-stable201903 (Bugzilla Bug 1708),mdepkg,False,1.0,It is a genuine bug report related to Coverity scan issues in MdePkg.
qwen2.5:14b,A,7889,MdeModulePkg: Coverity scan flags multiple issues in edk2-stable201903 (Bugzilla Bug 1707),mdemodulepkg,False,1.0,It describes a genuine bug report related to Coverity scan issues in MdeModulePkg.
qwen2.5:14b,A,7888,IntelFspPkg: Coverity scan flags multiple issues in edk2-stable201903 (Bugzilla Bug 1706),intelfsppkg,False,1.0,It describes a genuine bug report related to Coverity scan issues in IntelFspPkg.
qwen2.5:14b,A,7887,IntelFsp2Pkg: Coverity scan flags multiple issues in edk2-stable201903 (Bugzilla Bug 1705),intelfsp2pkg,False,1.0,It describes a genuine bug report related to Coverity scan issues in IntelFsp2Pkg.
qwen2.5:14b,A,7886,FatPkg: Coverity scan flags multiple issues in edk2-stable201903 (Bugzilla Bug 1703),fatpkg,False,1.0,It describes a genuine bug report related to Coverity scan issues in FatPkg.
qwen2.5:14b,A,7885,CryptoPkg: Coverity scan flags multiple issues in edk2-stable201903 (Bugzilla Bug 1702),cryptopkg,False,1.0,It describes a genuine bug report related to security scanning issues in a specific EDK II package.
qwen2.5:14b,A,7884,BaseTools: Coverity scan flags multiple issues in edk2-stable201903 (Bugzilla Bug 1701),basetools,False,1.0,"The issue relates to BaseTools and mentions multiple issues found by Coverity scan, which is relevant for EDK II build infrastructure."
qwen2.5:14b,A,7883,ArmPlatformPkg: Coverity scan flags multiple issues in edk2-stable201903 (Bugzilla Bug 1700),armplatformpkg,False,1.0,It is a genuine bug report related to EDK II package and build infrastructure.
qwen2.5:14b,A,7882,AppPkg: Coverity scan flags multiple issues in edk2-stable201903 (Bugzilla Bug 1699),apppkg,False,1.0,"The issue is related to a Coverity scan for the AppPkg in EDK II and has been resolved, indicating it was a valid bug report."
qwen2.5:14b,A,7881,Remove NetworkPkg/IpSecDxe (Bugzilla Bug 1697),networkpkg,False,1.0,The issue relates to a specific EDK II package and is marked as a bug.
qwen2.5:14b,A,7880,Nmake may report AutoGen.h file can't be found on Windows OS (Bugzilla Bug 1696),basetools,False,1.0,It describes a build issue related to EDK II build tools.
qwen2.5:14b,A,7879,Add PCD to Enabled/Disabled IPv4/IPv6 PXE Support in NetworkPkg (Bugzilla Bug 1695),networkpkg,False,1.0,It is a legitimate feature request related to NetworkPkg.
qwen2.5:14b,A,7878,Update edksetup.bat to support the different VS tool chain setup (Bugzilla Bug 1693),-,False,1.0,It is a genuine bug report related to updating edksetup.bat for VS toolchain support.
qwen2.5:14b,A,7877,BaseTools: Hash false success with back to back builds (Bugzilla Bug 1692),basetools,False,1.0,The issue relates to BaseTools and describes a reproducible build problem.
qwen2.5:14b,A,7876,New OvmfXen platform with Xen PVH support (Bugzilla Bug 1689),ovmfpkg,False,1.0,It is a genuine bug report related to an EDK II package.
qwen2.5:14b,A,7874,Add multiple console with multi monitor support to EmulatorPkg as Nt32Pkg has (Bugzilla Bug 1687),emulatorpkg,False,0.95,"The issue is a feature request for EmulatorPkg to add multiple console support similar to Nt32Pkg, which relates directly to EDK II firmware development."
qwen2.5:14b,A,7873,Emulator CPU frequency information displays 0.00 GHZ (Bugzilla Bug 1686),emulatorpkg,False,1.0,It is a genuine bug report related to EDK II's emulator package.
qwen2.5:14b,A,9713,HTTP STATUS code design is untenable. (Bugzilla Bug 1685),networkpkg,False,0.95,The issue relates to a specific package and is reported as a bug.
qwen2.5:14b,A,7872,Move BaseUefiTianoCustomDecompressLib from IntelFrameworkModulePkg to MdeModulePkg (Bugzilla Bug 1683),mdemodulepkg,False,1.0,It is a genuine bug report related to EDK II package relocation.
qwen2.5:14b,A,7870,BaseTools: Fix corner-cases of --hash feature (Bugzilla Bug 1680),basetools,False,1.0,It is a genuine bug report related to BaseTools with sufficient context and state indicating it was addressed.
qwen2.5:14b,A,7869,CpuCommonFeaturesLib Aesni.c Remove CPU generations check (Bugzilla Bug 1679),ueficpupkg,False,1.0,It is a genuine bug report related to EDK II firmware development.
qwen2.5:14b,A,7868,Add a pcd to control the PlatformRecovery behavior (Bugzilla Bug 1678),mdemodulepkg,False,1.0,It is a genuine bug report related to EDK II package.
qwen2.5:14b,A,7867,Update the debug code to support UINT64 print in CapsulePei (Bugzilla Bug 1677),mdemodulepkg,False,1.0,It is a genuine bug report related to EDK II firmware development.
qwen2.5:14b,A,9712,Add two event immediately before and after with ReadyToBoot (Bugzilla Bug 1676),mdemodulepkg,False,0.95,The issue appears to be a genuine bug report related to firmware development.
qwen2.5:14b,A,7866,Remove ShellBinPkg from edk2/master (Bugzilla Bug 1675),shellbinpkg,False,1.0,The issue is related to an EDK II package and describes a specific action (removing ShellBinPkg) which implies it's either a bug report or feature request.
qwen2.5:14b,A,9711,Http Reconfigure Fails (Bugzilla Bug 1674),networkpkg,False,1.0,It is a genuine bug report related to an EDK II package.
qwen2.5:14b,A,9710,Remove the additional copy action from DEBUG dir to OUTPUT dir (Bugzilla Bug 1673),basetools,False,1.0,It is a genuine bug report related to EDK II build infrastructure.
qwen2.5:14b,A,7865,Enable multiple thread for MSVC compiler (Bugzilla Bug 1672),basetools,False,1.0,It is a genuine bug report related to EDK II build tools.
qwen2.5:14b,A,7864,BaseTools: Python exception when compiling BaseTools in Chinese OS. (Bugzilla Bug 1670),basetools,False,1.0,It describes a genuine bug related to EDK II build tools.
qwen2.5:14b,A,9709,Network stack malfunction with removable NIC's (Bugzilla Bug 1669),networkpkg,False,1.0,It is a genuine bug report related to an EDK II package.
qwen2.5:14b,A,9708,CpuDxe depends on undefined behavior to enable interrupts. (Bugzilla Bug 1668),ueficpupkg,False,1.0,It is a genuine bug report related to firmware functionality.
qwen2.5:14b,A,7863,Remove tools chain with ASL tool (Bugzilla Bug 1667),basetools,False,1.0,It is a genuine bug report related to EDK II build tools.
qwen2.5:14b,A,7862,Remove ICC tool chain from tools_def.txt (Bugzilla Bug 1666),basetools,False,1.0,It is a genuine bug report related to EDK II build infrastructure.
qwen2.5:14b,A,7861,Build fail when the structure pcd has member of flexible size array (Bugzilla Bug 1665),basetools,False,1.0,It describes a build failure which is relevant to EDK II firmware development.
qwen2.5:14b,A,7860,"""Plarform"" typo in user-visible string (Bugzilla Bug 1664)",apppkg,False,1.0,It is a genuine bug report about a typo in user-visible string.
qwen2.5:14b,A,7859,EDK_TOOLS_PATH instead of BASE_TOOLS_PATH (Bugzilla Bug 1663),basetools,False,1.0,The issue relates to EDK II build infrastructure and describes a specific change in environment variable usage.
qwen2.5:14b,A,7858,Copy BaseUefiTianoCustomDecompressLib instance from IntelFrameworkModulePkg to MdeModulePkg (Bugzilla Bug 1662),mdemodulepkg,False,1.0,It is a genuine bug report related to EDK II package.
qwen2.5:14b,A,7857,[MdeModulePkg DSC] Listing library SmmLockBoxPeiLib.inf under [LibraryClasses.common.PEIM] may not be proper (Bugzilla Bug 1660),mdemodulepkg,False,1.0,"The issue describes a potential problem with library listing in DSC files, which is relevant to EDK II firmware development."
qwen2.5:14b,A,7856,"Incorrect line ending in ArmPkg, ArmVirtPkg, and ArmPlatformPkg generate PatchCheck.py errors (Bugzilla Bug 1659)",armplatformpkg,False,1.0,"The issue describes a specific problem with line endings in EDK II packages, which is relevant to the project."
qwen2.5:14b,A,7855,Fix files with incorrect line endings in CorebootModulePkg to pass PatchCheck.py (Bugzilla Bug 1658),corebootmodulepkg,False,1.0,"The issue describes a specific problem with file line endings in an EDK II package, which is relevant to the project."
qwen2.5:14b,A,7854,Add .sh extension to EmulatorPkg/Unix/GdbRun for compatibility with PatchCheck.py (Bugzilla Bug 1657),emulatorpkg,False,1.0,It is a genuine bug report related to EDK II build infrastructure.
qwen2.5:14b,A,7853,Update PatchCheck.py for change to BSD+Patent License with SPDX identifiers (Bugzilla Bug 1655),basetools,False,1.0,"The issue relates to updating a script in the EDK II build tools, which is relevant to the project."
qwen2.5:14b,A,7852,Add SPDX identifier for files covered by MIT license in OvmfPkg (Bugzilla Bug 1654),ovmfpkg,False,1.0,It is a genuine bug report related to SPDX identifier addition for MIT-licensed files in OvmfPkg.
qwen2.5:14b,A,7851,Remove create-release.py script from OvmfPkg (Bugzilla Bug 1653),ovmfpkg,False,1.0,It is a genuine bug report related to an EDK II package.
qwen2.5:14b,A,7850,HII DB lock may be leaked on error return (Bugzilla Bug 1652),mdemodulepkg,False,1.0,It describes a genuine bug related to EDK II firmware development.
qwen2.5:14b,A,7849,"Restart the emulator, the boot order will sometimes restore the default (Bugzilla Bug 1650)",emulatorpkg,False,1.0,It is a genuine bug report related to the EDK II emulator package.
qwen2.5:14b,A,7848,Need to boot into UEFI Internal Shell directly when run the emulator (Bugzilla Bug 1649),emulatorpkg,False,0.95,"The issue is related to booting into UEFI Internal Shell directly when running the emulator, which involves EDK II firmware components."
qwen2.5:14b,A,7847,BaseTools: Fix private includes when module scope FILE_GUID override is used (Bugzilla Bug 1648),basetools,False,1.0,It describes a genuine bug related to EDK II build infrastructure.
qwen2.5:14b,A,7846,Add MicrocodeFlashAccessLibNull.inf to IntelSiliconPkg.dsc for build test only (Bugzilla Bug 1647),intelsiliconpkg,False,1.0,It is a genuine bug report related to EDK II package build configuration.
qwen2.5:14b,A,7845,Add IdeControllerDxe.inf to PcAtChipsetPkg.dsc for build test only (Bugzilla Bug 1646),pcatchipsetpkg,False,1.0,It is a genuine bug report related to build configuration in an EDK II package.
qwen2.5:14b,A,9707,CpuCommonFeaturesLib ExecuteDisable.c Make sure NXE bit programmed at correct scope (Bugzilla Bug 1644),ueficpupkg,False,1.0,It is a genuine bug report related to EDK II firmware component.
qwen2.5:14b,A,9706,Refine comments for FERR feature (Bugzilla Bug 1643),ueficpupkg,False,1.0,It is a genuine bug report related to refining comments for a feature in an EDK II package.
qwen2.5:14b,A,7844,RegisterCpuFeaturesLib.h CPU_FEATURE_THREE_STRICK_COUNTER should be CPU_FEATURE_THREE_STRIKE_COUNTER (Bugzilla Bug 1642),ueficpupkg,False,1.0,It is a genuine bug report with a typo fix request.
qwen2.5:14b,A,7843,Trim will trig exception when the input asl file is UTF8 format (Bugzilla Bug 1641),basetools,False,1.0,"It describes a specific issue with ASL file handling in UTF8 format, which is related to EDK II build tools."
qwen2.5:14b,A,9705,CpuCommonFeaturesLib the implementation for MonitorMwaitSupport is incorrect (Bugzilla Bug 1640),ueficpupkg,False,1.0,"It describes a potential implementation issue in CpuCommonFeaturesLib, which is related to EDK II firmware development."
qwen2.5:14b,A,9704,"Applications, including Windows pre-OS applications, cannot address the problem where simple text output is not readable on 3K display (Bugzilla Bug 1639)",mdemodulepkg,False,0.95,"The issue describes a specific problem with text output on a display, which is related to EDK II firmware development."
qwen2.5:14b,A,7842,Introduce a PCD for firmware device default image type ID (Bugzilla Bug 1638),fmpdevicepkg,False,1.0,It is a legitimate feature request related to EDK II firmware development.
qwen2.5:14b,A,9703,UnicodeDecodeError: 'ascii' codec can't decode byte (Bugzilla Bug 1637),basetools,False,0.95,Describes a specific build error with enough context to be investigated.
qwen2.5:14b,A,9702,ISCSI Attempt Order Missing when Attempt Order Page Visited and Commit without any changes (Bugzilla Bug 1636),networkpkg,False,0.95,The issue appears to describe a specific bug in the ISCSI functionality of the networkpkg package.
qwen2.5:14b,A,7841,SdMmcPciHcDxe driver fails to detect SD card on OVMF platform with SD card enabled (Bugzilla Bug 1632),mdemodulepkg,False,1.0,It is a genuine bug report related to an EDK II package.
qwen2.5:14b,A,7840,[UefiBootManangerLib] Add error handling logic in BmExpandMediaDevicePath() for media device being removed (Bugzilla Bug 1631),mdemodulepkg,False,1.0,It is a genuine bug report with a clear description and package association.
qwen2.5:14b,A,9701,"After adding Max attempts, the last visited attempt details displayed as Max attempt (Bugzilla Bug 1630)",networkpkg,True,0.95,The issue title and description do not clearly relate to EDK II firmware development or contain enough technical details for investigation.
qwen2.5:14b,A,7839,"CpuCommonFeaturesLib C1e.c ""MSR_FEATURE_CONFIG"" should be ""MSR_NEHALEM_POWER_CTL"" in comment (Bugzilla Bug 1629)",ueficpupkg,False,1.0,It is a genuine bug report with enough information to investigate.
qwen2.5:14b,A,7838,GraphicsOutputDxe driver picked incorrect PCI BAR as framebuffer address. (Bugzilla Bug 1628),mdemodulepkg,False,1.0,It is a genuine bug report related to the GraphicsOutputDxe driver in EDK II.
qwen2.5:14b,A,7837,Delete the obsolete file FrameworkDatabase.template from BaseTools/Conf (Bugzilla Bug 1627),basetools,False,1.0,"It is a genuine bug report to remove an obsolete file, which relates to EDK II build infrastructure."
qwen2.5:14b,A,7836,Basetool: Do Make cleanall command under Basetools/Source/C folder failed (Bugzilla Bug 1622),basetools,False,1.0,The issue describes a specific build failure in the Basetools package.
qwen2.5:14b,A,7835,CpuCommonFeaturesLib Aesni.c uses BIT0 and BIT1 reversedly (Bugzilla Bug 1621),ueficpupkg,False,1.0,It is a genuine bug report related to EDK II source code.
qwen2.5:14b,A,7834,Support disabling include path check (Bugzilla Bug 1620),basetools,False,1.0,It is a genuine bug report related to EDK II build tools.
qwen2.5:14b,A,7833,CLANG Build issues with CLANG version 8.0.0.0 (trunk 339469) (Bugzilla Bug 1619),stdlib,False,1.0,"It describes a build issue with CLANG, which is related to EDK II build infrastructure."
qwen2.5:14b,A,9700,CLANG Build issues with CLANG version 8.0.0.0 (trunk 339469) (Bugzilla Bug 1618),stdlib,False,1.0,It is a genuine bug report related to EDK II build issues with CLANG.
qwen2.5:14b,A,7831,Remove framework pkgs dependency from Coreboot*Pkgs (Bugzilla Bug 1616),corebootpayloadpkg,False,1.0,It is a genuine bug report related to package dependencies in EDK II.
qwen2.5:14b,A,7830,license and copyright are missing in some files in Basetool (Bugzilla Bug 1615),basetools,False,1.0,"It describes a genuine bug report with missing license and copyright information in files, which is relevant to EDK II build infrastructure."
qwen2.5:14b,A,7829,BootGuard TOCTOU vulnerability (Bugzilla Bug 1614),mdemodulepkg,False,1.0,It describes a security vulnerability related to EDK II firmware.
qwen2.5:14b,A,9699,CpuDxe driver is hard coded to only run if it is loaded under 4 GB (Bugzilla Bug 1613),ueficpupkg,False,1.0,It is a genuine bug report related to EDK II firmware component.
qwen2.5:14b,A,7828,Duplicated BSD licenses are found in some files in EDKII repo (Bugzilla Bug 1612),securitypkg,False,1.0,The issue describes a real problem related to license compliance in the EDKII repository.
qwen2.5:14b,A,7827,Password stored in HII database is not cleared after memory free (Bugzilla Bug 1611),mdemodulepkg,False,1.0,The issue relates to a specific bug in the EDK II package and is not spam or unrelated.
qwen2.5:14b,A,7826,Ip4AccpetFrame crash (Bugzilla Bug 1610),networkpkg,False,1.0,It is a genuine bug report related to an EDK II package.
qwen2.5:14b,A,9698,IsX509CertInDbx() fails open in case of dbx signature check (Bugzilla Bug 1609),securitypkg,False,1.0,It is a genuine bug report related to the EDK II package 'securitypkg'.
qwen2.5:14b,A,7825,DxeImageVerificationHandler() fails open in case of dbx signature check (Bugzilla Bug 1608),securitypkg,False,1.0,It is a genuine bug report related to the EDK II security package.
qwen2.5:14b,A,7824,parallelism / dependency tracking inside (not between) modules is broken (Bugzilla Bug 1607),basetools,False,1.0,It describes a specific build issue within the EDK II basetools package.
qwen2.5:14b,A,9697,ASL compiler settings do not promote warnings to errors (Bugzilla Bug 1602),basetools,False,1.0,It relates to EDK II build infrastructure and describes a specific issue with ASL compiler settings.
qwen2.5:14b,A,9696,"DSC section handling for ""!include"" directive doesn't match DSC spec. (Bugzilla Bug 1601)",basetools,False,1.0,It is a genuine bug report related to EDK II build tools.
qwen2.5:14b,A,7820,The prompt and help information are missing in MdePkg/UefiPkg/SecurityPkg.uni (Bugzilla Bug 1600),mdepkg,False,1.0,It is a genuine bug report related to missing prompt and help information in source files.
qwen2.5:14b,A,7819,To better manage the runtime resource allocation in HiiDataBase after ReadyToBoot (Bugzilla Bug 1597),mdemodulepkg,False,1.0,It is a genuine bug report related to EDK II package.
qwen2.5:14b,A,7818,Remove .S assembly code for IA32 and X64 arch (Bugzilla Bug 1594),mdepkg,False,1.0,It is a genuine bug report related to EDK II package code.
qwen2.5:14b,A,7817,"PiSmmCpuDxeSmm: For every SMI occurrence, save and restore CR2 register only when SMM on-demand paging support is enabled (Bugzilla Bug 1593)",ueficpupkg,False,1.0,It describes a specific bug related to EDK II firmware functionality.
qwen2.5:14b,A,7816,Add S3 control flag to control S3 related functionality in PiSmmCore driver (Bugzilla Bug 1590),mdemodulepkg,False,1.0,It is a genuine bug report related to PiSmmCore driver functionality.
qwen2.5:14b,A,9695,Standalone MM build of authenticated variable stack (Bugzilla Bug 1589),mdepkg,False,1.0,It is a genuine bug report related to EDK II firmware development.
qwen2.5:14b,A,7815,CpuFeaturePei/Dxe may skip programming package level MSR (Bugzilla Bug 1584),ueficpupkg,False,1.0,It is a genuine bug report related to EDK II firmware development.
qwen2.5:14b,A,7813,EdkSetup enhancement (Bugzilla Bug 1582),basetools,False,0.95,"The issue is related to an enhancement for EdkSetup in the basetools package and has been closed, suggesting it was a legitimate bug report or feature request."
qwen2.5:14b,A,7812,[Basetools] Spaces in Python path are not handled (Bugzilla Bug 1579),basetools,False,1.0,It describes a genuine bug related to EDK II build infrastructure.
qwen2.5:14b,A,7811,System Crash occasionally in WiFi Connection Manager (Bugzilla Bug 1577),networkpkg,True,0.9,"The issue title mentions a system crash in WiFi Connection Manager, but does not provide enough details to reproduce the problem or understand its relation to EDK II firmware."
qwen2.5:14b,A,7810,SMM driver hang in DEBUG exception at accessing memory beyond 4G (Bugzilla Bug 1576),ueficpupkg,False,1.0,It is a genuine bug report related to an SMM driver issue in the EDK II package ueficpupkg.
qwen2.5:14b,A,7809,SnpDxe assumes Io/MemIo bar indices (Bugzilla Bug 1563),mdemodulepkg,False,1.0,It is a genuine bug report related to an EDK II package.
qwen2.5:14b,A,7808,"SnpDxe ExitBootServices handler should run at TPL_CALLBACK, not TPL_NOTIFY (Bugzilla Bug 1562)",mdemodulepkg,False,1.0,It is a genuine bug report related to EDK II firmware component.
qwen2.5:14b,A,7807,BaseTools build hard codes ./SecMain for 'run' target (Bugzilla Bug 1561),basetools,False,1.0,"It describes a specific build issue with BaseTools, which is related to EDK II firmware development."
qwen2.5:14b,A,7806,Remove IPF code in MdePkg (Bugzilla Bug 1560),mdepkg,False,1.0,It is a genuine bug report related to removing IPF code in MdePkg.
qwen2.5:14b,A,9694,"Handful of ""uninitialized local var"" errors on VS2017. (Bugzilla Bug 1559)",mdemodulepkg,False,1.0,It describes a build error with specific details related to EDK II package.
qwen2.5:14b,A,9693,PRI and SCN macros aren't availabe after including inttypes.h (Bugzilla Bug 1558),stdlib,False,1.0,"It describes a specific issue with macros not being available after including a header file, which is likely a genuine bug report."
qwen2.5:14b,A,9692,Add new API to check suffix for DER/PEM-encoded certificate (Bugzilla Bug 1556),mdemodulepkg,False,1.0,It is a genuine bug report related to adding an API for checking suffixes in certificate files.
qwen2.5:14b,A,9691,FileExplorerLib doesn't Support UEFI_DRIVER (Bugzilla Bug 1555),mdemodulepkg,False,1.0,It is a genuine bug report related to EDK II firmware development.
qwen2.5:14b,A,7805,"Ecc tool can't parse configure file and exception list by symbol ""-c"" and ""-e"" with Python3.7 (Bugzilla Bug 1554)",basetools,False,1.0,It describes a specific issue with EDK II build tools and provides enough context to be investigated.
qwen2.5:14b,A,7804,Add libraries to enable USB3 for debug (Bugzilla Bug 1553),-,False,0.95,"The issue is related to adding libraries to enable USB3 for debug, which seems like a legitimate feature request or bug fix."
qwen2.5:14b,A,7803,Add new library to provide cmos related actions (Bugzilla Bug 1552),-,False,0.95,The issue appears to be a legitimate feature request or enhancement for adding a new library related to CMOS actions.
qwen2.5:14b,A,7802,Add new driver to export log info for ACPI code (Bugzilla Bug 1551),-,False,0.95,"The issue appears to be a legitimate feature request or bug report related to adding a new driver for exporting log information, which is relevant to EDK II firmware development."
qwen2.5:14b,A,7801,Introduce DebugPpi to save the image size with the debug message (Bugzilla Bug 1549),mdemodulepkg,False,1.0,It is a genuine bug report related to firmware development with enough context and discussion.
qwen2.5:14b,A,9690,[BaseTools] Short source file name in PE image (Bugzilla Bug 1548),basetools,False,1.0,It is a genuine bug report related to EDK II build infrastructure.
qwen2.5:14b,A,7799,Add new driver to provide user authentication before enter setup page (Bugzilla Bug 1545),securitypkg,False,1.0,It is a legitimate feature request related to user authentication in the security package.
qwen2.5:14b,A,7798,The BaseTool causes build failure for a module with type as BASE or USER_DEFINED (Bugzilla Bug 1544),basetools,False,1.0,"It describes a build failure related to EDK II BaseTools, which is relevant and specific enough for investigation."
qwen2.5:14b,A,7797,Cpuid application handles leaf 0x1F wrongly (Bugzilla Bug 1543),mdemodulepkg,False,1.0,It is a genuine bug report related to the CPuid application in EDK II.
qwen2.5:14b,A,7796,Add shell application to dump bios image (Bugzilla Bug 1542),mdemodulepkg,False,0.95,"The issue is related to adding a shell application in an EDK II package, which suggests it involves firmware development."
qwen2.5:14b,A,7795,Add new shell application to dump dynamic PCD settings (Bugzilla Bug 1541),mdemodulepkg,False,1.0,It is a genuine bug report related to adding a new shell application for dumping dynamic PCD settings.
qwen2.5:14b,A,7794,Header changes don’t result in incremental rebuild (Bugzilla Bug 1540),basetools,False,1.0,It describes a reproducible build issue related to EDK II's build tools.
qwen2.5:14b,A,7793,EFI_RETURN_STATUS_EXTENDED_DATA is incorrectly filled in EfiBootManagerBoot() (Bugzilla Bug 1539),mdemodulepkg,False,1.0,It is a genuine bug report related to EDK II firmware component.
qwen2.5:14b,A,7792,MemTest86 report error if multiple mode is enabled. (Bugzilla Bug 1538),ueficpupkg,False,1.0,"It describes a specific bug in the MemTest86 package, which is related to EDK II firmware development."
qwen2.5:14b,A,7791,Update Sdhci to use memory accesses that match the requested size (Bugzilla Bug 1537),mdemodulepkg,False,1.0,It is a genuine bug report related to EDK II firmware development.
qwen2.5:14b,A,7790,[BDS] Some issues with new API EfiBootManagerGetNextFullDevicePath (Bugzilla Bug 1536),mdemodulepkg,False,0.95,"The issue is related to a specific API in EDK II and describes bugs, making it valid."
qwen2.5:14b,A,7789,Build fail when Hii Pcd is a Structure PCD (Bugzilla Bug 1535),basetools,False,1.0,It describes a build failure which is relevant to EDK II.
qwen2.5:14b,A,7788,AppPkg build error (StdLib\Include\sys/EfiCdefs.h(342): error C2220: warning treated as error) (Bugzilla Bug 1534),apppkg,False,1.0,It describes a build error with specific details and is related to EDK II firmware development.
qwen2.5:14b,A,7787,UefiCpuPkg/SecCore: Wrong Debug Information for SecCore (Bugzilla Bug 1533),ueficpupkg,False,1.0,It is a genuine bug report related to EDK II package.
qwen2.5:14b,A,7786,UINT64 shouldn't be used as the base type for a struct bit field. (Bugzilla Bug 1532),mdepkg,False,1.0,It is a genuine bug report related to EDK II package.
qwen2.5:14b,A,7784,"Should do index check for shell command ""-delay"" (Bugzilla Bug 1528)",shellpkg,False,1.0,It is a genuine bug report related to the EDK II shell package.
qwen2.5:14b,A,7783,Operands in a bitwise operation have different size in Baselib/String.c (Bugzilla Bug 1527),mdepkg,False,1.0,It describes a genuine bug report related to EDK II source code.
qwen2.5:14b,A,7779,ECC fails to detect function header comments issue (Bugzilla Bug 1523),basetools,False,0.95,The issue is related to EDK II build tools and describes a specific problem with function header comments detection.
qwen2.5:14b,A,7778,ECC fails to run after python3 migration. (Bugzilla Bug 1522),basetools,False,1.0,It is a genuine bug report related to EDK II build tools.
qwen2.5:14b,A,7777,Add CET feature support in SMM (Bugzilla Bug 1521),ueficpupkg,False,1.0,It is a genuine bug report related to adding CET feature support in SMM.
qwen2.5:14b,A,7776,BaseTools supports to the driver combination. (Bugzilla Bug 1520),basetools,False,1.0,The issue is related to BaseTools and is marked as a bug.
qwen2.5:14b,A,9689,IPv6 PXE and HTTP Boot can use the same IAID in the DHCP request as Ip6Config when using the same interface (Bugzilla Bug 1519),networkpkg,False,1.0,It is a genuine bug report related to EDK II's network package.
qwen2.5:14b,A,9688,DHCPv6 IAID generated by PXE and HTTP Boot are not consistent across restarts (Bugzilla Bug 1518),networkpkg,False,1.0,It is a genuine bug report related to DHCPv6 IAID consistency in the networkpkg package.
qwen2.5:14b,A,7775,Fix Edk2 UefiLib usage of VA_START in undefined way (Bugzilla Bug 1517),mdepkg,False,1.0,It is a genuine bug report related to EDK II package.
qwen2.5:14b,A,7773,Unknown fatal error when generating build report (Bugzilla Bug 1513),basetools,False,0.95,The issue describes a specific problem with build tools and is likely related to EDK II firmware development.
qwen2.5:14b,A,7771,SecurityPkg: TcgConfig fix to allow enabling TPM 1.2 device from disabled state. (Bugzilla Bug 1511),securitypkg,False,1.0,It is a genuine bug report related to EDK II's SecurityPkg.
qwen2.5:14b,A,7770,Possible overflow the Nodesize variable (Bugzilla Bug 1510),stdlib,False,1.0,It is a genuine bug report related to EDK II firmware development.
qwen2.5:14b,A,7769,BaseTool build failure in Ubuntu18 after support python3 (Bugzilla Bug 1509),basetools,False,1.0,It describes a build failure in EDK II BaseTools package.
qwen2.5:14b,A,7768,[Vlv2TbltDevicePkg] LIBRARY_CLASS is not correct within Vlv2TbltDevicePkg\Library\I2CLibPei (Bugzilla Bug 1507),vlv2tbltdevicepkg,False,1.0,It is a genuine bug report related to EDK II firmware development.
qwen2.5:14b,A,7767,Update strings on Opal SETUP page (Bugzilla Bug 1506),securitypkg,False,1.0,It is a genuine bug report related to an EDK II package.
qwen2.5:14b,A,7766,[Pci] System may hang when devices behind PPB contain option ROM but don't require 32bit MMIO (Bugzilla Bug 1505),mdemodulepkg,False,1.0,It is a genuine bug report related to EDK II firmware functionality.
qwen2.5:14b,A,7765,Fail to run UPT (Bugzilla Bug 1504),basetools,False,1.0,"The issue describes a failure to run UPT, which is related to EDK II build tools."
qwen2.5:14b,A,7764,Add NULL pointer check in Opal driver (Bugzilla Bug 1503),securitypkg,False,1.0,It is a genuine bug report related to the Opal driver in EDK II.
qwen2.5:14b,A,7763,Need to remove CMOS locations used in EDK2 drivers. (Bugzilla Bug 1502),-,False,1.0,It is a genuine bug report with comments and a closed state indicating it was investigated.
qwen2.5:14b,A,9686,Potential conflict between LoadFileOnFv2::InstallFileLoadProtocol() and DxeCore::CoreLoadImageCommon() (Bugzilla Bug 1501),mdemodulepkg,False,1.0,"It describes a potential conflict within EDK II code, which is relevant to firmware development."
qwen2.5:14b,A,7762,[Microcode Update] some error message enhancement (Bugzilla Bug 1500),intelsiliconpkg,False,1.0,It is a genuine bug report related to firmware development.
qwen2.5:14b,A,7760,Error in DisplaySysEventLogData in EventLogInfo.c (Bugzilla Bug 1498),shellpkg,False,0.95,"The issue is related to a specific error in the EDK II package and has been resolved, indicating it was a valid bug report."
qwen2.5:14b,A,7759,Add specific sanity check for device path of type MEDIA_FILEPATH_DP (Bugzilla Bug 1497),mdepkg,False,1.0,It is a genuine bug report with a specific type of device path sanity check request.
qwen2.5:14b,A,7758,Move 8259/8254 components from IntelFrameworkPkg/PcAtChipsetPkg to OvmfPkg (Bugzilla Bug 1496),pcatchipsetpkg,False,1.0,"The issue is related to moving components within EDK II packages, which is a legitimate feature request or bug report."
qwen2.5:14b,A,7757,Change OvmfPkg to stop using ISA drivers in framework pkg (Bugzilla Bug 1495),ovmfpkg,False,1.0,It is a genuine bug report related to EDK II package changes.
qwen2.5:14b,A,9685,HTTPDxe Driver Error Handling (Bugzilla Bug 1494),networkpkg,False,1.0,It is a genuine bug report related to an EDK II package.
qwen2.5:14b,A,7756,CryptoPkg/RuntimeCryptLib: Pkcs7GetAttachedContent() is for boot time but will be built into runtime as well. (Bugzilla Bug 1493),cryptopkg,False,1.0,It is a genuine bug report related to firmware components.
qwen2.5:14b,A,7755,Open Source Wi-Fi Connection Manager for UEFI Wi-Fi connections (Bugzilla Bug 1492),networkpkg,False,0.95,The issue is related to an EDK II package and describes a bug.
qwen2.5:14b,A,7754,VS tool chain build failure in ShellPkg\Library\UefiShellAcpiViewCommandLib\Parsers\Pptt\PpttParser.c (Bugzilla Bug 1491),shellpkg,False,1.0,"It describes a build failure related to EDK II, which is relevant and actionable."
qwen2.5:14b,A,9684,IP Mode strings as per Industry Standard (Bugzilla Bug 1490),networkpkg,False,1.0,It is a genuine bug report related to EDK II firmware development.
qwen2.5:14b,A,9683,Events not closed on error paths (Bugzilla Bug 1488),networkpkg,False,1.0,It is a genuine bug report related to an EDK II package.
qwen2.5:14b,A,7753,tftp command always returns 0xE status (not found) (Bugzilla Bug 1487),shellpkg,False,1.0,It is a genuine bug report related to the EDK II package.
qwen2.5:14b,A,7752,Update TCG spec support info into SecurityPkg (Bugzilla Bug 1486),securitypkg,False,1.0,It is a genuine bug report related to updating TCG spec support in SecurityPkg.
qwen2.5:14b,A,7750,Add a PCD to skip Opal password prompt (Bugzilla Bug 1484),securitypkg,False,1.0,It is a genuine bug report related to an EDK II package.
qwen2.5:14b,A,7748,Enhance CapsuleApp to support Capsule-on-Disk feature. (Bugzilla Bug 1482),mdemodulepkg,False,1.0,It is a legitimate feature request for an EDK II package.
qwen2.5:14b,A,7747,[MtrrLib] might wrongly set cache setting to UC for memory below 1MB (Bugzilla Bug 1481),ueficpupkg,False,1.0,It is a genuine bug report related to EDK II firmware functionality.
qwen2.5:14b,A,7746,ECC report some coding style issue in MdeModulePkg (Bugzilla Bug 1479),mdemodulepkg,False,1.0,"It describes a coding style issue in an EDK II package, which is relevant to the project."
qwen2.5:14b,A,7745,ECC report some coding style issue in MdePkg (Bugzilla Bug 1478),mdepkg,False,1.0,The issue relates to coding style enforcement in an EDK II package.
qwen2.5:14b,A,7744,ECC tool report a coding style issue in IntelFsp2Pkg\Include\Ppi\FspmArchConfigPpi.h (Bugzilla Bug 1477),intelfsp2pkg,False,1.0,"The issue relates to a coding style problem in an EDK II package, which is relevant for the project."
qwen2.5:14b,A,7743,VS EBC and XCODE build failure in MdeModulePkg FaultTolerantWriteDxe related modules (Bugzilla Bug 1476),mdemodulepkg,False,0.95,"The issue describes a build failure in an EDK II package, which is relevant to the project."
qwen2.5:14b,A,7742,Deprecate driver PropertiesTableAttributesDxe in MdeModulePkg (Bugzilla Bug 1475),mdemodulepkg,False,1.0,It is a genuine bug report related to deprecating a driver in EDK II.
qwen2.5:14b,A,7741,[UfsBlockIoPei] Implementation of the Block IO (2) PPI services does not handle parameter 'DeviceIndex' properly (Bugzilla Bug 1474),mdemodulepkg,False,1.0,It is a genuine bug report related to EDK II firmware component.
qwen2.5:14b,A,7740,Build fail when enable FixedAtBuild (VOID*) PCD use in the [DEPEX] section of INF files (Bugzilla Bug 1473),basetools,False,1.0,It describes a build failure related to EDK II build tools.
qwen2.5:14b,A,7739,BaseTools: Build report generation fail when structure Pcd enabled (Bugzilla Bug 1472),basetools,False,1.0,"It describes a build failure related to BaseTools, which is part of EDK II infrastructure."
qwen2.5:14b,A,7737,Enable GPT support for recovery feature (Bugzilla Bug 1470),fatpkg,False,1.0,It is a genuine bug report related to enabling GPT support in the fatpkg package.
qwen2.5:14b,A,7736,[Network] Remove the unnecessary NULL pointer check after retrieving the value from list Entry. (Bugzilla Bug 1469),networkpkg,False,1.0,It is a genuine bug report related to EDK II firmware development.
qwen2.5:14b,A,7735,Move BeagleBoardPkg and Omap35xxPkg from edk2 to edk2-platforms repo (Bugzilla Bug 1467),beagleboardpkg,False,1.0,It is a genuine bug report related to package relocation within the EDK II project.
qwen2.5:14b,A,7734,BaseTools should support empty value for DynamicHii type PCD in DSC (Bugzilla Bug 1466),basetools,False,1.0,It is a genuine bug report related to BaseTools in EDK II.
qwen2.5:14b,A,7733,Remove PcdFrameworkCompatibilitySupport and related code (Bugzilla Bug 1464),mdemodulepkg,False,1.0,It is a genuine bug report related to EDK II package code.
qwen2.5:14b,A,9681,Exception with HeapGuard active and using FvSimpleFileSystemDxe (Bugzilla Bug 1463),shellpkg,False,1.0,It is a genuine bug report related to EDK II firmware development.
qwen2.5:14b,A,7732,[ResetSystemRuntimeDxe] doesn't call EnterS3WithImmediateWake() in warm reset path (Bugzilla Bug 1462),mdemodulepkg,False,1.0,It is a genuine bug report related to EDK II firmware functionality.
qwen2.5:14b,A,7731,[ResetSystemLib] Add a library instance that can be linked against Runtime driver (Bugzilla Bug 1461),mdemodulepkg,False,1.0,It is a genuine bug report related to EDK II firmware development.
qwen2.5:14b,A,7730,[ResetSystemLib] Adds a new API ResetSystem() (Bugzilla Bug 1460),mdemodulepkg,False,1.0,It is a genuine bug report with a clear title and package reference.
qwen2.5:14b,A,7729,[ResetUtilityLib] Add ResetSystemWithSubtype API. (Bugzilla Bug 1458),mdemodulepkg,False,1.0,It is a legitimate feature request or enhancement for EDK II.
qwen2.5:14b,A,7727,[NetLib] The possible NULL pointer dereference issue for the usage of NET_LIST_FOR_EACH & NET_LIST_FOR_EACH_SAFE (Bugzilla Bug 1456),networkpkg,False,1.0,It describes a potential NULL pointer dereference issue which is a genuine security concern.
qwen2.5:14b,A,7726,Move SmiEntry.nasm into SmmCpuFeaturesLib as this is CPU and CPU features specific. (Bugzilla Bug 1455),ueficpupkg,False,1.0,It is a genuine bug report related to EDK II package organization.
qwen2.5:14b,A,7725,Update IGD_OPREGION_MBOX3 structure with two additional members as per latest Opregion spec (Bugzilla Bug 1454),intelsiliconpkg,False,1.0,It is a genuine bug report related to updating a structure in an EDK II package.
qwen2.5:14b,A,9679,Lack of examine the FAT table in FAT driver causes a BIOS hang when calling fs->OpenVolume() (Bugzilla Bug 1452),fatpkg,False,1.0,It describes a specific bug in the FAT driver with enough context to be investigated.
qwen2.5:14b,A,7724,ARM Page Table Generation Math is Buggy (Bugzilla Bug 1451),armpkg,False,1.0,It describes a specific bug in the ARM page table generation within the armpkg package.
qwen2.5:14b,A,7723,build tool crashes when --genfds-multi-thread is used (Bugzilla Bug 1450),basetools,False,1.0,It describes a genuine build tool issue with enough context to be investigated.
qwen2.5:14b,A,7722,Module Override Ability in DSC (Bugzilla Bug 1449),basetools,False,0.95,"The issue is related to EDK II build tools and describes a module override ability in DSC, which seems like a genuine bug report."
qwen2.5:14b,A,7721,IpV6 NV data out of date causes Driver Binding Start to fail (Bugzilla Bug 1448),networkpkg,False,1.0,It is a genuine bug report related to EDK II firmware development.
qwen2.5:14b,A,7720,gEfiIp6ServiceBindingProtocolGuid not uninstalled on error path of Driver Binding Start (Bugzilla Bug 1447),networkpkg,False,1.0,It is a genuine bug report related to EDK II firmware development.
qwen2.5:14b,A,7719,UEFI Drivers use UEFILib Protocol Un/Installation Abstraction (Bugzilla Bug 1444),-,False,0.95,The issue appears to be a genuine bug report related to UEFI drivers and protocols.
qwen2.5:14b,A,9677,Need library class check when parsing DSC file (Bugzilla Bug 1443),basetools,False,1.0,It is a genuine bug report related to EDK II build tools.
qwen2.5:14b,A,7718,migrate FTW and variable drivers to new MM foundation (Bugzilla Bug 1442),mdepkg,False,1.0,It is a genuine bug report related to migrating drivers in the EDK II project.
qwen2.5:14b,A,7717,[SdMmcPciHcDxe] Update the comments in files to reflect the spec compliance status for the driver (Bugzilla Bug 1441),mdemodulepkg,False,1.0,It is a genuine bug report related to updating comments in the driver files.
qwen2.5:14b,A,7713,BaseTools StructurePcd doesn't generate the correct line number in PcdValueInit.c (Bugzilla Bug 1435),basetools,False,1.0,It is a genuine bug report related to EDK II BaseTools package.
qwen2.5:14b,A,9676,UnicodeDecodeError when reading Japanese characters in NmakeSubdirs.py (Bugzilla Bug 1434),basetools,False,1.0,It describes a reproducible problem with the build tools related to character encoding.
qwen2.5:14b,A,7712,Tftp shell command hangs after download large file. (Bugzilla Bug 1433),shellpkg,False,0.95,It describes a reproducible problem with the Tftp command in the shell package.
qwen2.5:14b,A,7711,XhciPei: Hang within UsbHcFreeMemPool (Bugzilla Bug 1432),mdemodulepkg,False,1.0,It is a genuine bug report related to EDK II firmware development.
qwen2.5:14b,A,7710,OPAL BlockSID setting disabled on boot (Bugzilla Bug 1431),securitypkg,False,1.0,It is a genuine bug report related to an EDK II package.
qwen2.5:14b,A,7709,Incorrect Flags used in S3Resume.c (Bugzilla Bug 1430),ueficpupkg,False,1.0,It is a genuine bug report related to EDK II source code.
qwen2.5:14b,A,7708,Provide library functions that abstract driver model protocols uninstallation. (Bugzilla Bug 1429),mdepkg,False,1.0,It is a genuine bug report related to EDK II package functionality.
qwen2.5:14b,A,7707,Fix IScsiDxe Cleanup Sequence (Bugzilla Bug 1428),networkpkg,False,1.0,It is a genuine bug report related to an EDK II package.
qwen2.5:14b,A,7706,Need to remove code under SecurityPkg\UserIdentification\ (Bugzilla Bug 1427),securitypkg,False,0.95,"The issue relates to removing code in a specific EDK II package, which is relevant to firmware development."
qwen2.5:14b,A,7705,Add more check for API PeCoffLoaderRelocateImageForRuntime in BasePeCoffLib (Bugzilla Bug 1426),mdepkg,False,1.0,It is a genuine bug report related to EDK II package.
qwen2.5:14b,A,7704,VS2015 IA32 NOOPT build failure in SdMmcPciHcDxe (Bugzilla Bug 1425),mdemodulepkg,False,1.0,It describes a build failure in an EDK II package.
qwen2.5:14b,A,7702,Edk2 Coding style check tool (ECC) report an error in MdeModulePkg\Bus\Pci\NonDiscoverablePciDeviceDxe\NonDiscoverablePciDeviceIo.c (Bugzilla Bug 1422),mdemodulepkg,False,1.0,"The issue relates to EDK II coding style enforcement tools and a specific file, providing relevant details for investigation."
qwen2.5:14b,A,7701,Incorrect warning message for Opal admin revert action when user select to keep user data (Bugzilla Bug 1421),securitypkg,False,1.0,It is a genuine bug report related to EDK II package.
qwen2.5:14b,A,7700,"UDK2018 compile failure after I define ""OPENSSL_CPUID_OBJ"" in CryptoPkg\Library\Include\opensslconf.h. (Bugzilla Bug 1420)",cryptopkg,False,1.0,It describes a build failure related to EDK II CryptoPkg.
qwen2.5:14b,A,9675,Remove Timeout logic in AcquireSpinLock function (Bugzilla Bug 1419),mdepkg,False,1.0,It is a genuine bug report related to EDK II firmware development.
qwen2.5:14b,A,7699,multiple targets no longer get built correctly (Bugzilla Bug 1418),basetools,False,1.0,It is a genuine bug report related to build issues in EDK II basetools.
qwen2.5:14b,A,7698,use abstraction for speculation barriers instead of X86 specific load fence (Bugzilla Bug 1417),mdepkg,False,1.0,It is a genuine bug report related to EDK II firmware development.
qwen2.5:14b,A,7697,UefiDebugLibDebugPortProtocol is not runtime safe (Bugzilla Bug 1416),mdepkg,False,1.0,It describes a genuine bug related to firmware component.
qwen2.5:14b,A,7696,VfrCompile: Integer overflow warning should probably be an error (Bugzilla Bug 1415),basetools,False,1.0,It describes a genuine bug related to build tools with sufficient context.
qwen2.5:14b,A,7694,ConSplitter should not perform TextOut SetMode during device add flow if the required mode is already set (Bugzilla Bug 1412),mdemodulepkg,False,1.0,It describes a specific bug in the ConSplitter package that has been reported and resolved.
qwen2.5:14b,A,7693,CpuFeaturesPei driver boot failure (Bugzilla Bug 1411),ueficpupkg,False,1.0,It is a genuine bug report related to an EDK II package.
qwen2.5:14b,A,7692,BaseTools should not generate C structure array initial value if the value is not specified with CODE style (Bugzilla Bug 1410),basetools,False,1.0,It describes a specific issue with BaseTools that is related to EDK II build infrastructure.
qwen2.5:14b,A,7690,Add report status code calls to failed NVME operations so that the system can process issues (Bugzilla Bug 1408),mdemodulepkg,False,1.0,It is a genuine bug report related to firmware development with NVME operations.
qwen2.5:14b,A,7689,The metadata files are parsed multiple times in a build (Bugzilla Bug 1406),basetools,False,1.0,It describes a genuine bug related to build process efficiency.
qwen2.5:14b,A,7688,[MdeModulePkg] Remove PcdPeiCoreMaxXXX PCDs (Bugzilla Bug 1405),mdemodulepkg,False,1.0,It is a genuine bug report related to EDK II package.
qwen2.5:14b,A,9672,Add Cpu2 protocol to abstract the necessary methods to have a safe idle loop.  Also propose changes to WaitForEvent (Bugzilla Bug 1400),mdemodulepkg,False,1.0,It is a legitimate feature request for EDK II with specific technical details.
qwen2.5:14b,A,7684,An unused function in ShellPkg/UefiShellDebug1CommandsLib (Bugzilla Bug 1399),shellpkg,False,1.0,It describes a genuine bug report about an unused function in EDK II code.
qwen2.5:14b,A,7683,Log Extended data to report status code when a boot option fails (Bugzilla Bug 1398),mdemodulepkg,False,1.0,It is a genuine bug report related to EDK II package.
qwen2.5:14b,A,7680,[PCI] System may get hang when there is no option rom (Bugzilla Bug 1394),mdemodulepkg,False,0.95,"The issue describes a specific problem with system hang when there is no option ROM, which seems to be related to EDK II firmware development."
qwen2.5:14b,A,7679,[OpenSSL] Update version to 1.1.0j (Bugzilla Bug 1393),cryptopkg,False,1.0,It is a genuine update to a package within EDK II.
qwen2.5:14b,A,7678,IntelFsp2Pkg: Create a function to retrieve boot loader stack address (Bugzilla Bug 1391),intelfsp2pkg,False,1.0,It is a genuine bug report related to an EDK II package.
qwen2.5:14b,A,7677,BaseTools C Array doesn't work as the expectation (Bugzilla Bug 1390),basetools,False,1.0,It is a genuine bug report related to BaseTools package.
qwen2.5:14b,A,9670,Many duplicate definitions of default HII_VENDOR_DEVICE_PATH (Bugzilla Bug 1388),intelframeworkmodulepkg,False,1.0,It describes a genuine bug with duplicate definitions in a specific package.
qwen2.5:14b,A,7676,[BaseTool] Build failed when there are DynamicHii structured PCD. (Bugzilla Bug 1387),basetools,False,1.0,It describes a build failure related to EDK II build tools.
qwen2.5:14b,A,7675,[BaseTool] Build failed when there are duplicate structure pcd field value assignment in dsc (Bugzilla Bug 1386),basetools,False,1.0,It describes a build failure related to EDK II build tools.
qwen2.5:14b,A,7674,[BaseTool] PcdNvStoreDefaultValueBuffer Vpd offset is incorrect (Bugzilla Bug 1385),basetools,False,1.0,"It describes a specific issue with the BaseTools package, which is related to EDK II build infrastructure."
qwen2.5:14b,A,9669,TAB_STAR should not be used for mathematical multiply (Bugzilla Bug 1384),basetools,False,1.0,It is a genuine bug report related to EDK II build tools.
qwen2.5:14b,A,7673,Enable parallel compiling in files level inside module internal for Edk2 multi-threaded build (Bugzilla Bug 1383),basetools,False,1.0,It is a genuine bug report related to build infrastructure and multi-threaded builds in EDK II.
qwen2.5:14b,A,9668,Edk2 multi-threaded build cannot compile reasonable number modules in parallel (Bugzilla Bug 1382),basetools,False,1.0,It describes a build issue with EDK II's multi-threaded build system.
qwen2.5:14b,A,7672,IntelFsp2Pkg: Add FspmArchConfigPpi to support Dispatch mode (Bugzilla Bug 1381),intelfsp2pkg,False,1.0,It is a genuine bug report related to an EDK II package.
qwen2.5:14b,A,7671,Double carriage return inserted from Trim.py on Python3 Branch (Bugzilla Bug 1379),basetools,False,1.0,"It describes a specific issue with the Trim.py script in basetools, which is part of EDK II build infrastructure."
qwen2.5:14b,A,7670,Remove unused tool chain configuration in tools_def.template (Bugzilla Bug 1377),basetools,False,1.0,It is a genuine bug report with a reproducible problem and sufficient context.
qwen2.5:14b,A,7669,[PciBus] Certain device Option ROM may not be able to read out (Bugzilla Bug 1376),mdemodulepkg,False,1.0,It is a genuine bug report related to EDK II package.
qwen2.5:14b,A,7668,Simplify CPU feature initialization PCDs (Bugzilla Bug 1375),ueficpupkg,False,1.0,It is a genuine bug report related to EDK II package.
qwen2.5:14b,A,7667,Move MinnowMax and Quark platform to edk2-platforms repo (Bugzilla Bug 1374),quarkplatformpkg,False,1.0,"It is a genuine bug report related to moving specific platform packages, which involves EDK II firmware components."
qwen2.5:14b,A,7666,Replace BSD 2-Clause License with BSD + Patent License with SPDX-License-Identifier (Bugzilla Bug 1373),shellpkg,False,1.0,It is a genuine bug report related to license replacement in an EDK II package.
qwen2.5:14b,A,7665,IsDevicePathValid needs better input parameter checking (Bugzilla Bug 1372),mdepkg,False,1.0,It is a genuine bug report related to input parameter checking in an EDK II package.
qwen2.5:14b,A,9665,DebugLib add feature to dump a block of memory with formatting options (Bugzilla Bug 1371),mdepkg,False,1.0,It is a legitimate feature request for DebugLib with detailed discussion.
qwen2.5:14b,A,7663,Promote CharToUpper and AsciiToUpper to public functions in baselib (Bugzilla Bug 1369),mdepkg,False,1.0,It is a legitimate feature request for EDK II to promote functions in baselib.
qwen2.5:14b,A,7662,spelling error for define in UefiTcgPlatform.h (Bugzilla Bug 1368),mdepkg,False,1.0,It is a genuine bug report about a spelling error in a header file.
qwen2.5:14b,A,7661,BaseTools can't parse the error message from XCODE compiler when enable StrucutrePcd (Bugzilla Bug 1367),basetools,False,0.95,"The issue describes a specific problem with BaseTools parsing error messages from XCODE when enabling StructurePcd, which is related to EDK II build infrastructure."
qwen2.5:14b,A,7660,Remove usage of deprecated macros CPU_FEATURE_BEFORE and CPU_FEATURE_AFTER (Bugzilla Bug 1366),ueficpupkg,False,1.0,It is a genuine bug report related to removing deprecated macros in an EDK II package.
qwen2.5:14b,A,9664,Build Report adds the library constructor order information (Bugzilla Bug 1365),basetools,False,1.0,It is a genuine bug report related to EDK II build tools.
qwen2.5:14b,A,7659,Add Release.txt in Edk2 root directory (Bugzilla Bug 1364),-,False,0.95,The issue appears to be a legitimate bug report related to adding Release.txt in the Edk2 root directory.
qwen2.5:14b,A,7658,PcdVpdBaseAddress64's PROMPT and HELP string are missing in the MdeModulePkg.uni file (Bugzilla Bug 1363),mdemodulepkg,False,1.0,It is a genuine bug report related to EDK II package.
qwen2.5:14b,A,9663,[Patch] BaseTools: Compiler switches selection should not depend on host OS (Bugzilla Bug 1362),basetools,False,1.0,It is a genuine bug report related to EDK II build infrastructure.
qwen2.5:14b,A,7657,The CCFlag generated in PcdValueinit makefile is incorrect (Bugzilla Bug 1361),basetools,False,1.0,"It describes a specific issue with the build tools, which is relevant to EDK II."
qwen2.5:14b,A,9662,TcgSmm and Tcg2Smm assert when AcpiTable protocol doesn't exist (Bugzilla Bug 1360),securitypkg,False,1.0,It describes a genuine bug with specific components and is related to EDK II firmware development.
qwen2.5:14b,A,7655,Invalid line ending are detected in IntelFsp2WrapperPkg (Bugzilla Bug 1358),intelfsp2wrapperpkg,False,1.0,"The issue describes a detected problem with line endings in an EDK II package, which is relevant to the project."
qwen2.5:14b,A,7654,MdeModulePkg: Support Dynamic 64bit PcdVpdBaseAddress (Bugzilla Bug 1356),mdemodulepkg,False,1.0,It is a genuine bug report related to EDK II firmware development.
qwen2.5:14b,A,7653,OvmfPkg with XCODE5 tool chain can't boot to shell (Bugzilla Bug 1355),ovmfpkg,False,1.0,It is a genuine bug report related to EDK II package OvmfPkg with specific toolchain issues.
qwen2.5:14b,A,7652,Remove IntelFrameworkModulePkg/Universal/Acpi/AcpiS3SaveDxe (Bugzilla Bug 1354),intelframeworkmodulepkg,False,1.0,"The issue is related to an EDK II package and involves a specific module, indicating it's a valid firmware development topic."
qwen2.5:14b,A,7651,IntelFsp2WrapperPkg: Fix line ending format issue (Bugzilla Bug 1352),intelfsp2wrapperpkg,False,1.0,It is a genuine bug report related to EDK II package.
qwen2.5:14b,A,7650,IntelFsp2WrapperPkg: Fix constant 'if' statements issue (Bugzilla Bug 1351),intelfsp2wrapperpkg,False,1.0,It is a genuine bug report related to an EDK II package.
qwen2.5:14b,A,9661,Remove unused tool logic in BaseTools\C\Python (Bugzilla Bug 1350),basetools,False,1.0,The issue is a genuine bug report related to removing unused logic in EDK II build tools.
qwen2.5:14b,A,7649,Remove IPF specific BaseTools\Source\C\GenVtf (Bugzilla Bug 1349),basetools,False,1.0,It is a genuine bug report related to EDK II build infrastructure.
qwen2.5:14b,A,7648,Remove IntelFrameworkModulePkg/Universal/Acpi/AcpiSupportDxe (Bugzilla Bug 1348),intelframeworkmodulepkg,False,1.0,It is a genuine bug report related to an EDK II package.
qwen2.5:14b,A,7647,Remove IntelFrameworkModulePkg\Universal\(SectionExtractionDxe|FirmwareVolume\UpdateDriverDxe) (Bugzilla Bug 1347),intelframeworkmodulepkg,False,1.0,"The issue is related to removing specific modules in an EDK II package, which is relevant to firmware development."
qwen2.5:14b,A,7646,Remove IntelFrameworkModulePkg/Universal/FirmwareVolume/UpdateDriverDxe (Bugzilla Bug 1346),intelframeworkmodulepkg,False,1.0,It is a genuine bug report related to an EDK II package.
qwen2.5:14b,A,7645,Remove IntelFrameworkModulePkg/Universal/LegacyRegionDxe (Bugzilla Bug 1345),intelframeworkmodulepkg,False,1.0,It is a genuine bug report related to an EDK II package.
qwen2.5:14b,A,7644,Remove IntelFrameworkModulePkg/Universal/CpuIoDxe (Bugzilla Bug 1344),intelframeworkmodulepkg,False,1.0,It is a genuine bug report related to an EDK II package.
qwen2.5:14b,A,7642,Remove IntelFrameworkModulePkg/Library/DxeCapsuleLib (Bugzilla Bug 1342),intelframeworkmodulepkg,False,1.0,It is a genuine bug report related to an EDK II package.
qwen2.5:14b,A,7641,[UfsPassThruDxe] Buffer for REQUEST SENSE command needs to be roundup from 18-bytes to 20-bytes (Bugzilla Bug 1341),mdemodulepkg,False,1.0,It is a genuine bug report related to EDK II firmware development.
qwen2.5:14b,A,7640,Remove IntelFrameworkModulePkg/Library/LzmaCustomDecompressLib (Bugzilla Bug 1340),intelframeworkmodulepkg,False,1.0,It is a genuine bug report related to an EDK II package.
qwen2.5:14b,A,7639,Remove IntelFrameworkModulePkg/Pci/IdeBusDxe (Bugzilla Bug 1339),intelframeworkmodulepkg,False,1.0,It is a genuine bug report related to removing a specific package in EDK II.
qwen2.5:14b,A,7638,Update CPUID definition to follow latest SDM (Bugzilla Bug 1338),ueficpupkg,False,1.0,It is a genuine bug report related to updating CPUID definition in the UEFI CPU package.
qwen2.5:14b,A,7637,[MdePkg]Check input Ptrs in GetSectionFromAnyFvByFileType (Bugzilla Bug 1337),mdepkg,False,1.0,It is a genuine bug report related to EDK II firmware development.
qwen2.5:14b,A,7636,[MdePkg]Check Length parameter before using in DevPathToTextUsbWWID (Bugzilla Bug 1336),mdepkg,False,1.0,It is a genuine bug report related to EDK II firmware development.
qwen2.5:14b,A,9660,Non-stop mode of heap guard doesn't work as expected if source level debug is also enabled (Bugzilla Bug 1333),ueficpupkg,False,1.0,"It describes a specific issue with heap guard in non-stop mode and source level debug, which is related to EDK II firmware development."
qwen2.5:14b,A,9659,Default value of PcdCpuKnownGoodStackSize is not big enough for debug agent (Bugzilla Bug 1332),ueficpupkg,False,1.0,It is a genuine bug report related to EDK II firmware component.
qwen2.5:14b,A,9658,TR register might have invalid descriptor after GDT table is updated (Bugzilla Bug 1331),ueficpupkg,False,1.0,It describes a potential bug in the firmware component related to GDT table updates.
qwen2.5:14b,A,7635,PcdDynamic gets an invalid token (Bugzilla Bug 1330),basetools,False,1.0,It is a genuine bug report related to EDK II build tools.
qwen2.5:14b,A,9657,Improve performance of UEFI Decompression code (Bugzilla Bug 1329),basetools,False,1.0,It is a legitimate feature request to improve performance of UEFI Decompression code.
qwen2.5:14b,A,9656,BaseTools redundant check in BuildOptionPcd (Bugzilla Bug 1328),basetools,False,1.0,It describes a specific issue in BaseTools with enough context to be investigated.
qwen2.5:14b,A,9655,BaseTools gFdfParser redundant assignment (Bugzilla Bug 1327),basetools,False,1.0,It describes a genuine bug in BaseTools with enough context to be investigated.
qwen2.5:14b,A,7634,Memory between 1MB and 4GB disappears (Bugzilla Bug 1326),duetpkg,False,0.95,The issue describes a memory-related problem which is likely related to EDK II firmware behavior.
qwen2.5:14b,A,7633,Build fails if file extension exist in path before the end (Bugzilla Bug 1325),basetools,False,1.0,It describes a build failure which is relevant to EDK II firmware development.
qwen2.5:14b,A,7632,tftp download using 65464 block size doesn't always succeed (Bugzilla Bug 1324),networkpkg,False,1.0,It is a genuine bug report related to EDK II package.
qwen2.5:14b,A,7631,[Variable]Merge EmuVariable and Real variable driver (Bugzilla Bug 1323),mdemodulepkg,False,0.95,The issue appears to be a genuine bug report related to merging variable drivers in the EDK II project.
qwen2.5:14b,A,7630,Remove DuetPkg (Bugzilla Bug 1322),duetpkg,False,0.95,"The issue is related to removing a specific package in EDK II and has been resolved, indicating it was a valid project management decision."
qwen2.5:14b,A,9654,Remove SecurityPkg\TpmCommonLib (Bugzilla Bug 1321),securitypkg,False,0.95,The issue appears to be a genuine bug report related to removing a specific library in the SecurityPkg.
qwen2.5:14b,A,7629,revert OvmfPkg patches unjustifiedly pushed past the edk2-201811 Soft Feature Freeze (Bugzilla Bug 1319),ovmfpkg,False,1.0,"The issue relates to reverting patches in a specific EDK II package, which is relevant to firmware development."
qwen2.5:14b,A,7628,Remove ReportStatusCode libraries/modules and DataHub in IntelFrameworkModulePkg (Bugzilla Bug 1318),intelframeworkmodulepkg,False,1.0,It is a genuine bug report related to removing specific libraries/modules in an EDK II package.
qwen2.5:14b,A,7627,TianoCompress doesn't decompress some image (Bugzilla Bug 1317),basetools,False,1.0,It is a genuine bug report related to TianoCompress in the basetools package.
qwen2.5:14b,A,7626,Remove VgaMiniPortDxe and VgaClassDxe in IntelFrameworkModulePkg (Bugzilla Bug 1316),intelframeworkmodulepkg,False,1.0,It is a genuine bug report related to removing specific modules in an EDK II package.
qwen2.5:14b,A,7625,Remove IntelFrameworkModulePkg\Bus\Isa\* (Bugzilla Bug 1315),intelframeworkmodulepkg,False,1.0,It is a genuine bug report related to removing specific files in an EDK II package.
qwen2.5:14b,A,7624,Remove IntelFrameworkModulePkg/Bds (Bugzilla Bug 1314),intelframeworkmodulepkg,False,0.95,"The issue is related to an EDK II package and involves a specific action (removing Bds), which suggests it's a genuine bug report or feature request."
qwen2.5:14b,A,9653,Combine the set register table code in RegisterCpuFeaturesLib and PiSmmCpuDxeSmm driver (Bugzilla Bug 1313),ueficpupkg,False,1.0,It is a genuine bug report related to EDK II firmware development.
qwen2.5:14b,A,7623,incorrect check for DisplayOnly text format in when convert device path to text for AcpiEx (Bugzilla Bug 1312),mdepkg,False,1.0,"It describes a specific bug in the code related to device path conversion, which is relevant to EDK II firmware development."
qwen2.5:14b,A,7622,Mixed scope specifiers cause incorrect feature sorting result at PACKAGE/CORE level. (Bugzilla Bug 1311),ueficpupkg,False,1.0,It describes a specific bug related to feature sorting in an EDK II package.
qwen2.5:14b,A,7621,[Shell] 1 possible null ptr deference issue in UefiShellLib (Bugzilla Bug 1310),shellpkg,False,1.0,It describes a potential null pointer dereference issue which is a genuine security concern.
qwen2.5:14b,A,7620,TransferBuffer bug 1142 in NvmExpressPassthru.c may be a security concern. (Bugzilla Bug 1309),mdemodulepkg,False,1.0,"The issue describes a potential security concern in the code, which is relevant to EDK II firmware development."
qwen2.5:14b,A,7618,[CpuSmm] Allow access-out when static paging is disabled. (Bugzilla Bug 1307),ueficpupkg,False,1.0,It describes a specific firmware-related issue and is marked as a bug.
qwen2.5:14b,A,7617,Remove useless NULL pointer check in MdeModulePkg\Universal\DisplayEngine (Bugzilla Bug 1306),mdemodulepkg,False,1.0,It is a genuine bug report related to EDK II code improvement.
qwen2.5:14b,A,7616,"Disabling ""Lock Feature Control Register""  in HII has no effect after reset. (Bugzilla Bug 1305)",ueficpupkg,False,1.0,It is a genuine bug report related to EDK II firmware functionality.
qwen2.5:14b,A,7615,Remove PcdIdentifyMappingPageTablePtr in MdeModulePkg (Bugzilla Bug 1304),mdemodulepkg,False,1.0,It is a genuine bug report related to an EDK II package.
qwen2.5:14b,A,7614,XCODE Ovmf Boot to shell fail (Bugzilla Bug 1303),mdepkg,False,1.0,The issue is related to EDK II build or runtime behavior.
qwen2.5:14b,A,7612,BaseTools: Enable Hash build by default (Bugzilla Bug 1301),basetools,False,1.0,It is a genuine issue related to EDK II build infrastructure.
qwen2.5:14b,A,7611,IntelFsp2WrapperPkg: Support FSP Dispatch mode (Bugzilla Bug 1300),intelfsp2wrapperpkg,False,1.0,It is a genuine bug report related to an EDK II package.
qwen2.5:14b,A,7610,Remove S3Lib and RecoveryLib (Bugzilla Bug 1299),intelframeworkmodulepkg,False,1.0,It is a genuine bug report related to removing specific libraries in an EDK II package.
qwen2.5:14b,A,7609,PcdShellFile reference can be removed from platform DSC file (Bugzilla Bug 1298),emulatorpkg,False,1.0,It is a genuine bug report related to EDK II package.
qwen2.5:14b,A,7608,BaseTools ConvertFceToStructurePcd script should report the warning message when the found file is not .h (Bugzilla Bug 1297),basetools,False,1.0,"It describes a specific issue with the ConvertFceToStructurePcd script in BaseTools, which is related to EDK II build infrastructure."
qwen2.5:14b,A,7607,Unable to launch EmulatorPkg under X64 windows environment (Bugzilla Bug 1296),emulatorpkg,False,0.95,"The issue is related to an EDK II package and describes a problem with launching EmulatorPkg, which suggests it's a genuine bug report."
qwen2.5:14b,A,7606,Guard page setup before cpu driver loaded keep ineffective afterwards (Bugzilla Bug 1295),mdemodulepkg,False,0.95,"The issue appears to describe a specific problem with the guard page setup in relation to the CPU driver, which is relevant to EDK II firmware development."
qwen2.5:14b,A,7605,ARM_GICD_IROUTER icorrect writes for SPIs on GICv3 (Bugzilla Bug 1294),armpkg,False,1.0,It is a genuine bug report related to an EDK II package.
qwen2.5:14b,A,7604,Move network related components from MdeModulePkg to NetworkPkg (Bugzilla Bug 1293),mdemodulepkg,False,0.95,The issue is related to EDK II package restructuring and involves a specific bug report.
qwen2.5:14b,A,7602,Remove UnixPkg from edk2/master (Bugzilla Bug 1291),unixpkg,False,1.0,"The issue is related to an EDK II package and describes a specific action (removing UnixPkg) with a reference to Bugzilla, indicating it's a genuine bug report or feature request."
qwen2.5:14b,A,7601,[TlsDxe] Failed to process multiple TLS records. (Bugzilla Bug 1290),networkpkg,False,1.0,It is a genuine bug report related to EDK II firmware component.
qwen2.5:14b,A,7600,[BaseTool] Suggestions for improving building performance (Bugzilla Bug 1288),basetools,False,0.95,"The issue is related to EDK II build infrastructure and suggests improvements, which is relevant for the project."
qwen2.5:14b,A,7599,"doesn't like L""\\"" in dec file (Bugzilla Bug 1287)",basetools,False,1.0,It describes a specific issue with the build tools related to EDK II.
qwen2.5:14b,A,7598,Potential NULL pointer access issue in Gcd.c (Bugzilla Bug 1286),mdemodulepkg,False,1.0,"The issue describes a potential NULL pointer access in source code, which is relevant to EDK II firmware development."
qwen2.5:14b,A,7597,VS2015 IA32 NOOPT build failure in UefiCpuPkg. (Bugzilla Bug 1285),ueficpupkg,False,1.0,It describes a build failure in an EDK II package.
qwen2.5:14b,A,7596,1 coding style issue in MdeModulePkg\Core\Dxe\Mem\HeapGuard.c (Bugzilla Bug 1284),mdemodulepkg,False,1.0,It relates to EDK II coding style enforcement tools.
qwen2.5:14b,A,7595,GCC build failure in UefiCpuPkg\Library\RegisterCpuFeaturesLib (Bugzilla Bug 1283),ueficpupkg,False,1.0,It describes a build failure in an EDK II package.
qwen2.5:14b,A,7594,System might hang at SMM AP if SMM heap guard is enabled (Bugzilla Bug 1281),ueficpupkg,False,1.0,It describes a genuine bug related to EDK II firmware functionality.
qwen2.5:14b,A,7593,IntelFsp2Pkg: Fixed potentially NULL pointer accessing (Bugzilla Bug 1280),intelfsp2pkg,False,1.0,It is a genuine bug report related to EDK II package.
qwen2.5:14b,A,7592,[UdfDxe] Additional checks are needed for ResolveSymlink() (Bugzilla Bug 1279),mdemodulepkg,False,1.0,It is a genuine bug report related to EDK II firmware development.
qwen2.5:14b,A,7591,Delete IPv4 only TCP/iSCSI/PXE drivers in MdeModulePkg (Bugzilla Bug 1278),networkpkg,False,1.0,"The issue is related to deleting IPv4-only drivers in a specific EDK II package, which is relevant to firmware development."
qwen2.5:14b,A,7590,IA32 build failure in DxeCore/HeapGuard.c (Bugzilla Bug 1277),mdemodulepkg,False,1.0,It describes a build failure which is relevant to EDK II firmware development.
qwen2.5:14b,A,7589,IntelFsp2Pkg GCC49/XCODE build failure (Bugzilla Bug 1276),intelfsp2pkg,False,1.0,It describes a specific build failure for an EDK II package.
qwen2.5:14b,A,7588,CryptoPkg/RuntimeCryptLib: Potential integer overflow issue in RuntimeMemAllocation implementation (Bugzilla Bug 1275),cryptopkg,False,1.0,It describes a potential security vulnerability in the RuntimeCryptLib which is related to EDK II firmware development.
qwen2.5:14b,A,7587,XhciDxe/EhciDxe: remove unnecessary Map/Unmap for AsyncInterruptTransfer (Bugzilla Bug 1274),mdemodulepkg,False,1.0,It is a genuine bug report related to EDK II firmware development.
qwen2.5:14b,A,7586,VTdDxe: Report status code for VTd error (Bugzilla Bug 1273),intelsiliconpkg,False,1.0,It is a genuine bug report related to EDK II firmware development.
qwen2.5:14b,A,7585,VTdDxe: Add option to force no early IOMMU access attribute request (Bugzilla Bug 1272),intelsiliconpkg,False,1.0,It is a genuine bug report related to an EDK II package.
qwen2.5:14b,A,7584,Improve the CPU MP MSR programming performance (Bugzilla Bug 1271),ueficpupkg,False,1.0,It is a genuine bug report related to improving CPU MP MSR programming performance in the ueficpu package.
qwen2.5:14b,A,7583,[USB] Fails to write file on USB key always (Bugzilla Bug 1270),mdemodulepkg,False,1.0,"It describes a specific bug related to USB file writing, which is relevant to EDK II firmware development."
qwen2.5:14b,A,9652,"Running EFI Shell script file which has CLS command in it creates overlap of output messages problem, if we press Page Up button after the execution of script (Bugzilla Bug 1269)",shellbinpkg,False,1.0,It describes a reproducible problem with EFI Shell script execution.
qwen2.5:14b,A,9651,[SmmIpl] doesn't need to reset SMRAM to UC (Bugzilla Bug 1268),mdemodulepkg,False,1.0,It is a genuine bug report related to EDK II firmware functionality.
qwen2.5:14b,A,7582,Xhci: Handle value 5 in Port Speed field of PORTSC (Bugzilla Bug 1267),mdemodulepkg,False,1.0,It is a genuine bug report related to the XHCI driver in EDK II.
qwen2.5:14b,A,7581,Check Table against NULL in ScanTableInSDT (Bugzilla Bug 1266),mdepkg,False,1.0,It is a genuine bug report related to EDK II firmware development.
qwen2.5:14b,A,7580,IntelFsp2Pkg: FSP should not override IDT (Bugzilla Bug 1265),intelfsp2pkg,False,1.0,It is a genuine bug report related to EDK II package.
qwen2.5:14b,A,7579,BaseTools: use Dynamic Structure Pcd in the FDF file cause crash issue (Bugzilla Bug 1264),basetools,False,1.0,"It describes a specific build or runtime issue with BaseTools, which is related to EDK II build infrastructure."
qwen2.5:14b,A,9650,DxeCapsuleLibFmp/DxeRuntimeCapsuleLib is not runtime safe (Bugzilla Bug 1263),mdemodulepkg,False,1.0,It describes a genuine bug related to runtime safety in an EDK II package.
qwen2.5:14b,A,7578,AsciiStrToUnicodeStr/AsciiStrToUnicodeStrS convert EASCII to Unicode incorrectly (Bugzilla Bug 1262),mdepkg,False,1.0,It is a genuine bug report related to EDK II package functionality.
qwen2.5:14b,A,9649,MigratePeiServicesTablePointer() allocates IDT on 4-byte aligned address (Bugzilla Bug 1261),mdepkg,False,1.0,It is a genuine bug report related to EDK II firmware development.
qwen2.5:14b,A,7577,[NvmExpressDxe] There is an assumption for NvmExpressPassThru() on Create I/O Completion/Submission Queue commands (Bugzilla Bug 1260),mdemodulepkg,False,1.0,It is a genuine bug report related to an EDK II package.
qwen2.5:14b,A,7576,[NvmExpressDxe] NvmExpressPassThru() needs to always copy the content of completion queue entry to the PassThru packect (Bugzilla Bug 1259),mdemodulepkg,False,1.0,It is a genuine bug report related to EDK II firmware development.
qwen2.5:14b,A,9648,[iSCSI] Processor got divide by zero exception in ScsiDisk driver (Bugzilla Bug 1258),mdemodulepkg,False,1.0,It describes a genuine bug with specific symptoms in an EDK II package.
qwen2.5:14b,A,7575,Remove the step to freeze python tool as windows exe (Bugzilla Bug 1257),basetools,False,0.95,The issue relates to EDK II build infrastructure and describes a specific step in the build process that needs modification.
qwen2.5:14b,A,7574,"BaseTools: use Pcd in the expression, with --pcd option it report build failure (Bugzilla Bug 1256)",basetools,False,1.0,"It describes a specific build issue with BaseTools, which is related to EDK II build infrastructure."
qwen2.5:14b,A,7573,[UdfDxe] Possible memory use-after-free in function ReadFile() (Bugzilla Bug 1255),mdemodulepkg,False,1.0,It describes a potential memory use-after-free issue which is a genuine security vulnerability.
qwen2.5:14b,A,7572,[UdfDxe] Additional check is needed within GetPdFromLongAd() (Bugzilla Bug 1254),mdemodulepkg,False,1.0,It is a genuine bug report related to EDK II firmware development.
qwen2.5:14b,A,7571,[UdfDxe] Typo in SetFileInfo() (Bugzilla Bug 1253),intelfsppkg,False,1.0,It is a genuine bug report related to EDK II firmware development.
qwen2.5:14b,A,7570,[UdfDxe] UdfSetPosition() behaviour is incorrect when handling 'Position' equals to 0xFFFFFFFFFFFFFFFF (Bugzilla Bug 1252),mdepkg,False,1.0,It is a genuine bug report related to EDK II firmware functionality.
qwen2.5:14b,A,7569,[IpSecDxe] Failed to create the Child SA during parsing SA Payload. (Bugzilla Bug 1251),networkpkg,False,1.0,It is a genuine bug report related to the IpSecDxe package in EDK II.
qwen2.5:14b,A,7568,Need to validate the data from HW device (Bugzilla Bug 1250),mdemodulepkg,False,1.0,The issue is related to validating data from a hardware device and involves an EDK II package.
qwen2.5:14b,A,7567,[UdfDxe] Need to refine dead codes in module MdeModulePkg\Universal\Disk\UdfDxe (Bugzilla Bug 1249),mdemodulepkg,False,0.95,The issue appears to be a genuine request for code refinement in an EDK II module.
qwen2.5:14b,A,7566,[UdfDxe] Use error handling logic instead of asserts for error status/values are returned (Bugzilla Bug 1248),mdemodulepkg,False,1.0,It is a genuine bug report related to EDK II firmware development.
qwen2.5:14b,A,7565,[UdfDxe] Use error handling logic instead of asserts for memory allocation failure (Bugzilla Bug 1247),mdemodulepkg,False,1.0,It is a genuine bug report related to EDK II firmware development.
qwen2.5:14b,A,9647,[UefiSpec.h] Removable media UEFI Image file name definition for x64 is incorrect in case-sensitive manner (Bugzilla Bug 1246),mdepkg,False,1.0,"It describes a specific issue with UEFI specification compliance for x64 architecture, which is relevant to EDK II firmware development."
qwen2.5:14b,A,7564,ASSERT PcdSetNvStoreDefaultId set in PcdDxe (Bugzilla Bug 1245),mdemodulepkg,False,1.0,It is a genuine bug report related to EDK II firmware development.
qwen2.5:14b,A,7563,BaseTools: Missing the .depex file info in increment build generate Asbuilt inf file. (Bugzilla Bug 1244),basetools,False,1.0,It is a genuine bug report related to BaseTools package.
qwen2.5:14b,A,7562,UefiDevicePathLib miss to the cases that some optional parameter is not specified for Sata/Usbxx/AcpiExp device path (Bugzilla Bug 1243),mdepkg,False,0.95,"The issue describes a specific missing case in UefiDevicePathLib, which is related to EDK II firmware development."
qwen2.5:14b,A,9646,CpuExceptionHandlerLib hides frame that took interrupt/exception from stack backtrace. (Bugzilla Bug 1242),ueficpupkg,False,1.0,It is a genuine bug report related to EDK II firmware component.
qwen2.5:14b,A,7561,IntelFsp2Pkg: Support FSP Dispatch mode (Bugzilla Bug 1241),intelfsp2pkg,False,1.0,It is a genuine bug report related to an EDK II package.
qwen2.5:14b,A,9644,There're chances that PEI stack guard will be compromised during S3 resume (Bugzilla Bug 1238),ueficpupkg,False,1.0,It describes a potential security vulnerability in the PEI stack guard during S3 resume.
qwen2.5:14b,A,7559,Occasional #GP occurred if PEI stack guard is enbabled (Bugzilla Bug 1237),ueficpupkg,False,1.0,It describes a genuine bug report with a reproducible problem.
qwen2.5:14b,A,7558,[dmem]should not by default dump 512 bytes starting from SystemTable (gST) (Bugzilla Bug 1236),shellpkg,False,1.0,It is a genuine bug report related to EDK II firmware development.
qwen2.5:14b,A,7557,The update operation of HiiDatabase should be atomic (Bugzilla Bug 1235),mdemodulepkg,False,1.0,It is a genuine bug report related to EDK II package.
qwen2.5:14b,A,7556,LzmaEnc.c fails to compile (Bugzilla Bug 1234),basetools,False,0.95,"The issue describes a compilation failure in the basetools package, which is relevant to EDK II build infrastructure."
qwen2.5:14b,A,7555,[SdMmcPciHcDxe] Allow host controllers with spec. version higher than 3.0 recognizable by the driver (Bugzilla Bug 1233),mdemodulepkg,False,1.0,It is a genuine bug report related to firmware development.
qwen2.5:14b,A,7554,System S3 resume hang if system enable stack guard feature in PEI phase. (Bugzilla Bug 1232),ueficpupkg,False,1.0,It is a genuine bug report related to EDK II firmware functionality.
qwen2.5:14b,A,7553,GenCfgOpt.py: support PCD input by command line (Bugzilla Bug 1231),intelfsp2pkg,False,1.0,It is a genuine bug report related to EDK II build infrastructure.
qwen2.5:14b,A,7552,Correct comments to align with the input parameter. (Bugzilla Bug 1230),shellpkg,False,1.0,It is a genuine bug report related to EDK II package.
qwen2.5:14b,A,7551,Use VENDOR_DEVICE_PATH structure for Debug Port device path (Bugzilla Bug 1229),mdepkg,False,1.0,It is a genuine bug report related to firmware development.
qwen2.5:14b,A,7550,Current code miss to display PciRoot/PcieRoot text for ACPI Expanded Device Path (Bugzilla Bug 1228),mdepkg,False,1.0,It describes a specific bug related to EDK II firmware code.
qwen2.5:14b,A,7549,Correct the string order of ACPI Expanded Device Path (Bugzilla Bug 1227),mdepkg,False,1.0,It is a genuine bug report related to EDK II firmware development.
qwen2.5:14b,A,7548,The check for using AcpiExp text format for ACPI Expanded Device Path doesn't follow UEFI Spec (Bugzilla Bug 1226),mdepkg,False,1.0,It is a genuine bug report related to EDK II package and UEFI specification compliance.
qwen2.5:14b,A,7547,Convert UTF8 vendor device path to text incorrectly (Bugzilla Bug 1225),mdepkg,False,1.0,It is a genuine bug report related to EDK II firmware component.
qwen2.5:14b,A,7546,Covert IFR binary to EFI_IFR_CHECKBOX structure incorrectly in HiiDatabase (Bugzilla Bug 1224),mdemodulepkg,False,1.0,It is a genuine bug report related to EDK II package.
qwen2.5:14b,A,9643,PcdShellSupportOldProtocols doesn't seem to be working (Bugzilla Bug 1223),shellpkg,False,0.95,"The issue describes a problem with a specific PCD in the shell package, which is related to EDK II firmware development."
qwen2.5:14b,A,7545,TianoCore Bugzilla instance: make the home page title more specific (Bugzilla Bug 1222),-,True,0.95,"The issue is about improving the Bugzilla instance's home page title, which is not related to firmware development or EDK II functionality."
qwen2.5:14b,A,7544,ShellOpenFileByName declared in ShellLib has wrong parameter name FilePath (Bugzilla Bug 1221),shellpkg,False,1.0,It is a genuine bug report with enough information to reproduce and investigate.
qwen2.5:14b,A,7543,Pkcs7GetCertificatesList in BaseCryptLib will cause NULL pointer dereference implicitly. (Bugzilla Bug 1220),cryptopkg,False,1.0,It describes a genuine bug with enough details to be reproducible.
qwen2.5:14b,A,7542,Tool build fail with vs2015 win7 64bit (Bugzilla Bug 1219),basetools,False,1.0,It describes a build failure related to EDK II build tools.
qwen2.5:14b,A,7541,GCC48/GCC49 build failure in mdemodulepkg\universal\regularexpressiondxe (Bugzilla Bug 1218),mdemodulepkg,False,1.0,"It describes a build failure related to EDK II, which is relevant and actionable."
qwen2.5:14b,A,7540,Potentially uninitialized local variable 'Mtftp4Token' used in TFTP shell command. (Bugzilla Bug 1217),shellpkg,False,1.0,It describes a potential uninitialized variable issue which is a genuine bug report.
qwen2.5:14b,A,7539,iSCSI device node present LUN is incorrect (Bugzilla Bug 1216),mdepkg,False,0.95,It appears to be a genuine bug report related to an iSCSI device node issue in the mdepkg package.
qwen2.5:14b,A,7538,IA32 build of Nt32Pkg boot failure (Bugzilla Bug 1215),emulatorpkg,False,1.0,It is a genuine bug report related to an IA32 build failure in Nt32Pkg.
qwen2.5:14b,A,7537,Comment typo 'end' should be 'start' in GetStartPointer (Bugzilla Bug 1214),mdemodulepkg,False,0.95,It is a genuine bug report with comments and a specific typo fix.
qwen2.5:14b,A,7536,Support MSR definitions include in SDM 2018-05 version (Bugzilla Bug 1213),ueficpupkg,False,1.0,It is a genuine bug report related to EDK II package.
qwen2.5:14b,A,7535,GenCfgOpt.py: remove tailing space from output file (Bugzilla Bug 1212),intelfsp2pkg,False,1.0,It is a genuine bug report related to EDK II build infrastructure.
qwen2.5:14b,A,7534,GenCfgOpt.py: Support UPD offset auto assignment (Bugzilla Bug 1211),intelfsp2pkg,False,1.0,It is a genuine bug report related to EDK II build infrastructure.
qwen2.5:14b,A,7533,GenCfgOpt.py: support FixedAtBuild PCD (Bugzilla Bug 1210),intelfsp2pkg,False,1.0,It is a genuine bug report related to EDK II build tools.
qwen2.5:14b,A,7532,VS2012 build failure in mdemodulepkg\universal\regularexpressiondxe\oniguruma\regparse.c (Bugzilla Bug 1209),mdemodulepkg,False,1.0,It describes a build failure in an EDK II package.
qwen2.5:14b,A,7531,"fix the operand list bugs in ""BaseSynchronizationLib/*/GccInline.c"" (Bugzilla Bug 1208)",mdepkg,False,1.0,It is a genuine bug report with a clear title and package reference.
qwen2.5:14b,A,7530,commit 17634d026f96 regressed the GCC variant of InternalSyncIncrement() / InternalSyncDecrement() (Bugzilla Bug 1207),mdepkg,False,1.0,"It describes a specific regression in the GCC variant of a function, which is related to EDK II firmware development."
qwen2.5:14b,A,7529,MdeModulePkg: XhciDxe: Exceptions occurring after executing XhcSetHsee function (Bugzilla Bug 1206),mdemodulepkg,False,1.0,It is a genuine bug report related to EDK II firmware development.
qwen2.5:14b,A,7528,Add the usage/difference clarification in INF file against the overlapped network drivers (TCP/ISCSI/PXE) (Bugzilla Bug 1205),mdemodulepkg,False,1.0,It is a genuine bug report related to clarifying usage and differences in INF files for network drivers.
qwen2.5:14b,A,7527,HTTPBoot might cause memory access overflow in AsciiStrStr (Bugzilla Bug 1204),networkpkg,False,1.0,"It describes a potential memory access overflow in the HTTPBoot package, which is a genuine bug report."
qwen2.5:14b,A,7526,A GUID required is missing in SecCore INF (Bugzilla Bug 1203),ueficpupkg,False,1.0,"It describes a specific issue with a missing GUID in an INF file, which is related to EDK II firmware development."
qwen2.5:14b,A,9642,BaseTools: Enable LTO option in XCODE5 tool chain (Bugzilla Bug 1202),basetools,False,1.0,It is a genuine bug report related to EDK II build infrastructure.
qwen2.5:14b,A,7525,Update Brotli to the latest version 1.0.5 (Bugzilla Bug 1201),mdemodulepkg,True,0.9,"The issue is about updating Brotli, which seems unrelated to EDK II firmware development."
qwen2.5:14b,A,7524,RegularExpressionDxe: Update Oniguruma to 6.9.0 (Bugzilla Bug 1200),mdemodulepkg,False,1.0,"It is a genuine update request for a package, likely addressing a specific issue."
qwen2.5:14b,A,9641,Font of EFI Text services (SIMPLE_TEXT_OUTPUT_INTERFACE) is tiny on hidpi screens (Bugzilla Bug 1199),mdemodulepkg,False,0.95,"The issue describes a specific problem with text output on high DPI screens, which is related to EDK II firmware functionality."
qwen2.5:14b,A,7523,Interlocked[De|In]crement return value is not MP safe (Bugzilla Bug 1197),mdepkg,False,1.0,It describes a genuine bug related to EDK II firmware development.
qwen2.5:14b,A,7522,[PciHostBridgeDxe] forbids to access PMEM MMIO sometimes (Bugzilla Bug 1196),mdemodulepkg,False,1.0,It is a genuine bug report related to EDK II firmware component.
qwen2.5:14b,A,7521,Insert LoadFence() for suspicious 'Bounds Check Bypass' issues within SMI handlers (Bugzilla Bug 1194),mdemodulepkg,False,1.0,It is a genuine bug report related to EDK II package and SMI handlers.
qwen2.5:14b,A,7520,[MdePkg-BaseLib] Add a new LoadFence() API to implement LFENCE functionality (Bugzilla Bug 1193),mdepkg,False,1.0,It is a genuine bug report related to adding an API in EDK II.
qwen2.5:14b,A,9640,IntelUndiPkg in edk2-staging does not use the PCI I/O protocols for DMA correctly (Bugzilla Bug 1192),-,False,1.0,It is a genuine bug report related to EDK II firmware development.
qwen2.5:14b,A,7519,PiSmmCpuDxe issue on SmiHandler execution (Bugzilla Bug 1191),ueficpupkg,False,1.0,It is a genuine bug report related to an EDK II package.
qwen2.5:14b,A,7518,Request to remove IntelFrameworkPkg\Library (Bugzilla Bug 1190),intelframeworkpkg,False,1.0,It is a legitimate feature request or bug report related to an EDK II package.
qwen2.5:14b,A,7517,Add missing lib and GUID reference in FrameworkUefiLib.inf (Bugzilla Bug 1189),intelframeworkpkg,False,1.0,It is a genuine bug report with a clear description and resolution.
qwen2.5:14b,A,7516,MTRR Lib change causes error in Windows event log *Compat bug (Bugzilla Bug 1187),ueficpupkg,False,0.95,"The issue describes a compatibility bug related to MTRR Lib change, which is relevant to EDK II firmware development."
qwen2.5:14b,A,7515,[CpuMpPei] Some static code checkers complain address of a local variable being returned function GetStackBase() (Bugzilla Bug 1186),ueficpupkg,False,1.0,It describes a genuine issue with static code checkers and is related to EDK II firmware development.
qwen2.5:14b,A,7514,SdMmcPciHcDxe: Timeout in SdMmcHcReset (Bugzilla Bug 1185),mdemodulepkg,False,1.0,It is a genuine bug report related to an EDK II package.
qwen2.5:14b,A,7513,An unused header file is linked in PciSegmentLib.h (Bugzilla Bug 1184),mdepkg,False,1.0,It describes a genuine bug related to an EDK II package.
qwen2.5:14b,A,7512,An unused header file is linked in PciLib.c (Bugzilla Bug 1183),mdepkg,False,1.0,It describes a genuine bug related to EDK II build artifacts.
qwen2.5:14b,A,7511,SdMmcPciHcDxe: SdMmcHcCardDetect called for all types of slots during init (Bugzilla Bug 1182),mdemodulepkg,False,1.0,It is a genuine bug report related to EDK II firmware component.
qwen2.5:14b,A,7510,BaseTools needs to check whether FV image is valid (Bugzilla Bug 1181),basetools,False,1.0,It describes a specific issue in BaseTools related to FV image validation.
qwen2.5:14b,A,7509,There are trailing white spaces issues in MdeModulePkg\Universal\Network\Ip4Dxe\Ip4Impl.c (Bugzilla Bug 1180),mdemodulepkg,False,1.0,It describes a coding style issue which is relevant to EDK II build infrastructure.
qwen2.5:14b,A,7508,error: all paths through this function will call itself when build standard C project (Bugzilla Bug 1179),stdlib,False,1.0,It is a genuine bug report related to EDK II build issues.
qwen2.5:14b,A,9639,PciBusDxe: PCI-Express bug with dynamic PcdPciExpressBaseAddress (Bugzilla Bug 1178),mdemodulepkg,False,1.0,It is a genuine bug report related to EDK II firmware component.
qwen2.5:14b,A,7507,A INF path is missing in MdePkg DSC. (Bugzilla Bug 1177),mdepkg,False,1.0,It is a genuine bug report related to EDK II build infrastructure.
qwen2.5:14b,A,7506,Add a INF path in MdePkg DSC (Bugzilla Bug 1176),mdepkg,False,0.95,The issue appears to be a genuine bug report related to EDK II build infrastructure.
qwen2.5:14b,A,7505,UDF partition show No file system info in Bios Setup (Bugzilla Bug 1175),mdemodulepkg,False,0.95,The issue appears to be a genuine bug report related to firmware functionality.
qwen2.5:14b,A,7504,Cannot boot from UEFI  USB disk in Boot Manager . (Bugzilla Bug 1174),mdemodulepkg,False,0.95,"The issue describes a problem with booting from a USB disk, which is related to EDK II firmware functionality."
qwen2.5:14b,A,7503,USB disk with UDF 2.50 file system cannot be mapped in UEFI Shell. (Bugzilla Bug 1173),mdemodulepkg,False,1.0,It is a genuine bug report related to UEFI Shell and file system support.
qwen2.5:14b,A,7502,Wrong comments in DEC of MdePkg (Bugzilla Bug 1172),mdepkg,False,0.95,The issue appears to be a genuine bug report related to incorrect comments in the DEC file of MdePkg.
qwen2.5:14b,A,9638,"Strange behavior of ""for"" indexvar (Bugzilla Bug 1171)",shellpkg,False,0.95,The issue describes a potential bug in the 'shellpkg' package.
qwen2.5:14b,A,7501,BaseTools: regression issue that display an empty PCD not used section in the report (Bugzilla Bug 1170),basetools,False,1.0,It describes a genuine bug related to BaseTools with enough context for investigation.
qwen2.5:14b,A,7500,IntelVTdDxe: Optimize function scan when function 0 is not existing in ScanPciBus() (Bugzilla Bug 1169),intelsiliconpkg,False,1.0,It is a genuine bug report related to EDK II firmware development.
qwen2.5:14b,A,7499,XhciDxe: Set HSEE Bit if SERR# Enable Bit is set (Bugzilla Bug 1167),mdemodulepkg,False,1.0,It describes a specific bug fix for the XhciDxe driver in EDK II.
qwen2.5:14b,A,7498,VS2012 build failure in cpumppei\cpupaging.c (Bugzilla Bug 1166),ueficpupkg,False,1.0,"It describes a build failure related to EDK II, which is relevant."
qwen2.5:14b,A,7497,No assert if HOB gEfiAcpiVariableGuid is missing with PcdAcpiS3Enable set to TRUE (Bugzilla Bug 1165),ueficpupkg,False,1.0,It is a genuine bug report related to EDK II firmware behavior.
qwen2.5:14b,A,7496,[UefiCpuPkg/CpuDxe] unsafe bit-wise operation (Bugzilla Bug 1164),ueficpupkg,False,1.0,It is a genuine bug report related to EDK II firmware development.
qwen2.5:14b,A,7495,Remove inline X86 assembly code in C code files. (Bugzilla Bug 1163),mdepkg,False,1.0,It is a genuine bug report related to EDK II package code improvement.
qwen2.5:14b,A,7494,Coding style issues in UefiCpuPkg\Library\CpuExceptionHandlerLib\PeiCpuException.c (Bugzilla Bug 1161),ueficpupkg,False,1.0,It relates to EDK II coding style enforcement tools for a specific package.
qwen2.5:14b,A,7493,Coding style issues in UefiCpuPkg\CpuDxe\CpuDxe.h (Bugzilla Bug 1160),ueficpupkg,False,1.0,"The issue relates to coding style in an EDK II package, which is relevant for the project."
qwen2.5:14b,A,7492,Invalid line ending character in SecurityPkg (Bugzilla Bug 1159),securitypkg,False,1.0,"The issue describes a specific problem with line endings in SecurityPkg, which is related to EDK II firmware development."
qwen2.5:14b,A,7491,Trailing white space issue in ShellPkg\Library\UefiShellNetwork1CommandsLib\Ifconfig.c (Bugzilla Bug 1158),shellpkg,False,1.0,It relates to EDK II coding style enforcement tools and describes a specific code formatting issue.
qwen2.5:14b,A,7490,FAT will double allocate clusters on long writes when the disk is full (Bugzilla Bug 1157),fatpkg,False,1.0,It describes a specific bug in the FAT package with enough context to be investigated.
qwen2.5:14b,A,7489,NonDiscoverablePciDeviceDxe causes system crash running UEFI SCT suite (Bugzilla Bug 1156),mdemodulepkg,False,1.0,"The issue describes a system crash related to a specific EDK II package, indicating it is a genuine bug report."
qwen2.5:14b,A,7488,Lack of validation in CoherentDmaLib causes UEFI SCT test to fail (Bugzilla Bug 1155),embeddedpkg,False,1.0,It describes a genuine bug related to EDK II firmware functionality.
qwen2.5:14b,A,7487,CoherentDmaLib has a typo in DmaAlignedBuffer (Bugzilla Bug 1154),embeddedpkg,False,1.0,"It describes a genuine bug with a typo in the code, which is relevant to EDK II firmware development."
qwen2.5:14b,A,7486,Just display the second table when specify two ACPITable type. (Bugzilla Bug 1153),shellpkg,False,1.0,It is a genuine bug report with context and state indicating it was investigated.
qwen2.5:14b,A,7485,System crash when EXCLUSIVE open of PXE child (LoadFile) handle (Bugzilla Bug 1152),networkpkg,False,1.0,It is a genuine bug report related to EDK II firmware.
qwen2.5:14b,A,7484,Need to update the help information of ACPIVIEW (Bugzilla Bug 1151),shellpkg,False,0.95,"The issue is related to updating help information for a specific EDK II package, which is relevant to firmware development."
qwen2.5:14b,A,7483,No disable method for ACPI Table consistency checking and verbose data displaying (Bugzilla Bug 1150),shellpkg,False,1.0,It is a genuine bug report related to EDK II package functionality.
qwen2.5:14b,A,7482,No strict parameters checkers for acpiview (Bugzilla Bug 1149),shellpkg,False,0.95,It appears to be a genuine bug report related to the acpiview package in EDK II.
qwen2.5:14b,A,9636,Thrown Unknown Interrupt Controller Structure error when dump ACPI Tables (Bugzilla Bug 1148),shellpkg,False,1.0,"It describes a specific error encountered during ACPI table dumping, which is related to EDK II firmware development."
qwen2.5:14b,A,9635,No disable method for ACPI Table consistency checking and verbose data displaying (Bugzilla Bug 1147),shellpkg,False,0.95,"The issue describes a missing feature for ACPI Table consistency checking and verbose data displaying, which is related to EDK II firmware development."
qwen2.5:14b,A,7481,Need to update the help information of ACPIVIEW (Bugzilla Bug 1146),shellpkg,False,0.95,"The issue is related to updating help information for a specific EDK II package, which is relevant to firmware development."
qwen2.5:14b,A,7480,Fail to run PatchCheck.py with Python3 (Bugzilla Bug 1145),basetools,False,1.0,It is a genuine bug report related to EDK II build infrastructure.
qwen2.5:14b,A,7479,Remove trailing white space in MdeModulePkg (Bugzilla Bug 1144),mdemodulepkg,False,1.0,It is a genuine bug report related to code cleanup in an EDK II package.
qwen2.5:14b,A,7478,Sync the direct route entry setting in Ip4Dxe (Bugzilla Bug 1143),mdemodulepkg,False,1.0,It is a genuine bug report related to EDK II firmware development.
qwen2.5:14b,A,7477,[NvmExpressDxe] Fix the incorrect check for 'TransferBuffer' and 'TransferLength' within NvmExpressPassThru() (Bugzilla Bug 1142),mdemodulepkg,False,1.0,It is a genuine bug report with a clear description and resolution.
qwen2.5:14b,A,7476,OVMF fails to boot systemrescuecd / gentoo livecd and many other live cds (Bugzilla Bug 1141),ovmfpkg,False,0.95,"The issue describes a specific boot failure problem with OVMF, which is related to EDK II firmware."
qwen2.5:14b,A,7475,[EmulatorPkg] README could have the Win Host build instructions (Bugzilla Bug 1139),emulatorpkg,False,0.95,The issue is a legitimate feature request to improve documentation for building on Windows host.
qwen2.5:14b,A,7474,[EmulatorPkg] Win host cannot be built with VS2015 (Bugzilla Bug 1138),emulatorpkg,False,1.0,"It describes a build issue with a specific compiler version, which is relevant to EDK II."
qwen2.5:14b,A,7473,Unlimited FV Recursion (Bugzilla Bug 1137),mdemodulepkg,False,1.0,It is a genuine bug report related to EDK II firmware development.
qwen2.5:14b,A,7472,SMI Confused Deputy SmramSaveState.c (Bugzilla Bug 1136),ueficpupkg,False,0.95,The issue is related to a specific EDK II package and describes a security vulnerability.
qwen2.5:14b,A,7471,Stack Overflow on Corrupted BMP (Bugzilla Bug 1135),mdemodulepkg,False,0.95,"The issue describes a stack overflow on corrupted BMP, which is likely a genuine bug report."
qwen2.5:14b,A,7470,Buffer Overflow in BlockIo service for RAM disk (Bugzilla Bug 1134),mdemodulepkg,False,1.0,It describes a genuine bug report with sufficient context.
qwen2.5:14b,A,7469,Opal BlockSid Setting Disabled after S3 (Bugzilla Bug 1133),securitypkg,False,1.0,It is a genuine bug report related to an EDK II package.
qwen2.5:14b,A,9634,Update MinnowMax to not use EdkCompatibilityPkg (Bugzilla Bug 1132),vlv2tbltdevicepkg,False,1.0,It is a genuine bug report related to updating firmware packages.
qwen2.5:14b,A,7468,[Core] Handle multiple FV images in one FV file (Bugzilla Bug 1131),mdemodulepkg,False,1.0,It is a genuine bug report related to EDK II firmware development.
qwen2.5:14b,A,7467,Usb devices fail to start again after reconnect -r in shell on OVMF (Bugzilla Bug 1130),ovmfpkg,False,1.0,"It describes a reproducible problem with USB devices in OVMF, which is related to EDK II firmware."
qwen2.5:14b,A,7466,Usb devices fail to start again after reconnect -r in shell on OVMF (Bugzilla Bug 1129),mdemodulepkg,False,1.0,"It describes a reproducible problem with USB devices in OVMF, which is related to EDK II firmware development."
qwen2.5:14b,A,7465,There's still code executed on AP trying to access PEI services (Bugzilla Bug 1128),ueficpupkg,False,1.0,It describes a genuine bug related to firmware execution and service access.
qwen2.5:14b,A,7464,Too many debug message if heap guard feature is enabled (Bugzilla Bug 1127),ueficpupkg,False,0.95,"The issue describes a specific problem with debug messages when heap guard is enabled, which seems to be a genuine bug report."
qwen2.5:14b,A,9633,Incorrectly attempting to rebase a FV with mixed PEI/Dxe modules forcing FileAlign and Align linker options to be same (Bugzilla Bug 1124),basetools,False,1.0,"The issue describes a specific problem with build tools related to firmware components, which is relevant to EDK II."
qwen2.5:14b,A,9632,StdLib package build with VS2017 Socket.c warning: declaration of 'errno' hides global declaration (Bugzilla Bug 1123),stdlib,False,1.0,It describes a build warning in the StdLib package which is related to EDK II firmware development.
qwen2.5:14b,A,9631,"[BaseTools] ""build run"" doesn't have capability to launch customized executable file (Bugzilla Bug 1122)",basetools,False,1.0,"It describes a specific build capability issue in BaseTools, which is related to EDK II build infrastructure."
qwen2.5:14b,A,7461,"[EmulatorPkg]IoThunk->Close() is called too early, may causing hang/assertion (Bugzilla Bug 1121)",emulatorpkg,False,1.0,It is a genuine bug report related to EDK II firmware development.
qwen2.5:14b,A,7460,[EmulatorPkg] Switch from IntelFrameworkModulePkg/Bds to MdeModulePkg/Bds (Bugzilla Bug 1120),emulatorpkg,False,1.0,It is a genuine bug report related to an EDK II package.
qwen2.5:14b,A,7459,[EmulatorPkg] AutoScanPei reports the wrong CPU address size (Bugzilla Bug 1119),emulatorpkg,False,1.0,It is a genuine bug report related to EDK II firmware development.
qwen2.5:14b,A,7458,[EmulatorPkg] SimpleTextInEx and GOP SCT conformance test failure (Bugzilla Bug 1118),emulatorpkg,False,1.0,It is a genuine bug report related to EDK II's EmulatorPkg with specific test failures.
qwen2.5:14b,A,7457,[EmulatorPkg] SimpleFileSystem.Close() asserts on CR (Bugzilla Bug 1117),emulatorpkg,False,1.0,It is a genuine bug report related to EDK II firmware development.
qwen2.5:14b,A,7456,Inconsistent Pcd's when enabling Nx related functionality (Bugzilla Bug 1116),mdemodulepkg,False,0.95,"The issue is related to a specific package and describes a reproducible problem with Pcd's, likely a genuine bug report."
qwen2.5:14b,A,7455,Setup Browser has off by 2 buffer overflows (Bugzilla Bug 1115),mdemodulepkg,False,1.0,It describes a genuine security vulnerability in the Setup Browser.
qwen2.5:14b,A,7454,Allocate pool used in debug path (Bugzilla Bug 1114),mdemodulepkg,False,1.0,It is a genuine bug report related to EDK II package.
qwen2.5:14b,A,7453,Harden the Usb mass storage driver to prevent system hang by wrong hardware info (Bugzilla Bug 1113),mdemodulepkg,False,1.0,It is a genuine bug report related to hardening the USB mass storage driver.
qwen2.5:14b,A,7451,"BaseTools:  FDF parser extend ""!include"", ""!if"", etc to not case-sensitive (Bugzilla Bug 1111)",basetools,False,1.0,It is a genuine bug report related to EDK II build infrastructure.
qwen2.5:14b,A,7450,[Pci] Restrict one VGA per HostBridge not Segment (Bugzilla Bug 1109),mdemodulepkg,False,1.0,It is a genuine bug report related to EDK II firmware.
qwen2.5:14b,A,7449,Remove EdkShellBinPkg from edk2/master (Bugzilla Bug 1108),edkshellbinpkg,False,1.0,The issue is related to an EDK II package and describes a specific action (removing EdkShellBinPkg) which implies it's addressing a bug or improvement.
qwen2.5:14b,A,7448,Remove EdkShellPkg from edk2/master (Bugzilla Bug 1107),edkshellpkg,False,1.0,"The issue is related to an EDK II package and describes a specific action (removing EdkShellPkg) with a reference to Bugzilla, indicating it's a genuine bug report or feature request."
qwen2.5:14b,A,7447,Remove UnixPkg from edk2/master (Bugzilla Bug 1106),unixpkg,False,1.0,"The issue is related to an EDK II package and describes a specific action (removing UnixPkg) with a reference to Bugzilla, indicating it's a genuine bug report or feature request."
qwen2.5:14b,A,7446,Remove FatBinPkg from edk2/master (Bugzilla Bug 1105),fatbinpkg,False,1.0,"The issue is related to an EDK II package and describes a specific action (removing FatBinPkg) with a reference to Bugzilla, indicating it's likely a genuine bug report or feature request."
qwen2.5:14b,A,7445,remove EDK build support from BaseTools (Bugzilla Bug 1104),basetools,False,1.0,"The issue is related to EDK II build infrastructure and describes a specific action to remove build support, which is relevant for firmware development."
qwen2.5:14b,A,7444,delete EdkCompatibilityPkg from edk2/master (Bugzilla Bug 1103),edkcompatibilitypkg,False,1.0,"The issue is related to an EDK II package and describes a specific action (deleting EdkCompatibilityPkg) with a reference to Bugzilla, indicating it's likely a genuine bug report or feature request."
qwen2.5:14b,A,7443,Empty HTTP header causes OVMF VM to lock-up (Bugzilla Bug 1102),mdemodulepkg,False,1.0,It describes a specific bug related to EDK II package functionality.
qwen2.5:14b,A,7442,Remove duplicated SataControllerDxe driver from CorebootPayloadPkg (Bugzilla Bug 1101),uefipayloadpkg,False,1.0,It is a genuine bug report related to removing duplicated driver in an EDK II package.
qwen2.5:14b,A,7441,SmmCorePerformanceLib miss to list DxeServicesLib in [LibraryClasses] section of INF file (Bugzilla Bug 1100),mdemodulepkg,False,1.0,It is a genuine bug report related to an INF file issue in the EDK II package.
qwen2.5:14b,A,7439,SMM FreePages accept non-SMRAM page (Bugzilla Bug 1098),mdemodulepkg,False,1.0,It is a genuine bug report related to EDK II firmware components.
qwen2.5:14b,A,9630,TCG startup locality information is incorrect (Bugzilla Bug 1097),mdepkg,False,1.0,It describes a specific bug in the TCG startup locality information.
qwen2.5:14b,A,7436,[UefiCpuPkg-SMM] Add Return Stack Buffer stuffing logic before returning from SMM (Bugzilla Bug 1093),ueficpupkg,False,1.0,It is a genuine bug report related to EDK II firmware development.
qwen2.5:14b,A,7435,"commit 241f914975d5 changed the file mode bits of ""PiSmmCpuDxeSmm.c"" from 100644 to 100755 (Bugzilla Bug 1092)",ueficpupkg,False,1.0,It describes a change in file mode bits which is related to EDK II build infrastructure.
qwen2.5:14b,A,7434,merge StuffRsb.inc copies into one (Bugzilla Bug 1091),ueficpupkg,False,1.0,It is a genuine bug report related to merging file copies in an EDK II package.
qwen2.5:14b,A,7433,Enroll TLS cert more than once cause attributes failure (Bugzilla Bug 1090),networkpkg,False,1.0,It describes a specific bug related to TLS certificate enrollment in the networkpkg package.
qwen2.5:14b,A,7432,[OpenSSL] Update version to upcoming 1.1.1 (Bugzilla Bug 1089),cryptopkg,False,1.0,It is a genuine update request for an EDK II package.
qwen2.5:14b,A,7431,"Support ""fake Capsule header"" in gRT->QueryCapsuleCpapbilities() with DxeCapsuleLibFmp library instance (Bugzilla Bug 1088)",mdemodulepkg,False,1.0,It is a genuine bug report related to EDK II firmware development.
qwen2.5:14b,A,7430,CPER definitions missing for ARM (Bugzilla Bug 1087),mdepkg,False,1.0,It is a genuine bug report related to missing CPER definitions for ARM in the mdepkg package.
qwen2.5:14b,A,9629,System Brick due to uefi MemoryTypeInformation var changes (Bugzilla Bug 1086),-,False,1.0,It is a genuine bug report describing a system failure due to changes in uefi MemoryTypeInformation variable.
qwen2.5:14b,A,7429,[BaseTools-build_rule]: Add $(INC)-like support when compiling .nasm files (Bugzilla Bug 1085),basetools,False,1.0,It is a genuine bug report related to EDK II build infrastructure.
qwen2.5:14b,A,7428,SmmLockBoxRestore doesn't report buffer length (Bugzilla Bug 1082),mdemodulepkg,False,1.0,It is a genuine bug report related to an EDK II package.
qwen2.5:14b,A,7427,Incorrect debug statement in TcgStorageCoreLib.h (Bugzilla Bug 1081),securitypkg,False,1.0,It is a genuine bug report related to EDK II package code.
qwen2.5:14b,A,7426,[Shell] Input redirection should make sure 0xFFFE is in the beginning of the input source (Bugzilla Bug 1080),shellpkg,False,1.0,It is a genuine bug report related to EDK II's Shell package.
qwen2.5:14b,A,7425,Access Denied in EmulatorPkg when running applications from EFI shell (Bugzilla Bug 1079),emulatorpkg,False,1.0,It is a genuine bug report related to EDK II's EmulatorPkg.
qwen2.5:14b,A,9628,DebugAssert on 'ls' command (Bugzilla Bug 1078),emulatorpkg,False,1.0,The issue is a genuine bug report related to an EDK II package.
qwen2.5:14b,A,9627,PcdDxeNxMemoryProtectionPolicy should reserve bits for Code type memory (Bugzilla Bug 1077),mdemodulepkg,False,1.0,It is a genuine bug report related to EDK II firmware development.
qwen2.5:14b,A,9626,X64 build of EmulatorPkg - No symbol table is loaded. (Bugzilla Bug 1076),emulatorpkg,False,1.0,It describes a build issue with EmulatorPkg which is related to EDK II.
qwen2.5:14b,A,7424,[regression] SecurityPkg commit f15cb995bb38 breaks TPM2_ENABLE in OvmfPkg (Bugzilla Bug 1075),securitypkg,False,1.0,It is a genuine bug report related to EDK II firmware functionality.
qwen2.5:14b,A,7423,don't distinguish EFI_FILE_MODE_CREATE in EfiOpenFileByDevicePath() / OpenMode (Bugzilla Bug 1074),mdepkg,False,1.0,It is a genuine bug report related to EDK II firmware functionality.
qwen2.5:14b,A,7422,Add PKCS7 test key inc files (Bugzilla Bug 1073),basetools,False,1.0,It is a genuine bug report related to EDK II build tools.
qwen2.5:14b,A,7421,Need to check EDK II source and resolve all CppCheck issues. (Bugzilla Bug 1071),-,False,1.0,It is a genuine task to resolve CppCheck issues in the EDK II source code.
qwen2.5:14b,A,7420,commit f15cb995bb38 adds unchecked PcdSet8S() calls to SecurityPkg/Library/Tpm2DeviceLibDTpm (Bugzilla Bug 1070),securitypkg,False,1.0,It describes a genuine bug related to an EDK II package with enough information for investigation.
qwen2.5:14b,A,7419,"BaseTools: BinToPcd: When use python 3.6.4 to run BinToPCD.py with -i -o, output file has nothing. (Bugzilla Bug 1069)",basetools,False,1.0,It is a genuine bug report with specific details about the issue and its impact.
qwen2.5:14b,A,7418,ECC tool crash because 'NoneType' object (Bugzilla Bug 1068),basetools,False,1.0,It describes a genuine bug with enough information to be reproducible.
qwen2.5:14b,A,7417,Dead code and inf redundant definitions in SignedCapsulePkg (Bugzilla Bug 1067),signedcapsulepkg,False,1.0,The issue describes a genuine bug related to dead code and redundant definitions in an EDK II package.
qwen2.5:14b,A,7416,Dead code and inf redundant definitions in ShellPkg (Bugzilla Bug 1066),shellpkg,False,1.0,The issue describes a genuine bug related to dead code and redundant definitions in ShellPkg.
qwen2.5:14b,A,7415,Dead code and inf redundant definitions in SecurityPkg (Bugzilla Bug 1065),securitypkg,False,1.0,The issue describes a genuine bug related to dead code and redundant definitions in SecurityPkg.
qwen2.5:14b,A,7414,Dead code and inf redundant definitions in NetworkPkg (Bugzilla Bug 1064),networkpkg,False,1.0,The issue describes a genuine bug related to dead code and redundant definitions in NetworkPkg.
qwen2.5:14b,A,7413,Dead code and inf redundant definitions in IntelFrameworkModuleAll (Bugzilla Bug 1063),intelframeworkmodulepkg,False,1.0,It describes a genuine bug report about dead code and redundant definitions in an EDK II package.
qwen2.5:14b,A,7412,Dead code and inf redundant definitions in MdeModulePkg (Bugzilla Bug 1062),mdemodulepkg,False,1.0,The issue describes a genuine bug related to dead code and redundant definitions in MdeModulePkg.
qwen2.5:14b,A,7411,"GenerateCapsule: when the tool is not exist or the cert file is incorrect, decode still success (Bugzilla Bug 1061)",basetools,False,1.0,It describes a genuine bug in the GenerateCapsule tool.
qwen2.5:14b,A,7410,Performance measurements with PerformancePkg on all platforms (Bugzilla Bug 1060),performancepkg,False,1.0,"The issue is related to PerformancePkg and describes a bug, making it valid."
qwen2.5:14b,A,7409,Clang build fail in SmmRuntimeDxeReportStatusCodeLibFramework module (Bugzilla Bug 1059),intelframeworkmodulepkg,False,1.0,"It describes a build failure related to EDK II, which is relevant and actionable."
qwen2.5:14b,A,9625,"Clang 3.9 has no option ""-Wno-error=maybe-uninitialized"". Breaks OpenSslLib build. (Bugzilla Bug 1058)",basetools,False,1.0,Describes a specific build issue with Clang version and EDK II package.
qwen2.5:14b,A,7408,FvSimpleFileSystem driver leaks memory on read (Bugzilla Bug 1057),mdemodulepkg,False,1.0,It describes a genuine memory leak issue in an EDK II driver.
qwen2.5:14b,A,7407,Redundant info is defined in SmmCommunicationBufferDxe module INF (Bugzilla Bug 1056),mdemodulepkg,False,1.0,It is a genuine bug report related to an EDK II package.
qwen2.5:14b,A,7406,Redundant info is defined in SmiHandlerProfileInfo module INF (Bugzilla Bug 1055),mdemodulepkg,False,1.0,It is a genuine bug report related to EDK II firmware development.
qwen2.5:14b,A,7405,Redundant info is defined in EbcDebugger module INF (Bugzilla Bug 1054),mdemodulepkg,False,1.0,It describes a genuine bug report with sufficient context.
qwen2.5:14b,A,7404,Redundant info is defined in CapsuleApp module INF (Bugzilla Bug 1053),mdemodulepkg,False,1.0,It describes a genuine bug report with enough context to be investigated.
qwen2.5:14b,A,7403,Redundant info is defined in EsrtDxe module INF (Bugzilla Bug 1052),mdemodulepkg,False,1.0,It describes a genuine bug report with enough context to be investigated.
qwen2.5:14b,A,7402,Redundant info is defined in FirmwarePerformanceDxe module INF (Bugzilla Bug 1051),mdemodulepkg,False,1.0,It describes a genuine bug report with a specific issue in the INF file.
qwen2.5:14b,A,7401,"GenerateCapsule: encode by Openssl tool, but some of the cert file's content is incorrect, it report traceback error (Bugzilla Bug 1050)",basetools,False,1.0,"It describes a specific issue with the GenerateCapsule tool in basetools, which is related to EDK II build infrastructure."
qwen2.5:14b,A,7400,Redundant info is defined in MdeModulePkg AcpiPlatformDxe module INF (Bugzilla Bug 1049),mdemodulepkg,False,1.0,"It describes a genuine issue with redundant information in an INF file, which is relevant to EDK II firmware development."
qwen2.5:14b,A,7399,"GenerateCapsule: use an empty file to do decode, it report traceback error (Bugzilla Bug 1048)",basetools,False,1.0,It describes a genuine bug with enough information to be reproducible.
qwen2.5:14b,A,7398,Redundant info is defined in ResetSystemRuntimeDxe module INF (Bugzilla Bug 1047),mdemodulepkg,False,1.0,It describes a genuine bug report with enough context to be investigated.
qwen2.5:14b,A,7397,"GenerateCapsule: When encode by signtool, some cases report traceback error (Bugzilla Bug 1046)",basetools,False,1.0,It describes a genuine bug with a specific tool (signtool) in the EDK II build infrastructure.
qwen2.5:14b,A,7396,Redundant info is defined in I2cHostDxe module INF (Bugzilla Bug 1045),mdemodulepkg,False,1.0,It describes a genuine bug report with enough context to be investigated.
qwen2.5:14b,A,7395,Redundant info is defined in UfsPciHcDxe module INF (Bugzilla Bug 1044),mdemodulepkg,False,1.0,It is a genuine bug report related to EDK II package INF file.
qwen2.5:14b,A,7394,Redundant info are defined in UefiCpuPkg SecCore module INF (Bugzilla Bug 1043),ueficpupkg,False,1.0,It describes a genuine bug report with enough context and is related to an EDK II package.
qwen2.5:14b,A,7393,"BaseTools: BinToPcd: When use python 27 to run BinToPCD, it will raise an error but it is successful when use python 36. (Bugzilla Bug 1042)",basetools,False,1.0,It describes a reproducible build issue with BaseTools related to Python version compatibility.
qwen2.5:14b,A,9624,"PiSmmCpuDxeSmm fails to set NX on address space outside SMRAM, and leaves EfiRuntimeServicesCode as writable memory. (Bugzilla Bug 1041)",ueficpupkg,False,1.0,"The issue describes a specific problem with PiSmmCpuDxeSmm and includes details about memory protection settings, which is relevant to EDK II firmware development."
qwen2.5:14b,A,7392,PcdFmpDeviceSystemResetRequired could be removed (Bugzilla Bug 1040),-,False,1.0,It is a genuine bug report related to EDK II PCD configuration.
qwen2.5:14b,A,7391,[UefiCpuPkg/CpuDxe] Ambiguous usage of  PAGE_TABLE_LIB_PAGING_CONTEXT in CpuPageTable.c (Bugzilla Bug 1039),ueficpupkg,False,1.0,It is a genuine bug report related to EDK II firmware development.
qwen2.5:14b,A,7390,Redundant Protocol is defined in Tcg2Dxe module INF (Bugzilla Bug 1038),securitypkg,False,1.0,It is a genuine bug report related to EDK II firmware development.
qwen2.5:14b,A,7389,Redundant GUID and protocol are defined in SecureBootConfigDxe module INF (Bugzilla Bug 1037),securitypkg,False,1.0,It describes a genuine bug report with enough context to be investigated.
qwen2.5:14b,A,7388,Redundant GUID is defined in IScsiDxe module INF (Bugzilla Bug 1036),networkpkg,False,1.0,It is a genuine bug report related to an EDK II package.
qwen2.5:14b,A,7387,Redundant GUID is defined in AtaBusDxe module INF (Bugzilla Bug 1035),mdemodulepkg,False,1.0,It is a genuine bug report related to an EDK II package.
qwen2.5:14b,A,7386,Redundant Protocol is defined in XenPvBlkDxe module INF (Bugzilla Bug 1034),ovmfpkg,False,1.0,It is a genuine bug report related to an EDK II package.
qwen2.5:14b,A,7385,Redundant Protocol is defined in DxeMain module INF (Bugzilla Bug 1033),mdemodulepkg,False,1.0,It describes a genuine bug related to protocol definition in an INF file.
qwen2.5:14b,A,7384,Redundant PPI is defined in S3Resume2Pei module INF (Bugzilla Bug 1032),ueficpupkg,False,1.0,It describes a genuine bug report related to an EDK II package.
qwen2.5:14b,A,7383,GenerateCapsule: document to describe current's limitation (Bugzilla Bug 1031),basetools,False,1.0,"The issue is related to documenting limitations in an EDK II tool, which is relevant to the project."
qwen2.5:14b,A,7382,GenerateCapsule: Enhance to not generate capsule file when PopulateSystemTable flag is set (Bugzilla Bug 1030),basetools,False,1.0,It describes a specific enhancement request for the GenerateCapsule tool in EDK II's base tools package.
qwen2.5:14b,A,7381,GenerateCapsule: Update help of --fw-version/--lsv that this is Required for encode operations. (Bugzilla Bug 1029),basetools,False,1.0,"It describes a specific update to the help text for a tool, which is related to EDK II build infrastructure."
qwen2.5:14b,A,7380,"GenerateCapsule: use a capsule file that be signed, but without Payload header to dump, the dump-info is not correct (Bugzilla Bug 1028)",basetools,False,1.0,"It describes a specific issue with the GenerateCapsule tool when using signed capsule files without Payload headers, which is related to EDK II build tools."
qwen2.5:14b,A,7379,GenerateCapsule: --debug option doesn't print out debug info (Bugzilla Bug 1027),basetools,False,1.0,It is a genuine bug report related to the EDK II build tools.
qwen2.5:14b,A,7378,"GenerateCapsule: when --fw-version or --lsv value exceed its max value, the error message is not clear (Bugzilla Bug 1026)",basetools,False,1.0,It describes a genuine bug report with a specific issue in error messaging.
qwen2.5:14b,A,7377,"GenerateCapsule:--dump-info co-work with -o option, the output file is not correct (Bugzilla Bug 1025)",basetools,False,1.0,It describes a specific issue with the GenerateCapsule tool in EDK II basetools.
qwen2.5:14b,A,7376,GenerateCapsule: the CertType in the dump info is incorrect (Bugzilla Bug 1024),basetools,False,1.0,"It describes a specific issue with the CertType in GenerateCapsule, which is related to EDK II build tools."
qwen2.5:14b,A,7375,GenerateCapsule: decode capsule file report following verification failure (Bugzilla Bug 1023),basetools,False,1.0,It is a genuine bug report related to EDK II build tools.
qwen2.5:14b,A,7374,"GenerateCapsule:MonotonicCount value exceed its max value, then report Traceback error (Bugzilla Bug 1022)",basetools,False,1.0,It describes a genuine bug with a specific error condition and is related to EDK II build tools.
qwen2.5:14b,A,7373,GenerateCapsule: No error report when capoemflag exceed its max value (Bugzilla Bug 1021),basetools,False,1.0,It describes a genuine bug with BasTools that is reproducible and has been reported.
qwen2.5:14b,A,7372,uCode checksum validation logic for extended table is wrong. (Bugzilla Bug 1020),ueficpupkg,False,1.0,It describes a genuine bug report with sufficient context.
qwen2.5:14b,A,7371,Redundant library class are defined in TlsDxe module INF (Bugzilla Bug 1018),networkpkg,False,1.0,It describes a genuine bug report with enough context to be investigated.
qwen2.5:14b,A,7370,Redundant library class are defined in PiSmmCore module INF (Bugzilla Bug 1017),mdemodulepkg,False,1.0,It is a genuine bug report related to EDK II firmware development.
qwen2.5:14b,A,7369,Redundant library class is defined in PiSmmCpuDxeSmm module INF (Bugzilla Bug 1016),ueficpupkg,False,1.0,It is a genuine bug report related to an EDK II package.
qwen2.5:14b,A,7368,GenerateCapsule: No Payload Header in the no signing capsule file (Bugzilla Bug 1015),basetools,False,1.0,It is a genuine bug report related to EDK II build tools.
qwen2.5:14b,A,7367,Redundant library class are defined in AcpiPlatformDxe module INF (Bugzilla Bug 1014),ovmfpkg,False,1.0,It is a genuine bug report related to an EDK II package.
qwen2.5:14b,A,7366,Redundant library class are defined in CpuDxe module INF (Bugzilla Bug 1013),ueficpupkg,False,1.0,It describes a genuine bug report with enough context to be investigated.
qwen2.5:14b,A,7365,Redundant library class is defined in S3SaveStateDxe module INF (Bugzilla Bug 1012),mdemodulepkg,False,1.0,It is a genuine bug report related to an EDK II package.
qwen2.5:14b,A,7364,Redundant library class is defined in PciBusDxe module INF (Bugzilla Bug 1011),mdemodulepkg,False,1.0,It is a genuine bug report related to an EDK II package.
qwen2.5:14b,A,7363,Intel SA 00159 problems (Bugzilla Bug 1010),mdepkg,False,1.0,The issue is related to a specific security advisory and package in EDK II.
qwen2.5:14b,A,7359,Need to update LZMA module to LZMA SDK latest version 18.05. (Bugzilla Bug 1006),basetools,False,1.0,It is a genuine bug report related to updating the LZMA module in EDK II's basetools package.
qwen2.5:14b,A,9623,Driver calling ConnectController() on a hot plug (usb) device doesn't call driver binding protocol stop() method on plugged out device (Bugzilla Bug 1005),corebootmodulepkg,False,1.0,It describes a genuine bug related to driver behavior on hot plug events.
qwen2.5:14b,A,7358,Declaration of __builtin_return_address() breaks compilation with clang 7 (Bugzilla Bug 1004),mdepkg,False,1.0,"It describes a compilation issue with clang, which is relevant to EDK II build process."
qwen2.5:14b,A,7357,Secure boot: Assert when setting key file located in FAT formatted eMMC/SD/USB (Bugzilla Bug 1003),securitypkg,False,1.0,It is a genuine bug report related to EDK II's Secure Boot feature.
qwen2.5:14b,A,7356,Adding AsmReadEsp() / AsmReadRsp() (Bugzilla Bug 1002),mdepkg,False,1.0,It is a genuine bug report related to EDK II firmware development.
qwen2.5:14b,A,7355,Renaming Directory Fat32 Loses Directory (Bugzilla Bug 1001),fatbinpkg,False,1.0,It describes a specific issue related to an EDK II package.
qwen2.5:14b,A,9622,FwVol.c compilation error for VS2017 AARCH64 build (Bugzilla Bug 1000),embeddedpkg,False,1.0,"It describes a compilation error for a specific build configuration, which is relevant to EDK II firmware development."
qwen2.5:14b,A,7354,BaseTools/GenFw/Elf64Convert.c: converting R_X86_64_32S to EFI_IMAGE_REL_BASED_HIGHLOW is wrong and should be discontinued (Bugzilla Bug 999),basetools,False,1.0,"It describes a specific issue with the BaseTools package and suggests a fix, which is relevant to EDK II firmware development."
qwen2.5:14b,A,7353,using of goto in .nsh script within for loop causes script abort if goto label is inside the loop (Bugzilla Bug 998),shellpkg,False,1.0,"It describes a specific issue with EDK II's .nsh script behavior, which is related to firmware development."
qwen2.5:14b,A,7352,TimeBaseLib.c compilation errors for VS2017 AARCH64 build (Bugzilla Bug 997),embeddedpkg,False,1.0,"It describes a compilation error for a specific build configuration, which is relevant to EDK II firmware development."
qwen2.5:14b,A,7351,MdeModulePkg UsbKbDxe: Notification function registered by RegisterKeystrokeNotify() will be called twice when a specified keystroke will occur. (Bugzilla Bug 996),mdemodulepkg,False,1.0,It describes a reproducible problem with the UsbKdDxe module in MdeModulePkg.
qwen2.5:14b,A,7350,Error doesn't make sense (Bugzilla Bug 995),basetools,False,1.0,The issue is reported as a bug and involves the basetools package.
qwen2.5:14b,A,7349,BaseTools : ElfConvert Tool update the VerboseMsg to same with the comment (Bugzilla Bug 994),basetools,False,1.0,It is a genuine bug report related to the EDK II build infrastructure.
qwen2.5:14b,A,7348,AP shouldn't call PEI services (Bugzilla Bug 993),ueficpupkg,False,1.0,It is a genuine bug report related to EDK II firmware development.
qwen2.5:14b,A,7347,generate ProcessLibraryConstructorList() declaration in AutoGen.h for SEC modules (Bugzilla Bug 991),basetools,False,1.0,It is a genuine bug report related to EDK II build infrastructure.
qwen2.5:14b,A,7346,"OvmfPkg, ArmVirtPkg should use the central declaration of ProcessLibraryConstructorList() for SEC modules (Bugzilla Bug 990)",armvirtpkg,False,1.0,It is a genuine bug report related to EDK II package code.
qwen2.5:14b,A,9621,Evaluation of undefined macros in dsc files should result in empty string (Bugzilla Bug 989),basetools,False,1.0,It is a genuine bug report related to EDK II build tools.
qwen2.5:14b,A,9620,CoreValidateHandle performance (Bugzilla Bug 988),mdemodulepkg,False,0.95,"The issue is related to a performance problem in an EDK II package and has detailed comments, indicating it's likely a genuine bug report."
qwen2.5:14b,A,7345,Incorrect code generation in Thunk16.S with clang (Bugzilla Bug 987),mdepkg,False,1.0,"It describes a specific bug related to code generation with clang, which is relevant to EDK II firmware development."
qwen2.5:14b,A,7344,UefiShellAcpiViewCommandLib fails to build under VS2017. Part 3. (Bugzilla Bug 986),shellpkg,False,1.0,It describes a build failure for an EDK II package.
qwen2.5:14b,A,7343,UefiShellAcpiViewCommandLib fails to build under VS2017. Part 2. (Bugzilla Bug 985),shellpkg,False,1.0,It describes a build failure for an EDK II package.
qwen2.5:14b,A,7342,UefiShellAcpiViewCommandLib fails to build under VS2017. (Bugzilla Bug 984),shellpkg,False,1.0,It is a genuine bug report related to EDK II build issues.
qwen2.5:14b,A,7341,WebServer.efi does not work when built on Linux (Bugzilla Bug 983),stdlib,False,1.0,It is a genuine bug report related to building EDK II firmware on Linux.
qwen2.5:14b,A,7340,Commit d1de487 adds a Print to the display (Bugzilla Bug 982),mdemodulepkg,False,0.95,The issue appears to be a genuine bug report related to EDK II firmware development.
qwen2.5:14b,A,7339,[ECC] cannot recognize binary number like 0b01 (Bugzilla Bug 981),basetools,False,1.0,It describes a specific bug in EDK II's base tools with enough context to be investigated.
qwen2.5:14b,A,7338,Adjust the debug message print level of the BlockIo services in NvmExpressDxe (Bugzilla Bug 980),mdemodulepkg,False,1.0,It is a genuine bug report related to adjusting debug message print levels in an EDK II package.
qwen2.5:14b,A,7336,Capsule generation tools to add some check for capsule flag option (Bugzilla Bug 977),basetools,False,1.0,It is a genuine bug report related to EDK II build tools.
qwen2.5:14b,A,7335,Capsule generation tools need to support generate no signature capsule file (Bugzilla Bug 976),basetools,False,1.0,It is a genuine bug report related to capsule generation tools in the basetools package.
qwen2.5:14b,A,7334,"Can not output # when typing 'Shift + 3"" in Shell command ""edit"" (Bugzilla Bug 975)",shellpkg,False,1.0,It describes a specific bug in the Shell command 'edit' related to input handling.
qwen2.5:14b,A,7333,BaseTools: BinToPcd: Enhance BinToPCD's help message about offset (Bugzilla Bug 974),basetools,False,1.0,It is a legitimate feature request to enhance the help message of BinToPCD in BaseTools.
qwen2.5:14b,A,7332,Buffer Overflow in UsbBusDxe during UsbHubInit(). (Bugzilla Bug 973),mdemodulepkg,False,1.0,It describes a genuine security vulnerability in the UsbBusDxe package.
qwen2.5:14b,A,9617,"For case-insensitive file systems, edk2 UPT\Xml folder collides with the Python xml moudle (Bugzilla Bug 971)",basetools,False,1.0,It describes a genuine bug related to file system case-insensitivity in EDK II build tools.
qwen2.5:14b,A,7331,#pragma visibility hidden in MdePkg/Include/X64/ProcessorBind.h is misconceived (Bugzilla Bug 970),mdepkg,False,1.0,"It describes a specific issue with an EDK II header file, likely a genuine bug report."
qwen2.5:14b,A,7329,ISCSI Targets not seen in SLES and ESX when Aborted ISCSI attempts published in IBFT (Bugzilla Bug 968),networkpkg,False,0.95,"The issue describes a specific problem with ISCSI targets not being seen in certain environments after aborted attempts, which is related to EDK II firmware components."
qwen2.5:14b,A,7326,BaseTools: BinToPcd: Enhance BinToPcd to check VOID* PCDs must be 8-byte aligned if the value is a byte array (Bugzilla Bug 965),basetools,False,1.0,It describes an enhancement to BinToPcd tool which is part of BaseTools package.
qwen2.5:14b,A,7325,"BaseTools: BinToPcd: When -t HII and no variableguid, no variablename, error message is not fully. (Bugzilla Bug 963)",basetools,False,1.0,"It describes a specific issue with BaseTools BinToPcd when certain conditions are met, which is relevant to EDK II build tools."
qwen2.5:14b,A,7324,"BaseTools: BinToPcd: There is one typo ""PcdToBin"" in verbose message (Bugzilla Bug 962)",basetools,False,1.0,It is a genuine bug report with clear details about a typo in the verbose message of BinToPcd tool.
qwen2.5:14b,A,9616,SmmIPl can close SMRAM after PiSmmCpu finish rebase. (Bugzilla Bug 961),mdemodulepkg,False,1.0,It is a genuine bug report related to EDK II firmware functionality.
qwen2.5:14b,A,7323,server certificate with invalid domain name (CN) accepted in HTTPS-over-IPv6 boot (Bugzilla Bug 960),cryptopkg,False,1.0,It describes a specific security-related issue with HTTPS-over-IPv6 boot in the cryptopkg package.
qwen2.5:14b,A,7322,CpuS3DataDxe / DxeRegisterCpuFeaturesLib dependency (Bugzilla Bug 959),ueficpupkg,False,1.0,"The issue is related to a specific package and describes a dependency problem, which is likely a genuine bug report."
qwen2.5:14b,A,7321,Cannot build most platforms for x64 on Windows (Bugzilla Bug 958),mdepkg,False,1.0,It describes a build issue which is relevant to EDK II firmware development.
qwen2.5:14b,A,7319,HTTP Boot Image Validation compliance with RFC2616 (Bugzilla Bug 956),networkpkg,False,0.95,"The issue relates to a specific package and describes compliance with an RFC, likely a genuine bug report."
qwen2.5:14b,A,7318,please consider globally discarding or globally stripping the .eh_frame section of ELF binaries (Bugzilla Bug 955),basetools,False,1.0,It is a genuine bug report related to EDK II build tools.
qwen2.5:14b,A,9615,Break build if same [LibraryClasses] name is used in more than one dependent package (Bugzilla Bug 954),basetools,False,1.0,It describes a build issue related to EDK II build infrastructure.
qwen2.5:14b,A,7317,VfrCompile.exe crashes on both Windows 7 & 10 PCs (Bugzilla Bug 953),basetools,False,1.0,"It describes a reproducible crash in VfrCompile.exe, which is part of EDK II build tools."
qwen2.5:14b,A,7316,Incorrect ComponentName protocol in SD modules (Bugzilla Bug 952),mdemodulepkg,False,1.0,It is a genuine bug report related to EDK II firmware components.
qwen2.5:14b,A,7315,BaseTools: build should report error when PCD type in component section is not same with Pcd section (Bugzilla Bug 951),basetools,False,1.0,"It describes a specific build issue with BaseTools, which is related to EDK II build infrastructure."
qwen2.5:14b,A,7314,BaseTools: the size in autogen is incorrect when module override pcd value use byte array format (Bugzilla Bug 950),basetools,False,1.0,It describes a specific bug in BaseTools with enough context to be investigated.
qwen2.5:14b,A,7313,Issue with qemu 2.12.0 running (at last) windows 10 guests (Bugzilla Bug 949),ovmfpkg,True,0.85,The issue seems unrelated to EDK II firmware development and appears to be about QEMU running Windows guests.
qwen2.5:14b,A,7312,PciBusDxe: PCI BAR programming fails when bus address is required (Bugzilla Bug 948),mdemodulepkg,False,1.0,"It describes a specific bug related to PCI BAR programming in PciBusDxe, which is relevant to EDK II firmware development."
qwen2.5:14b,A,7311,Unable to have the PCI resources in ascending order (Bugzilla Bug 947),mdemodulepkg,False,1.0,It is a genuine bug report related to EDK II package.
qwen2.5:14b,A,7310,Allocation type EfiGcdAllocateMaxAddressSearchBottomUp does not work (Bugzilla Bug 946),mdemodulepkg,False,1.0,It is a genuine bug report related to EDK II firmware development.
qwen2.5:14b,A,7308,Functional Issues within BaseBmpSupportLib (Bugzilla Bug 944),mdemodulepkg,False,1.0,It is a genuine bug report related to an EDK II package.
qwen2.5:14b,A,9614,Usage of HiiSetBrowserData in the FORM_OPEN callback (Bugzilla Bug 943),securitypkg,False,1.0,It is a genuine bug report related to EDK II package.
qwen2.5:14b,A,7307,function always return the same value (Bugzilla Bug 942),basetools,False,1.0,It is a genuine bug report related to EDK II build tools.
qwen2.5:14b,A,7306,Build fails for platforms using hierarchical dsc (Bugzilla Bug 941),basetools,False,1.0,"It describes a build failure for EDK II, which is relevant and specific to firmware development."
qwen2.5:14b,A,7305,default DevicePathLib class resolution in ArmVirtPkg is wasteful (Bugzilla Bug 940),armvirtpkg,False,1.0,It describes a genuine bug report with context in an EDK II package.
qwen2.5:14b,A,7304,[PCI] PciScanBus should not set temp subordinary bus number to 0xFF (Bugzilla Bug 939),mdemodulepkg,False,1.0,It is a genuine bug report related to EDK II firmware development.
qwen2.5:14b,A,7303,PXE booting with a /31 causes PXE-E09 Could not allocate I/O buffers errors (Bugzilla Bug 938),-,False,1.0,It is a genuine bug report related to PXE booting with EDK II.
qwen2.5:14b,A,7302,Error path in NvmExpress returns EFI_SUCCESS (Bugzilla Bug 937),mdemodulepkg,False,1.0,It is a genuine bug report related to EDK II firmware.
qwen2.5:14b,A,9613,GenFds has invalid class constructor (Bugzilla Bug 936),basetools,False,1.0,It is a genuine bug report related to EDK II build tools.
qwen2.5:14b,A,7300,[IncompatiblePciDevice] returns resource descriptor with wrong length (Bugzilla Bug 934),mdemodulepkg,False,1.0,It is a genuine bug report related to EDK II firmware component.
qwen2.5:14b,A,7299,Use EfiBootServicesData for ESRT table (Bugzilla Bug 933),mdemodulepkg,False,1.0,It is a genuine bug report related to EDK II package.
qwen2.5:14b,A,7297,EFI_ACPI_SDT_PROTOCOL interface has wrong field offset because of missing packing suppress definition (Bugzilla Bug 930),mdepkg,False,1.0,It describes a genuine bug report with enough context to be investigated.
qwen2.5:14b,A,7296,"please update TlsCipherMappingTable in ""TlsLib/TlsConfig.c"" to the ciphers included in ""OpensslLib/OpensslLib.inf"" (Bugzilla Bug 929)",cryptopkg,False,1.0,It is a genuine bug report related to updating cipher configurations in EDK II.
qwen2.5:14b,A,7295,Never install multiple FMP Protocols for same FW device in SystemFirmwareUpdateDxe (Bugzilla Bug 928),signedcapsulepkg,False,1.0,It is a genuine bug report related to EDK II firmware functionality.
qwen2.5:14b,A,7294,[OpenSSL] Update version to 1.1.0h or 1.0.2o to include fix for CVE-2018-0739 issue (Bugzilla Bug 927),cryptopkg,False,1.0,It describes a security update for OpenSSL in the EDK II project.
qwen2.5:14b,A,7293,BlockMmioToBlockIoDxe Stop() use the wrong protocol address to get the private data (Bugzilla Bug 926),ovmfpkg,False,1.0,It is a genuine bug report with detailed discussion and resolution.
qwen2.5:14b,A,7292,Shell tftp app causes assertion and a memory leak if a file cannot be opened after download succeeded (Bugzilla Bug 925),shellpkg,False,1.0,It is a genuine bug report related to the Shell package in EDK II.
qwen2.5:14b,A,7291,BaseTools function doesn't match name/comment (Bugzilla Bug 924),basetools,False,1.0,It describes a genuine bug in BaseTools with sufficient context.
qwen2.5:14b,A,7290,Deprecated function X509_NAME_get_text_by_NID used. (Bugzilla Bug 923),cryptopkg,False,1.0,"It describes a deprecated function usage in an EDK II package, which is relevant to firmware development."
qwen2.5:14b,A,7288,octal print convert to hex string (Bugzilla Bug 921),basetools,False,1.0,It is a genuine bug report related to EDK II build tools.
qwen2.5:14b,A,7287,Customized Secure Boot (Audit Mode/Deployed Mode) source (Bugzilla Bug 920),securitypkg,False,1.0,It is a genuine bug report related to the Secure Boot feature in EDK II.
qwen2.5:14b,A,7286,Failed to use the EXCLUSIVE attribute with the combination of SNP + NIC (Bugzilla Bug 919),networkpkg,False,1.0,It is a genuine bug report related to EDK II firmware development.
qwen2.5:14b,A,7285,[BaseLib] Different implementation of AsmFlushCacheLine() between Ia32 and X64 (Bugzilla Bug 918),mdepkg,False,1.0,It describes a genuine implementation difference between architectures which could be considered a bug or design flaw.
qwen2.5:14b,A,7284,TerminalDxe TerminalDriverBindingStart() function not return against at the invalid controller handle and hang in release image (Bugzilla Bug 917),mdemodulepkg,False,1.0,It is a genuine bug report related to EDK II firmware component.
qwen2.5:14b,A,7283,AtaAtapiPassThru module start() use the buffer which is not allocated in its error handling code (Bugzilla Bug 916),mdemodulepkg,False,1.0,It is a genuine bug report related to EDK II firmware development.
qwen2.5:14b,A,9612,DEPEX not inherited from binary libraries (Bugzilla Bug 914),basetools,False,1.0,It is a genuine bug report related to EDK II build tools.
qwen2.5:14b,A,7282,BaseTools: An empty FDF file cause build crash (Bugzilla Bug 912),basetools,False,1.0,It describes a genuine bug with BaseTools that causes build crashes.
qwen2.5:14b,A,7281,Fix Vlv2TbltDevicePkg build issues (Bugzilla Bug 911),vlv2tbltdevicepkg,False,1.0,It describes a build issue for an EDK II package.
qwen2.5:14b,A,9611,ValueExpressionEx.__call__ API cannot handle if RealValue == False (Bugzilla Bug 910),basetools,False,1.0,It is a genuine bug report related to EDK II build tools.
qwen2.5:14b,A,7280,HttpDxe: missing EFI_SIGNATURE_LIST.SignatureType check in TlsConfigCertificate() (Bugzilla Bug 909),networkpkg,False,1.0,It is a genuine bug report related to EDK II firmware development.
qwen2.5:14b,A,7279,Remove DxeTcg2PhysicalPresenceLibNull from Vlv2TbltDevicePkg (Bugzilla Bug 908),vlv2tbltdevicepkg,False,1.0,It is a genuine bug report related to an EDK II package.
qwen2.5:14b,A,7278,Update CapsuleApp to place UX capsule bitmap in lower part of display centered horizontally (Bugzilla Bug 907),mdemodulepkg,False,1.0,It is a genuine bug report related to EDK II package.
qwen2.5:14b,A,7277,CapsuleApp generates ASSERT() on FreePool() when passing in multiple capsules (Bugzilla Bug 905),mdemodulepkg,False,1.0,It is a genuine bug report related to EDK II firmware development.
qwen2.5:14b,A,7276,PCD Dxe driver asserts if no dynamic PCDs (Bugzilla Bug 904),basetools,False,1.0,It is a genuine bug report related to EDK II build infrastructure.
qwen2.5:14b,A,7275,"BaseTools: For VOID* FixedAtBuild and PatchableInModule, the size should be the size of the highest priority value setting (Bugzilla Bug 902)",basetools,False,1.0,It is a genuine bug report related to EDK II build tools.
qwen2.5:14b,A,7274,BaseTools: PCD Default Type should use module scoped <Pcd…> if PCD is not listed in any platform scope [Pcd…] section (Bugzilla Bug 901),basetools,False,1.0,It is a genuine bug report related to EDK II build tools.
qwen2.5:14b,A,7273,BaseTools: Support !include for PCD statements in module scoped <Pcd…> sections (Bugzilla Bug 900),basetools,False,1.0,It is a genuine bug report related to EDK II build infrastructure.
qwen2.5:14b,A,7272,BaseTools: VOID* PatchableInModule PCD used from lib and module with module scoped value different lengths than platform scoped value (Bugzilla Bug 899),basetools,False,1.0,"It describes a specific issue with BaseTools related to PCD usage, which is relevant to EDK II firmware development."
qwen2.5:14b,A,7271,BaseTools: • VOID* FixedAtBuild PCD used from lib and module with module scoped value different lengths than platform scoped value (Bugzilla Bug 898),basetools,False,1.0,"It describes a specific build issue with BaseTools related to PCD usage, which is relevant to EDK II firmware development."
qwen2.5:14b,A,7270,UEFI SCT_GOP_BLT_Conf test hang with DEBUG Build OVMF (Bugzilla Bug 897),ovmfpkg,False,1.0,It is a genuine bug report with sufficient context and details.
qwen2.5:14b,A,7269,PosixLike wrappers for Python utilities overwrite the PYTHONPATH variable (Bugzilla Bug 896),basetools,False,1.0,"It describes a specific issue with EDK II build tools, which is relevant to the project."
qwen2.5:14b,A,7268,Issues in HttpDxe when there is huge data request send (Bugzilla Bug 895),networkpkg,False,0.95,"The issue describes a specific problem with HttpDxe related to handling large data requests, which is relevant to EDK II firmware development."
qwen2.5:14b,A,9610,TcpToSendAck: scheduled a delayed ACK for TCB 7CE9B918 (Bugzilla Bug 894),networkpkg,False,0.95,The issue appears to be a genuine bug report related to the TCP implementation in EDK II.
qwen2.5:14b,A,9609,Cannot change the current filesystem to fs0: (Bugzilla Bug 888),shellpkg,False,1.0,It is a genuine bug report related to EDK II package.
qwen2.5:14b,A,7265,[BaseTools]auto-build C tool binaries when they are out-of-dated from build.py (Bugzilla Bug 887),basetools,False,1.0,It is a genuine bug report related to EDK II build infrastructure.
qwen2.5:14b,A,7263,[NullMemoryTest] CompatibleRangeTest is badly implemented (Bugzilla Bug 885),mdemodulepkg,False,1.0,It describes a genuine bug report related to EDK II firmware component.
qwen2.5:14b,A,7262,Undefined behavior of a 16-bit integer overflow after multiply operation in Dhcp6Utility.c (Bugzilla Bug 883),networkpkg,False,1.0,It describes a genuine bug report with sufficient context and is related to EDK II firmware development.
qwen2.5:14b,A,7261,Update NASM sources for XCODE toolchains (Bugzilla Bug 881),intelframeworkmodulepkg,False,1.0,It is a genuine bug report related to updating NASM sources for XCODE toolchains in the intelframeworkmodulepkg package.
qwen2.5:14b,A,7260,BaseTools: OFFSET_OF() should work for LABEL()s that appear after the OFFSET_OF() in the PCD value. (Bugzilla Bug 880),basetools,False,1.0,It is a genuine bug report related to EDK II build tools.
qwen2.5:14b,A,7259,Support for HttpMethodDelete (Bugzilla Bug 879),networkpkg,False,1.0,It is a genuine bug report related to EDK II package.
qwen2.5:14b,A,7257,Semicolons after #define for GUIDs in MdeModulePkg/Include/Guid/RecoveryDevice.h can cause compile errors (Bugzilla Bug 877),mdemodulepkg,False,1.0,It describes a specific issue related to EDK II code that can cause compile errors.
qwen2.5:14b,A,7255,ConverToCpuArchAttributes function change has new behavior after 14dde9e903bb9a719ebb8f3381da72b19509bc36 for attribute of 0 (Bugzilla Bug 874),mdemodulepkg,False,1.0,"It describes a specific behavior change in the code after a commit, which is relevant to EDK II firmware development."
qwen2.5:14b,A,7254,Update DxeCapsuleLibFmp to use FMP Protocols instead of ESRT Table in nested capsule check (Bugzilla Bug 873),mdemodulepkg,False,1.0,It is a genuine bug report related to EDK II package.
qwen2.5:14b,A,9608,EFIAPI calling convention definition for x86 (Bugzilla Bug 870),mdepkg,False,1.0,It is a genuine bug report related to EDK II package and calling convention.
qwen2.5:14b,A,7252,INF parser automatically includes Base.h in every driver/library AutoGen.h file. (Bugzilla Bug 867),basetools,False,1.0,It is a genuine bug report related to EDK II build infrastructure.
qwen2.5:14b,A,7251,PiSmmCpuDxeSmm: replace DB-encoded instructions in NASM sources (Bugzilla Bug 866),ueficpupkg,False,1.0,It is a genuine bug report related to EDK II firmware development.
qwen2.5:14b,A,7250,Logic error in FV parsing (Bugzilla Bug 864),intelframeworkmodulepkg,False,1.0,It is a genuine bug report related to firmware development.
qwen2.5:14b,A,7249,ShutdownTpmOnReset() function in Tcg2Dxe.c only handles TPM_SU_CLEAR shutdowns. (Bugzilla Bug 863),securitypkg,False,1.0,It is a genuine bug report related to the EDK II package.
qwen2.5:14b,A,7248,[PCI] Install PciEnumerationComplete after PciIo (Bugzilla Bug 862),mdemodulepkg,False,1.0,It is a genuine bug report related to EDK II firmware development.
qwen2.5:14b,A,7247,AsciiPrint() in HttpBootDxe Corrupting the Setup screen (Bugzilla Bug 860),networkpkg,False,1.0,It describes a genuine bug related to EDK II firmware component.
qwen2.5:14b,A,7245,Pre compiled UEFI Shell binary scripting redirection flag not working (Bugzilla Bug 857),shellbinpkg,False,1.0,It is a genuine bug report related to an EDK II package.
qwen2.5:14b,A,9607,[BaseTools] skips to build CommonLib in Win10 (Bugzilla Bug 855),basetools,False,1.0,It describes a build issue related to EDK II BaseTools package.
qwen2.5:14b,A,7244,SetVisualStudio.bat does not work if Visual Studio is installed anywhere else (Bugzilla Bug 854),basetools,False,1.0,It describes a specific issue with EDK II build infrastructure.
qwen2.5:14b,A,7243,Input parameter check in EfiPxeBcMtftp() is incorrect (Bugzilla Bug 853),networkpkg,False,1.0,It describes a genuine bug in the EfiPxeBcMtftp function within the networkpkg package.
qwen2.5:14b,A,7242,[OvmfPkg] ASSERT error in TftpDynamicCommand (Bugzilla Bug 852),ovmfpkg,False,1.0,It is a genuine bug report related to EDK II firmware.
qwen2.5:14b,A,9606,Conflicting SPI Flash ID0s and Unavailable relatively generic SpiCommon.c/... files and opaque blocking errors (Bugzilla Bug 851),vlv2tbltdevicepkg,False,0.95,"The issue appears to describe a specific problem with SPI Flash IDs and related files, which seems relevant to EDK II firmware development."
qwen2.5:14b,A,7241,Use Nasm as preferred assembly sources for XCODE5 (Bugzilla Bug 850),basetools,False,1.0,It is a genuine bug report related to EDK II build tools.
qwen2.5:14b,A,7240,Enable XCODE5 tool chain for UefiCpuPkg with nasm source code (Bugzilla Bug 849),mdemodulepkg,False,1.0,"The issue relates to enabling a specific toolchain for an EDK II package, which is relevant to firmware development."
qwen2.5:14b,A,7239,"StartupThisAP() does not work compiled with GCC 7.2, but works with Visual Studio 2010 (Bugzilla Bug 848)",-,False,1.0,It describes a genuine bug report with different compiler behavior.
qwen2.5:14b,A,7238,FrameBufferBltLib ignores GOP's PixelsPerScanLine field (Bugzilla Bug 846),mdemodulepkg,False,1.0,It is a genuine bug report related to EDK II firmware functionality.
qwen2.5:14b,A,7237,Not always reflecting current Shift or Toggle state when calling ReadKeyStroke() (Bugzilla Bug 844),mdemodulepkg,False,1.0,It is a genuine bug report related to EDK II firmware functionality.
qwen2.5:14b,A,9603,Need to remove unnecessary return statements in void functions of EDKII. (Bugzilla Bug 843),mdepkg,False,1.0,It is a genuine bug report related to code quality and style enforcement in an EDK II package.
qwen2.5:14b,A,7236,[PCI] PciExpressLib.h should include PciExpress21.h (Bugzilla Bug 842),mdepkg,False,1.0,It is a genuine bug report related to EDK II firmware development.
qwen2.5:14b,A,9602,Memory space entry (of type EfiGcdMemoryTypeSystemMemory) is not removed after calling FreeMemorySpace and RemoveMemorySpace (Bugzilla Bug 841),mdemodulepkg,False,1.0,"It describes a specific issue with memory management functions, which is relevant to firmware development."
qwen2.5:14b,A,7233,BaseTools: Complier error on VS2012 (Bugzilla Bug 837),basetools,False,1.0,"It describes a build issue with BaseTools on VS2012, which is related to EDK II build infrastructure."
qwen2.5:14b,A,7232,BaseTools: compiler error  on VS2010 (Bugzilla Bug 836),basetools,False,1.0,"It describes a build issue with BaseTools on VS2010, which is related to EDK II build infrastructure."
qwen2.5:14b,A,7231,BaseTools: loop initial declarations error when comiple BaseTools on GCC48/GCC49 (Bugzilla Bug 835),basetools,False,1.0,"It describes a compilation error with BaseTools on specific compilers, which is relevant to EDK II build infrastructure."
qwen2.5:14b,A,7230,NetworkPkg/UefiPxeBcDxe: EfiPxeLoadFile() parameters consumed before validity checks (Bugzilla Bug 833),networkpkg,False,1.0,It is a genuine bug report related to EDK II firmware development.
qwen2.5:14b,A,7228,QuarkPlatformPkg build break from commit: BaseTools: Support PCD flexible values format (Bugzilla Bug 831),basetools,False,1.0,"The issue describes a build break related to BaseTools, which is part of EDK II infrastructure."
qwen2.5:14b,A,7227,CorebootPayloadPkgIa32X64.dsc does not build for VS2015 because FD/FV is not large enough (Bugzilla Bug 830),corebootpayloadpkg,False,1.0,"It describes a build issue with specific details about the package and compiler, which is relevant to EDK II."
qwen2.5:14b,A,7226,StdLib package does not build with VS2015 tool chains because __STDC_HOSTED__ is already defined (Bugzilla Bug 829),stdlib,False,1.0,"It describes a build issue with specific toolchains, which is relevant to EDK II."
qwen2.5:14b,A,7225,[MdeModulePkg][UDF] Potential buffer overflow on stack/heap within PartitionDxe\Udf.c & UdfDxe (Bugzilla Bug 828),mdemodulepkg,False,1.0,The issue describes a potential security vulnerability related to buffer overflow in EDK II source code.
qwen2.5:14b,A,7224,VarCheckPcdLib: A logic flaw in alignment of mVarCheckPcdBin (Bugzilla Bug 827),mdemodulepkg,False,1.0,It describes a genuine bug report with enough context and is related to EDK II firmware development.
qwen2.5:14b,A,7223,Release version BIOS may show the corrupted debug message (Bugzilla Bug 826),ueficpupkg,False,1.0,It is a genuine bug report related to EDK II firmware.
qwen2.5:14b,A,7222,ArmMmuLib ASSERT if DEBUG_CODE_BEGIN is turned off (Bugzilla Bug 825),armpkg,False,1.0,It describes a genuine bug related to EDK II firmware development.
qwen2.5:14b,A,7221,"Duet stuck after printing ""WELCOME TO EFI WORLD"" (Bugzilla Bug 824)",duetpkg,True,0.95,"The issue appears to be about a specific hardware setup or printer problem, not a firmware bug in EDK II."
qwen2.5:14b,A,7220,"IScsi Connection fails when Target info set via DHCP, If DnsMode is set as TRUE (Bugzilla Bug 823)",networkpkg,False,1.0,It describes a specific bug related to iSCSI connection and DHCP settings in the network package.
qwen2.5:14b,A,7219,Remove restriction that PcdPei/Dxe could only link NULL PcdLib BasePcdLibNull (Bugzilla Bug 822),basetools,False,1.0,It is a genuine bug report related to EDK II build infrastructure.
qwen2.5:14b,A,7218,[OpensslLib] Upgrade OpenSSL version in CryptoPkg to the latest 1.1.0g (Bugzilla Bug 821),cryptopkg,False,1.0,It is a genuine bug report related to upgrading OpenSSL version in CryptoPkg.
qwen2.5:14b,A,7217,Need remove Test App from SecurityPkg (Bugzilla Bug 820),securitypkg,False,1.0,It is a genuine bug report related to removing a test app from SecurityPkg.
qwen2.5:14b,A,7216,Need remove Test App from CryptoPkg (Bugzilla Bug 819),cryptopkg,False,0.95,"The issue is related to removing a test application from the CryptoPkg, which involves firmware components."
qwen2.5:14b,A,7215,CVfrDLGLexer::errstd wrong signature (Bugzilla Bug 818),basetools,False,1.0,It is a genuine bug report related to EDK II build tools.
qwen2.5:14b,A,7214,UefiPxeBcDxe/IcmpErrorListenHandler: received ICMP data may not be recycled (Bugzilla Bug 817),mdemodulepkg,False,1.0,It is a genuine bug report related to EDK II package.
qwen2.5:14b,A,7213,PE/COFF loader code contains ancient workaround for ELILO/Itanium (Bugzilla Bug 816),mdepkg,False,1.0,"The issue describes a specific code improvement in the PE/COFF loader, which is related to EDK II firmware development."
qwen2.5:14b,A,7212,Fix build break in NetworkPkg/HttpDxe driver when CHAR8 is unsigned (Bugzilla Bug 815),networkpkg,False,1.0,"It describes a build issue with a specific package, indicating it is related to EDK II firmware development."
qwen2.5:14b,A,7211,Need to add/change the structures in Ipmi header files in MdePkg as per latest Ipmi spec. (Bugzilla Bug 814),mdepkg,False,1.0,It is a legitimate feature request to update IPMI header files according to the latest specification.
qwen2.5:14b,A,9601,"Confusion over ""relative to WORKSPACE"" vis ""relative to PACKAGES_PATH"" (Bugzilla Bug 813)",basetools,False,0.95,"The issue describes a confusion over path interpretation in EDK II build tools, which is related to the project's build infrastructure."
qwen2.5:14b,A,7210,Ip4Dxe: potential memory leak for ICMP ehco reply (Bugzilla Bug 812),mdemodulepkg,False,1.0,"It describes a potential memory leak in the Ip4Dxe package, which is a genuine firmware issue."
qwen2.5:14b,A,7209,Commit a8ab14d of DxeMain.c  in MdeModulePkg breaks ARM/AARCH64 builds (Bugzilla Bug 811),armpkg,False,1.0,It describes a build breakage issue related to EDK II source code.
qwen2.5:14b,A,7208,Nt32 does not build for X64 - unresolved externals (Bugzilla Bug 810),nt32pkg,False,1.0,It describes a build failure for an EDK II package.
qwen2.5:14b,A,7207,DNS should check the received packet size before using (Bugzilla Bug 809),networkpkg,False,1.0,It is a genuine bug report related to EDK II package.
qwen2.5:14b,A,7206,Setting Timeout Value in Boot Manager Does Not Make an Effect (Bugzilla Bug 808),mdemodulepkg,False,1.0,"It describes a specific issue with the boot manager timeout setting, which is related to EDK II firmware development."
qwen2.5:14b,A,7205,GenSec.c in commit b37b108 broken (Bugzilla Bug 807),basetools,False,1.0,"It describes a specific code-breaking issue in a source file, which is relevant to EDK II firmware development."
qwen2.5:14b,A,7204,MdeModulePkg/AtaAtapiPassThru: cancel pending DMA requests at ExitBootServices() (Bugzilla Bug 806),mdemodulepkg,False,1.0,It is a genuine bug report related to an EDK II package.
qwen2.5:14b,A,7202,DHCP Process Starts Even there is NO Media Connected (Bugzilla Bug 804),networkpkg,False,1.0,"It describes a specific issue with the DHCP process in a package, likely a genuine bug report."
qwen2.5:14b,A,7195,"""Command.efi -?"" may not show manual sometimes (Bugzilla Bug 797)",shellpkg,True,0.85,The title is unclear and does not provide enough information to reproduce or investigate the issue.
qwen2.5:14b,A,7194,conflicting external definitions between DxeIplPeim and SecPeiDebugAgentLib (Bugzilla Bug 796),sourceleveldebugpkg,False,1.0,"It describes a genuine bug with conflicting definitions, relevant to EDK II firmware development."
qwen2.5:14b,A,7193,"[OVMF]: Windows 7 not booting using CODE/VARS, but boots when using unified binary (Bugzilla Bug 795)",ovmfpkg,False,1.0,"It describes a specific boot issue with OVMF when using CODE/VARS, which is related to EDK II firmware development."
qwen2.5:14b,A,7192,Shell Messages Scrolled Slowly (Bugzilla Bug 794),shellbinpkg,False,1.0,It is a genuine bug report related to EDK II package.
qwen2.5:14b,A,7191,The meaning of the ARCH environment variable is unclear during BaseTools build (Bugzilla Bug 793),basetools,False,1.0,"It describes a genuine confusion about the ARCH environment variable during BaseTools build, which is related to EDK II build infrastructure."
qwen2.5:14b,A,7190,SCT test failures in GenericTest\EFICompliantTest (Bugzilla Bug 792),networkpkg,False,1.0,"It describes a specific test failure in an EDK II package, which is relevant to firmware development."
qwen2.5:14b,A,7189,MdeModulePkg/Universal/DisplayEngineDxe/Popup.c:689:22: error: equality comparison with extraneous parentheses (Bugzilla Bug 791),mdemodulepkg,False,1.0,"It describes a specific build error in the code, which is relevant to EDK II firmware development."
qwen2.5:14b,A,7188,"please evaluate ""-Wno-unused-const-variable"" for RELEASE builds with CLANG38 (Bugzilla Bug 790)",basetools,False,1.0,It is a genuine bug report related to build tools and compiler flags.
qwen2.5:14b,A,7187,Bug in ls/dir Uefi Shell v2.1/V2.2 (Bugzilla Bug 789),shellpkg,False,1.0,It is a genuine bug report related to the UEFI Shell package.
qwen2.5:14b,A,7186,Need to remove 16 bit alignment boundary checking in StrLen() of BaseLib. (Bugzilla Bug 788),mdepkg,False,1.0,It is a genuine bug report related to EDK II firmware development.
qwen2.5:14b,A,7185,BaseTools: build report failure when single module build with GenC or GenMake option (Bugzilla Bug 787),basetools,False,1.0,"It describes a build failure in BaseTools, which is related to EDK II build infrastructure."
qwen2.5:14b,A,7184,Race condition causes build failure when compiling BaseTools (Bugzilla Bug 786),basetools,False,1.0,It describes a genuine build failure issue with BaseTools.
qwen2.5:14b,A,7183,Please re-enable QEMU VGA support for ArmVirtQemu and ArmVirtQemuKernel (Bugzilla Bug 785),armvirtpkg,False,1.0,It is a genuine bug report related to QEMU VGA support for ArmVirtQemu and ArmVirtQemuKernel.
qwen2.5:14b,A,7182,"Shell command ""comp"" returns wrong return code if compared files are different (Bugzilla Bug 784)",shellpkg,False,1.0,It is a genuine bug report related to EDK II's shell package.
qwen2.5:14b,A,9600,undefined behavior of using default int type to present big left shift result (Bugzilla Bug 783),mdepkg,False,1.0,It describes a genuine bug related to undefined behavior in the code.
qwen2.5:14b,A,7181,Enhance USB Mass Storage driver Request Sense information handling (Bugzilla Bug 782),mdemodulepkg,False,1.0,It is a genuine bug report related to an EDK II package.
qwen2.5:14b,A,9599,Execution of main.efi (AppPkg) - allocated memory pool (LoaderData) will not be freed (Bugzilla Bug 781),apppkg,False,1.0,It describes a genuine memory leak issue in the AppPkg package.
qwen2.5:14b,A,7180,[BaseTools] BuildRuleFamily doesn't work on INF [Sources] section (Bugzilla Bug 780),basetools,False,1.0,"It describes a specific build issue with BaseTools, which is related to EDK II build infrastructure."
qwen2.5:14b,A,7179,[Shell] The result of OpenVolume should be checked within EfiShellOpenRootByHandle() (Bugzilla Bug 779),shellpkg,False,1.0,It is a genuine bug report related to EDK II's Shell package.
qwen2.5:14b,A,7178,Guid.xref doesn't contain information from FILE statements in FDF file. (Bugzilla Bug 778),basetools,False,1.0,It is a genuine bug report related to EDK II build tools.
qwen2.5:14b,A,7177,Environment variables like CWD and LastError cannot be created using the set command (Bugzilla Bug 777),shellpkg,False,1.0,It is a genuine bug report related to EDK II's shell package.
qwen2.5:14b,A,7176,AP in ApInHltLoop mode cannot be initialized with different configuration from BSP (Bugzilla Bug 776),ueficpupkg,False,1.0,It is a genuine bug report related to EDK II firmware components.
qwen2.5:14b,A,7174,CVfrStringDB::SetStringFileName will cause memory leak (Bugzilla Bug 771),basetools,False,1.0,It describes a genuine bug with enough context to be reproducible.
qwen2.5:14b,A,7173,Some core used MMIO is not reported as MMIO in GCD (Bugzilla Bug 770),pcatchipsetpkg,False,1.0,It is a genuine bug report related to EDK II firmware components.
qwen2.5:14b,A,7172,Fix markdown formatting issues in QuarkPlatformPkg Readme.md (Bugzilla Bug 769),quarkplatformpkg,False,1.0,It is a genuine bug report related to fixing markdown formatting issues in an EDK II package.
qwen2.5:14b,A,7171,Clean up Quark boot mode handling including boot modes that should perform minimum connects (Bugzilla Bug 768),quarkplatformpkg,False,1.0,It is a genuine bug report related to firmware development.
qwen2.5:14b,A,7170,Add verification of Max LUN value from a USB Mass Storage device (Bugzilla Bug 767),mdemodulepkg,False,1.0,It is a genuine bug report related to firmware functionality.
qwen2.5:14b,A,7169,Fix USB Mass Storage device detection in UsbMassStorageDxe (Bugzilla Bug 766),mdemodulepkg,False,1.0,It is a genuine bug report related to EDK II firmware component.
qwen2.5:14b,A,7168,Remove extra calls to ConnectController() from StartImage() for UEFI Applications (Bugzilla Bug 765),mdemodulepkg,False,1.0,It is a genuine bug report related to EDK II package code.
qwen2.5:14b,A,7167,memory leak on VfrUtilityLib.cpp (Bugzilla Bug 764),basetools,False,1.0,It describes a genuine bug report with sufficient context.
qwen2.5:14b,A,9598,Update ApplyMemoryProtectionPolicy() to use GCD services instead of gCPU service (Bugzilla Bug 763),mdemodulepkg,False,1.0,It is a genuine bug report related to EDK II firmware development.
qwen2.5:14b,A,9597,Refine the codes discussed at https://lists.01.org/pipermail/edk2-devel/2017-November/017063.html (Bugzilla Bug 762),mdemodulepkg,False,1.0,The issue is related to refining codes in a specific package and appears to be a genuine bug report or improvement request.
qwen2.5:14b,A,7166,PCANSI terminal character mappings for TRIANGLE and ARROW glyphs are not correct (Bugzilla Bug 761),mdemodulepkg,False,1.0,It is a genuine bug report related to character mappings in a specific EDK II package.
qwen2.5:14b,A,9596,Issue building UDK2017 with DDK3790 or DDK7760 (Bugzilla Bug 760),mdemodulepkg,False,1.0,"It describes a build issue with specific tool versions, which is relevant to EDK II."
qwen2.5:14b,A,7165,[Build] doesn't re-build UNI file (Bugzilla Bug 759),basetools,False,1.0,It describes a build issue related to EDK II build tools.
qwen2.5:14b,A,7164,Clang38 build fails in shell UefiShellDebug1CommandsLib/HexEdit/MemImage.c (Bugzilla Bug 758),shellpkg,False,1.0,"It describes a build failure with Clang38 in the shell package, which is relevant to EDK II."
qwen2.5:14b,A,9595,Single-step doesn't work as expected in SMM exception handler if PcdCpuSmmProfileEnable is TRUE (Bugzilla Bug 757),ueficpupkg,False,1.0,"It describes a specific issue with the SMM exception handler in EDK II firmware, which is relevant to the project."
qwen2.5:14b,A,9594,SMM exception handler doesn't check condition of executing fxsave/fxrstor (Bugzilla Bug 756),ueficpupkg,False,1.0,It is a genuine bug report related to EDK II firmware functionality.
qwen2.5:14b,A,7163,Stuck when building EmulatorPkg/Sec.inf (Bugzilla Bug 755),emulatorpkg,False,1.0,It is a genuine bug report related to building an EDK II package.
qwen2.5:14b,A,7162,ShellPkg/dh: PciRootBridgeIo dump output is corrupted. (Bugzilla Bug 754),shellpkg,False,1.0,It describes a specific bug in the ShellPkg package.
qwen2.5:14b,A,7161,UEFI memory map regression (runtime code entry splitting) introduced by c1cab54ce57c (Bugzilla Bug 753),ueficpupkg,False,1.0,It describes a genuine bug report with enough context and is related to EDK II firmware development.
qwen2.5:14b,A,7160,[MdePkg/PciExpress21.h] typo in PCI_REG_PCIE_SLOT_CONTROL (Bugzilla Bug 752),mdepkg,False,1.0,It is a genuine bug report related to EDK II code with enough information.
qwen2.5:14b,A,7159,An untested memory might not be covered by the SMM page protection. (Bugzilla Bug 751),ueficpupkg,False,1.0,It is a genuine bug report related to EDK II firmware functionality.
qwen2.5:14b,A,7158,Qemu crash when run LUV variable testing in KVM mode with SMM enabled OVMF image (Bugzilla Bug 750),ovmfpkg,False,1.0,It is a genuine bug report related to EDK II package.
qwen2.5:14b,A,7157,Ovmf Non-Volatile Variables file cannot work after reconnect -r (Bugzilla Bug 749),ovmfpkg,False,1.0,It is a genuine bug report related to EDK II's OVMF package.
qwen2.5:14b,A,7155,measure temp SEC/PEI stack usage; grow temp SEC/PEI RAM (Bugzilla Bug 747),ovmfpkg,False,1.0,It is a genuine bug report related to firmware development.
qwen2.5:14b,A,7154,System hangs if reconnect -r on OVMF with -machine q35 and -hda (Bugzilla Bug 746),ovmfpkg,False,1.0,It is a genuine bug report related to EDK II package.
qwen2.5:14b,A,7153,ifconfig fails to get an IP address (Bugzilla Bug 745),mdemodulepkg,True,0.9,"The issue is about ifconfig failing to get an IP address, which is unrelated to EDK II firmware development."
qwen2.5:14b,A,7152,ASSERT in HttpInitMsgParser (Bugzilla Bug 744),networkpkg,False,1.0,It describes a genuine bug in the HttpInitMsgParser of the networkpkg package.
qwen2.5:14b,A,7151,Target IP given in Attempt1 is taken as default for all other Attempts. (Bugzilla Bug 743),networkpkg,False,0.95,The issue describes a specific bug in the networkpkg package.
qwen2.5:14b,A,7150,Memory Use-after-free happens when close ExitBootServiceEvent twice in IScsiMisc.c (Bugzilla Bug 742),networkpkg,False,1.0,It describes a genuine bug with specific details and is related to EDK II firmware development.
qwen2.5:14b,A,7149,UefiLib.c Compilation failure under macOS High Sierra/Xcode9 (Bugzilla Bug 741),mdepkg,False,1.0,It describes a compilation failure which is relevant to EDK II build infrastructure.
qwen2.5:14b,A,7148,INIT_CAR_VALUE should be defined in a central location (Bugzilla Bug 740),mdemodulepkg,False,1.0,It is a genuine bug report related to EDK II package.
qwen2.5:14b,A,7147,Disable Bus Master on all P2P bridges at ExitBootServices (Bugzilla Bug 739),mdemodulepkg,False,1.0,It is a genuine bug report related to EDK II firmware functionality.
qwen2.5:14b,A,7146,OVMF build failure (Bugzilla Bug 737),ovmfpkg,False,1.0,It describes a build failure for an EDK II package.
qwen2.5:14b,A,7145,OVMF platform boot hang with assert in MtrrLib on QEMU (Bugzilla Bug 735),ueficpupkg,False,1.0,It describes a specific bug with OVMF platform boot hang and an assert in MtrrLib on QEMU.
qwen2.5:14b,A,7144,"BaseTools: when use ""FV_EXT_ENTRY_TYPE"" as keyword, build tool report failure (Bugzilla Bug 734)",basetools,False,1.0,"It describes a specific build issue with BaseTools, which is related to EDK II build infrastructure."
qwen2.5:14b,A,7143,ConvertDevicePathToText() buffer overflow and return wrong string in Defer3rdPartyImageLoad.c (Bugzilla Bug 733),mdemodulepkg,False,1.0,It describes a genuine bug with specific details and is related to EDK II firmware development.
qwen2.5:14b,A,7142,Display Initiator IP when DHCP enabled (Bugzilla Bug 732),networkpkg,False,1.0,It is a genuine bug report related to an EDK II package.
qwen2.5:14b,A,7141,"Shell Command ""vol -n xxx"" assert on OVMF platform (Bugzilla Bug 731)",edkshellpkg,False,1.0,It is a genuine bug report related to EDK II shell command on OVMF platform.
qwen2.5:14b,A,7140,"ShellLib: InternalShellIsHexOrdecimalNumber should return FALSE if a string contains ""-"" only (Bugzilla Bug 730)",shellpkg,False,1.0,It is a genuine bug report related to EDK II firmware development.
qwen2.5:14b,A,9593,USB Enumeration (Bugzilla Bug 729),mdemodulepkg,False,1.0,"The issue is related to USB enumeration in a specific EDK II package and has multiple comments, indicating it's a genuine bug report."
qwen2.5:14b,A,7139,OvmfPkg/PlatformPei: set PcdOptionRomImageVerificationPolicy to DENY_EXECUTE_ON_SECURITY_VIOLATION if SEV is active (Bugzilla Bug 728),ovmfpkg,False,1.0,"It describes a specific bug fix for OVMF package, which is related to EDK II firmware development."
qwen2.5:14b,A,7138,VariableSmm MorLockInit(): create MORLock only if / after MOR exists (Bugzilla Bug 727),mdemodulepkg,False,1.0,It is a genuine bug report related to EDK II firmware development.
qwen2.5:14b,A,7137,"PcdGet64 function is used in multi threads code, system may in non-deterministic behavior when get dynamic PCD. (Bugzilla Bug 726)",ueficpupkg,False,1.0,"It describes a potential concurrency issue with PcdGet64 function usage, which is relevant to EDK II firmware development."
qwen2.5:14b,A,7136,[UdfDxe] Cannot access the file system created by UdfDxe for a DVD (Bugzilla Bug 725),mdemodulepkg,False,1.0,It is a genuine bug report related to EDK II package functionality.
qwen2.5:14b,A,7135,CpuDxe driver assert on IA32 platforms (Bugzilla Bug 724),ueficpupkg,False,1.0,It is a genuine bug report related to an EDK II package.
qwen2.5:14b,A,7133,The DP command implementation is duplicated (Bugzilla Bug 721),shellpkg,False,1.0,It describes a genuine bug report related to firmware development.
qwen2.5:14b,A,7132,PciBusDxe: assertion failure with multiple paddings in the same PCI resource tree (Bugzilla Bug 720),mdemodulepkg,False,1.0,It is a genuine bug report related to EDK II firmware development.
qwen2.5:14b,A,7131,SNP transmit error print is coming in success cases also (Bugzilla Bug 719),mdemodulepkg,False,0.95,"The issue describes a specific bug in the SNP transmit error print functionality, which is relevant to EDK II firmware development."
qwen2.5:14b,A,7130,Redundant condition check in UefiPxeBcDxe (Bugzilla Bug 718),networkpkg,False,1.0,It is a genuine bug report related to EDK II firmware development.
qwen2.5:14b,A,7129,CLANG38 build fails on DmpStore.c (Bugzilla Bug 716),shellpkg,False,1.0,It describes a build failure related to EDK II.
qwen2.5:14b,A,7128,BdsEntry initialization deletes boot next too early (Bugzilla Bug 715),mdemodulepkg,False,1.0,It is a genuine bug report related to EDK II firmware component.
qwen2.5:14b,A,9592,FvInfo PPI and FvInfo2 PPI report wrong information (Bugzilla Bug 712),mdemodulepkg,False,1.0,It is a genuine bug report related to EDK II firmware components.
qwen2.5:14b,A,7127,NetbufTrim accesses invalid memory (Bugzilla Bug 711),mdemodulepkg,False,1.0,It is a genuine bug report related to EDK II firmware development.
qwen2.5:14b,A,7126,IPv6 support condition check for HTTP and ISCSI (Bugzilla Bug 710),networkpkg,False,1.0,It is a genuine bug report related to EDK II package.
qwen2.5:14b,A,7124,"[Partition] InstallUdfChildHandles() should create child BLK for the portion covered by LVD, not the entire media (Bugzilla Bug 707)",mdemodulepkg,False,1.0,It is a genuine bug report related to firmware functionality.
qwen2.5:14b,A,7122,Path string buffer left overflow in PathCleanUpDirectories() (Bugzilla Bug 705),mdepkg,False,1.0,It describes a genuine security vulnerability in the PathCleanUpDirectories() function.
qwen2.5:14b,A,7121,"""Null-Pointer-Use"" undefined behavior in MdeModulePkg/Universal/Disk/UdfDxe/File.c (Bugzilla Bug 704)",mdemodulepkg,False,1.0,"It describes a specific undefined behavior in the code, which is relevant to firmware development."
qwen2.5:14b,A,7119,The undefined behavior about left shift a negative signed value in PrintLibInternal.c (Bugzilla Bug 702),mdepkg,False,1.0,It describes a genuine bug related to undefined behavior in the code.
qwen2.5:14b,A,7117,"""unused-const-variable"" warning for DEBUG-oriented CONST variables breaks RELEASE builds with gcc-6+ (Bugzilla Bug 700)",basetools,False,1.0,It describes a genuine build issue related to EDK II build tools.
qwen2.5:14b,A,7116,undefined behavior of left shift of int 1 by 31 in AhciMode.c (Bugzilla Bug 699),mdemodulepkg,False,1.0,"It describes a specific coding issue within an EDK II package, likely a genuine bug report."
qwen2.5:14b,A,7115,The undefined behavior of left shift a negative signed value in DxeNetLib.c (Bugzilla Bug 698),mdemodulepkg,False,1.0,"It describes a specific undefined behavior in the code, which is relevant to firmware development."
qwen2.5:14b,A,7114,undefined behavior of left shift of int 1 by 31 (Bugzilla Bug 697),mdemodulepkg,False,1.0,"It describes a specific bug in the code related to an undefined behavior of left shift operation, which is relevant to EDK II firmware development."
qwen2.5:14b,A,7113,Ip4Driver.c: error: passing argument 3 of ‘gBS->LocateProtocol’ from incompatible pointer type (Bugzilla Bug 696),mdemodulepkg,False,1.0,"It describes a specific build error related to EDK II code, which is relevant for the project."
qwen2.5:14b,A,7112,The undefined behavior about left shift a negative signed value in Tpl.c (Bugzilla Bug 695),mdemodulepkg,False,1.0,"It describes a specific undefined behavior in the code, which is relevant to firmware development."
qwen2.5:14b,A,7111,BdsDxe boot maintenance (Bugzilla Bug 694),intelframeworkmodulepkg,False,1.0,The issue is related to EDK II package and described as a bug.
qwen2.5:14b,A,7110,BdsDxe bootoption handling (Bugzilla Bug 693),intelframeworkmodulepkg,False,1.0,The issue is related to a specific package and is marked as a bug.
qwen2.5:14b,A,7109,BaseTools: same region print twice in the build log (Bugzilla Bug 692),basetools,False,1.0,It describes a reproducible issue in BaseTools package.
qwen2.5:14b,A,7108,AppPkg/Applications/Sockets/WebServer fails to build after commit e25352c207cc (Bugzilla Bug 691),ueficpupkg,False,1.0,"It describes a build failure after a specific commit, which is relevant to EDK II."
qwen2.5:14b,A,7107,Read BufferOverflow in EfiShellGetDevicePathFromFilePath (Bugzilla Bug 690),shellpkg,False,1.0,It is a genuine bug report related to EDK II firmware development.
qwen2.5:14b,A,7106,Build: -h help info need update (Bugzilla Bug 688),basetools,False,1.0,It is a genuine bug report related to updating help information in EDK II build tools.
qwen2.5:14b,A,7105,Improper bounds checking within Tianocompress and Ueficompress leads to heap and stack based overflow (Bugzilla Bug 686),basetools,False,1.0,It describes a real security vulnerability related to EDK II build tools.
qwen2.5:14b,A,7104,[PCI] Add S3PciSegmentLib library class and instance (Bugzilla Bug 685),mdepkg,False,1.0,It is a genuine bug report related to EDK II firmware development.
qwen2.5:14b,A,7103,[PCI] Add PciSegmentLib that supports multi-segment platforms. (Bugzilla Bug 684),mdepkg,False,1.0,It is a genuine feature request related to EDK II firmware development.
qwen2.5:14b,A,7102,Incorrect handling of Ctrl+<Alpha-Key> key strokes by Edit and HexEdit commands (Bugzilla Bug 682),shellpkg,False,1.0,It is a genuine bug report related to EDK II package functionality.
qwen2.5:14b,A,7101,HiiValidateSettings issue with string item (Bugzilla Bug 681),mdemodulepkg,False,1.0,It is a genuine bug report related to EDK II firmware development.
qwen2.5:14b,A,7100,SecurityPkg package build excludes ARM/AARCH64 with no good reason (Bugzilla Bug 680),securitypkg,False,1.0,"The issue describes a build exclusion problem for specific architectures in an EDK II package, which is relevant to the project."
qwen2.5:14b,A,7097,"StdLib build failures (AARCH64, NOOPT, GCC5, gcc-6.1.1) (Bugzilla Bug 677)",stdlib,False,1.0,"It describes a build failure for the stdlib package, which is relevant to EDK II."
qwen2.5:14b,A,7096,Support LLVM39 and LLVM40 build with CLANG38 toolchain (Bugzilla Bug 676),basetools,False,1.0,The issue relates to EDK II build infrastructure and toolchain support.
qwen2.5:14b,A,7095,Bus Master Enable bit should not be set on P2P bridges by default. (Bugzilla Bug 675),mdemodulepkg,False,1.0,It is a genuine bug report related to EDK II firmware functionality.
qwen2.5:14b,A,7094,Add CPUID check for MCA support before accessing MCA MSRs (Bugzilla Bug 674),ueficpupkg,False,1.0,It is a genuine bug report related to CPUID check and MCA support in the ueficpu package.
qwen2.5:14b,A,7093,"Website have misconfigured HTTPS settings, misses HSTS, hsts preload, ... (Bugzilla Bug 672)",-,True,1.0,"The issue is about HTTPS settings and HSTS for a website, unrelated to EDK II firmware development."
qwen2.5:14b,A,7092,GCC5 linker with LTO enabled miscompiles function address reference in MpInitLib (Bugzilla Bug 671),basetools,False,1.0,It describes a genuine bug related to EDK II build tools and compiler issues.
qwen2.5:14b,A,7091,Add multi-arg support to PREBUILD/POSTBUILD in DSC file [Defines] section (Bugzilla Bug 670),basetools,False,1.0,It is a legitimate feature request for EDK II's build tools.
qwen2.5:14b,A,7090,PERF_CUM_DATA.MinDur for custom cumulative data is not initialized correctly (Bugzilla Bug 668),shellpkg,False,1.0,It describes a specific bug in the shellpkg package.
qwen2.5:14b,A,7089,double free pages on LoadImage failure path. (Bugzilla Bug 667),mdemodulepkg,False,1.0,It describes a genuine bug related to EDK II firmware development.
qwen2.5:14b,A,7088,[BaseTools] EfiRom: Add multiple device id support (Bugzilla Bug 666),basetools,False,1.0,It is a genuine bug report related to EDK II build tools.
qwen2.5:14b,A,7087,"PciSegmentLibConstructor line 94 ""Descriptors++;"" will fail if optional values are encountered (Bugzilla Bug 665)",mdepkg,False,1.0,It is a genuine bug report related to EDK II firmware development.
qwen2.5:14b,A,7086,[Shell] UnicodeCollation->StriColl() should be used to replace StrinCmp in UefiShellLevel2CommandsLib (Bugzilla Bug 664),shellpkg,False,1.0,It is a genuine bug report related to EDK II firmware development.
qwen2.5:14b,A,7085,Xcode: Mtoc makes the PE/COFF DebugDirectory entry too big. Adjust the loops in PeCoffLoaderGetImageInfo() (Bugzilla Bug 663),mdepkg,False,1.0,It describes a specific issue related to EDK II build process and tooling.
qwen2.5:14b,A,7084,"Installing compressed FVs/nested FVs before Tcg2Pei runs will cause unnecessary hashing, extending, and logging leading to slower boot (Bugzilla Bug 662)",securitypkg,False,1.0,It describes a specific issue related to firmware functionality and performance.
qwen2.5:14b,A,7082,EFI_SYSTEM_CONTEXT_AARCH64 declaration interferes with Windows declarations (Bugzilla Bug 660),mdepkg,False,1.0,It is a genuine bug report related to EDK II package.
qwen2.5:14b,A,7081,"Shell command ""edit"" cause system reset if text mode column is bigger than 200. (Bugzilla Bug 659)",shellpkg,False,1.0,It describes a specific bug with reproducible conditions in the shellpkg package.
qwen2.5:14b,A,7080,Segmentation fault: 11 when build AppPkg (Bugzilla Bug 658),apppkg,False,0.95,"The issue describes a segmentation fault during build, which is likely a genuine bug report."
qwen2.5:14b,A,7079,CentOS 7 QEMU/KVM hang immediately when attempting to boot EDK2.GIT UEFI VMs. (Bugzilla Bug 657),ovmfpkg,False,0.95,"The issue describes a specific problem with booting EDK2 on CentOS 7 QEMU/KVM, which is related to firmware development."
qwen2.5:14b,A,7078,PciBusDxe: please honor Bus Number padding requests for non-root hotplug controllers as well (Bugzilla Bug 656),mdemodulepkg,False,1.0,It is a genuine bug report related to EDK II firmware components.
qwen2.5:14b,A,7077,"[Shell] Support dumping detailed information of PartitionInfo protocol in ""dh"" command (Bugzilla Bug 655)",shellpkg,False,1.0,It is a genuine bug report related to EDK II's Shell package.
qwen2.5:14b,A,7076,Read BufferOverflow in EfiShellGetFilePathFromDevicePath() (Bugzilla Bug 654),shellpkg,False,1.0,It is a genuine bug report related to EDK II firmware development.
qwen2.5:14b,A,7075,Incorrect description of Timeout parameter in XhciReg.h (Bugzilla Bug 653),mdemodulepkg,False,1.0,It is a genuine bug report related to EDK II package documentation.
qwen2.5:14b,A,7074,BaseTools: build report failure when Pcd set in FDF file and used as PatchableInModule type in module (Bugzilla Bug 652),basetools,False,1.0,"It describes a build failure related to EDK II BaseTools, which is relevant and specific enough for investigation."
qwen2.5:14b,A,7073,[PciBus] may hang when GetResourcePadding() doesn't put BUS descriptor in very beginning. (Bugzilla Bug 651),mdemodulepkg,False,1.0,It describes a specific bug related to EDK II firmware functionality.
qwen2.5:14b,A,7072,MdeModulePkg MemoryTest drivers should consider EfiGcdMemoryTypeMoreReliable type (Bugzilla Bug 650),mdemodulepkg,False,1.0,It is a genuine bug report related to an EDK II package.
qwen2.5:14b,A,9589,BaseTools: [Binaries] section doesn't support to use Target to filter the files (Bugzilla Bug 649),basetools,False,1.0,It describes a specific issue with BaseTools that affects build processes.
qwen2.5:14b,A,7071,"[Shell] ""dmpstore"" should replace known variable vendor GUID with string in non-SFO mode (Bugzilla Bug 648)",shellpkg,False,1.0,It is a genuine bug report related to the EDK II Shell package.
qwen2.5:14b,A,7070,"[SHell] Align ""dh"" output to EDK Shell ""dh"" (Bugzilla Bug 647)",shellpkg,False,1.0,It is a genuine bug report related to EDK II package.
qwen2.5:14b,A,7069,"[Shell] ""drivers"" should show ""IMAGE NAME"" instead of ""IMAGE PATH"" in non-SFO mode (Bugzilla Bug 646)",shellpkg,False,1.0,It is a specific bug report related to the EDK II Shell package.
qwen2.5:14b,A,7068,"If BABBLE_ERROR occurs during XhcExecTransfer, the EP is halted and must be recovered (Bugzilla Bug 644)",mdemodulepkg,False,1.0,It describes a specific bug related to EDK II firmware functionality.
qwen2.5:14b,A,7067,Add Readme.md to root of edk2 repository (Bugzilla Bug 643),-,True,1.0,"The issue is about adding a README.md file to the root of the repository, which is not a genuine bug report or feature request related to firmware development."
qwen2.5:14b,A,7066,Add License.txt to root and remove duplicate License.txt files in individual packages (Bugzilla Bug 642),shellpkg,False,1.0,It is a genuine bug report related to file management in the EDK II project.
qwen2.5:14b,A,7065,[BaseTools] Remove /Gw option from VS2013 & VS2015 tool chain NOOPT target (Bugzilla Bug 641),basetools,False,1.0,It is a genuine bug report related to EDK II build infrastructure.
qwen2.5:14b,A,7064,Use after free in PciBus DeRegisterPciDevice() function (Bugzilla Bug 640),mdemodulepkg,False,1.0,It describes a genuine security-related bug in an EDK II package.
qwen2.5:14b,A,7063,Use after free in CoreOpenProtocol and CoreCloseProtocol (Bugzilla Bug 639),mdemodulepkg,False,1.0,It describes a genuine security-related bug in an EDK II package.
qwen2.5:14b,A,7062,Use after free in DisconnectAll() (Bugzilla Bug 638),mdemodulepkg,False,1.0,It describes a genuine security-related bug in an EDK II package.
qwen2.5:14b,A,7061,Handle use after free in CoreDisconnectController() (Bugzilla Bug 637),mdemodulepkg,False,1.0,It describes a genuine bug report with a clear title and package.
qwen2.5:14b,A,7060,PXE IPv6 Boot Option missing from Boot Manager after few operations (Bugzilla Bug 636),networkpkg,False,1.0,It is a genuine bug report related to EDK II firmware functionality.
qwen2.5:14b,A,7059,Xcode 9 Beta fails BaseTools tests (Bugzilla Bug 635),basetools,False,1.0,"It describes a build failure with BaseTools, which is relevant to EDK II."
qwen2.5:14b,A,7058,Clang38 build fails with -Wheader-guard warning on AmdSevIoMmu.h (Bugzilla Bug 634),ovmfpkg,False,1.0,It describes a build failure with specific details and is related to EDK II package.
qwen2.5:14b,A,7057,Using break-before-make when updating translation table entries (Bugzilla Bug 633),armpkg,False,1.0,It is a genuine bug report related to EDK II firmware development.
qwen2.5:14b,A,7056,Update edk2 repository to Tiano Contribution Agreement 1.1 (Bugzilla Bug 629),shellpkg,False,1.0,The issue is related to updating the EDK II repository and involves a specific package.
qwen2.5:14b,A,7055,Update PatchCheck.py to support Tiano Contribution Agreement 1.1 (Bugzilla Bug 628),basetools,False,1.0,It is a legitimate feature request to update PatchCheck.py for a new version of the Tiano Contribution Agreement.
qwen2.5:14b,A,7054,PREBUILD and POSTBUILD in DSC [Defines] section fails if Python script is used (Bugzilla Bug 627),basetools,False,1.0,"It describes a specific build issue with PREBUILD and POSTBUILD in DSC files, which is relevant to EDK II build infrastructure."
qwen2.5:14b,A,7053,UEFI AARCH64 code must not use X18 register (Bugzilla Bug 625),armpkg,False,1.0,It is a genuine bug report related to EDK II package.
qwen2.5:14b,A,7052,"memory protection crash in PiSmmCpuDxeSmm, Ia32 build with RAM above 4GB (Bugzilla Bug 624)",ueficpupkg,False,1.0,It describes a specific bug related to memory protection in PiSmmCpuDxeSmm package.
qwen2.5:14b,A,7050,map -r or -u don't work with CDROM (Bugzilla Bug 622),shellpkg,False,1.0,It is a genuine bug report related to EDK II package functionality.
qwen2.5:14b,A,7049,[S3SaveStateDxe] doesn't follow PI spec when handling opcode like EFI_BOOT_SCRIPT_PCI_CONFIG2_WRITE_OPCODE (Bugzilla Bug 621),mdemodulepkg,False,1.0,It is a genuine bug report related to EDK II firmware component.
qwen2.5:14b,A,7048,[BDS] Support to display meaningful description form SD/EMMC boot devices (Bugzilla Bug 620),mdemodulepkg,False,1.0,It is a genuine bug report related to firmware development.
qwen2.5:14b,A,7047,Retire Nt32 version of ResetSystemDxe and implement a Nt32 version of ResetSystemLib (Bugzilla Bug 619),nt32pkg,False,1.0,It is a genuine bug report related to firmware development and package implementation.
qwen2.5:14b,A,9588,Add flash update support in recovery boot path (Bugzilla Bug 618),signedcapsulepkg,False,1.0,It is a genuine feature request related to firmware development.
qwen2.5:14b,A,7046,BaseTools: Update edksetup.bat to expose Rebuild and ForceRebuild option (Bugzilla Bug 616),basetools,False,1.0,It is a genuine bug report related to EDK II build infrastructure.
qwen2.5:14b,A,7045,GenFv: invalid (Section-Alignment == File-Alignment) requirement for UEFI_DRIVER modules (Bugzilla Bug 615),basetools,False,1.0,It is a genuine bug report related to EDK II build tools.
qwen2.5:14b,A,7044,error debug link in BuildGatherList of CapsuleApp.c (Bugzilla Bug 614),mdemodulepkg,False,1.0,It is a genuine bug report related to EDK II source code.
qwen2.5:14b,A,7043,OvmfPkg: E1000_ENABLE: update PROEFI download location & filenames in README and OvmfPkg*.fdf (Bugzilla Bug 613),ovmfpkg,False,1.0,It is a genuine bug report related to updating file references in README and build files.
qwen2.5:14b,A,7042,Cannot change current working dir on EFI Shell 1.x with chdir() (Bugzilla Bug 612),stdlib,False,1.0,It is a genuine bug report related to EDK II's EFI Shell functionality.
qwen2.5:14b,A,7040,dblk ignores BlockIo buffer alignment requirement (Bugzilla Bug 610),shellpkg,False,1.0,It is a genuine bug report related to EDK II firmware development.
qwen2.5:14b,A,9587,[OVMF] Packets may lost if the i82557b network device selected with UndiRuntimeDxe driver (Bugzilla Bug 609),optionrompkg,False,1.0,"It describes a potential bug in the i82557b network device with OVMF, which is related to EDK II firmware development."
qwen2.5:14b,A,7039,[IntelSiliconPkg] Add package DSC file for IntelSiliconPkg (Bugzilla Bug 608),-,False,1.0,"The issue is related to adding a package DSC file for an EDK II package, which involves firmware development."
qwen2.5:14b,A,7038,DEBUG print in AllocatePage causes lock ASSERT (Bugzilla Bug 606),mdemodulepkg,False,1.0,It is a genuine bug report related to EDK II firmware development.
qwen2.5:14b,A,7037,Crypto package (Bugzilla Bug 605),cryptopkg,False,1.0,The issue is related to the EDK II Crypto package and is marked as a closed bug.
qwen2.5:14b,A,7036,Access NULL pointer (Bugzilla Bug 604),pcatchipsetpkg,False,1.0,It describes a genuine bug report involving a NULL pointer access in a specific package.
qwen2.5:14b,A,7034,PI SCT  SmmBase2 protocol test error (Bugzilla Bug 602),-,False,1.0,It is a genuine bug report related to firmware development.
qwen2.5:14b,A,7033,Use-after-free error in InstallConfigurationTable() (Bugzilla Bug 601),mdemodulepkg,False,1.0,It describes a real security vulnerability in an EDK II package.
qwen2.5:14b,A,7032,GenFw Clear unused DEBUG entry in PE image generated by VS tool chain (Bugzilla Bug 600),basetools,False,1.0,It is a genuine bug report related to EDK II build tools.
qwen2.5:14b,A,7031,BaseTools: enhance error message for not supported arch build (Bugzilla Bug 599),basetools,False,1.0,It is a genuine bug report related to BaseTools package.
qwen2.5:14b,A,7030,Missing BaseLib in IntrinsicLib.inf (Bugzilla Bug 596),cryptopkg,False,1.0,It is a genuine bug report related to EDK II firmware development.
qwen2.5:14b,A,7029,[BaseTools] build : stacktrace when trying to use toolchain profile unsupported by target architecture (Bugzilla Bug 595),basetools,False,1.0,"It describes a build issue with BaseTools, which is related to EDK II build infrastructure."
qwen2.5:14b,A,7027,SmmLockBoxDxeLib uses stack for COMM buffer (Bugzilla Bug 593),mdemodulepkg,False,1.0,It is a genuine bug report related to EDK II firmware development.
qwen2.5:14b,A,7026,"BootMaintenanceManager ""Console Standard Error Device Select"" menu Nt32Pkg and OvmfPkg Not Saved in UiApp.inf (Bugzilla Bug 592)",mdemodulepkg,False,1.0,It is a genuine bug report related to firmware behavior.
qwen2.5:14b,A,9586,mSmmFeatureControlSupported check in UefiCpuPkg is not enough. (Bugzilla Bug 591),ueficpupkg,False,1.0,"It describes a specific issue within an EDK II package, indicating it is a genuine bug report."
qwen2.5:14b,A,7025,_ReturnAddress() declaration (Bugzilla Bug 590),mdepkg,False,1.0,It is a genuine bug report related to EDK II package.
qwen2.5:14b,A,7024,alias command does not return lasterror status when it fails to delete an alias (Bugzilla Bug 589),shellpkg,False,1.0,It is a genuine bug report related to EDK II's shell package.
qwen2.5:14b,A,7023,parse command does not work when reading from StdIn input (Bugzilla Bug 588),shellpkg,False,1.0,It is a genuine bug report related to EDK II package functionality.
qwen2.5:14b,A,7022,Useless Status check in SmmIoLibInternalEndOfDxeNotify() of SmmIoLib.c (Bugzilla Bug 587),mdepkg,False,1.0,It is a genuine bug report related to EDK II source code.
qwen2.5:14b,A,7021,OID check in Time based AuthVariable code is not valid (Bugzilla Bug 586),securitypkg,False,1.0,It describes a specific bug in the Time based AuthVariable code within the securitypkg package.
qwen2.5:14b,A,7020,Add /Gw to CC_FLAGS for VS 2013 and higher tool chains (Bugzilla Bug 583),basetools,False,1.0,It is a genuine bug report related to build flags for specific toolchains.
qwen2.5:14b,A,7019,Use /WHOLEARCHIVE in MSFT family DLINK_FLAGS to improve detection of multiple defined symbols (Bugzilla Bug 582),basetools,False,1.0,It is a genuine bug report related to build flags in EDK II basetools.
qwen2.5:14b,A,7018,Add --wholearchive to GCC family DLINK_FLAGS to improve detection of multiply defined symbols (Bugzilla Bug 581),basetools,False,1.0,It is a genuine bug report related to build infrastructure.
qwen2.5:14b,A,7017,[XHCI] host controller driver doesn't clean the IntTransfer when cancelling the Async Int Transfer (Bugzilla Bug 580),mdemodulepkg,False,1.0,It is a genuine bug report related to an EDK II package.
qwen2.5:14b,A,7016,MAX_PATH is too short for VfrCompile (Bugzilla Bug 579),basetools,False,1.0,It describes a genuine build issue with the VfrCompile tool.
qwen2.5:14b,A,9585,Exception handler count is hard-coded and repeated in a number of places. (Bugzilla Bug 578),ueficpupkg,False,1.0,It describes a genuine issue within an EDK II package.
qwen2.5:14b,A,7015,SmmIsBufferOutsideSmmValid() should not ASSERT. (Bugzilla Bug 577),mdepkg,False,1.0,It is a genuine bug report related to EDK II firmware development.
qwen2.5:14b,A,7014,shell readme is out of date (Bugzilla Bug 576),edkshellpkg,False,1.0,It describes an outdated documentation issue which is a valid bug report.
qwen2.5:14b,A,7013,[UefiCpuPkg] Support X2APIC enable in after MP service is ready (Bugzilla Bug 575),ueficpupkg,False,1.0,It describes a specific feature request related to EDK II firmware development.
qwen2.5:14b,A,7012,HTTPBoot server setup in Home Environment (Bugzilla Bug 574),networkpkg,False,1.0,"The issue is related to EDK II package and describes a setup problem, likely a bug report."
qwen2.5:14b,A,7011,Fix XCODE5 build issue in SourceLevelDebugPkg when building OVMF with -D SOURCE_DEBUG_ENABLE (Bugzilla Bug 573),sourceleveldebugpkg,False,1.0,It is a genuine bug report related to EDK II build issue with specific package and condition.
qwen2.5:14b,A,7010,Fix XCODE5 build issues with MdeModulePkg builds (Bugzilla Bug 572),mdemodulepkg,False,1.0,"It describes a build issue with MdeModulePkg, which is related to EDK II."
qwen2.5:14b,A,7009,"Pressing ESC from ""PXE windows Boot manager"" causes ASSERT (Bugzilla Bug 571)",networkpkg,False,1.0,It describes a specific bug related to firmware behavior.
qwen2.5:14b,A,7008,Use PdbStringOffset to get PDB info in MemoryProfileInfo (Bugzilla Bug 570),mdemodulepkg,False,1.0,It is a genuine bug report related to EDK II package.
qwen2.5:14b,A,7007,Current SMI handler profile handles no PDB case incorrectly (Bugzilla Bug 569),mdemodulepkg,False,1.0,It is a genuine bug report related to an EDK II package.
qwen2.5:14b,A,7006,Update SMI handler profile data structure to use fixed data type and be natural aligned (Bugzilla Bug 568),mdemodulepkg,False,1.0,It is a genuine bug report related to EDK II package.
qwen2.5:14b,A,7005,String read buffer overflow in BasePrintLibSPrintMarker() (Bugzilla Bug 567),mdepkg,False,1.0,It describes a real security vulnerability in EDK II code.
qwen2.5:14b,A,7004,String buffer read overflow in InternalShellPrintWorker() (Bugzilla Bug 566),shellpkg,False,1.0,It describes a genuine security-related bug in an EDK II package.
qwen2.5:14b,A,7003,Fix X64 XCODE5/NASM compatibility issue in UefiCpuPkg MpInitLib (Bugzilla Bug 565),ueficpupkg,False,1.0,It is a genuine bug report related to EDK II package and build compatibility.
qwen2.5:14b,A,9584,XCODE tool chain not compatible with 4KB aligned PE/COFF sections (Bugzilla Bug 564),basetools,False,1.0,"The issue describes a compatibility problem with the XCODE toolchain and PE/COFF sections, which is relevant to EDK II build infrastructure."
qwen2.5:14b,A,7000,Add -D NO_MSABI_VAARGS define to CC_FLAGS for X64 XCODE5 builds (Bugzilla Bug 561),basetools,False,1.0,It is a genuine bug report related to build flags for specific builds.
qwen2.5:14b,A,6999,Use FINIT instead of define bytes in X64 specific BaseUefiCpuLib InitializeFpu.nasm file (Bugzilla Bug 560),ueficpupkg,False,1.0,It is a genuine bug report related to EDK II package code.
qwen2.5:14b,A,6998,Add XCODE specific [BuildOptions] to prevent OVMF build breaks (Bugzilla Bug 559),ovmfpkg,False,1.0,The issue is related to EDK II build infrastructure and describes a specific problem with OVMF builds in XCODE.
qwen2.5:14b,A,6997,Update .gitignore for macOS to ignore .DS_Store files (Bugzilla Bug 558),-,True,0.9,"The issue is about updating .gitignore for macOS, which is unrelated to EDK II firmware development."
qwen2.5:14b,A,6996,Use .rodata instead of .rdata in BaseUefiCpuLib NASM files to address XCODE5 build failures (Bugzilla Bug 556),ueficpupkg,False,1.0,It describes a specific build issue with a proposed fix.
qwen2.5:14b,A,6995,Add missing JMP instruction in IA32 version of SmiEntry.S in PiSmmCpuDxeSmm (Bugzilla Bug 555),ueficpupkg,False,1.0,It is a genuine bug report related to EDK II firmware code.
qwen2.5:14b,A,6994,Return an error instead if ASSERT() from LogoDxe if HII Image Package is not found (Bugzilla Bug 554),mdemodulepkg,False,1.0,It describes a specific bug in LogoDxe related to ASSERT() and HII Image Package handling.
qwen2.5:14b,A,6993,Remove left shift of negative value from PcAtChipsetPkg SerialIoLib for XCODE5 compatibility (Bugzilla Bug 553),pcatchipsetpkg,False,1.0,It is a genuine bug report related to EDK II package and build compatibility.
qwen2.5:14b,A,6992,Variable return size issue in BmCollectKeyOptions() (Bugzilla Bug 547),mdemodulepkg,False,1.0,It is a genuine bug report related to an EDK II package.
qwen2.5:14b,A,6986,consume FIT table for Microcode udpate (Bugzilla Bug 540),ueficpupkg,False,1.0,It is a genuine bug report related to an EDK II package.
qwen2.5:14b,A,9581,[BaseTools] GenFw : a heap corruption detected at GenFw.c:2691 (Bugzilla Bug 539),basetools,False,1.0,It describes a genuine bug with specific details about heap corruption in GenFw.c.
qwen2.5:14b,A,6985,[BaseTools] Split : a segmentation fault in GetSplitValue () at Split.c:106 (Bugzilla Bug 538),basetools,False,1.0,It describes a genuine bug with specific details and is related to EDK II build infrastructure.
qwen2.5:14b,A,6984,[BaseTools] GenSec : a segmentation fault in main () at GenSec.c:1123 (Bugzilla Bug 537),basetools,False,1.0,"It describes a genuine build issue with BaseTools, which is part of EDK II infrastructure."
qwen2.5:14b,A,6983,[BaseTools] GenFfs : a segmentation fault from vsprintf()/vfprintf() (Bugzilla Bug 536),basetools,False,1.0,It describes a genuine bug with BaseTools and provides context for investigation.
qwen2.5:14b,A,6982,[BaseTools] GenCrc32: a buffer overflow in CalculateCrc32 () at Crc32.c:313 (Bugzilla Bug 535),basetools,False,1.0,It describes a genuine bug report with enough information to investigate.
qwen2.5:14b,A,6981,[BaseTools] EfiRom :  a segmentation fault from vsprintf()/vfprintf() (Bugzilla Bug 534),basetools,False,1.0,It describes a genuine bug report with a reproducible problem in BaseTools.
qwen2.5:14b,A,6980,[BaseTools] EfiLdrImage : a segmentation fault from vfprintf() (Bugzilla Bug 533),basetools,False,1.0,It describes a genuine bug with BaseTools and includes details for investigation.
qwen2.5:14b,A,6979,[BaseTools] VfrCompile :  a segmentation fault in CVfrCompiler::GenRecordListFile() at VfrCompiler.cpp:929 (Bugzilla Bug 532),basetools,False,1.0,"It describes a specific build issue with BaseTools, which is related to EDK II build infrastructure."
qwen2.5:14b,A,6978,Memory leak in SmiHandlerProfile related code (Bugzilla Bug 530),mdemodulepkg,False,1.0,It describes a genuine bug report related to EDK II firmware development.
qwen2.5:14b,A,6977,Inconsistent usage of LineWidth for options cause incorrect  UI display of some menu (Bugzilla Bug 529),mdemodulepkg,False,1.0,It describes a genuine bug related to UI display in the EDK II package.
qwen2.5:14b,A,6975,[MtrrLib] wronlgy reports OutOfResource when the actual required MTRR number is less than HW capacity (Bugzilla Bug 526),ueficpupkg,False,1.0,It describes a genuine bug with specific details about MtrrLib behavior.
qwen2.5:14b,A,6974,"SMBIOS installed as configuration table, instead of using SmbiosDxe protocol (Bugzilla Bug 525)",corebootmodulepkg,False,1.0,It is a genuine bug report related to EDK II firmware component.
qwen2.5:14b,A,6973,error: device tree must be supplied (Bugzilla Bug 524),armvirtpkg,False,1.0,It is a genuine bug report related to EDK II package.
qwen2.5:14b,A,6972,[BaseTools] GenFw: A segmentation fault caused by dereferencing invalid pointer in ElfConvert.c::CoffAddFixupEntry() (Bugzilla Bug 516),-,False,1.0,It describes a genuine bug with BaseTools and provides context for investigation.
qwen2.5:14b,A,6971,[BaseTools] GenFw: A segmentation fault caused by memcpy in Elf32Convert.c::WriteSections32() (Bugzilla Bug 515),basetools,False,1.0,It describes a genuine bug with specific technical details and is related to EDK II build tools.
qwen2.5:14b,A,6970,ASSERT in DxeServicesLib:InternalGetSectionFromFv (Bugzilla Bug 514),mdepkg,False,1.0,It describes a genuine bug with specific package and state.
qwen2.5:14b,A,6968,[PiSmmCpuDxeSmm] gSmst->SmmStartupThisAp failed in ConfigSmmCodeAccessCheck() if PcdCpuHotPlugSupport is TRUE (Bugzilla Bug 512),ueficpupkg,False,1.0,It describes a specific bug related to EDK II firmware functionality.
qwen2.5:14b,A,6967,Recent change to UefiCpuPkg/CpuDxe causes assert in CbSupportDxe (Bugzilla Bug 511),corebootmodulepkg,False,1.0,It describes a genuine bug report with a reproducible problem.
qwen2.5:14b,A,6966,Interval for iscoh endpoint context in XHCI (Bugzilla Bug 510),mdemodulepkg,False,1.0,It is a genuine bug report related to EDK II firmware development.
qwen2.5:14b,A,6965,[MpInitLib] Set AP state after X2APIC mode enabled (Bugzilla Bug 505),ueficpupkg,False,1.0,It is a genuine bug report related to EDK II firmware development.
qwen2.5:14b,A,6964,[PeCoffGetEntryPointLib] Fix spelling issue (Bugzilla Bug 503),mdepkg,False,1.0,It is a genuine bug report with a fix for a spelling issue.
qwen2.5:14b,A,6963,build.py: [patch] typo in function name (LanuchPostbuild => LaunchPostbuild) (Bugzilla Bug 502),basetools,False,1.0,It is a genuine bug report with a clear typo fix in the build tool.
qwen2.5:14b,A,6962,Can not build AppPkg when set toolchain to XCODE5 (Bugzilla Bug 501),mdepkg,False,1.0,"It describes a build issue with a specific toolchain, which is relevant to EDK II."
qwen2.5:14b,A,6961,[UefiCpuPkg/CpuMpPei] Borrow the space below 1MB for AP reset vector (Bugzilla Bug 500),ueficpupkg,False,1.0,It is a genuine bug report related to EDK II firmware development.
qwen2.5:14b,A,6960,Incorrect RemoveEntryList causes exception in the Transmit error path for Ip4Dxe (Bugzilla Bug 499),mdemodulepkg,False,1.0,It is a genuine bug report related to EDK II firmware component.
qwen2.5:14b,A,6959,build.py: hardcoded /bin/bash for PreBuild/PostBuild scripts is not good (Bugzilla Bug 498),basetools,False,1.0,It describes a genuine issue with build scripts in EDK II's basetools package.
qwen2.5:14b,A,6958,[MpInitLib] programming virtual wired mode on BSP (Bugzilla Bug 496),ueficpupkg,False,1.0,It is a genuine bug report related to EDK II firmware development.
qwen2.5:14b,A,6957,BaseTools: VolInfo --hash option report failure when the OPENSSL_PATH has space characters (Bugzilla Bug 495),basetools,False,1.0,It describes a specific build issue with BaseTools related to environment variables containing spaces.
qwen2.5:14b,A,6956,Error Status value may be overridden by error handling in UfsHcDriverBindingStart (Bugzilla Bug 494),mdemodulepkg,False,1.0,It is a genuine bug report related to EDK II firmware development.
qwen2.5:14b,A,6955,"""PCI"" command doesn't show the PCIE extended configuration content (Bugzilla Bug 493)",shellpkg,False,1.0,It is a genuine bug report related to EDK II firmware functionality.
qwen2.5:14b,A,6954,TerminalDxe occupies too much volatile variable storage for ConInDev/ConOutDev/ErrOutDev (Bugzilla Bug 492),mdemodulepkg,False,1.0,It is a genuine bug report related to EDK II package.
qwen2.5:14b,A,6953,move generic function - OpalIsValidMmioSpace from OPAL driver to library (Bugzilla Bug 491),securitypkg,False,1.0,It is a genuine bug report related to moving a function from a driver to a library.
qwen2.5:14b,A,6952,SUT hangs after performing a warm boot. (Bugzilla Bug 489),networkpkg,False,0.95,The issue describes a specific problem with the network package and is likely a genuine bug report.
qwen2.5:14b,A,6951,Shell MEMMAP cannot print OemType or OsType memory information (Bugzilla Bug 488),shellpkg,False,1.0,It is a genuine bug report related to EDK II's Shell package.
qwen2.5:14b,A,6950,UndiRuntimeDxe module fails in Linux due to incorrect ABI/calling convention (Bugzilla Bug 487),optionrompkg,False,1.0,It describes a genuine bug related to ABI/calling convention in an EDK II module.
qwen2.5:14b,A,6949,TcpDxe: TCP deadlock after recovering from ZeroWindow (Bugzilla Bug 486),mdemodulepkg,False,1.0,It is a genuine bug report related to EDK II firmware component.
qwen2.5:14b,A,6948,Potential recursive loop in BmExpandUsbDevicePath (Bugzilla Bug 475),mdemodulepkg,False,1.0,It describes a potential bug in the BmExpandUsbDevicePath function.
qwen2.5:14b,A,6947,DxeCore DEBUG message to print GUID value with GUID data type (Bugzilla Bug 474),mdemodulepkg,False,1.0,It is a genuine bug report related to EDK II firmware development.
qwen2.5:14b,A,6946,"BaseTools: the file of ""MODULE_UNI_FILE"" is not copy into OUTPUT dir (Bugzilla Bug 473)",basetools,False,1.0,"It describes a specific build issue with BaseTools, which is related to EDK II build infrastructure."
qwen2.5:14b,A,6945,ConsistMapping confuses StrLen and StrSize (Bugzilla Bug 470),shellpkg,False,1.0,It is a genuine bug report related to EDK II firmware development.
qwen2.5:14b,A,6944,UEFI PXE boot does not support a DHCP proxy (Bugzilla Bug 469),networkpkg,False,1.0,It is a genuine bug report related to UEFI PXE boot functionality.
qwen2.5:14b,A,6943,Add the multiple line support in PCD data (Bugzilla Bug 468),basetools,False,1.0,"It is a genuine bug report with comments and a closed state, indicating it was investigated."
qwen2.5:14b,A,6942,BaseTools regression issue on the increment build (Bugzilla Bug 467),basetools,False,1.0,It describes a genuine bug report related to BaseTools in EDK II.
qwen2.5:14b,A,6941,Add the option in CLANG38 tool chain to disable warning unknown-warning-option (Bugzilla Bug 466),basetools,False,1.0,It is a legitimate feature request for modifying the CLANG38 tool chain in EDK II.
qwen2.5:14b,A,6940,[BaseTools] Add --version option in Brotli and BrotliCompress (Bugzilla Bug 464),basetools,False,1.0,It is a genuine bug report related to adding a version option in BaseTools.
qwen2.5:14b,A,6939,Python-2.7.2 build error with VS2013x86: The code page of marshal.c is wrong. (Bugzilla Bug 462),apppkg,False,1.0,It describes a build error related to EDK II build infrastructure.
qwen2.5:14b,A,6938,Unnecessary parameter validation in ISCSI or Full parameter check would be better !! (Bugzilla Bug 460),networkpkg,False,1.0,It is a genuine bug report related to EDK II package.
qwen2.5:14b,A,6937,Can not enter shell when booting to shell without pressing any key (Bugzilla Bug 459),shellpkg,False,1.0,It is a genuine bug report related to EDK II firmware functionality.
qwen2.5:14b,A,6936,PciHostBridgeLib.h has design limitation - cannot be used for Quark (Bugzilla Bug 458),mdemodulepkg,False,1.0,It is a genuine bug report related to EDK II firmware component.
qwen2.5:14b,A,6935,Documentation for VA_LIST in MdePkg/Include/Base.h inaccurate (Bugzilla Bug 457),mdepkg,False,1.0,It is a genuine bug report related to documentation accuracy in an EDK II package.
qwen2.5:14b,A,6934,[CryptoPkg] Remove the duplicated e_os2.h in CryptoPkg/Include/openssl (Bugzilla Bug 456),cryptopkg,False,1.0,It is a genuine bug report related to removing duplicated header files in the CryptoPkg package.
qwen2.5:14b,A,6933,[CryptoPkg] Remove extra warning suppression flag after some openssl sources were fixed. (Bugzilla Bug 455),cryptopkg,False,1.0,It is a genuine bug report related to removing warning suppression flags in CryptoPkg.
qwen2.5:14b,A,6932,VfrCompiler doesn't support IMAGE_TOKEN in image syntax (Bugzilla Bug 454),basetools,False,1.0,It is a genuine bug report related to EDK II build tools.
qwen2.5:14b,A,6931,[UefiCpuPkg/MpInitLib] Should load microcode before sync MTRR on APs (Bugzilla Bug 453),ueficpupkg,False,1.0,It is a genuine bug report related to EDK II firmware component.
qwen2.5:14b,A,6928,BaseTools error message not friendly when SKUID_IDENTIFIER format is wrong in DSC (Bugzilla Bug 450),basetools,False,1.0,It describes a genuine bug report with a specific issue in BaseTools related to error messages for incorrect SKUID_IDENTIFIER format.
qwen2.5:14b,A,6926,VFRcompiler needs to update IMAGE_TOKEN (Bugzilla Bug 448),basetools,False,1.0,It is a genuine bug report related to EDK II build tools.
qwen2.5:14b,A,6925,i try run build.sh but always display error F001 (Bugzilla Bug 447),emulatorpkg,False,1.0,"The issue describes a build error with EDK II, which is relevant to the project."
qwen2.5:14b,A,6924,BaseTools: support  VfrCompiler  to use IMAGE_TOKEN  format (Bugzilla Bug 446),basetools,False,1.0,It is a genuine bug report related to BaseTools and VfrCompiler.
qwen2.5:14b,A,6923,SmiHandlerProfile has a memory leak when Unregistering handlers. (Bugzilla Bug 445),mdemodulepkg,False,1.0,It describes a genuine memory leak issue in the SmiHandlerProfile of the mdemodulepkg package.
qwen2.5:14b,A,6921,MdeModulePkg: Remove unsupported PcdExpression usage in module INF to avoid confuse (Bugzilla Bug 442),mdemodulepkg,False,1.0,It is a genuine bug report related to EDK II package and INF file.
qwen2.5:14b,A,6920,DevPathFromTextFilePath has off by one error in memory allocation (Bugzilla Bug 441),mdepkg,False,1.0,It describes a genuine bug with enough details to be reproducible.
qwen2.5:14b,A,6919,DevPathFromTextiSCSI makes bad assumptions in parsing protocol (Bugzilla Bug 440),mdepkg,False,1.0,It is a genuine bug report related to parsing assumptions in EDK II firmware.
qwen2.5:14b,A,6918,PXE IPv6 Boot Options are NOT created with external PCIe Broadcom LAN Controller (Bugzilla Bug 439),networkpkg,False,1.0,It is a genuine bug report related to PXE IPv6 boot options with a specific network controller.
qwen2.5:14b,A,6917,[NT32] Request remove the condition of PcdMaxVariableSize for NT32 platform (Bugzilla Bug 438),nt32pkg,False,1.0,It is a legitimate feature request or bug report for the NT32 platform package.
qwen2.5:14b,A,6916,[NetworkPkg/IScsiDxe] Need to fix the incorrect error handling in iSCSI DriverEntryPoint (Bugzilla Bug 437),networkpkg,False,1.0,It is a genuine bug report related to EDK II firmware development.
qwen2.5:14b,A,6915,Upgrade CryptoPkg to use the latest OpenSSL 1.1.0xx/latest stable release (Bugzilla Bug 436),cryptopkg,False,1.0,"It is a genuine bug report related to upgrading CryptoPkg with OpenSSL, involving firmware components."
qwen2.5:14b,A,6914,A small check needed before calling NetIp4IsUnicast (Bugzilla Bug 435),networkpkg,False,1.0,It is a genuine bug report related to EDK II firmware development.
qwen2.5:14b,A,6913,BaseTools: DynamicEx Pcd used in Lib cause build failure (Bugzilla Bug 434),basetools,False,1.0,"It describes a real build failure in BaseTools, which is part of EDK II infrastructure."
qwen2.5:14b,A,6912,NVM Express handle TIMEOUT incorrectly (Bugzilla Bug 433),mdemodulepkg,False,1.0,It is a genuine bug report related to EDK II firmware.
qwen2.5:14b,A,6911,UpdateHID() may debug print the _HID string without NULL terminator. (Bugzilla Bug 432),securitypkg,False,1.0,It is a genuine bug report related to firmware development.
qwen2.5:14b,A,9577,DWG needs to document TPL restrictions for ReinstallProtocolInterface (Bugzilla Bug 431),mdemodulepkg,False,1.0,It is a genuine bug report related to documentation for an EDK II function.
qwen2.5:14b,A,6910,CoreInitializeMemoryAttributesTable uses TPL_CALLBACK - 1 (Bugzilla Bug 430),mdemodulepkg,False,1.0,It is a genuine bug report related to EDK II firmware development.
qwen2.5:14b,A,6908,Abstract and refine UefiCpuPkg to be a generic package for all processor architectures. (Bugzilla Bug 428),ueficpupkg,False,1.0,It is a legitimate feature request to refine an EDK II package.
qwen2.5:14b,A,6907,Ip4->Configure () accepts subnet 0.0.0.0 in certain conditions (Bugzilla Bug 427),networkpkg,False,1.0,It is a genuine bug report related to EDK II firmware functionality.
qwen2.5:14b,A,6906,Interface gets disabled on performing HTTP boot. (Bugzilla Bug 424),networkpkg,False,1.0,It is a genuine bug report related to EDK II firmware component.
qwen2.5:14b,A,6905,"Pkcs7Sign, Rsa2048Sha256Sign and Rsa2048Sha256GenerateKeys doesn't work in Linux OS (Bugzilla Bug 423)",basetools,False,1.0,"The issue describes a specific problem with EDK II build tools in Linux, which is relevant to the project."
qwen2.5:14b,A,6904,Network HII configuration failure (Bugzilla Bug 422),mdepkg,False,1.0,It is a genuine bug report related to EDK II firmware development.
qwen2.5:14b,A,6903,[UefiCpuPkg] Add Cpu Features driver (Bugzilla Bug 421),ueficpupkg,False,1.0,It is a genuine bug report related to an EDK II package.
qwen2.5:14b,A,6902,Update PcdSetSku() to allow Sku value is changed only once (Bugzilla Bug 420),mdemodulepkg,False,1.0,It describes a specific bug fix for an EDK II package.
qwen2.5:14b,A,6901,UefiDevicePathLibConvertTextToDevicePath handles multiple devices in path wrong. (Bugzilla Bug 419),mdepkg,False,1.0,It is a genuine bug report related to EDK II firmware component.
qwen2.5:14b,A,6900,Shell is not able to run a startup script from first  location if current directory is not set (Bugzilla Bug 418),shellpkg,False,0.95,It appears to be a specific bug report related to the Shell package in EDK II.
qwen2.5:14b,A,6899,"[BaseTools] VS2010/VS2012 build fails for GenFw, GenVtf & VolInfo tool source codes (Bugzilla Bug 417)",basetools,False,1.0,"It describes a build failure for BaseTools, which is related to EDK II build infrastructure."
qwen2.5:14b,A,6898,error: comparison between pointer and zero character constant (Bugzilla Bug 416),mdemodulepkg,False,1.0,It is a genuine bug report related to EDK II package.
qwen2.5:14b,A,6897,AuthVariable Timestamp zeroing issue on APPEND_WRITE (Bugzilla Bug 415),mdemodulepkg,False,1.0,It is a genuine bug report related to EDK II firmware development.
qwen2.5:14b,A,6896,Overflowed array index Used (Bugzilla Bug 414),networkpkg,False,0.95,The issue describes a specific bug in the 'networkpkg' package.
qwen2.5:14b,A,6895,Overflowed array index (Bugzilla Bug 413),networkpkg,False,0.95,The issue describes a specific bug in the 'networkpkg' package.
qwen2.5:14b,A,6894,Link DxeSmmPerformanceLib to make DP command generic (Bugzilla Bug 412),shellpkg,False,1.0,It is a genuine bug report related to EDK II firmware development.
qwen2.5:14b,A,6893,[TlsAuthConfigDxe] Use StrToGuid in BaseLib (Bugzilla Bug 411),networkpkg,False,1.0,It is a genuine bug report related to EDK II firmware development.
qwen2.5:14b,A,6892,Build error with CLANG38: default argument promotion of `Iso639Language` (Bugzilla Bug 410),mdepkg,False,1.0,"It describes a build error with CLANG38, which is relevant to EDK II firmware development."
qwen2.5:14b,A,6891,NetLibAsciiStrToIp6 can't handle fields where some leading zeros are dropped (Bugzilla Bug 409),mdemodulepkg,False,1.0,It is a genuine bug report related to an EDK II package.
qwen2.5:14b,A,6890,BaseTools VolInfo and GenVtf tool can't pass build with VS2013 (Bugzilla Bug 408),basetools,False,1.0,"It describes a build issue with BaseTools, which is related to EDK II build infrastructure."
qwen2.5:14b,A,6889,enhance Smm FreePool to catch buffer overflow. (Bugzilla Bug 407),mdemodulepkg,False,1.0,It is a legitimate feature request to enhance memory management for security purposes.
qwen2.5:14b,A,6888,[OpensslLib] Upgrade OpenSSL version in CryptoPkg to the latest 1.0.2k. (Bugzilla Bug 406),cryptopkg,False,1.0,It is a genuine bug report related to upgrading OpenSSL version in CryptoPkg.
qwen2.5:14b,A,6887,PcAtChipsetPkg/IsaAcpiDxe: incorrect PCI command reg manipulation in Supported() and Stop() (Bugzilla Bug 405),pcatchipsetpkg,False,1.0,It is a genuine bug report related to EDK II firmware development.
qwen2.5:14b,A,6886,X64 build of EmulatorPkg crashes (Bugzilla Bug 403),emulatorpkg,False,1.0,It is a genuine bug report related to an EDK II package.
qwen2.5:14b,A,6885,Ip4Config2/Ip6Config: SetData() returns error when DNS IPs are same (Bugzilla Bug 402),networkpkg,False,1.0,It is a genuine bug report related to EDK II firmware components.
qwen2.5:14b,A,6884,VMs fail to boot (Bugzilla Bug 401),basetools,False,1.0,It is a genuine bug report related to EDK II build tools.
qwen2.5:14b,A,6883,[PiSmmCpuDxeSmm] SetCacheability() could be removed (Bugzilla Bug 400),ueficpupkg,False,1.0,It is a genuine bug report related to EDK II firmware development.
qwen2.5:14b,A,9576,Remove extra ZeroMem() calls in Tpm12CommandLib (Bugzilla Bug 399),securitypkg,False,1.0,It is a genuine bug report related to EDK II firmware development.
qwen2.5:14b,A,6881,Condition check while generating ClientId (Bugzilla Bug 393),networkpkg,False,0.95,"The issue is related to a specific package and describes a condition check problem, likely a genuine bug report."
qwen2.5:14b,A,6880,LogoDxe driver should depend on gEfiHiiImageExProtocolGuid as well (Bugzilla Bug 392),mdemodulepkg,False,1.0,It is a genuine bug report related to firmware component dependency.
qwen2.5:14b,A,6879,UiApp could use APIs in EfiBootManagerLib to manipulate load options. (Bugzilla Bug 391),mdemodulepkg,False,1.0,It is a genuine bug report related to EDK II package functionality.
qwen2.5:14b,A,6878,[CpuDxe] Local APIC memory mapped space should be reported (Bugzilla Bug 390),ueficpupkg,False,1.0,It is a genuine bug report related to EDK II firmware component.
qwen2.5:14b,A,6877,[ExceptionHandlerLib] .S does not work with GCC 5.4 (Bugzilla Bug 389),ueficpupkg,False,1.0,It is a genuine bug report related to EDK II build issues with GCC.
qwen2.5:14b,A,6876,CapsuleApp  add –NR (no-reset) flag to skip reset according to user reset (Bugzilla Bug 388),mdemodulepkg,False,1.0,It is a genuine bug report with a clear feature request for CapsuleApp.
qwen2.5:14b,A,6875,GenFds fails to get the base address and size for FV image in FD region (Bugzilla Bug 387),basetools,False,1.0,It describes a build failure related to EDK II build tools.
qwen2.5:14b,A,6874,no PEI phase variable driver in OVMF platform (Bugzilla Bug 386),ovmfpkg,False,1.0,It is a genuine bug report related to an EDK II package.
qwen2.5:14b,A,6873,Delete boot option cause incorrect UI behavior (Bugzilla Bug 385),mdemodulepkg,False,1.0,It is a genuine bug report related to EDK II package.
qwen2.5:14b,A,6872,[PciBus] IA32 build failure with latest PciBusDxe (Bugzilla Bug 384),mdemodulepkg,False,1.0,"It describes a build failure related to EDK II, which is relevant."
qwen2.5:14b,A,6871,Function comments in HiiImageEx.h contain many typos (Bugzilla Bug 383),mdepkg,False,1.0,It is a genuine bug report about typos in function comments.
qwen2.5:14b,A,6870,[UefiCpuPkg] CpuDxe return hard code TimerPeriod value in CpuGetTimerValue() (Bugzilla Bug 382),ueficpupkg,False,1.0,It is a genuine bug report related to EDK II firmware component.
qwen2.5:14b,A,6869,Current SecureConfigure driver cannot enroll the DBX.bin downloaded from uefi.org (Bugzilla Bug 381),securitypkg,False,1.0,It is a genuine bug report related to the SecureConfigure driver in EDK II.
qwen2.5:14b,A,6868,TCG2_PROTOCOL dependency is missing in Tcg2Smm (Bugzilla Bug 380),securitypkg,False,1.0,"It describes a missing dependency in an EDK II package, which is relevant to firmware development."
qwen2.5:14b,A,6867,ArmVirtQemu: low gRT->SetVariable() performance on aarch64/KVM (Bugzilla Bug 379),armvirtpkg,False,1.0,It is a genuine bug report related to EDK II package performance.
qwen2.5:14b,A,6866,[MdePkg/BaseLib] APIs (Ascii)StrnLenS do not handle correctly when the input parameter 'MaxSize' is 0 (Bugzilla Bug 378),mdepkg,False,1.0,It describes a genuine bug report with sufficient context.
qwen2.5:14b,A,6865,HardwareInterrupt protocol is incomplete (Bugzilla Bug 376),embeddedpkg,False,1.0,It describes a specific issue with the HardwareInterrupt protocol in EDK II.
qwen2.5:14b,A,6864,SCT Test fails if we add default values to few controls in IScsiConfigVfr.vfr (Bugzilla Bug 375),networkpkg,False,1.0,It is a genuine bug report related to EDK II package.
qwen2.5:14b,A,6863,ifconfig -l command not listing all the ethernet ports available (Bugzilla Bug 374),mdemodulepkg,True,0.95,"The issue is about a networking command not listing all ethernet ports, which is unrelated to EDK II firmware development."
qwen2.5:14b,A,6862,ARM Generic Watchdog driver's access functions use return values of incorrect type (Bugzilla Bug 372),armpkg,False,1.0,It describes a genuine bug in the ARM Generic Watchdog driver with specific details.
qwen2.5:14b,A,9574,The raw ramdisk created through EDKII RamDisk driver has no way to format as FAT format. (Bugzilla Bug 371),-,False,1.0,It is a genuine bug report related to EDKII RamDisk driver functionality.
qwen2.5:14b,A,6861,"SmmCore should not include SmramProfile symbols, if SmramProfile is disabled. (Bugzilla Bug 370)",mdemodulepkg,False,1.0,It describes a specific bug related to EDK II firmware components.
qwen2.5:14b,A,6860,BaseTools: Fail to parse the  VfrBin   in Linux map file (Bugzilla Bug 369),basetools,False,1.0,"It describes a specific build issue with BaseTools in Linux, which is relevant to EDK II."
qwen2.5:14b,A,6858,Version Check for capsule update seems error (Bugzilla Bug 367),signedcapsulepkg,False,1.0,It is a genuine bug report related to an EDK II package.
qwen2.5:14b,A,6857,[BDS] uses potential uninitialized variable when booting (Bugzilla Bug 366),mdemodulepkg,False,1.0,It describes a potential uninitialized variable issue which is a genuine bug report.
qwen2.5:14b,A,6856,Signed GUIDED section may not be dispatched (Bugzilla Bug 365),mdemodulepkg,False,1.0,It is a genuine bug report related to EDK II firmware development.
qwen2.5:14b,A,6855,AcpiLib.h is Missing ARM_GAS64() Macro Definition (Bugzilla Bug 364),embeddedpkg,False,1.0,"It describes a missing macro definition in a header file, which is a genuine bug report."
qwen2.5:14b,A,6854,Incorrect Name for ACPI IORT Table (Bugzilla Bug 363),mdepkg,False,1.0,It is a genuine bug report related to an EDK II package.
qwen2.5:14b,A,6853,Can't POST data greater than 1.5MB to the server (Bugzilla Bug 362),mdemodulepkg,True,0.9,The issue is unrelated to firmware development and seems to be about a web server limitation.
qwen2.5:14b,A,6852,ARM Generic Watchdog base addresses must be declared as UINT64 values (Bugzilla Bug 361),armpkg,False,1.0,It is a genuine bug report related to EDK II package.
qwen2.5:14b,A,6851,[Patch] VfrUtility: error: ISO C++ forbids comparison between pointer and integer (Bugzilla Bug 360),basetools,False,1.0,It describes a genuine build issue with a specific error message.
qwen2.5:14b,A,6849,SetUnicodeMem in DisplayEngineDxe seems unsafe (Bugzilla Bug 358),mdemodulepkg,False,1.0,"It describes a potential safety issue in EDK II code, which is relevant and specific enough to be investigated."
qwen2.5:14b,A,6848,EMMC identification process may be dead loop if h/w doesn't set OCR reigster correctly (Bugzilla Bug 357),mdemodulepkg,False,1.0,It describes a genuine bug related to EMMC identification process in the mdemodulepkg package.
qwen2.5:14b,A,6847,[VideoThunk] contains bug in codes enabling the VGA mode (Bugzilla Bug 356),ovmfpkg,False,1.0,It is a genuine bug report related to EDK II firmware development.
qwen2.5:14b,A,6846,Shell/pci: Keep dumping Multi-Function Virtual Channel Capability contents (Bugzilla Bug 355),shellpkg,False,1.0,It is a genuine bug report related to EDK II firmware development.
qwen2.5:14b,A,6845,Pci command implementation should be better to use MdePkg PCI related definitions instead of locals (Bugzilla Bug 354),shellpkg,False,1.0,It is a genuine bug report suggesting an improvement in code usage within the EDK II project.
qwen2.5:14b,A,6844,[BaseTools] Extend the macro usage in the FDF !inlcude statement (Bugzilla Bug 352),basetools,False,1.0,It is a genuine bug report related to EDK II build infrastructure.
qwen2.5:14b,A,6843,Add core support for SMBIOS spec 3.1.1 (Bugzilla Bug 349),shellpkg,False,1.0,"It is a genuine feature request to add support for SMBIOS spec 3.1.1, which relates to EDK II firmware development."
qwen2.5:14b,A,6842,Enhance BaseTools supports FixedAtBuild usage in VFR file (Bugzilla Bug 348),basetools,False,1.0,It is a legitimate feature request for enhancing BaseTools to support FixedAtBuild usage in VFR files.
qwen2.5:14b,A,6841,[UefiCpuPkg] Support 64bit MMIO address in CPU Register Table (Bugzilla Bug 347),ueficpupkg,False,1.0,It is a genuine bug report related to EDK II package.
qwen2.5:14b,A,6840,Add missing decoding of SMBIOS spec 3.0.0 (Bugzilla Bug 345),shellpkg,False,1.0,It is a genuine bug report related to SMBIOS spec decoding in the EDK II project.
qwen2.5:14b,A,6839,The decoding of SlotType AGP8X is missing. (Bugzilla Bug 344),shellpkg,False,1.0,It describes a specific bug in the firmware that is related to EDK II and has been reported as such.
qwen2.5:14b,A,6838,Update DP to support GCC PDB path (Bugzilla Bug 343),shellpkg,False,1.0,The issue is related to updating a package in EDK II and involves build infrastructure.
qwen2.5:14b,A,6837,Highlight menu was shown incorrectly in file explorer page (Bugzilla Bug 342),mdemodulepkg,True,0.95,"The issue title mentions a file explorer page, which is unrelated to EDK II firmware development."
qwen2.5:14b,A,6836,DxeCorePerformanceLib should only support to be linked with DxeCore (Bugzilla Bug 341),mdemodulepkg,False,1.0,It is a genuine bug report related to EDK II package.
qwen2.5:14b,A,6835,Add full core support for SMBIOS spec 3.1.0 (Bugzilla Bug 340),shellpkg,False,1.0,It is a genuine bug report related to SMBIOS spec support in EDK II.
qwen2.5:14b,A,6834,FrameBufferBltLib could use less memory for FRAME_BUFFER_CONFIGURE buffer (Bugzilla Bug 339),mdemodulepkg,False,1.0,It is a genuine bug report related to EDK II firmware development.
qwen2.5:14b,A,6833,Update Tpm12CommandLib in SecurityPkg to consistently check returnCode field of response packets (Bugzilla Bug 338),securitypkg,False,1.0,It is a genuine bug report related to an EDK II package.
qwen2.5:14b,A,6832,Remove Physical Presence command check from QuarkPlatformPkg Tpm12DeviceLibAtmelI2c (Bugzilla Bug 337),quarkplatformpkg,False,1.0,It is a genuine bug report related to an EDK II package.
qwen2.5:14b,A,6831,QuarkPlatformPkg Tpm12DeviceLibAtmelI2c SubmitCommand() does not return correct output buffer size (Bugzilla Bug 336),quarkplatformpkg,False,1.0,It is a genuine bug report related to EDK II firmware.
qwen2.5:14b,A,6830,QuarkPlatformPkg Tpm12DeviceLibAtmelI2c does not build with GCC49 (Bugzilla Bug 335),quarkplatformpkg,False,1.0,"It describes a build failure for a specific package, which is relevant to EDK II."
qwen2.5:14b,A,6828,[PciBus] doesn't follow PI spec to handle ACPI descriptor returned from IncompatiblePciDevice.CheckDevice() (Bugzilla Bug 333),mdemodulepkg,False,1.0,It is a genuine bug report related to EDK II package and PI spec compliance.
qwen2.5:14b,A,6827,Add double quotes back to UEFI SHell command line arguments that contain white space (Bugzilla Bug 332),shellpkg,False,1.0,It is a genuine bug report related to the UEFI Shell package.
qwen2.5:14b,A,6826,Entering single backslash at shell prompt in Nt32 generates ASSERT() (Bugzilla Bug 331),nt32pkg,False,1.0,It describes a reproducible issue in the NT32 shell prompt.
qwen2.5:14b,A,6825,[BaseTools patch] Convert incomplete expressions with dangling while()'s into proper single statements (Bugzilla Bug 330),basetools,False,1.0,It is a genuine bug report related to EDK II build infrastructure.
qwen2.5:14b,A,6824,""">>v"" cannot append data to existing env variable created by "">v"" (Bugzilla Bug 329)",shellpkg,False,1.0,It is a genuine bug report related to EDK II package functionality.
qwen2.5:14b,A,9573,[UiApp] cannot list terminal consoles in NT32 platform (Bugzilla Bug 328),mdemodulepkg,False,1.0,"It describes a specific issue with listing terminal consoles in NT32 platform, which is related to EDK II firmware development."
qwen2.5:14b,A,6823,"ifconfig -l says ""Failed to set address"" but assigns IP (Bugzilla Bug 327)",shellpkg,True,0.95,"The issue is about a networking command that works despite an error message, indicating it's not related to EDK II firmware development."
qwen2.5:14b,A,6822,Some possible issues in BootManagerMenuApp when there is no boot option (Bugzilla Bug 326),mdemodulepkg,False,1.0,It describes a potential bug in an EDK II package.
qwen2.5:14b,A,6821,[BDS] contains a bug that may cause OS fails to resume from S4 (Bugzilla Bug 325),mdemodulepkg,False,1.0,It is a genuine bug report related to EDK II firmware functionality.
qwen2.5:14b,A,6820,Enable add new file or folder for FileExplorerLib (Bugzilla Bug 324),mdemodulepkg,False,1.0,It is a genuine bug report related to EDK II package functionality.
qwen2.5:14b,A,6819,Remove the improper include LoadFileProtocol instances in FileExplorerLib (Bugzilla Bug 323),mdemodulepkg,False,1.0,It is a genuine bug report related to EDK II package.
qwen2.5:14b,A,6818,The mixed Pcd display incorrectly in the build report (Bugzilla Bug 322),basetools,False,1.0,It is a genuine bug report related to EDK II build infrastructure.
qwen2.5:14b,A,6817,Ip4Config2/Ip6Config setting invalid DNS server address cause ASSERT (Bugzilla Bug 321),networkpkg,False,1.0,It describes a genuine bug with a specific package and state.
qwen2.5:14b,A,6816,Need correct the TPL of HTTP token Event in HttpBootDxe driver (Bugzilla Bug 320),networkpkg,False,1.0,It is a genuine bug report related to the HttpBootDxe driver in EDK II.
qwen2.5:14b,A,6815,"BaseTools: copy all of the ""Source"" INF’s [UserExtensions] sections into the Asbuilt inf (Bugzilla Bug 319)",basetools,False,1.0,It is a genuine bug report related to EDK II BaseTools.
qwen2.5:14b,A,9572,iBFT for IScsiDxe over IPv6 reports incorrect Flags and Origin (Bugzilla Bug 318),networkpkg,False,1.0,It is a genuine bug report related to an EDK II package.
qwen2.5:14b,A,6814,error C0DE/3000: Unknown fatal error when define syntax in DEC file (Bugzilla Bug 317),basetools,False,1.0,"It describes a specific build error in EDK II basetools, which is related to firmware development."
qwen2.5:14b,A,6813,Correct Guid and Protocol usage in UefiBootManagerLib.inf (Bugzilla Bug 316),mdemodulepkg,False,1.0,It is a genuine bug report related to EDK II package.
qwen2.5:14b,A,6812,ConPlatformUpdateGopCandidate() in ConPlatform driver assumes GOP hande is son of PCI handle (Bugzilla Bug 315),mdemodulepkg,False,1.0,It describes a specific bug in the ConPlatform driver with enough context to be investigated.
qwen2.5:14b,A,6811,BaseTools toolsetup.bat doesn't configure BASE_TOOLS_PATH when the binary tool directory doesn't exist (Bugzilla Bug 314),basetools,False,1.0,"It describes a specific issue with BaseTools configuration, which is related to EDK II build infrastructure."
qwen2.5:14b,A,6810,NT32Pkg uses ShellPkg source code instead of ShellBinPkg binary (Bugzilla Bug 313),nt32pkg,False,1.0,"It describes a specific issue with NT32Pkg using incorrect source code, which is relevant to EDK II firmware development."
qwen2.5:14b,A,6809,TerminalDxe driver is implemented incorrectly in driver model perspective (Bugzilla Bug 312),mdemodulepkg,False,0.95,The issue is related to a specific driver implementation in EDK II and describes a potential bug.
qwen2.5:14b,A,6808,Correct the comments of macros FixedPcdGetX and PatchPcdXXX (Bugzilla Bug 311),mdepkg,False,1.0,"It is a genuine bug report related to correcting comments in macros, which affects firmware development."
qwen2.5:14b,A,6807,[Build] CLANG38 toolchain missing NOOPT target (Bugzilla Bug 310),basetools,False,1.0,"It describes a specific build issue with the CLANG38 toolchain, which is related to EDK II build infrastructure."
qwen2.5:14b,A,6806,Problem with building PayloadPkg profile X64 + DEBUG (Bugzilla Bug 309),corebootpayloadpkg,False,1.0,"It describes a build issue with a specific package, which is relevant to EDK II."
qwen2.5:14b,A,6805,[SourceLevelDebugPkg] Support AP function debugging in PEI phase (Bugzilla Bug 308),sourceleveldebugpkg,False,1.0,It is a genuine bug report related to EDK II firmware development.
qwen2.5:14b,A,6804,Several APIs in MdeModulePkg PrintLib instance miss checking the return value for internal function DxePrintLibPrint2ProtocolVaListToBaseList() (Bugzilla Bug 307),mdemodulepkg,False,1.0,It is a genuine bug report related to EDK II package and APIs.
qwen2.5:14b,A,6802,Add S3BootScriptSavePiMemPoll() API to follow PI spec. (Bugzilla Bug 304),mdemodulepkg,False,1.0,It is a genuine bug report related to adding an API to follow the PI specification.
qwen2.5:14b,A,9571,"Fix Shell to correctly support ""fs0:file.txt"" style of file path (Bugzilla Bug 303)",shellpkg,False,1.0,It is a genuine bug report related to EDK II package.
qwen2.5:14b,A,6801,Shell.efi shouldn't support customized commands which are not defined in Shell spec (Bugzilla Bug 302),shellpkg,False,1.0,It is a genuine bug report related to the Shell package in EDK II.
qwen2.5:14b,A,6800,PxeBcSelectBootMenu does not accept input (Bugzilla Bug 301),mdemodulepkg,False,1.0,It is a genuine bug report related to EDK II firmware functionality.
qwen2.5:14b,A,6798,BaseTools build warnings using gcc 4.8.4 (Bugzilla Bug 299),basetools,False,1.0,"It describes a build warning issue with BaseTools using gcc, which is related to EDK II build infrastructure."
qwen2.5:14b,A,6797,Create a EfiEventEmptyFunction() function in UefiLib to remove the duplication (Bugzilla Bug 298),intelframeworkmodulepkg,False,1.0,It is a genuine bug report with a clear feature request to remove code duplication.
qwen2.5:14b,A,9570,Escaping the dollar sign in build_rules.txt not possible (Bugzilla Bug 297),basetools,False,1.0,"It describes a specific build issue with basetools, which is related to EDK II build infrastructure."
qwen2.5:14b,A,9569,DxeCore allocates way too much memory (Bugzilla Bug 295),mdemodulepkg,False,1.0,It is a genuine bug report related to memory allocation in DxeCore.
qwen2.5:14b,A,6796,Strnicmp() should use UNICODE_COLLATION.StrUpr() instead of converting char to upper case inself (Bugzilla Bug 294),shellpkg,False,1.0,It is a genuine bug report related to EDK II package code.
qwen2.5:14b,A,6795,FmpTokens are optional in spec while basetool think it is necessary. (Bugzilla Bug 293),basetools,False,1.0,"It describes a discrepancy between the specification and tool behavior, which is relevant to EDK II firmware development."
qwen2.5:14b,A,6794,Can not run GenDepex.py from python sources (Bugzilla Bug 292),basetools,False,1.0,It is a genuine bug report related to EDK II build tools.
qwen2.5:14b,A,6793,Exception during UEFI SCT 2.4 test when DEBUG_PROPERTY_CLEAR_MEMORY_ENABLED is set (Bugzilla Bug 291),fatbinpkg,False,0.95,"The issue describes a specific test failure in the UEFI SCT with a debug property set, which is relevant to EDK II firmware development."
qwen2.5:14b,A,6792,Getting variable info is always checking input buffer against the first variable info (Bugzilla Bug 290),mdemodulepkg,False,1.0,It is a genuine bug report related to EDK II firmware development.
qwen2.5:14b,A,6791,Can't run full test of SCT 2.4b on Purley Platform (Bugzilla Bug 289),basetools,False,1.0,It is a genuine bug report related to EDK II build infrastructure.
qwen2.5:14b,A,6790,Add setup option in Tcg2ConfigDxe to configure physical presence interface version (Bugzilla Bug 288),securitypkg,False,1.0,It is a legitimate feature request related to an EDK II package.
qwen2.5:14b,A,6789,Intel FSP 2.0 Packages do not have Readme.md files (Bugzilla Bug 286),intelfsppkg,False,1.0,It is a genuine bug report related to missing documentation files in an EDK II package.
qwen2.5:14b,A,6788,SignedCapsulePkg has no Readme.md file (Bugzilla Bug 285),signedcapsulepkg,False,1.0,"It describes a missing documentation file in an EDK II package, which is relevant to the project."
qwen2.5:14b,A,6787,Outdated build instructions for linux (Bugzilla Bug 284),basetools,False,1.0,"The issue describes outdated build instructions, which is related to EDK II build infrastructure."
qwen2.5:14b,A,6786,GUIDED tool path can't be overriden in [BuildOptions] of DSC file (Bugzilla Bug 283),basetools,False,1.0,It is a genuine bug report related to EDK II build tools.
qwen2.5:14b,A,6785,Compiler warnings building basetools on Linux (Bugzilla Bug 282),basetools,False,1.0,"It describes a build issue with basetools on Linux, which is relevant to EDK II."
qwen2.5:14b,A,6784,gcc-6 (using the GCC5 toolchain and the DEBUG target) seems to miscompile OvmfPkg/XenBusDxe (Bugzilla Bug 281),basetools,False,1.0,"It describes a specific miscompilation issue with GCC5 toolchain and DEBUG target, which is relevant to EDK II build process."
qwen2.5:14b,A,6783,Incorrect local variable used in SubmitForSystem() function in MdeModulePkg\Universal\SetupBrowserDxe\Setup.c (Bugzilla Bug 280),mdemodulepkg,False,1.0,It is a genuine bug report with enough information and context.
qwen2.5:14b,A,6782,Add missing MSR_IA32_VMX_BASIC_REGISTER and IA32_VMX_MISC_REGISTER structures (Bugzilla Bug 279),ueficpupkg,False,1.0,It is a genuine bug report related to adding missing structures in a specific package.
qwen2.5:14b,A,6781,SMM FreePages should handle Zero Address and Zero PageNumber (Bugzilla Bug 278),mdemodulepkg,False,1.0,It is a genuine bug report related to EDK II firmware development.
qwen2.5:14b,A,6780,Reduce use of PSD structure layout in PiSmmCpuDxeSmm module (Bugzilla Bug 277),ueficpupkg,False,1.0,It is a genuine bug report related to EDK II firmware development.
qwen2.5:14b,A,6779,MinnowMax SOURCE_DEBUG_ENABLE features does not work (Bugzilla Bug 276),vlv2tbltdevicepkg,False,1.0,It is a genuine bug report related to EDK II firmware features.
qwen2.5:14b,A,6778,Remove the unused KeyBuf in IpSecDxe driver (Bugzilla Bug 275),networkpkg,False,1.0,It is a genuine bug report related to removing unused code in an EDK II driver.
qwen2.5:14b,A,6775,Fix typo in Vlv2TbltDevicePkg bld_vlv.bat that is generating a file called null (Bugzilla Bug 272),vlv2tbltdevicepkg,False,1.0,"It describes a genuine bug with a specific file and typo, affecting build output."
qwen2.5:14b,A,9568,MinnowMax memory init binary must guarantee that SMRAM is aligned (Bugzilla Bug 271),vlv2tbltdevicepkg,False,1.0,It describes a specific issue related to memory initialization in an EDK II package.
qwen2.5:14b,A,9567,MinnowMax Vlv2BinaryPkg DigitalThermalSensor binary SMM modules put AP in busy state (Bugzilla Bug 270),vlv2tbltdevicepkg,False,1.0,"It describes a specific issue with an EDK II package, indicating it is a genuine bug report."
qwen2.5:14b,A,9566,MinnowMax Vlv2BinaryPkg PowerManagement2 binary SMM modules generate ASSERT() (Bugzilla Bug 269),vlv2tbltdevicepkg,False,1.0,It is a genuine bug report related to EDK II firmware development.
qwen2.5:14b,A,6774,Vlv2TbltDevicePkg binary support modules need to be updated to use 4KB alignment (Bugzilla Bug 268),vlv2tbltdevicepkg,False,1.0,It is a genuine bug report related to EDK II package alignment issues.
qwen2.5:14b,A,6773,Vlv2TbltDevicePkg align PE/COFF image sections to 4KB to enable page level protection (Bugzilla Bug 267),vlv2tbltdevicepkg,False,1.0,It is a genuine bug report related to EDK II package.
qwen2.5:14b,A,6772,asm_resp/app_resp.txt can not be generated successfully (Bugzilla Bug 266),basetools,False,1.0,"It describes a specific build issue with BaselibTools, which is related to EDK II build infrastructure."
qwen2.5:14b,A,6771,PRE/POST Build fails when add quotation mark while it should be supported (Bugzilla Bug 265),basetools,False,1.0,It describes a build failure which is relevant to EDK II firmware development.
qwen2.5:14b,A,6770,MinnowMax IA32 boot generates timeouts booting to the UEFI Shell (Bugzilla Bug 264),vlv2tbltdevicepkg,False,1.0,It is a genuine bug report related to EDK II firmware booting on MinnowMax IA32.
qwen2.5:14b,A,6769,MinnowMax IA32 platform builds can not compile PlatformFlashAccessLib (Bugzilla Bug 263),vlv2tbltdevicepkg,False,1.0,It describes a build issue related to EDK II firmware development.
qwen2.5:14b,A,6768,MinnowMax has AP stuck in Busy state from DigitalThermalSensor binary SMM module (Bugzilla Bug 262),vlv2tbltdevicepkg,False,1.0,"It describes a specific firmware issue with the DigitalThermalSensor SMM module on MinnowMax, which is related to EDK II."
qwen2.5:14b,A,6767,MinnowMax generates ASSERT from PowerManagement2 binary SMM module (Bugzilla Bug 261),vlv2tbltdevicepkg,False,1.0,It describes a specific bug related to firmware generation.
qwen2.5:14b,A,6766,MinnowMax memory init module does not produce aligned SMRAM HOB (Bugzilla Bug 260),vlv2tbltdevicepkg,False,1.0,It is a genuine bug report related to EDK II firmware development.
qwen2.5:14b,A,6765,Vlv2TbltDevicePkg platform builds do not complete (Bugzilla Bug 259),vlv2tbltdevicepkg,False,1.0,It is a genuine bug report related to an EDK II package build issue.
qwen2.5:14b,A,6764,Vlv2TbltDevicePkg platform can not build running BaseTools from sources (Bugzilla Bug 258),vlv2tbltdevicepkg,False,1.0,It is a genuine bug report related to building an EDK II package.
qwen2.5:14b,A,6763,[BaseTools/VolInfo] The output information of VolInfo tool is incorrect on Linux (Bugzilla Bug 257),basetools,False,1.0,"It describes a specific issue with the VolInfo tool on Linux, which is related to EDK II build infrastructure."
qwen2.5:14b,A,6762,add NVMe PEI blockIo support (Bugzilla Bug 256),mdemodulepkg,False,1.0,It is a genuine bug report related to firmware development.
qwen2.5:14b,A,6761,VolInfo tool will report assert message if GuidedSectionTools.txt has no extra empty line (Bugzilla Bug 255),basetools,False,1.0,It describes a specific issue with the VolInfo tool in EDK II build tools.
qwen2.5:14b,A,6760,Fail to generate Patchable Pcd info into Asbuilt inf on GCC5 Tool chain (Bugzilla Bug 254),basetools,False,1.0,"It describes a specific build issue with the GCC5 toolchain, which is relevant to EDK II."
qwen2.5:14b,A,6759,"The Pcd offset in the report ""FD VPD Region"" is incorrect (Bugzilla Bug 253)",basetools,False,1.0,It describes a specific bug related to EDK II build tools.
qwen2.5:14b,A,6758,Missing detail error message of link.exe under Win7X64 env (Bugzilla Bug 252),basetools,False,1.0,"It describes a specific build issue with link.exe in a Windows environment, which is relevant to EDK II build tools."
qwen2.5:14b,A,6756,[openbsd] Can't build BaseTools on OpenBSD 6.0-current (2016-11-07) amd64 (Bugzilla Bug 250),basetools,False,1.0,"It describes a build failure on OpenBSD, which is relevant to EDK II's build infrastructure."
qwen2.5:14b,A,6755,"RAW format doesn't support ""Align=32 and 64"" while it should support base on FDF Spec (Bugzilla Bug 248)",basetools,False,1.0,"It describes a specific issue with RAW format support in basetools, which is related to EDK II build infrastructure."
qwen2.5:14b,A,6754,NetLibAsciiStrToIp6() function can't handle an invalid IPv6 address (Bugzilla Bug 247),mdemodulepkg,False,1.0,It is a genuine bug report related to an EDK II package.
qwen2.5:14b,A,6753,"UefiCpuDriver IA32 stack guard will report #double fault, instead of #page fault on violation. It brings confusing to the developer. (Bugzilla Bug 246)",ueficpupkg,False,1.0,"It describes a specific issue with the UefiCpuDriver package that could be confusing to developers, which is relevant for EDK II firmware development."
qwen2.5:14b,A,6752,gConnectConInEvent initialize too late (Bugzilla Bug 245),mdemodulepkg,False,1.0,It is a genuine bug report related to EDK II firmware development.
qwen2.5:14b,A,6751,Handle mis-configuration of PcdTcg2HashAlgorithmBitmap in software HashLib (Bugzilla Bug 244),securitypkg,False,1.0,It is a genuine bug report related to EDK II package.
qwen2.5:14b,A,6750,setvar command help info does not match with code behavior and spec (Bugzilla Bug 243),shellpkg,False,1.0,"The issue describes a discrepancy between the help information and actual behavior of the setvar command, which is relevant to EDK II firmware development."
qwen2.5:14b,A,6749,Add more and accurate information for SMM exception debug info (Bugzilla Bug 242),ueficpupkg,False,1.0,It is a genuine bug report related to EDK II package.
qwen2.5:14b,A,6748,"Shell tftp app should save a file by chunks, and not try to read the whole file into memory regardless of the size (Bugzilla Bug 241)",shellpkg,False,1.0,It is a genuine bug report related to the Shell package in EDK II.
qwen2.5:14b,A,6747,[ShellPkg] The 'cd' command does not work properly for certain path format (Bugzilla Bug 240),shellpkg,False,1.0,It is a genuine bug report related to EDK II's ShellPkg.
qwen2.5:14b,A,6746,[MdePkg/BaseLib] API PathRemoveLastItem() is not handling root paths like 'fs0:\' properly (Bugzilla Bug 239),mdepkg,False,1.0,It is a genuine bug report related to EDK II's BaseLib package.
qwen2.5:14b,A,6745,SetPeiServicesTablePointer() needs to be called before ProcessLibraryConstructorList() in PeiMain (Bugzilla Bug 238),mdemodulepkg,False,1.0,It is a genuine bug report related to EDK II firmware development.
qwen2.5:14b,A,6744,VS2015 X64 internal error linking UefiCpuPkg/PiSmmCpuDxeSmm with BaseMemoryLib (Bugzilla Bug 237),mdepkg,False,1.0,"It describes a build issue with specific details about linking errors in a package, which is relevant to EDK II."
qwen2.5:14b,A,6743,[BaseTools] Script file 'BuildEnv' is not supposed to modify the environment variable 'PACKAGES_PATH' (Bugzilla Bug 236),basetools,False,1.0,"It describes a specific issue with the BaseTools package, which is related to EDK II build infrastructure."
qwen2.5:14b,A,6742,Need 10ms(TRSTRCY) delay after port reset before sending Set Address cmd to USB device (Bugzilla Bug 235),mdemodulepkg,False,1.0,It is a genuine bug report related to firmware development.
qwen2.5:14b,A,6741,CbSupportPei Pei permanent memory detection failure (Bugzilla Bug 234),corebootmodulepkg,False,1.0,It is a genuine bug report related to EDK II firmware development.
qwen2.5:14b,A,6740,DisplayEngine doesn't show the menu correctly (Bugzilla Bug 232),mdemodulepkg,False,1.0,It is a genuine bug report related to EDK II firmware component.
qwen2.5:14b,A,6739,"When FILE DATA  format use relative path under multiple workspace, build report failure (Bugzilla Bug 231)",basetools,False,0.95,"The issue describes a build problem with FILE DATA format and relative paths in multiple workspaces, which is relevant to EDK II basetools."
qwen2.5:14b,A,6737,Robustness of decompression library (Bugzilla Bug 229),mdepkg,False,1.0,"The issue is related to the robustness of a decompression library in EDK II, which indicates it's about firmware development."
qwen2.5:14b,A,6735,GCC build failure when ASL code refers to the definition in C header file (Bugzilla Bug 227),basetools,False,1.0,"It describes a build failure related to EDK II, which is relevant and specific enough for investigation."
qwen2.5:14b,A,6734,"RAW format doesn't support ""Align=Auto"" while it should support base on FDF Spec (Bugzilla Bug 226)",basetools,False,1.0,It is a genuine bug report related to EDK II build tools.
qwen2.5:14b,A,6733,Possible NULL dereference in PcRtc.c when scanning for table SDT (Bugzilla Bug 225),pcatchipsetpkg,False,1.0,It describes a potential bug with enough context to be investigated.
qwen2.5:14b,A,6732,NVMExpress Shutdown on EfiResetSystem (Bugzilla Bug 224),mdemodulepkg,False,1.0,It is a genuine bug report related to an EDK II package.
qwen2.5:14b,A,6731,StringToImage incorrectly handles background color with Proportional Fonts (Bugzilla Bug 223),mdemodulepkg,False,1.0,It is a genuine bug report related to EDK II package.
qwen2.5:14b,A,6730,USB EHCI port status change bits erroneously cleared during initialization (Bugzilla Bug 222),mdemodulepkg,False,1.0,It describes a specific bug in the USB EHCI port status change bits during initialization.
qwen2.5:14b,A,6729,[UefiCpuPkg] Sec platform information(2) PPI should be re-installed in SEC module (Bugzilla Bug 221),ueficpupkg,False,1.0,It is a genuine bug report related to EDK II firmware component.
qwen2.5:14b,A,6728,[DuetPkg] Add 'POSTBUILD' in DuetPkg DSC files '[Defines]' field to run post-build scripts automatically (Bugzilla Bug 220),duetpkg,False,1.0,It is a legitimate feature request for EDK II to add 'POSTBUILD' in DuetPkg DSC files.
qwen2.5:14b,A,6727,Need IScsiDxe to accept manual IPv6 or DHCP address for the initiator configuration (Bugzilla Bug 219),networkpkg,False,1.0,It is a genuine feature request for IScsiDxe driver in EDK II.
qwen2.5:14b,A,6725,"When use ""Auto"" as FfsAlignment for RAW File, build tool report error (Bugzilla Bug 217)",basetools,False,1.0,It describes a specific build issue with the build tools when using 'Auto' as FfsAlignment for RAW File.
qwen2.5:14b,A,6724,BSP exits SMM and closes SMRAM on the S3 resume path before meeting with AP(s) (Bugzilla Bug 216),ueficpupkg,False,1.0,It is a genuine bug report related to EDK II firmware behavior.
qwen2.5:14b,A,6723,Update LZMA SDK from 4.65 to the latest 16.04 version (Bugzilla Bug 215),basetools,False,1.0,It is a genuine update request for the LZMA SDK used in EDK II build tools.
qwen2.5:14b,A,6722,Nested SendForm() usage in authentication of certificate (Bugzilla Bug 214),networkpkg,False,0.95,The issue is related to a package and described as a bug.
qwen2.5:14b,A,6721,System crashes when wrong/invalid subnet is given. (Bugzilla Bug 213),mdemodulepkg,False,0.95,"The issue describes a system crash due to an invalid subnet, which is likely a genuine bug report."
qwen2.5:14b,A,6720,The Text of eMMC DevicePath Node should be eMMC(SlotNumber) (Bugzilla Bug 212),mdepkg,False,1.0,It is a genuine bug report related to EDK II firmware component.
qwen2.5:14b,A,9565,"Shell command ""reconnect -r"" causes data abort (Bugzilla Bug 211)",shellpkg,False,1.0,It is a genuine bug report related to EDK II firmware component.
qwen2.5:14b,A,6719,UefiCpuPkg/MpInitLib: Need to put APs into suitable c-state for legacy OS boot like UEFI OS boot (Bugzilla Bug 210),ueficpupkg,False,1.0,It is a genuine bug report related to EDK II package.
qwen2.5:14b,A,6718,Build should break when same Guid is defined in [Guids] and [Guids.common.Private] section (Bugzilla Bug 209),basetools,False,1.0,"It describes a specific build behavior issue that should be enforced, relevant to EDK II build infrastructure."
qwen2.5:14b,A,6714,DxeCore should show error message on FV unalign issue (Bugzilla Bug 205),mdepkg,False,1.0,It is a genuine bug report related to EDK II firmware development.
qwen2.5:14b,A,6713,UefiCpuPkg: Not necessary to send broad INIT-SIPI-SIPI to APs if PcdCpuMaxLogicalProcessorNumber is 1 (Bugzilla Bug 204),ueficpupkg,False,1.0,It describes a specific bug in UefiCpuPkg with enough context to be investigated.
qwen2.5:14b,A,6712,Windows GCC Build Failure with too long path (Bugzilla Bug 203),basetools,False,1.0,It describes a build failure related to EDK II build tools.
qwen2.5:14b,A,6711,Update MdePkg\Include\IndustryStandard\SdramSpd.h to align with the latest SPD spec (Bugzilla Bug 201),mdepkg,False,1.0,It is a genuine bug report related to updating firmware headers to align with industry standards.
qwen2.5:14b,A,6710,mixed case in the ENV variable cause the variable value can't be found (Bugzilla Bug 200),basetools,False,1.0,It describes a specific issue with EDK II build tools related to environment variable case sensitivity.
qwen2.5:14b,A,6709,[MdeModulePkg] CpuExceptionHandlerLibNULL should not return EFI_SUCESS (Bugzilla Bug 199),mdemodulepkg,False,1.0,It is a genuine bug report related to an EDK II package.
qwen2.5:14b,A,6708,OPAL password issue (Bugzilla Bug 198),securitypkg,False,0.95,The issue is related to the EDK II package and describes a bug.
qwen2.5:14b,A,6707,BaseTools PCD override function didn't check PCD value valid or not which is not consumed by driver (Bugzilla Bug 197),basetools,False,1.0,It describes a genuine bug in BaseTools related to PCD override function validation.
qwen2.5:14b,A,6706,tooldef class not include the newly Env when the prebuild script update the Env (Bugzilla Bug 196),basetools,False,1.0,"It describes a specific issue with EDK II build tools, which is relevant to the project."
qwen2.5:14b,A,6705,UefiCpuPkg and PeiCpuExceptionHandlerLib doesn’t use nasm source file (Bugzilla Bug 195),ueficpupkg,False,1.0,The issue relates to a specific EDK II package and describes a potential problem with source file usage.
qwen2.5:14b,A,6704,[UefiPxeBcDxe] Possible NULL pointer dereference in EfiPxeBcSetStationIP() (Bugzilla Bug 194),mdemodulepkg,False,1.0,"It describes a potential NULL pointer dereference, which is a genuine bug report."
qwen2.5:14b,A,6703,UDK2015: Sync missing commits from master for default IPv4 config policy change (Bugzilla Bug 192),mdemodulepkg,False,1.0,It is a genuine bug report related to syncing commits for a configuration change in an EDK II package.
qwen2.5:14b,A,6702,[MdePkg] GetSpinLockProperties() should use InternalGetSpinLockProperties for intel compiler (Bugzilla Bug 191),mdepkg,False,1.0,It is a genuine bug report related to EDK II code optimization for the intel compiler.
qwen2.5:14b,A,6701,Fix IA32 VS2015x86 build break in TerminalDxe module (Bugzilla Bug 190),mdemodulepkg,False,1.0,It is a genuine bug report related to an EDK II module build issue.
qwen2.5:14b,A,6700,OVMF cannot boot fallback bootloader of installed Fedora (Bugzilla Bug 189),ovmfpkg,False,0.95,"The issue describes a problem with OVMF booting Fedora, which is related to EDK II firmware."
qwen2.5:14b,A,9563,[BaseTools] ECC need enhance to catch more coding style issue. (Bugzilla Bug 188),basetools,False,1.0,The issue relates to enhancing EDK II build infrastructure (BaseTools) for better coding style enforcement.
qwen2.5:14b,A,6699,Fix logic in IsDevicePathValid API (Bugzilla Bug 187),mdepkg,False,1.0,It is a genuine bug report related to EDK II firmware component.
qwen2.5:14b,A,6698,Dump message to show new stack base/size to help debugging when stack switched (Bugzilla Bug 186),mdemodulepkg,False,1.0,It is a genuine bug report related to EDK II package.
qwen2.5:14b,A,6697,UefiPxeBcDxe: Add error handling logic for the case when AllocateZeroPool() returns NULL (Bugzilla Bug 184),networkpkg,False,1.0,It is a genuine bug report related to EDK II firmware development.
qwen2.5:14b,A,6696,UDK2015: Sync IntelFsp2Pkg and IntelFsp2WrapperPkg on UDK2015 branch with latest HEAD on master (Bugzilla Bug 183),intelfspwrapperpkg,False,1.0,It is a genuine bug report related to syncing packages in the UDK2015 branch.
qwen2.5:14b,A,6695,Fix potential race condition in TimerDriverSetTimerPeriod() function in HpetTimerDxe (Bugzilla Bug 182),pcatchipsetpkg,False,1.0,It is a genuine bug report related to EDK II firmware development.
qwen2.5:14b,A,6694,Add enumeration size checks to Base.h following UEFI Spec Section 2.3.1 Data Types (Bugzilla Bug 181),mdepkg,False,1.0,It is a legitimate feature request to align with the UEFI specification.
qwen2.5:14b,A,6693,PciSegmentLib class PCI_SEGMENT_LIB_ADDRESS() macro is not optimal for Segment set to 0 (Bugzilla Bug 180),mdepkg,False,1.0,It is a genuine bug report related to EDK II firmware development.
qwen2.5:14b,A,6692,Add new API for PKCS5 PBKDF2 support (Bugzilla Bug 179),cryptopkg,False,1.0,It is a legitimate feature request for adding API support in an EDK II package.
qwen2.5:14b,A,6691,Add xxxxHashAll APIs to facilitate the digest computation of blob data (Bugzilla Bug 178),cryptopkg,False,1.0,"It is a legitimate feature request for adding APIs to facilitate digest computation, which relates to an EDK II package."
qwen2.5:14b,A,6690,Add HMAC_SHA256 Support to CryptoPkg (Bugzilla Bug 177),cryptopkg,False,1.0,It is a legitimate feature request for adding HMAC_SHA256 support to CryptoPkg.
qwen2.5:14b,A,6689,UefiCpuPkg: Update CpuId and MSR definitions with SDM spec released in Sep'16 (Bugzilla Bug 176),ueficpupkg,False,1.0,It is a genuine bug report related to updating CPU definitions in UefiCpuPkg.
qwen2.5:14b,A,6687,Nt32 build failure (Bugzilla Bug 174),basetools,False,1.0,It describes a build failure related to EDK II basetools.
qwen2.5:14b,A,6686,Change FrameBufferBltLib module type to UEFI_DRIVER (Bugzilla Bug 173),mdemodulepkg,False,1.0,It is a genuine bug report with a specific change request for a module type.
qwen2.5:14b,A,6685,Clean up BaseLib to remove the dependency of UEFI definition (Bugzilla Bug 172),mdepkg,False,1.0,It is a genuine bug report related to cleaning up BaseLib and removing UEFI definition dependency.
qwen2.5:14b,A,6684,Issue creating volatile variable using redirect method (Bugzilla Bug 171),shellpkg,False,0.95,The issue is related to a specific package and describes a bug.
qwen2.5:14b,A,6683,[OpenSSL] Update OpenSSL to version 1.0.2j on UDK2015 branch (Bugzilla Bug 170),cryptopkg,False,1.0,It is a genuine update request for an OpenSSL version in the EDK II package.
qwen2.5:14b,A,6682,Missing EFIAPI for DumpHex and CatSDumpHex (Bugzilla Bug 169),shellpkg,False,1.0,It describes a specific coding issue in an EDK II package.
qwen2.5:14b,A,6681,Sync several BaseTools patches for GCC relative issues to UDK2015 (Bugzilla Bug 168),basetools,False,1.0,"The issue is related to EDK II build infrastructure and involves BaseTools patches, which are relevant to firmware development."
qwen2.5:14b,A,6680,EfiShellParametersProtocol always return 0 for Argc (Bugzilla Bug 167),shellpkg,False,1.0,It is a genuine bug report related to EDK II firmware component.
qwen2.5:14b,A,6679,"OvmfPkg: Add the build option ""/D DISABLE_NEW_DEPRECATED_INTERFACES"" in package DSC files (Bugzilla Bug 166)",ovmfpkg,False,1.0,It is a genuine bug report related to EDK II build options.
qwen2.5:14b,A,6678,"ArmVirtPkg: Add the build option ""/D DISABLE_NEW_DEPRECATED_INTERFACES"" in package DSC files (Bugzilla Bug 165)",armvirtpkg,False,1.0,It is a genuine bug report with a specific build option addition request.
qwen2.5:14b,A,6677,"Add the build option ""/D DISABLE_NEW_DEPRECATED_INTERFACES"" in package DSC files (Bugzilla Bug 164)",beagleboardpkg,False,1.0,It is a genuine bug report related to build options in an EDK II package.
qwen2.5:14b,A,6676,"Add the build option ""/D DISABLE_NEW_DEPRECATED_INTERFACES"" in package DSC files (Bugzilla Bug 163)",corebootpayloadpkg,False,1.0,It is a genuine bug report related to build options in an EDK II package.
qwen2.5:14b,A,6675,"Add the build option ""/D DISABLE_NEW_DEPRECATED_INTERFACES"" in package DSC files (Bugzilla Bug 162)",emulatorpkg,False,1.0,It is a genuine bug report related to build options in an EDK II package.
qwen2.5:14b,A,6674,Duplication of GCC*_ARM_PLATFORM_FLAGS in tools_def.template (Bugzilla Bug 161),basetools,False,1.0,It describes a specific issue in the EDK II build infrastructure.
qwen2.5:14b,A,6673,build tools generate section encapsulation that PEI Core marks as invalid due to FFS3 section inside FFS2 FV (Bugzilla Bug 160),mdepkg,False,1.0,"The issue describes a specific build problem related to EDK II build tools and PEI Core, which is relevant to the project."
qwen2.5:14b,A,6672,Enhance the error message for Pcd value that missing leading '0x' prefix for a hex value (Bugzilla Bug 159),basetools,False,1.0,It is a genuine bug report related to improving error messages in EDK II build tools.
qwen2.5:14b,A,6671,Remove ShellPkg wrapper header files (Bugzilla Bug 158),shellpkg,False,1.0,It is a genuine bug report related to EDK II package ShellPkg.
qwen2.5:14b,A,6670,Move and rename Shell protocol headers to MdePkg and update ShellPkg header file to be wrappers to newly named MdePkg header files (Bugzilla Bug 157),shellpkg,False,1.0,It is a genuine bug report related to EDK II package maintenance.
qwen2.5:14b,A,9561,[BootMaintenanceManagerUiLib] Some redundant file-explorer related codes can be remove in the library (Bugzilla Bug 156),mdemodulepkg,False,0.95,"The issue describes a potential code cleanup, which is relevant to firmware development and could improve the library."
qwen2.5:14b,A,6669,PXE boot fails to assign an IP whose last octet is zero (in subnet 255.255.0.0) (Bugzilla Bug 155),mdepkg,False,1.0,It describes a specific PXE boot issue that could be a genuine bug.
qwen2.5:14b,A,6668,windows uefi firmware update fail error code 10 at device firmware (Bugzilla Bug 154),shellpkg,True,0.9,The issue title mentions 'windows uefi firmware update' which is not directly related to EDK II firmware development but rather a user facing problem.
qwen2.5:14b,A,6667,Variable protections lost after shell setvar delete (seen on MinnowBoard) (Bugzilla Bug 153),edkshellpkg,False,1.0,It is a genuine bug report related to EDK II package functionality.
qwen2.5:14b,A,6666,Including .obj in .inf for module fails if Build/ folder does not already have previous successful build (Bugzilla Bug 152),basetools,False,1.0,"It describes a specific build issue with EDK II basetools, which is relevant to the project."
qwen2.5:14b,A,6665,[BaseTool][Build.exe]Fail to parse the symbol in map file (Bugzilla Bug 151),basetools,False,1.0,It describes a build issue with Build.exe in the BaseTools package.
qwen2.5:14b,A,6664,[BaseTool][Build.exe]Fail to parse the symbol in map file (Bugzilla Bug 150),basetools,False,1.0,"It describes a build issue with Build.exe in BaseTools, which is related to EDK II build infrastructure."
qwen2.5:14b,A,6663,[BaseTools] Update sign tool to make MonotonicCount *after* Payload (Bugzilla Bug 149),basetools,False,1.0,It is a genuine bug report related to EDK II build infrastructure.
qwen2.5:14b,A,6662,[UefiCpuPkg] CLANG38 build failed on CpuId.c (Bugzilla Bug 148),ueficpupkg,False,1.0,It describes a build failure for a specific EDK II package with a title indicating it's related to the CLANG38 compiler.
qwen2.5:14b,A,6660,Support Pcd Value to use expression in the DEC file (Bugzilla Bug 146),basetools,False,1.0,It is a genuine bug report related to EDK II build tools.
qwen2.5:14b,A,6658,FDF produced OptionRom has issue with ordering of build arch listing (Bugzilla Bug 144),basetools,False,1.0,It is a genuine bug report related to EDK II build tools.
qwen2.5:14b,A,6657,[BaseTools] Enhance PatchCheck.py to detect EFI_D_* macro usage (Bugzilla Bug 143),basetools,False,1.0,It is a legitimate feature request for enhancing EDK II build infrastructure tool.
qwen2.5:14b,A,6656,GenFds should support FDF file sections in any order (Bugzilla Bug 141),basetools,False,1.0,It is a genuine bug report related to EDK II build tools.
qwen2.5:14b,A,6655,BdsDxe: BdsAllocateMemoryForPerformanceData() is limited to 4 GB (Bugzilla Bug 140),mdemodulepkg,False,1.0,It is a genuine bug report related to EDK II firmware development.
qwen2.5:14b,A,6654,Use RESET button to force recovery mode in QuarkPlatformPkg (Bugzilla Bug 139),quarkplatformpkg,False,1.0,It is a genuine bug report related to EDK II package functionality.
qwen2.5:14b,A,6653,Add UEFI Application to QuarkPlatformPkg to force recovery mode after reset (Bugzilla Bug 138),quarkplatformpkg,False,1.0,"The issue is related to an EDK II package and describes a feature addition to force recovery mode, which is relevant firmware development."
qwen2.5:14b,A,6652,Reading recovery image in PEI phase from USB generates access violation on Quark platforms (Bugzilla Bug 137),quarkplatformpkg,False,1.0,It describes a specific bug related to firmware development on Quark platforms.
qwen2.5:14b,A,6651,QuarkSocPkg QncSmmDispatcher passes incorrect context to SMI handler (Bugzilla Bug 136),quarksocpkg,False,1.0,It describes a specific bug in an EDK II package.
qwen2.5:14b,A,6650,BOpt_DestroyMenuEntry function attempts to free NULL in two places (Bugzilla Bug 135),mdemodulepkg,False,1.0,It describes a genuine bug in the BOpt_DestroyMenuEntry function.
qwen2.5:14b,A,6649,Introduce VS prefix env for VS tool chain customization in tools_def.txt (Bugzilla Bug 134),basetools,False,1.0,It is a genuine bug report related to EDK II build infrastructure.
qwen2.5:14b,A,6648,"Miss type defination of ""IMAGE_FORMAT"" and ""DECODE_IMAGE"" in ""Include/Library/ImageDecoderLib.h"" (Bugzilla Bug 133)",mdemodulepkg,False,0.95,"The issue describes a missing type definition in a header file, which is likely a genuine bug report."
qwen2.5:14b,A,6647,GenFds crashes if [FmpPayload] FILE DATA points to file generated by [FV] or [FD] section (Bugzilla Bug 132),basetools,False,1.0,"It describes a specific build issue with GenFds tool, which is part of EDK II build infrastructure."
qwen2.5:14b,A,6646,FreePool() ASSERT() when writing to disk in Shell HexEdit command (Bugzilla Bug 131),shellpkg,False,1.0,It is a genuine bug report related to EDK II package.
qwen2.5:14b,A,6645,‘cd \’ command fails to go back to the root directory of a file system (Bugzilla Bug 130),shellpkg,False,1.0,It is a genuine bug report related to an EDK II package.
qwen2.5:14b,A,6643,"[BaseTools] Add Library inf with uni file in [Source] section in FDF,  build report Traceback  error (Bugzilla Bug 128)",basetools,False,0.95,"The issue describes a build problem with BaseTools, which is related to EDK II build infrastructure."
qwen2.5:14b,A,6642,Possibly stale DNS server data retained after switch from Dhcp to Static (Bugzilla Bug 127),networkpkg,False,0.95,The issue describes a potential bug in the networkpkg package related to DNS server data retention after switching from DHCP to static configuration.
qwen2.5:14b,A,9560,[EmbeddedPkg] still reference edk2-devel@lists.sourceforge.net (Bugzilla Bug 126),embeddedpkg,False,1.0,It is a genuine bug report related to an outdated email reference in the EmbeddedPkg package.
qwen2.5:14b,A,6641,[AppPkg] still reference edk2-devel@lists.sourceforge.net (Bugzilla Bug 125),apppkg,False,0.95,The issue appears to be a genuine bug report related to outdated email references in the AppPkg package.
qwen2.5:14b,A,9558,MdeModulePkg PiSmmCore: IPL legacy memory Limits should be removed (Bugzilla Bug 122),mdemodulepkg,False,1.0,It is a genuine bug report related to EDK II firmware components.
qwen2.5:14b,A,6640,[BaseTools] change 'r+b' mode to 'rb' mode to handle the readonly RAW files (Bugzilla Bug 121),basetools,False,1.0,It is a genuine bug report related to EDK II build infrastructure.
qwen2.5:14b,A,6639,Boot option cannot be created immediately after deleting a boot option with the same name (Bugzilla Bug 120),mdemodulepkg,False,1.0,It describes a specific bug related to boot option management in the mdemodulepkg package.
qwen2.5:14b,A,6638,XHCI host controller reset operation requires an additional 1ms delay on some HCs (Bugzilla Bug 119),mdemodulepkg,False,1.0,It is a genuine bug report related to EDK II firmware component.
qwen2.5:14b,A,6637,Remove redundant check in HttpBootDxe (Bugzilla Bug 118),networkpkg,False,1.0,It is a genuine bug report related to EDK II code improvement.
qwen2.5:14b,A,6636,TcpDxe to not use EFI_D_INFO for DEBUG messages (Bugzilla Bug 117),networkpkg,False,1.0,It is a genuine bug report related to EDK II package TcpDxe.
qwen2.5:14b,A,6634,"In Linux, Rsa2048Sha256Sign and Pkcs7Sign are not found (Bugzilla Bug 115)",basetools,False,1.0,"The issue describes a missing functionality in Linux, which is related to EDK II build tools."
qwen2.5:14b,A,6633,need fix typo in SecurityPkg (Bugzilla Bug 114),securitypkg,False,0.95,The issue is a genuine bug report about fixing a typo in SecurityPkg.
qwen2.5:14b,A,6632,PatchCheck.py and wiki commit message line lengths are inconsistent (Bugzilla Bug 113),basetools,False,0.95,The issue relates to EDK II build infrastructure and describes a specific inconsistency that can be investigated.
qwen2.5:14b,A,6631,UEFI Shell 'devtree' command causes ASSERT (Bugzilla Bug 112),shellpkg,False,1.0,It is a genuine bug report related to the UEFI Shell command in EDK II.
qwen2.5:14b,A,6630,DnsDxe: Invalid Hostname returns EFI_TIMEOUT instead of EFI_NOT_FOUND (Bugzilla Bug 111),networkpkg,False,1.0,It is a genuine bug report related to EDK II firmware component.
qwen2.5:14b,A,6629,make EDKII PEI recovery file name configurable (Bugzilla Bug 110),mdemodulepkg,False,1.0,It is a legitimate feature request for EDK II.
qwen2.5:14b,A,9557,UEFI Firmware runs with Task Register (TR) set to NULL -- no TSS exists in GDT (Bugzilla Bug 109),ueficpupkg,False,1.0,"The issue describes a specific problem with UEFI firmware behavior, likely related to CPU state setup during boot."
qwen2.5:14b,A,6627,Ping/Ping6: Update to use UEFI Timers instead of gEfiCpuArchProtocolGuid (Bugzilla Bug 107),shellpkg,False,1.0,It is a genuine bug report related to updating the Ping/Ping6 package in EDK II.
qwen2.5:14b,A,6626,EDKII - Network stack : UEFI PXE boot issue with Classless IP address (Bugzilla Bug 106),mdemodulepkg,False,1.0,It is a genuine bug report related to the EDK II network stack and PXE boot issue.
qwen2.5:14b,A,9556,Shell is writing directly to EFI_SIMPLE_TEXT_OUTPUT Mode data in violation of UEFI Spec (Bugzilla Bug 105),shellpkg,False,1.0,It describes a genuine bug related to the Shell package violating UEFI Spec.
qwen2.5:14b,A,6625,DnsDxe can not handle alias (Bugzilla Bug 104),networkpkg,False,1.0,It is a genuine bug report related to an EDK II package.
qwen2.5:14b,A,6624,"BDS generates ""Boot manager Menu"" boot option not consistent (Bugzilla Bug 103)",mdemodulepkg,False,1.0,It is a genuine bug report related to EDK II firmware behavior.
qwen2.5:14b,A,6623,IPv4 PXE boot fails with classless IP address (Bugzilla Bug 102),networkpkg,False,1.0,It is a genuine bug report related to EDK II package.
qwen2.5:14b,A,6622,Incorrect expectation from NetLibAsciiStrToIp4 (Bugzilla Bug 101),mdemodulepkg,False,1.0,It is a genuine bug report related to the NetLibAsciiStrToIp4 function in the mdemodulepkg package.
qwen2.5:14b,A,6621,Most edk2.tianocore.org links in EDK II are wrong (Bugzilla Bug 100),apppkg,False,1.0,"The issue describes broken links in EDK II documentation, which is related to the project's build infrastructure and content."
qwen2.5:14b,A,6620,[BaseTools] Provide the PKCS7 tool (Bugzilla Bug 99),basetools,False,1.0,It relates to EDK II build infrastructure and is a genuine bug report.
qwen2.5:14b,A,6619,[BaseTools] Enhance RSA2048 tool to support MonotonicCount  option (Bugzilla Bug 98),basetools,False,1.0,It is a legitimate feature request for BaseTools package.
qwen2.5:14b,A,6618,[FDF Spec] FMPPAYLOAD section add the definition for CERTIFICATE_GUID and  MONOTONIC_COUNT (Bugzilla Bug 97),basetools,False,1.0,It is a genuine bug report related to EDK II build infrastructure.
qwen2.5:14b,A,6617,"Add the build option ""/D DISABLE_NEW_DEPRECATED_INTERFACES"" in package DSC files (Bugzilla Bug 96)",stdlib,False,1.0,It is a genuine bug report related to build options in an EDK II package.
qwen2.5:14b,A,6616,Incorrect GIC Version in Acpi51.h (Bugzilla Bug 95),mdepkg,False,0.95,"The issue describes a specific problem with the GIC version in Acpi51.h, which is related to EDK II firmware development."
qwen2.5:14b,A,6615,Incorrect MADT revision for ACPI 6.0 (Bugzilla Bug 94),mdepkg,False,1.0,It describes a specific bug related to EDK II firmware component.
qwen2.5:14b,A,6614,"Add the build option ""/D DISABLE_NEW_DEPRECATED_INTERFACES"" in package DSC files (Bugzilla Bug 93)",shellpkg,False,1.0,It is a genuine bug report related to build options in an EDK II package.
qwen2.5:14b,A,6613,Please refresh the UEFI shell binaries for ARM and AARCH64 (Bugzilla Bug 92),shellbinpkg,False,1.0,"The issue is related to refreshing UEFI shell binaries for ARM and AARCH64, which involves EDK II firmware components."
qwen2.5:14b,A,6612,BaseTools should check CONF_PATH env to get the configure files (Bugzilla Bug 91),basetools,False,1.0,It is a genuine bug report related to BaseTools package.
qwen2.5:14b,A,6611,The SMRAM allocated in FindSmramInfo() can be freed. (Bugzilla Bug 90),ueficpupkg,False,1.0,It is a genuine bug report related to EDK II firmware component.
qwen2.5:14b,A,6608,Installed Windows 10 OVMF SMP guest crashes when SMM is enabled/required (Bugzilla Bug 85),ovmfpkg,False,1.0,"It describes a specific issue with OVMF SMP guest in Windows 10 environment, which is related to EDK II firmware development."
qwen2.5:14b,A,6607,Csm16.bin(seabios) failed to work in OVMF. (Bugzilla Bug 84),ovmfpkg,False,1.0,"It describes a specific issue with OVMF and CSM firmware, which is related to EDK II."
qwen2.5:14b,A,6606,OVMF fails to boot with SMP enabled (Bugzilla Bug 83),ovmfpkg,False,1.0,It is a genuine bug report related to OVMF boot failure with SMP enabled.
qwen2.5:14b,A,6601,OVMF release build with GCC 5.2 runs out of space [master] (Bugzilla Bug 78),ovmfpkg,False,1.0,"It describes a build issue with OVMF using GCC, which is related to EDK II firmware development."
qwen2.5:14b,A,6600,ASSERT failure on QEMU (Bugzilla Bug 77),ovmfpkg,False,1.0,It is a genuine bug report with a reproducible problem on QEMU.
qwen2.5:14b,A,6598,kvm emulation failure (Bugzilla Bug 74),ovmfpkg,False,1.0,It is a genuine bug report related to an EDK II package.
qwen2.5:14b,A,6597,OVMF can't handly large VMs with qemu/kvm and linux >= 4.2 (Bugzilla Bug 73),ovmfpkg,False,1.0,It is a genuine bug report related to OVMF and QEMU/KVM with Linux >= 4.2.
qwen2.5:14b,A,6596,Windows 8.1 Installation crashes with latest OVMF (Bugzilla Bug 72),ovmfpkg,False,0.95,"The issue describes a problem with OVMF that causes Windows installation to crash, which is related to EDK II firmware development."
qwen2.5:14b,A,6595,OVMF doesn't respect -acpitable QEMU parameter (Bugzilla Bug 71),ovmfpkg,False,1.0,It is a genuine bug report related to OVMF behavior in QEMU.
qwen2.5:14b,A,6594,Build failure with latest Xcode clang (Bugzilla Bug 70),stdlib,False,1.0,It describes a build failure which is relevant to EDK II.
qwen2.5:14b,A,9555,Possible bad data length check in EslSocketTransmit (Bugzilla Bug 69),stdlib,False,1.0,It is a genuine bug report related to EDK II firmware development.
qwen2.5:14b,A,6593,Man pages in BaseTools UserManuals should be updated with new ML address (Bugzilla Bug 68),basetools,False,1.0,It is a genuine bug report related to updating man pages in BaseTools.
qwen2.5:14b,A,6592,UefiCpuPkg/CpuMpPei: please consider existing memalloc HOBs in GetWakeupBuffer( (Bugzilla Bug 67),ueficpupkg,False,1.0,It is a genuine bug report related to EDK II firmware development.
qwen2.5:14b,A,6589,DuetPkgX64: Windows 10 BSOD on boot (Bugzilla Bug 64),duetpkg,False,1.0,It is a genuine bug report related to EDK II package with specific symptoms.
qwen2.5:14b,A,6587,rework gcc detection to look forward instead of backward (Bugzilla Bug 62),ovmfpkg,False,1.0,It is a genuine bug report related to gcc detection in the ovmfpkg package.
qwen2.5:14b,A,6586,UefiCpuPkg: MtrrLib: unused-but-set-variable (UDK2015 branch) (Bugzilla Bug 61),ueficpupkg,False,1.0,It is a genuine bug report related to EDK II package.
qwen2.5:14b,A,6585,Intel Graphics driver in Windows not working with corebootPayloadPkg (Bugzilla Bug 60),corebootpayloadpkg,True,1.0,"The issue is about an Intel Graphics driver in Windows, which is unrelated to EDK II firmware development."
qwen2.5:14b,A,6584,Error building PcAtChipsetPkg/SerialIoLib (Bugzilla Bug 59),pcatchipsetpkg,False,1.0,It is a genuine bug report related to building an EDK II package.
qwen2.5:14b,A,6583,random bsod of windows10 (Bugzilla Bug 58),ovmfpkg,True,0.9,The issue title mentions a Windows BSOD which is unrelated to EDK II firmware development.
qwen2.5:14b,A,9554,QuarkPlatformPkg output junks on the console (Bugzilla Bug 57),quarkplatformpkg,False,1.0,"It describes a specific issue with output junk on the console in QuarkPlatformPkg, which is related to EDK II firmware development."
qwen2.5:14b,A,6582,Basetools compile with VS2012 (Bugzilla Bug 56),basetools,False,1.0,The issue relates to EDK II build infrastructure and is marked as a bug.
qwen2.5:14b,A,6580,remove Libray references from code base (Bugzilla Bug 52),mdepkg,False,1.0,"The issue is related to removing library references in the code base, which pertains to EDK II firmware development."
qwen2.5:14b,A,6579,QuarkSockg Use after free in QNCSmmCoreDispatcher (Bugzilla Bug 51),quarksocpkg,False,1.0,It describes a real security vulnerability in an EDK II package.
qwen2.5:14b,A,9551,StdLib's tmpfile and mkstemp do not work (Bugzilla Bug 50),stdlib,False,1.0,It is a genuine bug report related to EDK II's stdlib package.
qwen2.5:14b,A,6578,"Missing break(s) in switch statement, EfiWrite() (Bugzilla Bug 49)",embeddedpkg,False,1.0,It describes a genuine bug in the code related to EDK II firmware development.
qwen2.5:14b,A,6577,Most edk2.tianocore.org links in EDK II are wrong (Bugzilla Bug 48),basetools,False,1.0,"The issue describes broken links in EDK II documentation, which is related to the project's build infrastructure."
qwen2.5:14b,A,6576,NULL pointer comparison to a char literal should be to NULL (Bugzilla Bug 47),edkcompatibilitypkg,False,1.0,It is a genuine bug report related to EDK II package.
qwen2.5:14b,A,6575,can't build UDK2015 branch (Bugzilla Bug 45),cryptopkg,False,1.0,It describes a build issue related to an EDK II package.
qwen2.5:14b,A,6574,Some packages still reference edk2-devel@lists.sourceforge.net (Bugzilla Bug 44),basetools,False,1.0,"The issue relates to updating email references in EDK II packages, which is relevant to the project."
qwen2.5:14b,A,6573,Incorrect MBR primary partition numbering in PartitionInstallMbrChildHandles() (Bugzilla Bug 43),mdemodulepkg,False,1.0,It describes a specific bug in the PartitionInstallMbrChildHandles() function within the mdemodulepkg package.
qwen2.5:14b,A,6571,Bug in Math64.c - undefined behavior (Bugzilla Bug 41),mdepkg,False,1.0,It is a genuine bug report related to EDK II package code.
qwen2.5:14b,A,6570,GCC toolchain (<= 4.8) doesn't enable optimizations for X64 RELEASE builds (Bugzilla Bug 40),basetools,False,1.0,"It describes a specific build issue with GCC toolchain versions <= 4.8 for X64 RELEASE builds, which is relevant to EDK II build infrastructure."
qwen2.5:14b,A,6569,Error when changing boot order after deleting boot option (Bugzilla Bug 39),mdemodulepkg,True,0.8,"The issue title does not describe a clear firmware-related problem or feature request, and the state is 'closed', suggesting it was deemed invalid."
qwen2.5:14b,A,6568,Use-after-free in StdLib ParsePath() (Bugzilla Bug 38),stdlib,False,1.0,It describes a real security vulnerability in the StdLib package.
qwen2.5:14b,A,6567,AhciDumpPortStatus doesn't fully populate all the fields of the parameter EFI_ATA_STATUS_BLOCK *AtaStatusBlock (Bugzilla Bug 37),mdemodulepkg,False,1.0,It is a genuine bug report related to an EDK II package.
qwen2.5:14b,A,6566,RVDS 4.0 Don't support --protect_stack option (Bugzilla Bug 36),basetools,False,1.0,"It describes a build issue with RVDS compiler options, which is relevant to EDK II build infrastructure."
qwen2.5:14b,A,6565,EDK Shell Locking Up after a few minutes (Bugzilla Bug 34),edkshellpkg,False,1.0,It is a genuine bug report related to EDK II package.
qwen2.5:14b,A,6564,Compilation error for MdeModulePkg (Bugzilla Bug 33),mdemodulepkg,False,1.0,"It describes a compilation error for an EDK II package, which is relevant to the project."
qwen2.5:14b,A,6563,CorebootPayloadPkg_IA32X64 cannot find USB and EFI internal shell (Bugzilla Bug 32),corebootpayloadpkg,False,1.0,"It describes a specific issue with an EDK II package, indicating it is related to firmware development."
