model,system,issue_id,title,package,predicted_priority,true_priority,confidence,reason
qwen2.5:14b,A,12919,[Bug]: GenFw emits wrong relocation addend,basetools,high,medium,0.85,The bug affects a critical tool (GenFw) and impacts relocation addends which are crucial for proper binary linking.
qwen2.5:14b,A,12887,[Bug]: F2/ESC hotkeys do not work when a virtio device is present (202502+),ovmfpkg,high,medium,0.85,The bug affects critical hotkeys and impacts firmware functionality.
qwen2.5:14b,A,12882,[Bug]: DNSDxe doesn't accept all type of DNS response as per RFC,networkpkg,high,medium,0.85,The bug affects DNSDxe driver's compliance with RFC standards and could lead to network connectivity issues.
qwen2.5:14b,A,12766,[Bug]: Row/column arguments in Console Out are transposed,emulatorpkg,low,low,0.8,The bug does not impact build processes or critical functionalities and is specific to console output settings.
qwen2.5:14b,A,12708,[Bug]: Incompatible change at UEFI 2.11 type field at ARM Processor Error Information table,ueficpupkg,medium,high,0.8,The bug involves an incompatible change in a specification but does not indicate severe system crashes or security vulnerabilities.
qwen2.5:14b,A,12693,[Bug]: ManageabilityPkg CLANGDWARF CI failure (BaseManageabilityTransportHelper),manageabilitypkg,medium,medium,0.8,CI build failures typically indicate issues that need to be addressed but may not critically impact all systems or have high severity.
qwen2.5:14b,A,12689,[Bug]: UEFI Shell layout is messed up in DEBUG mode when no mapping is found,shellpkg,medium,low,0.8,Similar to other firmware issues impacting layout and functionality in specific build modes.
qwen2.5:14b,A,12680,[Bug]: ECC not generate enough 5 fields in UefiCpuPkg/Library/BaseRiscV64CpuTimerLib,ueficpupkg,medium,medium,0.8,The bug is related to a tool and does not specify severe impact on firmware or targets.
qwen2.5:14b,A,12678,"[Bug]: 057a611ae6 (""SecurityPkg: Added basic DxeImageVerificationLib tests"", 2025-06-22) DxeImageVerificationHandler Sanity Check",securitypkg,medium,high,0.8,"The bug is related to firmware and impacts a specific package, similar to other medium priority issues."
qwen2.5:14b,A,12675,[Bug]: Commit a9c9cfa0790c3fce6957db603488b85306c37385 causes crash on Ampere Altra systems,armpkg,high,high,0.9,The bug causes a crash on specific systems and impacts firmware.
qwen2.5:14b,A,12658,[Bug]: Update CryptoPkg OpenSSL submodule to OpenSSL 3.5.5 for CVE-2025-69419,cryptopkg,high,low,0.9,"The bug involves updating to fix a specific CVE, indicating high security impact."
qwen2.5:14b,A,12651,"[Bug]: Booting netboot.xyz over HTTPS fails with ""EE certificate key too weak""",cryptopkg,high,medium,0.9,The bug impacts secure booting over HTTPS and could compromise system security.
qwen2.5:14b,A,12646,[Bug]: ArmStandaloneMmCoreEntryPoint DelegatedEventLoop infinite loop on error path,armpkg,high,medium,0.85,"The bug involves an infinite loop in critical firmware code, which is likely to cause system instability or failure."
qwen2.5:14b,A,12644,[Bug]: Discover Nvme Namespaces function is called multiple times in NvmExpressDriverBindingStart,mdemodulepkg,medium,low,0.8,Similar to other firmware issues in MdeModulePkg with medium priority.
qwen2.5:14b,A,12617,[Bug]: FWTS Authenticated variable test fails,mdemodulepkg,high,high,0.85,The bug impacts firmware authentication variables which is critical security functionality.
qwen2.5:14b,A,12588,[Bug]: HDMI ports need changed during boot process,other,medium,medium,0.75,The bug impacts firmware functionality but does not indicate a system crash or severe security vulnerability like those classified as high priority.
qwen2.5:14b,A,12587,[Bug]: TPM table offset to LAML and LASL are incorrect,securitypkg,high,medium,0.85,The bug involves incorrect offsets in TPM table implementations which could lead to security vulnerabilities.
qwen2.5:14b,A,12566,[Bug]: Allocator: Some Logic Checks the Special Field Some Uses a List of Memory Types,mdemodulepkg,medium,medium,0.8,The bug involves logic checks in DXE core which could impact firmware functionality but lacks specific severity indicators like crashes or security vulnerabilities.
qwen2.5:14b,A,12547,[Bug]: __stack_chk_guard definition is wrong,other,high,high,0.85,"The bug impacts multiple build targets and involves incorrect definition of a critical variable, similar to other high priority firmware issues."
qwen2.5:14b,A,12517,[Bug]: Base.h IA32 GCC _AlignOf,mdepkg,medium,low,0.8,The bug involves a static assert in Base.h which is likely to cause build failures but does not describe severe runtime behavior.
qwen2.5:14b,A,12498,"[Bug]: For the ManageabilityPkg, move the internal use C header file to under PrivateInclude.",other,medium,medium,0.8,The bug involves moving internal header files which is a structural change but not critical.
qwen2.5:14b,A,12463,"[Bug]: ProcessCommunicationBuffer() in MmCommunicationDxe is not reentrant-safe, leading to ReturnBufferSize corruption and page fault.",standalonemmpkg,high,medium,0.85,"The bug involves reentrancy issues leading to corruption and page faults, similar in severity to other high-priority firmware bugs."
qwen2.5:14b,A,12437,[Bug]: Noise in build process if toolchain is GCC or CLANGDWARF,basetools,medium,low,0.8,Similar to other build process issues impacting specific toolchains but not as critical as those affecting multiple targets or causing crashes.
qwen2.5:14b,A,12419,[Bug]: Build fails without a reason,mdemodulepkg,high,low,0.8,Build failure without reason is a critical issue that can block development progress.
qwen2.5:14b,A,12399,[Bug]: NvmeDxe:: Incomplete cleanup on failure case resulting in memory leak and protocol tracking,mdemodulepkg,high,low,0.85,The bug involves a memory leak and protocol tracking issues which are critical in firmware.
qwen2.5:14b,A,12397,[Bug]: NvmeDxe:: NvmExpressMediaClear: Incorrect buffersize for write command,mdemodulepkg,high,high,0.85,"The bug involves incorrect buffer size for a write command in firmware, which can lead to data corruption or system instability."
qwen2.5:14b,A,12396,[Bug]: NvmeDxe::NvmExpressMediaClear: off-by-one skips last LBA,mdemodulepkg,high,medium,0.9,The bug involves a critical off-by-one error in firmware that impacts multiple targets and could lead to data loss or corruption.
qwen2.5:14b,A,12394,[Bug]: Remove [DEPEX] section from RedfishConfigHandler driver,redfishpkg,low,medium,0.8,The issue is about removing a section in firmware and does not indicate any critical failure or performance impact.
qwen2.5:14b,A,12390,[Bug]:PXE crash in NetworkPkg when link disconnects during NBP download (NULL/invalid Private access),networkpkg,high,medium,0.85,"The bug involves a crash in firmware during critical operation (NBP download), similar to other high-priority issues in NetworkPkg."
qwen2.5:14b,A,12363,[Bug]: OVMF crashes when exiting from aarch64 GRUB,armvirtpkg,high,low,0.85,"The bug causes a crash in OVMF firmware when exiting from GRUB, which is a critical failure indicating high severity."
qwen2.5:14b,A,12359,[Bug]: <title>/PageTbl.c(340): PageDirectoryEntry != ((void *) 0),ueficpupkg,medium,low,0.8,The bug involves a specific condition in firmware code without clear impact severity beyond compilation or runtime warning.
qwen2.5:14b,A,12348,[Bug]: BaseTools build fails due to racy cpp file generation,basetools,high,high,0.85,The bug involves a build failure in BaseTools which is critical for development and matches similar high priority issues in the same package.
qwen2.5:14b,A,12333,[Bug]: Remove -I from OvmfPkg reset vectors,ovmfpkg,high,low,0.85,Similar to other firmware issues in OvmfPkg with high priority.
qwen2.5:14b,A,12320,[Bug]: Issue triage workflow does not auto-assign for feature and documentation requests due to inconsistent field IDs,build-or-ci-code,medium,low,0.8,The issue is related to a tool (Issue Triage Workflow) and does not specify critical impact on firmware or unit tests.
qwen2.5:14b,A,12293,[Bug]: GenFw Missing option on VS2026,basetools,high,medium,0.85,The issue involves a critical missing option in a tool (GenFw) which impacts build processes and is similar to other high priority issues related to BaseTools package.
qwen2.5:14b,A,12281,[Bug]: TerminalDxe ignores shift state when calling notification functions,mdemodulepkg,medium,medium,0.85,Similar to other firmware issues in MdeModulePkg with medium priority.
qwen2.5:14b,A,12276,[Bug]:  [Depex]  sections exist in the INF files of UEFI_DRIVER or UEFI_APPLICATION,shellpkg,medium,low,0.8,"The bug affects multiple packages and involves both firmware and tool issues, but lacks specific severity indicators like build failures or high impact on critical functionalities."
qwen2.5:14b,A,12275,[Bug]:  EFIDebug runtime log level change fails to take effect,mdemodulepkg,medium,medium,0.8,The bug impacts firmware runtime behavior but lacks severity indicators like memory corruption or high security risks.
qwen2.5:14b,A,12245,"[Bug]: PE/COFF image hashes (SHA‑384/SHA‑512)  can’t be queried in the DB, but work in the DBX",securitypkg,high,low,0.85,The bug impacts firmware functionality and involves security-related packages.
qwen2.5:14b,A,12206,[Bug]: OVMF crashes early with RISCVVIRT_PEI_BOOTING,ovmfpkg,high,medium,0.85,"The bug causes a crash in firmware during early boot for a specific target, similar to other high-priority firmware issues."
qwen2.5:14b,A,12183,[Bug]: Broken source-level debugging of OVMF caused by improper SEC-phase PCD access (BasePcdLibNull referenced),ovmfpkg,high,low,0.85,"The bug impacts source-level debugging and involves improper PCD access in SEC phase, similar to other high-priority firmware issues."
qwen2.5:14b,A,12179,[Bug]: FMMT config file argument does not work,basetools,low,low,0.8,Similar to other tool-related issues in BaseTools with no reported severe impact.
qwen2.5:14b,A,12178,[Bug]: FMMT always exits with status 0 (success),basetools,medium,low,0.8,"The bug involves a tool (BaseTools) and impacts functionality when an FMMT operation throws an exception, but lacks specific details on severity or widespread impact."
qwen2.5:14b,A,12176,[Bug]: Cannot run posix wrappers without setup,basetools,medium,low,0.8,The bug is related to a tool (BaseTools) and impacts functionality but does not indicate critical security or performance issues.
qwen2.5:14b,A,12172,[Bug]: Error Dumping ESRT Table using CapsuleApp.efi -E,mdemodulepkg,medium,medium,0.8,Similar to other tool/unit test issues in MdeModulePkg with medium priority.
qwen2.5:14b,A,12141,[Bug]: KeyBoard Backspace is not work in UEFI shell when launch QEMU with -nographic mode,ovmfpkg,medium,low,0.8,The bug affects keyboard functionality in a specific QEMU configuration but does not indicate severe system instability or data loss.
qwen2.5:14b,A,12136,[Bug]: Incremental build issue of Structure PCD,basetools,medium,low,0.8,Similar to other incremental build issues but not as severe as high-priority ones.
qwen2.5:14b,A,12120,[Bug]: Ramfb default resolutions available are very low,ovmfpkg,medium,low,0.8,Similar to other firmware issues in OvmfPkg with medium priority.
qwen2.5:14b,A,12095,[Bug]: The PXE boot option is missing on RISCV64,ovmfpkg,medium,medium,0.8,Similar to other firmware issues in OvmfPkg with medium priority.
qwen2.5:14b,A,12081,[Bug]: SCT Failure in SerialIo on Arm platforms with PL011UartLib,armplatformpkg,high,low,0.85,The bug involves firmware failure on critical platforms and impacts multiple targets.
qwen2.5:14b,A,12077,[Bug]: Uncrustify configuration formats DEBUG macros incorrectly (contradicts Coding Standard 5.2.2.4),other,low,low,0.8,The bug is related to a tool configuration and does not impact firmware or unit tests directly.
qwen2.5:14b,A,12073,[Bug]: UsbMassStorageDxe: UsbMassReadBlocks lacks retry mechanism for transient USB failures,mdemodulepkg,high,medium,0.85,The bug impacts firmware and lacks a retry mechanism for transient USB failures which can cause data corruption or loss.
qwen2.5:14b,A,12067,[Bug]: MdeModulePkg/HiiDatabaseDxe: Parser issue in GetNameElement(),mdemodulepkg,medium,medium,0.8,Similar to other firmware issues in MdeModulePkg with medium priority.
qwen2.5:14b,A,12065,[Bug]: Code issue in SetupBrowserDxe introduce from  https://github.com/tianocore/edk2/pull/11686,mdemodulepkg,medium,low,0.8,The bug is in firmware and impacts specific build targets but lacks details on severity or widespread impact.
qwen2.5:14b,A,12043,[Bug]: edk2:Shell won't build with GCC 16 with -Werror,shellpkg,medium,low,0.8,Similar to other tool build issues in ShellPkg with no indication of system failure or severe impact.
qwen2.5:14b,A,11991,[Bug]: Failed to start Intel Trust Domain on the new OVMF version,ovmfpkg,high,medium,0.85,"The bug involves a critical failure to start an important security feature (Intel Trust Domain) on a new firmware version, likely impacting system integrity and security."
qwen2.5:14b,A,11965,[Bug]: qemu-kvm GUEST start failed on RISC-V,ovmfpkg,high,medium,0.8,Similar to other firmware issues impacting specific targets and causing critical failures.
qwen2.5:14b,A,11962,[Bug]: LPA2 support regresses emulated boot w/ -cpu max,armvirtpkg,high,medium,0.85,"The regression impacts boot functionality on a specific target after an update, similar to other high-priority firmware issues."
qwen2.5:14b,A,11948,[Bug]: Mismatch in the value of LAST_ATTEMPT_STATUS_ERROR_UNSUCCESSFUL_VENDOR_RANGE_MAX,mdepkg,medium,low,0.8,"The bug involves a mismatch in firmware value definitions, similar to other medium priority issues in MdePkg."
qwen2.5:14b,A,11934,[Bug]: UefiPayload 202511 bootloops on ThinkPad X230 (coreboot),uefipayloadpkg,high,low,0.85,"The bug causes a bootloop on a specific target after an update, similar to other high-priority firmware issues."
qwen2.5:14b,A,11900,[Bug]: Usage of PcdPostCodePropertyMask is not clear,mdepkg,medium,low,0.8,"The bug is related to firmware and unclear usage of a Pcd, similar to other medium priority firmware issues."
qwen2.5:14b,A,11895,[Bug]: /EmulatorPkg/Unix/Host/Host.h:69:12: fatal error: termio.h: No such file or directory,emulatorpkg,high,low,0.85,"The error indicates a critical missing header file during compilation, which blocks build process."
qwen2.5:14b,A,11882,[Bug]: RedfishPkg fails to build with 'lld-link: error: undefined symbol: _memcpy' in CLANGPDB (IA32 NOOPT),redfishpkg,high,medium,0.85,Build failure in a specific package with undefined symbol error.
qwen2.5:14b,A,11881,[Bug]: RedfishPkg fails to build with 'lld-link: error: undefined symbol: _fltused' in CLANGPDB (DEBUG RELEASE),redfishpkg,high,medium,0.9,Build failure issues typically impact all users and can halt development progress.
qwen2.5:14b,A,11878,[Bug]: CLANGDWARF cannot build RELEASE AARCH64 StandaloneMmPkg,standalonemmpkg,high,medium,0.85,"The bug prevents building for a specific target and architecture, similar to other high priority build failure issues."
qwen2.5:14b,A,11846,[Bug]: <title> The character caused build error.,uefipayloadpkg,high,low,0.8,Build errors typically impact all development and are critical issues.
qwen2.5:14b,A,11842,[Bug]: Update mu_nasm nuget release to 2.16.01 to resolve IA32 CLANGDWARF link issues,basetools,high,high,0.85,The bug impacts multiple build targets and requires updating a nuget package to resolve linker issues.
qwen2.5:14b,A,11814,[Bug]: 901c4e3 breaks response to Enter key in Arm platform firmware menus,mdemodulepkg,medium,high,0.8,"The bug affects firmware menus and impacts multiple build targets, but does not indicate a critical system failure or security vulnerability."
qwen2.5:14b,A,11800,[Bug]: non-x86 Option Rom never be reached if multiple Option Rom images are found on non-x86 platform.,mdemodulepkg,high,medium,0.85,The bug impacts multiple targets and involves firmware issues similar to other high priority bugs in mdemodulepkg.
qwen2.5:14b,A,11797,[Bug]: Build error when STATIC Stack check is enabled on X86 Architectures on GCC Build,mdepkg,medium,medium,0.8,Similar to other build error issues in MdePkg that are typically medium priority.
qwen2.5:14b,A,11793,[Bug]: BdsDxe build fails with CLANGPDB,mdemodulepkg,high,high,0.85,Build failure with specific compiler version indicates high severity as it blocks development and testing.
qwen2.5:14b,A,11792,[Bug]: UefiPayloadPkg cannot be built with VS2022,uefipayloadpkg,high,medium,0.85,Build failure with a recent version of Visual Studio indicates potential compatibility issues that could impact development and testing workflows.
qwen2.5:14b,A,11791,[Bug]: SignedCapsulePkg cannot be built with VS2022,signedcapsulepkg,high,medium,0.85,Similar to other high priority issues impacting specific toolchains and build targets.
qwen2.5:14b,A,11790,[Bug]: CryptoPkg cannot be built with VS2022,cryptopkg,high,medium,0.85,Build failure with a recent version of Visual Studio indicates potential compatibility issues that could affect development and testing workflows.
qwen2.5:14b,A,11787,[Bug]: HiiDatabaseDxe build fails with CLANGPDB,mdemodulepkg,high,high,0.85,Build failure issues typically have high priority due to their impact on development and testing processes.
qwen2.5:14b,A,11786,[Bug]: SetupBrowserDxe build fails with CLANGPDB,mdemodulepkg,medium,high,0.8,Build failure issues are typically medium priority unless they affect multiple targets or are critical for debugging.
qwen2.5:14b,A,11772,[Bug]: FdfParser parse include statement before conditional statement,basetools,medium,low,0.8,The bug involves a parsing issue in BaseTools which impacts multiple build targets but does not indicate critical system failure or security vulnerability.
qwen2.5:14b,A,11765,[Bug]: ConSplitterDxe Default Output Mode (MaxMode) Causes Shell Console Display Corruption,mdemodulepkg,medium,low,0.8,The bug impacts firmware and affects multiple build targets but does not indicate a system hang or severe data corruption.
qwen2.5:14b,A,11764,[Bug]: SmiHandlerUnRegister  is pended forever when an unregistered SMI get called,mdemodulepkg,high,high,0.85,"The bug involves a critical system function (SMI handling) pended forever, impacting firmware stability and functionality."
qwen2.5:14b,A,11755,[Bug]: Firmware update failing on headless systems,mdemodulepkg,high,medium,0.85,Firmware update failure on headless systems is a critical issue affecting firmware functionality.
qwen2.5:14b,A,11754,[Bug]: 32-bit Windows 10 fails to boot on VMs with 32-bit edk2-ovmf firmware,ovmfpkg,high,high,0.85,"The bug affects booting of a major OS version on VMs, impacting broad compatibility and user experience."
qwen2.5:14b,A,11747,"[Bug]: BaseRiscV64CpuTimerLib is not safe for OS-runtime, crashes RealTimeClockRuntimeDxe in gRT->GetTime",ovmfpkg,high,high,0.85,The bug impacts firmware and crashes a critical module during runtime.
qwen2.5:14b,A,11744,[Bug]: toolsetup.bat is trying to use delayed expansion incorrectly.,basetools,low,low,0.8,The bug is related to a build script and does not impact firmware or unit tests directly.
qwen2.5:14b,A,11739,[Bug]: VariablePei allocates runtime memory fragmenting memory buckets,mdemodulepkg,high,medium,0.85,The bug impacts memory allocation in firmware and could lead to fragmentation issues.
qwen2.5:14b,A,11737,[Bug]: EmbeddedPkg cannot be built with VS2022,embeddedpkg,high,medium,0.9,Similar to other build failure issues with high priority.
qwen2.5:14b,A,11715,[Bug]: RISC-V OVMF firmware built with CLANGDWARF fails to load in QEMU,ovmfpkg,high,medium,0.9,Similar to other high priority firmware build issues impacting specific targets and causing failure in QEMU.
qwen2.5:14b,A,11702,[Bug]: Warning information displayed during Basetools building proccess,basetools,low,low,0.8,The issue is related to warning information during build process rather than a critical failure or security vulnerability.
qwen2.5:14b,A,11673,[Bug]: EFI Shell map command modifies the multi instance device path of block device handle,shellpkg,high,low,0.85,The bug affects a critical tool (EFI Shell) and impacts multiple build targets.
qwen2.5:14b,A,11670,[Bug]: UnitTestUefiBootServicesTableLib prints warnings when used outside Framework,unittestframeworkpkg,medium,low,0.8,"The bug is related to unit testing and prints warnings, which is less severe than a system crash or memory protection inconsistency."
qwen2.5:14b,A,11630,[Bug]: genffs crashed,emulatorpkg,medium,low,0.8,"The bug is related to a tool (genffs) crashing during compilation, similar to other medium priority tool issues."
qwen2.5:14b,A,11605,[Bug]: Need to upgrade MbedTLS to latest 3.6.4 for the latest CVE fix.,cryptopkg,medium,low,0.8,"The issue involves upgrading a security library to fix CVEs, which is important but not immediately critical without specific target impacts."
qwen2.5:14b,A,11578,[Bug]: Pre-OS graphics fail to load when deleting GPIO driver using FMMT tool,basetools,high,medium,0.85,The bug involves a critical failure in tool functionality during pre-OS operations.
qwen2.5:14b,A,11554,[Bug]: <title> Pci command -i can't display PCIe Designated Vendor Specific Extended Capability correctly.,shellpkg,high,medium,0.85,Similar to other high priority issues in ShellPkg related to tool functionality and display problems.
qwen2.5:14b,A,11538,[Bug]: LoadImage causes a store access fault on RISCV64,ovmfpkg,high,high,0.85,The bug causes a store access fault which is likely to be critical in firmware execution.
qwen2.5:14b,A,11528,[Bug]: Use flexible array members consistently,shellpkg,high,low,0.85,Impacts multiple packages and is related to firmware consistency.
qwen2.5:14b,A,11524,[Bug]: Duplicate field print in dmem,shellpkg,medium,low,0.8,The bug involves a duplicate field print in dmem which is likely to cause minor inconvenience but not critical system failure.
qwen2.5:14b,A,11509,[Bug]: TCG2/TPM2 support on aarch64 does not work,ovmfpkg,high,medium,0.85,"The bug impacts firmware and causes a system to get stuck during boot, similar to other high-priority issues in OvmfPkg."
qwen2.5:14b,A,11491,[Bug]: ECC Check Silently Fails in edk2 CI for Windows and Linux,basetools,high,low,0.85,"The bug involves a critical tool (ECC Check) silently failing in CI for both Windows and Linux, impacting multiple targets."
qwen2.5:14b,A,11480,[Bug]: boot stuck in aarch64 uefi,armplatformpkg,high,medium,0.85,"The bug causes a system to be stuck during boot, which is critical and impacts multiple packages."
qwen2.5:14b,A,11479,[Bug]: BaseLib  Function SetJump()  Build with AARCH64 VS2022 Hangs   in file SetJumpLongJump.asm but Works with CLANG compile using file SetJumpLongJump.S,mdepkg,high,high,0.85,The bug involves a critical hang during build process for specific configurations and impacts multiple packages.
qwen2.5:14b,A,11462,[Bug]: LAST_ATTEMPT_STATUS_ERROR_UNSUCCESSFUL_VENDOR_RANGE_MAX value does not match the UEFI specification,mdepkg,low,low,0.8,The bug does not indicate a critical system failure or performance degradation.
qwen2.5:14b,A,11460,[Bug]: OVMF secure boot settings unusable with serial console,ovmfpkg,medium,low,0.8,Similar to other firmware issues in OvmfPkg that are typically medium priority.
qwen2.5:14b,A,11453,[Bug]: AsciiSPrint does not handle %s correctly,ovmfpkg,low,low,0.8,Similar to other firmware issues in OvmfPkg but does not indicate critical security or performance impact.
qwen2.5:14b,A,11449,[Bug]: ShellPkg: add MRDIMM support in MemoryDeviceMemoryTechnologyTable to satisfy smbios v3.8,shellpkg,medium,medium,0.8,Similar to other ShellPkg tool issues with no indication of critical runtime failure or security impact.
qwen2.5:14b,A,11445,[Bug]: Potential Infinite Loop in DumpCapsuleStatusVariable() due to Unbounded Error Handling of EFI_ERROR,mdemodulepkg,high,medium,0.9,The bug involves a potential infinite loop in critical functionality.
qwen2.5:14b,A,11428,[Bug]: Terminal layout issue in Boot Manager when running qemu-system-x86_64 with -nographic,ovmfpkg,medium,medium,0.8,Similar to other firmware issues impacting specific configurations but without clear severity indicators.
qwen2.5:14b,A,11424,[Bug]: Find en-US string if x-uefi-redfish language is not found,redfishpkg,medium,medium,0.8,Similar to other firmware issues in RedfishPkg with medium priority.
qwen2.5:14b,A,11421,[Bug]: Redfish RedfishPlatformConfigProtocolGetValue function should consider REDFISH_PLATFORM_CONFIG_ALLOW_SUPPRESSED option,redfishpkg,medium,medium,0.8,The bug is related to firmware and impacts a specific package without clear severity indicators like buffer overflows or crashes.
qwen2.5:14b,A,11417,[Bug]: Redfish interface remains open when it is no longer needed,redfishpkg,medium,low,0.85,Similar to other firmware issues in RedfishPkg with medium priority.
qwen2.5:14b,A,11408,[Bug]: Shell pci command no longer prints BAR information,shellpkg,medium,medium,0.85,Similar to other tool-related issues in ShellPkg with medium priority.
qwen2.5:14b,A,11394,[Bug]: BSP could free AP reset vector buffer even though AP wake up is in process,ueficpupkg,high,medium,0.85,The bug could lead to system instability or data corruption if AP reset vector buffer is freed prematurely.
qwen2.5:14b,A,11391,[Bug]: Encountering a build error with the CLANG compiler.,cryptopkg,high,high,0.8,Build errors with specific compilers often indicate critical issues that block development or testing.
qwen2.5:14b,A,11374,[Bug]: UEFI runtime drivers loaded after EndOfDxe are not executable by OS,mdemodulepkg,high,medium,0.85,Runtime drivers loaded after EndOfDxe are critical for system functionality and their non-executability can lead to significant OS issues.
qwen2.5:14b,A,11364,[Bug]: Incorrect behavior when switching language in Front Page and Driver Health Manager,mdemodulepkg,medium,medium,0.8,The bug impacts firmware but does not specify critical system failure or severe security issues.
qwen2.5:14b,A,11363,[Bug]: Hit LNK1237 when using IntrinsicLib.inf,mdepkg,medium,medium,0.8,Similar to other firmware issues in MdePkg with moderate impact.
qwen2.5:14b,A,11360,[Bug]: TCG2/TPM2 support on RISC-V does not work,ovmfpkg,high,medium,0.85,The bug involves critical firmware functionality not working as expected on a specific architecture.
qwen2.5:14b,A,11338,"[Bug]: System assertion failure occurs upon restart after OS installation using WHPX, or when the 'Reset' option is triggered from the QEMU application",ovmfpkg,high,medium,0.85,"The bug involves system assertion failure upon restart or reset, similar to other high-priority issues affecting firmware stability and reliability."
qwen2.5:14b,A,11336,[Bug]: Potential infinite loop and incorrect DeviceList handling in OpalPassword,securitypkg,medium,medium,0.85,Similar to other firmware issues in securitypkg with medium priority.
qwen2.5:14b,A,11323,[Bug]: Xen libvirt HVM crash when using more than 64 vcpus,ovmfpkg,high,medium,0.85,The bug causes a crash in a critical scenario and impacts a specific target configuration.
qwen2.5:14b,A,11299,[Bug]: Wide character display is truncated on BIOS Setup.,mdemodulepkg,medium,low,0.8,Similar to other firmware issues in MdeModulePkg with medium priority.
qwen2.5:14b,A,11292,"[Bug]: UEFI-SCT BBTestGetImageConformanceTestCheckpoint4 expects the GetImage() function to return an EFI_SECURITY_VIOLATION error, which deviates from the expected behavior defined in the UEFI specification.",other,medium,medium,0.8,"The bug is related to unit testing and deviates from expected behavior in the specification, but does not indicate severe security or performance issues."
qwen2.5:14b,A,11269,"[Bug]: System assert, When UEFI-Freed Memory Guard is enabled",mdemodulepkg,high,medium,0.9,The bug involves a system assert which typically indicates a critical failure.
qwen2.5:14b,A,11258,[Bug] Secure Boot Bypass Through UEFI Shell,securitypkg,high,medium,0.9,"This bug involves a security vulnerability that allows bypassing Secure Boot through UEFI Shell, similar to other high-priority security issues."
qwen2.5:14b,A,11256,[Bug]: Assert if default string id is 0.,mdemodulepkg,medium,low,0.8,Similar to other firmware issues in MdeModulePkg with moderate severity.
qwen2.5:14b,A,11234,[Bug]: VS2022-built Host test executable can't find clang_rt.asan_dynamic-x86_64.dll,unittestframeworkpkg,medium,low,0.8,Similar to other unit test issues impacting specific targets but not broadly affecting all.
qwen2.5:14b,A,11224,[Bug]: An assertion occurred: ASSERT [DxeCore] edk2/MdeModulePkg/Core/Dxe/Mem/Pool.c(730): Tail->Signature == ((('p') | ('t' << 8)) | ((('a') | ('l' << 8)) << 16)),mdemodulepkg,high,high,0.9,The bug involves a critical assertion failure in core firmware code during release builds.
qwen2.5:14b,A,11218,[Bug]: ovmf writes terminal escapes to all virtio-console ports,ovmfpkg,high,low,0.85,"The bug impacts multiple virtio-console devices in a significant way, similar to other high-priority issues affecting OvmfPkg."
qwen2.5:14b,A,11216,[Bug]: [ArmVirtPkg] Missing EFI Internal Shell in Boot Menu,armvirtpkg,medium,low,0.8,Similar to other firmware issues impacting specific targets but not critical system functions.
qwen2.5:14b,A,11194,[Bug]: FMMT increasing the Binary size after replacing FFS,basetools,high,high,0.85,"The bug affects firmware and there is no specified target impact, suggesting potential broad implications."
qwen2.5:14b,A,11193,[Bug]: HashLibTpm2 hash algorithm selection logic flawed,securitypkg,medium,low,0.8,The bug impacts firmware and multiple build targets but lacks details on severity or widespread impact.
qwen2.5:14b,A,11190,[Bug]: CodeQl error reported in NetBuffer.c,networkpkg,high,low,0.85,CodeQl errors often indicate serious security or correctness issues in firmware code.
qwen2.5:14b,A,11188,[Bug]: MSR_IA32_FEATURE_CONTROL on CPU hotplug,ovmfpkg,medium,medium,0.8,The bug involves CPU hotplug functionality which is critical but not immediately security-critical like cryptographic issues.
qwen2.5:14b,A,11140,[Bug]: Replace hardcoded value with existing #define constant,networkpkg,low,low,0.8,"The bug involves replacing a hardcoded value with an existing define constant, which is likely to be a minor change without significant impact."
qwen2.5:14b,A,11128,[Bug]: Incorrect array length for pcd values in auto-generated code,basetools,medium,low,0.85,Similar to other BaseTools issues that impact build or code generation but do not indicate critical failure or security risk.
qwen2.5:14b,A,11119,[Bug]: Looking for non-existent OpenSSL `ssl_err.c` which is now `ssl_err_legacy.c`,armvirtpkg,high,medium,0.85,"The bug involves a critical build failure due to missing file, similar to other high priority build issues."
qwen2.5:14b,A,11118,[Bug]: Var Store Fails to Recover from FTW Spare Block After Corruption,mdemodulepkg,high,high,0.85,Variable store corruption and failure to recover indicates a critical reliability issue.
qwen2.5:14b,A,11114,[Bug]: UninstallMultipleProtocolInterfaces() can fail to reinstall protocols on failure,mdemodulepkg,high,low,0.9,"The bug involves a critical firmware function that can fail to reinstall protocols on failure, impacting system stability and functionality."
qwen2.5:14b,A,11113,[Bug]: InstallProtocolInterface() does not update the key of an existing handle,mdemodulepkg,medium,low,0.8,Similar to other firmware issues in mdemodulepkg without explicit severity indicators.
qwen2.5:14b,A,11112,[Bug]: RegisterProtocolNotify() accepts invalid events,mdemodulepkg,medium,low,0.8,Similar to other firmware issues in MdeModulePkg with medium priority.
qwen2.5:14b,A,11110,[Bug]: InstallProtocolInterface() creates spurious open protocol data,mdemodulepkg,medium,low,0.8,Similar to other firmware bugs in MdeModulePkg with medium priority.
qwen2.5:14b,A,11088,[Bug]: <title>Add Ask deepwiki entry,other,low,low,0.8,The issue is about adding an entry to Ask Deepwiki and does not impact any specific package or target.
qwen2.5:14b,A,11084,[Bug]: Image type X64 can't be loaded on AARCH64 UEFI system,armvirtpkg,high,medium,0.85,"The bug prevents a critical operation (loading an image) on a specific target system, indicating high severity."
qwen2.5:14b,A,11074,[Bug]: default OVMF build overwrites memory on FreePages() causing page fault if pages are not writable,mdepkg,high,low,0.9,The bug involves a page fault in firmware which is critical and impacts the default build configuration.
qwen2.5:14b,A,11046,[Bug]: [Regression] OVMF Page-Fault on Xen HVM since 202411 release,ovmfpkg,high,medium,0.9,"The bug involves a regression in OVMF firmware causing page-faults on Xen HVM since a specific release, impacting booting of Debian 12."
qwen2.5:14b,A,11038,[Bug]: <title>Smm data might get leaked via S3SaveState Protocol,mdepkg,high,medium,0.85,Smm data leakage is a critical security vulnerability likely to impact multiple targets and firmware integrity.
qwen2.5:14b,A,11035,"[Bug]: [OvmfPkg] Got ""Invalid MMIO opcode (0)"" in ovmf  when installing a sev guest from CD-ROM",ovmfpkg,high,medium,0.85,The bug involves a critical failure during guest installation on SEV-enabled hosts.
qwen2.5:14b,A,10973,[Bug]: <title> Build target [DEBUG] is not supported by the platform for RK3566,other,high,high,0.85,The issue impacts multiple build targets and indicates a significant platform-specific problem.
qwen2.5:14b,A,10947,[Bug]: UsbBotResetDevice will be using stale pointer after UsbPortReset,mdemodulepkg,high,low,0.85,"The bug involves a stale pointer leading to potential exceptions or crashes, similar in severity to other high-priority firmware bugs."
qwen2.5:14b,A,10942,[Bug]: 202502 Release builds do not boot kernel images on qemu arm or aarch64,ovmfpkg,high,medium,0.9,Release builds failing to boot kernel images on qemu is a critical firmware issue impacting multiple targets.
qwen2.5:14b,A,10925,[Bug]: Raid card option rom is not displayed in Device Manager form after repairing in Driver Health form.,mdemodulepkg,medium,low,0.8,Similar to other firmware issues in MdeModulePkg with medium priority.
qwen2.5:14b,A,10922,[Bug]: edksetup.sh doesn't handle spaces in directory name,basetools,high,low,0.85,Similar to other high priority tool build issues in BaseTools package.
qwen2.5:14b,A,10918,[Bug]: X64 Exception Type - 0E(#PF - Page-Fault),ovmfpkg,high,high,0.85,"The bug impacts a specific release of Windows 11 and involves a critical exception type (#PF - Page-Fault), similar to other high priority firmware issues."
qwen2.5:14b,A,10910,[Bug]: EmbeddedPkg/VirtualRealTimeClockLib fails to build due to SOURCE_DATE_EPOCH changes,embeddedpkg,medium,low,0.8,The bug is related to build failure but does not indicate system instability or security issues.
qwen2.5:14b,A,10896,[Bug]: UefiPayloadPkg: Image Section Alignment does not match Required Alignment,uefipayloadpkg,high,low,0.85,The bug involves incorrect alignment in firmware which can lead to crashes or undefined behavior.
qwen2.5:14b,A,10894,[Bug]: EDK2 unable to initialize xHCI controller with multiple endpoints,mdemodulepkg,medium,high,0.85,Similar to other firmware issues in MdeModulePkg with medium priority.
qwen2.5:14b,A,10892,[Bug]: SEV and SEV-ES VM boot is broken due to faulty check in AmdSvsmIsSvsmPresent(),ovmfpkg,high,high,0.85,"The bug affects SEV and SEV-ES VM boot, which are critical functionalities."
qwen2.5:14b,A,10881,[Bug]: AAVMF direct kernel boot broken,armvirtpkg,high,medium,0.9,Direct kernel boot issues typically impact critical functionality and are high priority.
qwen2.5:14b,A,10876,[Bug]: PRM package build fails with GCC compiler for X64,prmpkg,high,high,0.85,Build failure with GCC compiler for X64 is a critical tooling issue impacting package build integrity.
qwen2.5:14b,A,10872,[Bug]: Remove Visual Studio ARM 32-bit Host Support,basetools,medium,low,0.8,The issue is related to tooling and impacts multiple build targets but does not indicate a critical failure or security risk.
qwen2.5:14b,A,10866,[Bug]: An unexpected black box appears at Setup Hotkey Region.,mdemodulepkg,medium,low,0.8,Similar to other firmware issues in MdeModulePkg with medium priority.
qwen2.5:14b,A,10839,[Bug]: [OvmfPkg] Build fails due to insufficient FV size in edk2-stable202502,ovmfpkg,high,medium,0.85,Build failure issues typically have high priority due to their impact on development and testing processes.
qwen2.5:14b,A,10834,[Bug]: compile edk2 on Ubuntu 24.04 using stable/202011 fails due to /usr/bin/ld: ../bin/BrotliCompress: hidden symbol kBrotliCopyExtra' isn't defined`,basetools,high,low,0.85,"The issue involves a critical compilation failure on a recent Ubuntu version, impacting BaseTools which is crucial for EDK2 builds."
qwen2.5:14b,A,10804,[Bug]: System will hang exception if Locate and use gPeiIpmiTransportPpiGuid in Post Mem phase,other,high,medium,0.85,The bug causes a system hang exception which is severe and impacts firmware functionality.
qwen2.5:14b,A,10802,[Bug]: <title>error LNK2001: unresolved external symbol __security_pop_cookie Compile for AARCH64  in SafeString.obj,mdepkg,high,medium,0.8,Unresolved external symbol errors often indicate critical build issues.
qwen2.5:14b,A,10786,"[Bug]: Unable to boot edk2-stable202502 in QEMU 32-bit environment, edk2-stable202411 works fine",other,high,low,0.85,"The bug prevents booting in a specific environment, similar to other high-priority firmware issues."
qwen2.5:14b,A,10773,[Bug]: Configuring TemporaryRamSize using FSP-T arch UPD (added as part of Spec 2.5) is not working as expected.,intelfsp2pkg,high,medium,0.85,The bug impacts firmware configuration and is not working as expected in both DEBUG and RELEASE targets.
qwen2.5:14b,A,10771,[Bug]: DXE core memory protection feature might cause inconsistency between GCD internal data structure with CPU page table,mdemodulepkg,high,high,0.85,"The bug involves memory protection and potential inconsistency in critical data structures, similar to other high-priority issues affecting MdeModulePkg."
qwen2.5:14b,A,10765,"[Bug]: After edk2-ovmf update(s), VM boots slowly and spends a lot of time in edk2, until a NVRAM reset",ovmfpkg,high,low,0.85,"The bug significantly impacts VM performance and boot time, similar to other high-priority firmware issues."
qwen2.5:14b,A,10742,[Bug]: Misleading RFC 5970 Reference in Boot File URL Comment,networkpkg,low,low,0.8,The bug does not impact functionality or stability and appears to be a documentation issue.
qwen2.5:14b,A,10741,[Bug]: Out-of-Bounds Memory Access in Percent-Decoding Routine,networkpkg,high,high,0.85,Out-of-bounds memory access is a critical security vulnerability.
qwen2.5:14b,A,10740,[Bug]: CLANGDWARF Fails to Trigger Recompilation When Header Files Are Modified,build-or-ci-code,medium,low,0.8,"The bug is related to a build or CI tool and impacts recompilation, but does not indicate critical system failure or severe performance degradation."
qwen2.5:14b,A,10739,[Bug]: CLANGDWARF Fails to Trigger Recompilation When Header Files Are Modified,build-or-ci-code,medium,low,0.8,"The bug is related to build tools and impacts recompilation, similar in severity to other tool-related issues classified as medium."
qwen2.5:14b,A,10727,[Bug]: Unclosed BlockIo2 Protocol during DiskIoDriverBindingStart Error Handling.,mdemodulepkg,high,medium,0.8,"The bug involves unclosing a BlockIo2 Protocol during error handling in DiskIoDriverBindingStart, which can lead to resource leaks or other critical issues."
qwen2.5:14b,A,10723,[Bug]: ShellPkg: ARMV9 support should be added to SmbioView command based on Type 4 processor information.,shellpkg,medium,medium,0.8,Similar to other firmware issues impacting specific packages without critical system failure indications.
qwen2.5:14b,A,10719,[Bug]: distutils is deprecated,basetools,medium,medium,0.8,"The deprecation of distutils is a tool-related issue impacting BaseTools, similar to other medium priority tool issues."
qwen2.5:14b,A,10701,[Bug]: AMD SEV-SNP: SVSM-populated secrets fields not respected,ovmfpkg,high,medium,0.85,"The bug impacts firmware and affects multiple build targets, similar to other high priority firmware issues."
qwen2.5:14b,A,10664,[Bug]: Should update openssl to 3.4.1 for CVE-2024-13176,cryptopkg,high,low,0.9,"The issue involves updating openssl for a specific CVE, which typically indicates high severity security concerns."
qwen2.5:14b,A,10663,[Bug]: [QEMU_EFI] Not Loading Network Protocol Drivers and http efi command,ovmfpkg,medium,low,0.85,The bug impacts firmware functionality but does not specify critical failure conditions like crashes or data loss.
qwen2.5:14b,A,10656,"[Bug]: [aarch64][QEMU_EFI] After CoreExitBootServices execution, the following error occurred:  Instruction abort: Translation fault, third level",armvirtpkg,high,high,0.85,"The bug involves a critical failure during boot services execution on QEMU_EFI, similar to other high-priority firmware issues."
qwen2.5:14b,A,10652,[Bug]: EmulatorPkg Page Allocation Failure,emulatorpkg,high,medium,0.8,The bug impacts a specific target (RELEASE) and involves a critical failure in page allocation which can severely impact system stability.
qwen2.5:14b,A,10637,[Bug]: CLANGPDB linker warning /align without /driver,build-or-ci-code,medium,low,0.8,"The bug is related to a build tool and impacts multiple targets, similar to other medium priority issues in Build or CI Code."
qwen2.5:14b,A,10626,[Bug]: <title> DXE_ASSERT when issuing drvcfg command in UEFI Shell,shellpkg,high,low,0.85,"DXE_ASSERT indicates a critical failure in the firmware, similar to other high priority issues involving core system failures."
qwen2.5:14b,A,10605,[Bug]: Build parsing non target architecture PcdsFeatureFlag configuration,armvirtpkg,medium,medium,0.8,The bug involves build parsing and impacts a specific package without clear severity indicators.
qwen2.5:14b,A,10583,[Bug]: BaseTools build failed on MinGW GCC on Windows,basetools,high,medium,0.85,Build failure issues in BaseTools typically impact wide-ranging functionality and are critical to resolve for any development progress.
qwen2.5:14b,A,10579,[Bug]: <Mismatch of EFI Conformance Profile Table GUID when UEFI application reads from EFI System Table>,mdepkg,high,high,0.85,The bug involves a critical mismatch in EFI Conformance Profile Table GUID which can cause issues with UEFI application functionality across different build targets.
qwen2.5:14b,A,10576,[Bug]: VirtioSerialDxe doesn't interface properly with Serial Consoles attached to Virtualization Framework VMs,ovmfpkg,high,medium,0.85,The bug impacts multiple targets and involves improper interfacing with critical components in virtualization framework VMs.
qwen2.5:14b,A,10557,BaseTools FMMT handle case where Parent.Data is none (previously easier bug report?),-,medium,high,0.8,"The bug report is for BaseTools and involves a specific Python file, similar to other medium priority issues in BaseTools."
qwen2.5:14b,A,10553,After openssl is upgraded facing __GNUC__  safe_math.h not found issue (Bugzilla Bug 4880),cryptopkg,high,low,0.85,"The issue involves a critical missing header file after an upgrade, likely causing build failures."
qwen2.5:14b,A,10552,FMMT PEIM rebased FV feature Support (Bugzilla Bug 4879),basetools,low,low,0.8,No specific severity indicators in the description.
qwen2.5:14b,A,10551,Multi-workspace failure when sources outside $WORKSPACE (Bugzilla Bug 4878),-,medium,low,0.75,"No specific severity indicators provided, similar to other medium priority issues without high impact or critical details."
qwen2.5:14b,A,9550,BrotliCustomDecompressLib is not buildable (Bugzilla Bug 4877),mdemodulepkg,low,high,0.8,Similar to other buildability issues in mdemodulepkg which are typically low priority.
qwen2.5:14b,A,10550,gBS->ExitBootServices  signals events more than once (Bugzilla Bug 4876),mdemodulepkg,high,low,0.85,"The issue involves a critical boot service function behaving unexpectedly, which could lead to system instability or failure."
qwen2.5:14b,A,9549,[HiiDatabase] Don't get default value correctly for Questions in BIT VarStore (Bugzilla Bug 4874),mdemodulepkg,medium,low,0.85,Similar to other HiiDatabase issues in mdemodulepkg with medium priority.
qwen2.5:14b,A,9548,[MdeModulePkg|UEFIPayLoadPkg] Func SetPageTablePoolReadOnly not covering the 5-level-Paging case (Bugzilla Bug 4873),mdemodulepkg,high,high,0.85,"The bug involves a critical function not covering an important case (5-level-Paging), which could lead to serious security or stability issues."
qwen2.5:14b,A,10549,Handling of ShellOpt variable during initialization shouldn't imply null termination (Bugzilla Bug 4872),shellpkg,medium,low,0.85,Similar to other shellpkg issues but lacks high severity indicators like security vulnerabilities or critical build failures.
qwen2.5:14b,A,10548,unresolved external symbol gettimeofday (Bugzilla Bug 4871),cryptopkg,medium,low,0.8,Unresolved external symbol issues typically impact build processes but do not necessarily indicate critical runtime failures.
qwen2.5:14b,A,10547,"Revert ""BaseTools: Add Stack Cookie Support to MSVC and GCC IA32/X64/… (Bugzilla Bug 4870)",mdemodulepkg,medium,high,0.8,The issue is related to BaseTools and does not specify a critical functional failure or security vulnerability.
qwen2.5:14b,A,9547,MdePkg:Update Return Error Macro in Base.h to reduce potential code size increasing (Bugzilla Bug 4869),mdepkg,low,high,0.8,"The issue focuses on updating a macro to reduce code size, which is less critical than issues affecting compilation or runtime behavior."
qwen2.5:14b,A,9546,CryptoPkg: Add MM_STANDALONE support in Driver and BaseCryptLibOnProtocolPpi (Bugzilla Bug 4867),cryptopkg,high,low,0.85,The issue involves adding MM_STANDALONE support which is likely a critical feature for security and performance in cryptographic operations.
qwen2.5:14b,A,10544,MdePkg: Support more mock object for MockUefiBootServicesTableLib and MockUefiRuntimeServicesTableLib (Bugzilla Bug 4864),mdepkg,medium,low,0.8,"No specific severity indicators, similar to other enhancement requests in MdePkg."
qwen2.5:14b,A,9545,TDVF: TD_HOB is measured into both MRTD and RTMR0 (Bugzilla Bug 4863),ovmfpkg,high,low,0.85,"The issue involves a security-related measurement problem in TDVF, similar to other high-priority firmware issues."
qwen2.5:14b,A,10543,Add support for SMBIOS spec 3.8.0  to Smbios.h (Bugzilla Bug 4861),mdepkg,medium,low,0.8,Similar to other feature enhancement requests in MdePkg.
qwen2.5:14b,A,9544,FatPkg/FatPei: Simplify the GPT Header Check to Align with PartitionDxe Module (Bugzilla Bug 4860),fatpkg,medium,low,0.8,No specific indicators of high severity; similar to other module simplification issues.
qwen2.5:14b,A,9543,StrSize() cannot return 0 (Bugzilla Bug 4859),-,low,low,0.8,The issue does not impact build processes or critical functionalities and seems isolated to a specific function's behavior.
qwen2.5:14b,A,10542,MdeModulePkg: SataController binding driver can check for DevicePath Protocol before starting (Bugzilla Bug 4858),mdemodulepkg,medium,low,0.85,Similar to other MdeModulePkg issues without critical severity indicators.
qwen2.5:14b,A,10541,Bios Setup knobs not able to retain the default value (Bugzilla Bug 4857),mdemodulepkg,medium,high,0.8,Similar to other mdemodulepkg issues without clear high severity indicators.
qwen2.5:14b,A,9542,Fixing Descriptor Misalignment in USB Configuration Handling (Bugzilla Bug 4856),mdemodulepkg,medium,high,0.8,Similar to other mdemodulepkg issues without a clear indication of high severity.
qwen2.5:14b,A,9541,HttpBootCallbackProtocol uninstall code in HttpBootImpl.c is bugged and fails to uninstall (Bugzilla Bug 4852),networkpkg,high,low,0.85,The bug involves a critical failure in uninstallation code which can lead to system instability or crashes.
qwen2.5:14b,A,9540,ShellPkg: missing linefeed in reset message (Bugzilla Bug 4850),shellpkg,low,low,0.85,Similar to other cosmetic or minor functionality issues in shellpkg.
qwen2.5:14b,A,10539,add arm64 UEFI UPL support (Bugzilla Bug 4849),uefipayloadpkg,high,high,0.85,The issue involves adding support for a new architecture which is typically critical and impacts multiple components.
qwen2.5:14b,A,9539,Add VTUTF8 to Putty function key map (Bugzilla Bug 4848),mdemodulepkg,low,low,0.85,The issue is about adding functionality to a function key map and does not indicate any critical security or performance issues.
qwen2.5:14b,A,10538,Exception in Intel GCC platform with OpensslFullAccel library (Bugzilla Bug 4846),cryptopkg,high,high,0.85,"The issue involves an exception in a critical library (OpensslFullAccel) on a specific platform (Intel GCC), which likely impacts functionality and security."
qwen2.5:14b,A,10537,OvmfPkg/Byhve has incomplete SMM support (Bugzilla Bug 4845),ovmfpkg,high,low,0.85,The issue involves incomplete SMM support in OvmfPkg/Byhve which is critical for system stability and security.
qwen2.5:14b,A,9538,CryptoPkg: should update openssl to 3.0.15 due to CVE-2024-6119 (Bugzilla Bug 4842),cryptopkg,high,high,0.9,"The issue involves a security update for OpenSSL due to a CVE, which typically requires high priority."
qwen2.5:14b,A,10535,Add Reset Reason structure added in ACPI 6.5 (Bugzilla Bug 4839),mdepkg,medium,low,0.8,"No specific severity indicators, similar to other package updates without critical impact."
qwen2.5:14b,A,9537,In BaseCryptLib has PeiCryptLib.inf file in that Valid Architectures is mentioned as IA32 X64. Whether AARCH64 is supported or not. (Bugzilla Bug 4838),cryptopkg,medium,low,0.8,"The issue is about architecture support in a library file, similar to other medium priority issues related to BaseTools and cryptographic libraries."
qwen2.5:14b,A,9536,Add BrainpoolP512r1 definition (Bugzilla Bug 4837),mdepkg,medium,low,0.8,"No specific severity indicators provided, similar to other medium priority issues in mdepkg."
qwen2.5:14b,A,9535,Add error log messages if RngDxe/Hash2CryptoDxe not being installed causes Network failures (Bugzilla Bug 4836),networkpkg,medium,low,0.8,Similar to other network-related issues that do not explicitly indicate critical system failures or severe security vulnerabilities.
qwen2.5:14b,A,10534,OVMF SEC firmware volume (FV) is not measured and PEI/DXE FVs are measured in the decompressed state (Bugzilla Bug 4835),ovmfpkg,high,low,0.85,The issue involves security and measurement of firmware volumes which is critical.
qwen2.5:14b,A,10533,index of array out of bound when debug (Bugzilla Bug 4834),securitypkg,high,low,0.85,Similar to other high priority issues in securitypkg related to out-of-bound errors and debug issues.
qwen2.5:14b,A,9534,New MAT logic causes some EfiRuntimeServicesCode regions to not have attributes set because they are not part of loaded images (Bugzilla Bug 4832),mdemodulepkg,medium,medium,0.85,Similar to other mdemodulepkg issues with medium priority.
qwen2.5:14b,A,9533,MdeModulePkg/Library/DxeCapsuleLibFmp: Module Variable of ESRT Table Might be Failed to Initialize due to Order of Event (Bugzilla Bug 4831),mdemodulepkg,high,low,0.85,"The issue involves potential failure to initialize a critical table due to event order, similar to other high-priority issues affecting core functionality."
qwen2.5:14b,A,9532,Expose BrainpoolP512r1 support (Bugzilla Bug 4830),cryptopkg,medium,low,0.8,"No similar severity issues found in Cryptopkg for reference, defaulting to medium based on typical issue impact."
qwen2.5:14b,A,9531,7f17a15 (2024/02/22) breaks building OVMF with -D NETWORK_ENABLE=0 (Bugzilla Bug 4829),ovmfpkg,medium,low,0.8,The issue affects build configuration but does not indicate a critical system failure or performance degradation.
qwen2.5:14b,A,9530,edk2-stable202405 breaks OVMF network boot support (Bugzilla Bug 4827),ovmfpkg,high,low,0.85,Similar to other network boot issues in OVMF that have been classified as high priority.
qwen2.5:14b,A,9529,Some string and code logical are incorrect for SMBIOS Type9 (Bugzilla Bug 4826),shellpkg,medium,low,0.8,Similar to other shellpkg issues with logical errors but not as severe as high-priority ones involving critical functionality or security.
qwen2.5:14b,A,9528,NetworkPkg: Improve GetBootFile() code flow (Bugzilla Bug 4825),networkpkg,medium,low,0.8,No specific severity indicators; similar to other code improvement issues.
qwen2.5:14b,A,9527,EAP Authentication Method will change to default value after fill in Identity ID (Bugzilla Bug 4824),networkpkg,medium,low,0.8,"Similar to other networkpkg issues but lacks severity indicators like 'double free' or 'break build', suggesting medium priority."
qwen2.5:14b,A,10532,Disable PR Gate Code Coverage (Bugzilla Bug 4819),-,low,low,0.8,No specific severity indicators or blockers mentioned.
qwen2.5:14b,A,10531,Acpiview: Add support for parsing ACPI SPMI table (Bugzilla Bug 4818),shellpkg,medium,low,0.85,Similar to other feature request issues in shellpkg with medium priority.
qwen2.5:14b,A,10530,BDS boot time significantly increased due to CoreValidateHandle function on latest 8S server platform (Bugzilla Bug 4817),mdemodulepkg,high,high,0.85,"The issue affects boot time on a specific platform and involves core functionality, similar to other high-priority issues in mdemodulepkg."
qwen2.5:14b,A,9524,Support HTTP CONNECT message in Tx path. (Bugzilla Bug 4816),networkpkg,high,low,0.85,The issue involves supporting HTTP CONNECT message in Tx path which is critical for network functionality and reliability.
qwen2.5:14b,A,9523,Some strings do not match SMBIOS Type0 spec (Bugzilla Bug 4813),shellpkg,medium,low,0.8,The issue does not indicate a security vulnerability or critical functionality failure like buffer overflows or initialization issues.
qwen2.5:14b,A,9522,MdePkg/BaseLib: Optimize LOONGARCH64 csr usage (Bugzilla Bug 4812),mdepkg,low,low,0.8,Optimization issues typically have less impact on functionality and stability compared to bugs affecting builds or critical components.
qwen2.5:14b,A,10528,UefiPayloadPkg:Modify the PCD PcieResizableBar to dynamic PCD (Bugzilla Bug 4808),uefipayloadpkg,medium,low,0.8,The issue involves modifying a PCD in UefiPayloadPkg but does not indicate critical failure or security impact like other high priority issues.
qwen2.5:14b,A,10527,"The OVMF packages can not work properly when it was compiled with ""-D SECURE_BOOT_ENABLE=TRUE"" (Bugzilla Bug 4807)",ovmfpkg,high,medium,0.85,Similar to other high priority issues in ovmfpkg related to compilation problems and secure boot.
qwen2.5:14b,A,9521,Track HttpInstance URL buffer length (Bugzilla Bug 4806),networkpkg,low,low,0.8,No specific severity indicators in the description similar to other high priority issues.
qwen2.5:14b,A,10526,PcdDxeNxMemoryProtectionPolicy makes NX bit is not expected in EfiBootServicesCode (Bugzilla Bug 4805),mdemodulepkg,high,low,0.85,The issue affects PcdDxeNxMemoryProtectionPolicy which is similar to other high priority issues in mdemodulepkg related to memory protection and boot services.
qwen2.5:14b,A,10525,calculation of len is not correct (Bugzilla Bug 4804),networkpkg,medium,low,0.8,Similar to other networkpkg issues with medium priority.
qwen2.5:14b,A,10523,BaseTools\Plugin\HostBasedUnitTestRunner: Reduce the number of unit test executions (Bugzilla Bug 4801),basetools,medium,low,0.85,Similar to other BaseTools issues without high severity indicators.
qwen2.5:14b,A,9520,Enable Tcg2Acpi and Tcg2StandaloneMm in incoming x86 standalone mm (Bugzilla Bug 4799),securitypkg,high,low,0.85,The issue involves enabling security features in a standalone memory model which could have significant implications for system integrity and security.
qwen2.5:14b,A,10521,Compilation error with GCC  when we set Compiler flag Wunused-but-set-variable (Bugzilla Bug 4798),basetools,medium,low,0.85,Similar to other compilation error issues in BaseTools package.
qwen2.5:14b,A,9519,MdePkg/BaseLib: Fix an instruction write width error in LoongArch64 (Bugzilla Bug 4797),mdepkg,medium,low,0.8,Fixing an instruction write width error in a specific architecture is likely to be moderately impactful.
qwen2.5:14b,A,9518,UefiCpuPkg/ExceptionHandler: Fix a context error in LoongArch64 (Bugzilla Bug 4796),ueficpupkg,medium,low,0.8,Similar to other UefiCpuPkg issues with context errors or fixes.
qwen2.5:14b,A,10520,TCG platform level libaray (Bugzilla Bug 4795),securitypkg,high,medium,0.85,The issue involves a TCG platform level library which is critical for security and similar to other high priority issues in the securitypkg package.
qwen2.5:14b,A,9517,MCUD section data length is incorrect for 64-bit (Bugzilla Bug 4793),intelfsp2pkg,high,low,0.85,"The issue involves incorrect data length for a critical section in a package related to firmware support, which could lead to serious functional issues or system instability."
qwen2.5:14b,A,9516,"HII display engine supports ""^"" and ""V"" for the up/down selection in pop up form (Bugzilla Bug 4790)",mdemodulepkg,low,low,0.85,The issue is about supporting additional characters in HII display engine which does not impact functionality or security compared to other high priority issues.
qwen2.5:14b,A,9515,MdeModulePkg/ACPI/AcpiTableDxe: Consume SOC related ACPI table from ACPI Silicon HOB. (Bugzilla Bug 4787),mdemodulepkg,medium,low,0.8,Similar to other issues in mdemodulepkg that do not have a high severity label.
qwen2.5:14b,A,10519,"PreProcess asl,nasm,etc files before Trim operation (Bugzilla Bug 4785)",basetools,medium,low,0.85,Similar to other issues in basetools package without a clear indication of high severity.
qwen2.5:14b,A,10518,deleted certificate still in x509store (Bugzilla Bug 4784),networkpkg,medium,medium,0.8,Similar to other networkpkg issues without a clear indication of high severity.
qwen2.5:14b,A,9513,GitHub CI PatchCheck.py false positive (Bugzilla Bug 4782),-,low,low,0.8,The issue is related to a false positive in CI checks and does not impact firmware or critical functionality directly.
qwen2.5:14b,A,10516,Add ACPI FADT table generator for X64 architecture (Bugzilla Bug 4781),dynamictablespkg,medium,low,0.8,Similar to other package-specific feature requests or enhancements.
qwen2.5:14b,A,10515,Need to update outdated AMD SEV-SNP related data (Bugzilla Bug 4780),mdepkg,medium,low,0.8,The issue involves updating outdated data which is similar to other maintenance tasks in mdepkg.
qwen2.5:14b,A,9512,Shell command 'pci' for gen6 device show incorrect speed information (Bugzilla Bug 4779),shellpkg,medium,low,0.8,Similar to other shellpkg issues with medium priority.
qwen2.5:14b,A,9511,MPlib have wrong expectation that bsp should be 0. (Bugzilla Bug 4778),ueficpupkg,high,low,0.85,The issue involves incorrect assumptions in a critical library (MPlib) which can lead to system instability or failure.
qwen2.5:14b,A,9510,non-ASCII characters from header file causing build error under specific scenario (Bugzilla Bug 4775),mdepkg,high,low,0.85,Build errors under specific scenarios are typically high priority due to potential widespread impact.
qwen2.5:14b,A,10513,"Tool build fail with ""VS2015"" (let ""TOOL_CHAIN_TAG = VS2015"" in Target.txt) (Bugzilla Bug 4774)",basetools,high,low,0.85,Build failure issues typically have a high priority due to their impact on development and testing processes.
qwen2.5:14b,A,10512,UEFIPayloadPkg: COREBOOT on Intel's x86_64 platform with UEFIPayload leads to ASSERTION (Bugzilla Bug 4772),uefipayloadpkg,high,high,0.85,"The issue involves an assertion failure on a specific platform, indicating a critical bug."
qwen2.5:14b,A,9509,Add FdtNorFlashQemuLib without hard code version in OmvfPkg (Bugzilla Bug 4770),ovmfpkg,low,low,0.8,No specific severity indicators and similar issues in same package are generally low priority.
qwen2.5:14b,A,9508,Undefined behavior in SmiManage() - reading uninitialized variable (Bugzilla Bug 4769),mdemodulepkg,high,low,0.9,Similar to other high priority issues involving undefined behavior and uninitialized variables in critical functions.
qwen2.5:14b,A,9507,Re-define GCC*_IA32_X64_DLINK_COMMON common-page-size=0x1000 (Bugzilla Bug 4767),-,medium,low,0.8,"No specific severity indicators, similar to other tool-related issues without high impact."
qwen2.5:14b,A,10510,Null Pointer dereference in Private Data Macros (Bugzilla Bug 4766),mdemodulepkg,high,low,0.85,Null pointer dereference is a critical error that can lead to system crashes or security vulnerabilities.
qwen2.5:14b,A,10509,SEGV at edk2/OvmfPkg/Library/VirtioLib/VirtioLib.c in VirtioRingUninit (Bugzilla Bug 4765),ovmfpkg,high,low,0.9,Similar to other high priority issues involving crashes and segmentation faults in critical libraries.
qwen2.5:14b,A,10508,SEGV  at edk2/MdeModulePkg/Universal/Variable/RuntimeDxe/Variable.c in FindVariable (Bugzilla Bug 4764),mdemodulepkg,high,low,0.85,"The issue involves a segmentation fault (SEGV) in core code, similar to other high priority issues in mdemodulepkg."
qwen2.5:14b,A,9506,PatchFv.py unable to find Symbols from Map file for 32 BIT GCC Builds (Bugzilla Bug 4762),intelfsp2pkg,medium,low,0.8,Similar to other issues in different packages that do not explicitly indicate high severity but affect build processes.
qwen2.5:14b,A,10507,SBOM support (Bugzilla Bug 4758),-,medium,medium,0.8,"No specific severity indicators provided, similar to other medium priority issues without critical impact."
qwen2.5:14b,A,9504,[TDVF] TDVF README is a bit outdated (Bugzilla Bug 4756),ovmfpkg,low,low,0.85,The issue is about updating outdated documentation which typically has a lower severity than functional bugs or crashes.
qwen2.5:14b,A,9503,QemuFwCfgLibMmio needs PEI version. (Bugzilla Bug 4755),ovmfpkg,medium,low,0.8,Similar to other OvmfPkg issues without a clear indication of severity beyond typical development concerns.
qwen2.5:14b,A,10506,EfiDhcp6Stop() may loop indefinitely (Bugzilla Bug 4754),networkpkg,high,low,0.9,"The issue involves potential infinite looping in a critical function, similar to other high priority issues in the networkpkg."
qwen2.5:14b,A,9502,[TDVF] Move TdTcg2Dxe and HashLibTdx from SecurityPkg to OvmfPkg (Bugzilla Bug 4752),securitypkg,medium,low,0.8,The issue involves moving components between packages without clear indication of severity or impact on functionality.
qwen2.5:14b,A,10504,"After enable TXT & DMA & Opt-In Flag & Secure boot, enter into Windows Server, SUT will reset (Bugzilla Bug 4751)",mdemodulepkg,high,high,0.85,"The bug involves system reset under specific security conditions, indicating high severity."
qwen2.5:14b,A,10502,NULL pointer de-reference (Bugzilla Bug 4748),mdemodulepkg,high,low,0.9,NULL pointer dereference is a critical error leading to potential crashes or undefined behavior.
qwen2.5:14b,A,10501,USB Mouse Support missing in OvmfPkg and ArmVirtPkg (Bugzilla Bug 4747),armpkg,medium,low,0.8,Similar to other firmware feature requests without critical impact.
qwen2.5:14b,A,9501,Basetools recurses NULL includes when collecting library instances for modules (Bugzilla Bug 4744),mdemodulepkg,high,low,0.9,Similar to other high priority issues in mdemodulepkg related to build and dependency problems.
qwen2.5:14b,A,10500,No error handling for LocateProtocol failure in FirmwarePerformanceCommonEntryPoint() for RELEASE build (Bugzilla Bug 4743),mdemodulepkg,medium,low,0.85,Similar to other issues in mdemodulepkg that are classified as medium priority due to potential runtime errors without proper error handling.
qwen2.5:14b,A,9500,Rsapss implementation has cross dependency with other apis in CryptoPkg/BaseCryptLibMbedTls (Bugzilla Bug 4742),cryptopkg,high,low,0.85,The issue involves a cross dependency in Rsapss implementation which can affect cryptographic operations and reliability.
qwen2.5:14b,A,9499,Update Md5/Sha1/Sha2 by using the new API from Mbedtls in BasecryptoMbedtls (Bugzilla Bug 4741),cryptopkg,medium,low,0.8,The issue involves updating cryptographic functions which is important but not critical like security vulnerabilities or build failures.
qwen2.5:14b,A,9498,Need update OPTIONAL location in CryptoPkg/BasecryptLibMbedtls (Bugzilla Bug 4740),cryptopkg,low,low,0.8,The issue is about updating an OPTIONAL location and does not indicate critical functionality or security impact.
qwen2.5:14b,A,9497,TLS HandShake Error in KMIP server. (Bugzilla Bug 4739),cryptopkg,medium,low,0.8,Similar to other TLS-related issues in CryptoPkg with medium priority.
qwen2.5:14b,A,9496,Update smbiosview type4 with SMBIOS 3.6 fields (Bugzilla Bug 4737),shellpkg,medium,low,0.85,Similar to other shellpkg issues with medium priority.
qwen2.5:14b,A,10498,NetworkPkg/WifiConnectionManagerDxe: Should not call HiiGetBrowserData() in FORM_OPEN action callback (Bugzilla Bug 4736),networkpkg,medium,low,0.85,Similar to other NetworkPkg issues with medium priority.
qwen2.5:14b,A,9495,SecurityPkg\OpalPasswordDxe: BrowserCallback() cannot be used within FORM_OPEN browser action (Bugzilla Bug 4735),securitypkg,high,low,0.85,"The issue involves a security package and potential misuse of browser callback functions, indicating high severity."
qwen2.5:14b,A,9494,Add LoongArch libraries and drivers into UefiCpuPkg (Bugzilla Bug 4734),ueficpupkg,medium,low,0.8,No specific severity indicators; similar to other package issues without high priority flags.
qwen2.5:14b,A,9492,Tcg2Pei: Assert issue in SyncPcrAllocationsAndPcrMask() with a specific configuration (Bugzilla Bug 4731),securitypkg,high,low,0.85,The issue involves an assert failure in a security-related component which could indicate a critical flaw.
qwen2.5:14b,A,10496,Private package dec sections not available when overriding component EFI_GUID (Bugzilla Bug 4730),basetools,medium,low,0.85,Similar to other BaseTools issues that are classified as medium priority.
qwen2.5:14b,A,10495,EFI_SIMPLE_NETWORK_PROTOCOL.Reset() returns incorrect status code (Bugzilla Bug 4729),networkpkg,medium,low,0.85,Similar to other networkpkg issues with multiple reports and updates but no indication of critical failure or high impact.
qwen2.5:14b,A,10494,MdeModulePkg: Increase 1ms extra delay for xHCI register accesses after it issues HCRST. (Bugzilla Bug 4727),mdemodulepkg,medium,low,0.8,Similar to other MdeModulePkg issues that do not indicate critical security or build failures.
qwen2.5:14b,A,9491,There are a lot of file names in the INF that are not in alphabetical order (Bugzilla Bug 4726),ueficpupkg,low,low,0.9,The issue is about file naming conventions and does not impact functionality or security.
qwen2.5:14b,A,10493,PcdFspMeasurementConfig should be dynamic PCD and support update in runtime (Bugzilla Bug 4725),intelfsp2wrapperpkg,medium,low,0.8,"The issue involves a PCD configuration and runtime update support, similar to other medium priority issues related to package configurations."
qwen2.5:14b,A,10492,FSPm binary measurement uses TcgPpiNotify which will measure binary by flash address (Bugzilla Bug 4716),intelfsp2wrapperpkg,high,low,0.85,The issue involves binary measurement and TCG PPI which are critical security features.
qwen2.5:14b,A,9490,SecurityPkg/SecureBootConfigDxe: Should not call HiiGetBrowserData() in FORM_OPEN action callback (Bugzilla Bug 4713),securitypkg,medium,low,0.8,Similar to other issues in securitypkg with FORM_OPEN action callback concerns.
qwen2.5:14b,A,9489,Refine REST JSON C Structure DXE driver (Bugzilla Bug 4711),redfishpkg,medium,medium,0.8,Similar to other refinement and structure-related issues in redfishpkg.
qwen2.5:14b,A,10491,PeiFspMemoryInit SourceData is untrusted (Bugzilla Bug 4705),intelfsp2wrapperpkg,high,low,0.85,"The issue involves untrusted data in a critical initialization phase, similar to other high-priority security issues."
qwen2.5:14b,A,10490,MeasureFspFirmwareBlobWithCfg possibility of overflow/wraparound on HashBase and HashSize (Bugzilla Bug 4704),intelfsp2wrapperpkg,high,low,0.85,Similar to other high priority issues in IntelFsp2Pkg related to potential overflow/wraparound vulnerabilities.
qwen2.5:14b,A,10489,MeasureFspFirmwareBlob does not check input parameters (Bugzilla Bug 4703),-,medium,low,0.8,"No specific severity indicators provided, similar to other medium priority issues without high impact or critical bugs."
qwen2.5:14b,A,10488,PeiFspMemoryInit lacks error handling for release builds (Bugzilla Bug 4702),intelfsp2wrapperpkg,medium,low,0.8,Similar to other issues in intelfsp2wrapperpkg with medium priority due to lack of specific severity indicators.
qwen2.5:14b,A,9488,FspmWrapperInit lacks error handling for release builds (Bugzilla Bug 4701),intelfsp2wrapperpkg,medium,low,0.8,Similar to other issues in intelfsp2wrapperpkg with medium priority due to lack of specific critical failure details.
qwen2.5:14b,A,9487,No check on return value for TpmMeasureAndLogDataWithFlags() (Bugzilla Bug 4700),intelfsp2wrapperpkg,medium,low,0.85,Similar to other issues in securitypkg and intelfsp2wrapperpkg that focus on code quality and potential vulnerabilities without immediate critical impact.
qwen2.5:14b,A,9486,Delete PK is failing (Bugzilla Bug 4699),securitypkg,high,low,0.85,"The issue involves a security-related function failing, which is typically high priority."
qwen2.5:14b,A,9485,Deprecated Crypto Algorithm Used for PRNG (Bugzilla Bug 4698),cryptopkg,high,low,0.85,The issue involves a deprecated crypto algorithm used for PRNG which could have significant security implications.
qwen2.5:14b,A,9483,[TDVF] RBP register shall be cleared in TDVMCALL (Bugzilla Bug 4696),ovmfpkg,high,low,0.85,The issue involves a critical register operation in virtualization that could impact system stability and security.
qwen2.5:14b,A,9482,PatchCheck does not generate an error if there are no Cc lines present in commit message (Bugzilla Bug 4694),basetools,medium,low,0.85,Similar to other BaseTools issues that do not explicitly indicate high severity but affect tool functionality.
qwen2.5:14b,A,9481,PatchCheck silently ignores commit message signature check errors (Bugzilla Bug 4693),basetools,high,low,0.85,"The issue involves a critical tool (PatchCheck) silently ignoring errors, which could lead to security or quality assurance issues."
qwen2.5:14b,A,9480,PatchCheck silently ignores commit message signature check errors (Bugzilla Bug 4692),basetools,medium,low,0.85,Similar to other basetools issues with medium priority.
qwen2.5:14b,A,10487,Bit width of gEventPending is larger than gEventQueue[] array size (Bugzilla Bug 4691),mdemodulepkg,high,low,0.85,"The bug involves a potential overflow in critical data structures, which could lead to serious runtime issues."
qwen2.5:14b,A,10486,UsbBusDxe SetConfig Failure (Bugzilla Bug 4690),mdemodulepkg,high,low,0.85,Similar to other high priority issues in mdemodulepkg related to USB and firmware.
qwen2.5:14b,A,10485,GetInfo() of Adapter Information Protocol should have a provision for IHV to return no data for UEFI Spec compliance 2.9 (Bugzilla Bug 4688),mdepkg,medium,low,0.8,Similar to other issues in mdepkg without a clear indication of high severity.
qwen2.5:14b,A,10484,Form Browser doesn't handle all EFI_BROWSER_ACTION_REQUEST correctly (Bugzilla Bug 4687),mdemodulepkg,medium,low,0.8,Similar to other firmware issues in MdeModulePkg without explicit severity indicators.
qwen2.5:14b,A,10483,VFR `password` element doesn't work without the INTERACTIVE flag (Bugzilla Bug 4686),mdemodulepkg,medium,low,0.8,Similar to other mdemodulepkg issues but lacks high severity indicators like buffer overflows or build failures.
qwen2.5:14b,A,10482,NULL Pointer dereference in file lookup (Bugzilla Bug 4685),shellpkg,high,low,0.9,NULL pointer dereference typically indicates a critical bug leading to crashes or security vulnerabilities.
qwen2.5:14b,A,10481,Buffer Underflow when performing shell command lookup (Bugzilla Bug 4684),shellpkg,high,low,0.85,Buffer underflow is a critical security vulnerability similar to other high priority issues involving memory access errors.
qwen2.5:14b,A,9479,Unit tests that generate an exception may be seen as passing unit test (Bugzilla Bug 4683),mdepkg,high,low,0.85,"The issue involves unit tests that may incorrectly pass despite generating exceptions, which could lead to undetected bugs and severe reliability issues in firmware."
qwen2.5:14b,A,9478,"regression from commit 725acd0b9cc0 when ""gSmmBaseHobGuid"" GUID HOB is absent -- NULL ptr deref in PiSmmCpuDxeSmm (Bugzilla Bug 4682)",ueficpupkg,high,low,0.9,The issue involves a NULL pointer dereference which is critical and similar to other high priority issues in the same package.
qwen2.5:14b,A,9477,Packet->Length is not updated before being used by Dhcp6AppendIaAddrOption to safely know it can append. (Bugzilla Bug 4681),networkpkg,medium,low,0.85,Similar to other networkpkg issues with medium priority.
qwen2.5:14b,A,9476,BaseTools/Scripts/PatchCheck: Validate author email (Bugzilla Bug 4680),basetools,medium,low,0.85,Similar to other BaseTools issues that do not explicitly indicate high severity.
qwen2.5:14b,A,9475,BaseTools/Scripts/PatchCheck: Check for commits spanning package boundaries (Bugzilla Bug 4679),basetools,medium,low,0.85,Similar to other BaseTools issues that are classified as medium priority.
qwen2.5:14b,A,10480,Form browser incorrectly handles changing element data to the same value (Bugzilla Bug 4678),mdemodulepkg,medium,low,0.8,Similar to other mdemodulepkg issues with medium priority.
qwen2.5:14b,A,9474,Potential UINT32 overflow and subsequent divide by 0 (Bugzilla Bug 4677),mdemodulepkg,high,low,0.85,Potential overflow and divide by zero issues are critical bugs that can lead to system crashes or security vulnerabilities.
qwen2.5:14b,A,10479,SychonizationLib mapping missing from FmpDevicePkg and NetworkPkg (Bugzilla Bug 4675),mdepkg,medium,low,0.75,Similar to other MdeModulePkg issues but lacks severity indicators of high priority bugs.
qwen2.5:14b,A,10478,FreePages of runtime memory fails when HeapGuard is enabled (allocation is wrongly aligned) (Bugzilla Bug 4674),-,high,low,0.85,"The issue involves a critical failure in memory management when HeapGuard is enabled, similar to other high-priority issues related to core functionality and stability."
qwen2.5:14b,A,9473,edk2/NetworkPkg: Out-of-bounds read when processing IA_NA/IA_TA options in a DHCPv6 Advertise message (Bugzilla Bug 4673),networkpkg,high,low,0.9,"The bug involves an out-of-bounds read in a network package, which is likely to cause security vulnerabilities and system instability."
qwen2.5:14b,A,10476,edk2 - compilation errors due to implicit type conversions on EmbeddedPkg (Bugzilla Bug 4669),embeddedpkg,high,low,0.85,Compilation errors due to implicit type conversions can lead to serious runtime issues and are typically high priority.
qwen2.5:14b,A,9472,edk2 - Compilation error due to arithmetic operation on void pointer in EmbeddedPkg (Bugzilla Bug 4668),embeddedpkg,high,low,0.85,Compilation errors due to arithmetic operations on void pointers are likely to cause severe runtime issues and crashes.
qwen2.5:14b,A,9471,edk2 - Basetools SyntaxWarning: invalid escape sequence '\C' while building EmbeddedPkg (Bugzilla Bug 4666),basetools,medium,low,0.8,Similar to other syntax or build warning issues in basetools package.
qwen2.5:14b,A,9470,Add LoongArch help functions and defines in MdePkg and move some ArmVirtPkg libraries and PCDs to OvmfPkg (Bugzilla Bug 4663),mdepkg,medium,low,0.8,"The issue involves adding help functions and moving libraries/PCDs, which is a structural change but not necessarily critical or urgent."
qwen2.5:14b,A,9469,Refine Crypto macro define for CRYPTO_PROTOCOL_SUPPORT (Bugzilla Bug 4661),uefipayloadpkg,low,low,0.8,No similar high priority issues found in uefipayloadpkg package.
qwen2.5:14b,A,10475,Update return value of *GET_IMAGE_INFO/GET_IMAGE to align with UEFI spec 2.10 (Bugzilla Bug 4660),fmpdevicepkg,low,low,0.8,The issue is about updating return values to align with a specification and does not indicate any critical bugs or security vulnerabilities.
qwen2.5:14b,A,9468,DXE Core system time runs faster than expected when using PcAtChipsetPkg/HpetTimerDxe (Bugzilla Bug 4659),pcatchipsetpkg,high,low,0.85,The issue involves a critical timing discrepancy in DXE Core system time which could lead to significant functional failures or security vulnerabilities.
qwen2.5:14b,A,9467,edk2 - Basetools invalid escape sequence warning from Trim.py during edk2 builds (Bugzilla Bug 4657),basetools,low,low,0.8,Similar to other basetools issues that are low priority due to being warnings rather than errors.
qwen2.5:14b,A,9466,New fields have been added in SPCR structure based on Revision 4 SPCR table. (Bugzilla Bug 4656),mdepkg,medium,low,0.8,"The issue involves updating a structure based on a new revision, which is likely to be important but not critical."
qwen2.5:14b,A,9465,UFS device Init fail in PEI phase. (Bugzilla Bug 4655),mdemodulepkg,high,low,0.85,The issue involves a device initialization failure in PEI phase which is critical for boot process.
qwen2.5:14b,A,9463,MdeModulePkg/Core/DxeIplPeim: Enhance the Code in DxeIplFindDxeCore Function (Bugzilla Bug 4653),mdemodulepkg,medium,low,0.8,Similar to other DxeIpl related issues in mdemodulepkg which are typically medium priority.
qwen2.5:14b,A,9462,PciIoMap does not return status from mIoMmuProtocol->SetAttribute (Bugzilla Bug 4652),mdemodulepkg,medium,low,0.85,Similar to other mdemodulepkg issues with medium priority.
qwen2.5:14b,A,10473,FirmwarePerformaceCommonEntryPoint code improvement (Bugzilla Bug 4651),-,medium,low,0.7,No specific severity indicators in the description.
qwen2.5:14b,A,10472,Link error would not stop building because of the linker option -Wno-error (Bugzilla Bug 4643),-,medium,low,0.8,The issue is related to build process and linker options but does not indicate a critical security or runtime failure.
qwen2.5:14b,A,9461,CryptoPkg: Clang build error: inttypes.h not found (Bugzilla Bug 4642),cryptopkg,low,low,0.85,Similar to other build error issues in cryptopkg which are typically low priority.
qwen2.5:14b,A,10471,OvmfPkg: UEFI Shell shouldn't be available when Secure Boot is enabled (Bugzilla Bug 4641),ovmfpkg,high,low,0.85,"The issue affects UEFI Shell availability in a secure boot environment, which is critical for security and compliance."
qwen2.5:14b,A,10470,EFI_HII_CONFIG_ROUTING_PROTOCOL.ExportConfig() doesn't show efivarstore (Bugzilla Bug 4639),mdemodulepkg,medium,low,0.8,Similar to other mdemodulepkg issues but lacks high severity indicators like build breaks or critical functionality failures.
qwen2.5:14b,A,9460,Enable config editor tool to have a new feature that can load and view the configuration data of compiled VFR or HFR in form of YAML. (Bugzilla Bug 4638),intelfsp2pkg,medium,low,0.8,The issue is about adding a new feature to an existing tool and does not indicate critical functionality or security issues.
qwen2.5:14b,A,10469,[MdePkg/BaseCacheMaintenanceLib][RiscVCache] Assert when CMO is disabled. (Bugzilla Bug 4637),mdepkg,medium,low,0.85,Similar to other firmware issues in MdePkg with medium priority.
qwen2.5:14b,A,9459,No need to check SCI status in UPL (Bugzilla Bug 4636),uefipayloadpkg,low,low,0.8,No similar high or medium priority issues found in uefipayloadpkg package.
qwen2.5:14b,A,9458,Add a PCD to be able to skip microcode patch load (Bugzilla Bug 4635),intelfsp2pkg,medium,low,0.8,Similar to other issues in intelfsp2pkg without a clear indication of severity beyond standard development needs.
qwen2.5:14b,A,9457,CryptoPkg: SmmCryptLib consumed RngLib but not add it to [LibraryClasses] (Bugzilla Bug 4634),cryptopkg,medium,low,0.8,Similar to other library consumption issues in different packages which are typically medium priority.
qwen2.5:14b,A,9456,Capsule.py does not handle OEM_CAPSULE_FLAGS parsed by FdfParser.py (Bugzilla Bug 4633),basetools,medium,low,0.8,Similar to other BaseTools issues but lacks severity indicators like crashes or high impact warnings.
qwen2.5:14b,A,9455,CryptoPkg: stdint.h included multiple times error (Bugzilla Bug 4632),cryptopkg,low,high,0.8,Similar to other header inclusion issues which are typically low priority.
qwen2.5:14b,A,9454,Fix the hardcoded TLS cofiguration data in Httpsupport.c when initial TLS sesssion for HTTPs (Bugzilla Bug 4631),networkpkg,high,high,0.85,"The issue involves fixing hardcoded TLS configuration data in a critical security context (HTTPS initial session), similar to other high-priority network security issues."
qwen2.5:14b,A,9453,CryptoPkg: Gcc build error of MbedtlsLib Rsa (Bugzilla Bug 4630),cryptopkg,medium,high,0.8,Similar to other build error issues in different packages which are typically medium priority.
qwen2.5:14b,A,10467,No debug log output into serial port in mRscHandlerProtocol->Register() function if the DebugLib|MdeModulePkg/Library/PeiDxeDebugLibReportStatusCode/PeiDxeDebugLibReportStatusCode.inf is invoked (Bugzilla Bug 4628),mdemodulepkg,medium,high,0.8,The issue is related to debug log output and does not indicate a critical system failure or security vulnerability.
qwen2.5:14b,A,10466,Subtle potential buffer overrun in file SafeString.c (Bugzilla Bug 4627),mdepkg,medium,low,0.8,Similar to other subtle potential issues in mdepkg.
qwen2.5:14b,A,10465,Incorrect HEST Revision Number for APCI 6.5 (Bugzilla Bug 4626),-,medium,low,0.8,"No specific severity indicators, similar to other firmware issues without high priority flags."
qwen2.5:14b,A,10464,Missing NULL pointer check on allocating memory for Redfish discovered information fields (Bugzilla Bug 4625),redfishpkg,medium,low,0.8,Similar to other issues in redfishpkg without a clear indication of high severity.
qwen2.5:14b,A,10463,Python FMMT tool does not support automatically select FMMTConf.ini file which saves GuidTool settings. (Bugzilla Bug 4624),basetools,low,low,0.8,The issue is about a missing feature in a tool rather than a critical bug or security flaw.
qwen2.5:14b,A,9452,RELEASE CLANGPDB OVMF will not compile (Bugzilla Bug 4620),ovmfpkg,high,medium,0.85,Similar to other high priority issues in ovmfpkg related to compilation problems.
qwen2.5:14b,A,10462,edk2-stable202311 has been added but cannot yet be selected in this bugtracker (Bugzilla Bug 4618),-,low,low,0.8,The issue is about a bugtracker configuration problem and does not impact functionality or performance.
qwen2.5:14b,A,9451,CLANGDWARF OVMF package builds but will not run since commit 140e4422b16482f0bcafdc20d42141434d450450 (Bugzilla Bug 4617),ovmfpkg,high,low,0.85,"The issue affects OVMF package build and runtime, similar to other high-priority issues in this package that impact functionality."
qwen2.5:14b,A,9450,mbedtls crypto SHA384 buffer misuse (Bugzilla Bug 4616),cryptopkg,high,high,0.85,The issue involves a buffer misuse in mbedtls crypto which is likely to be critical.
qwen2.5:14b,A,10461,Assert in PageTableMap function (Bugzilla Bug 4614),ueficpupkg,high,low,0.85,"The issue involves an assert in a critical function, similar to other high priority issues in the same package."
qwen2.5:14b,A,9448,[BaseLib][RiscV64]InternalSwitchStack has a bug that cannot pass context to EntryPoint (Bugzilla Bug 4611),mdepkg,high,high,0.85,"The bug involves a critical failure in stack switching that affects context passing to entry points, similar to other high-priority issues affecting core functionality."
qwen2.5:14b,A,9447,Google Test tests don't support multiple source files (Bugzilla Bug 4610),unittestframeworkpkg,medium,low,0.8,No specific severity indicators; similar to other issues without high priority flags.
qwen2.5:14b,A,9446,CalculateCrc16Ansi miscalculates the checksum (Bugzilla Bug 4609),mdepkg,medium,low,0.85,Similar to other issues in mdepkg with medium priority.
qwen2.5:14b,A,9445,edk2-redfish-client: Enhance the implementation of getting etag and @Redfish.Settings anootation URI (Bugzilla Bug 4608),-,medium,low,0.7,"No similar package found, but the nature of the enhancement request suggests a moderate impact."
qwen2.5:14b,A,9444,Add PCD to assign Redfish service port (Bugzilla Bug 4607),redfishpkg,medium,low,0.8,"No specific severity indicators, similar to other package-specific feature addition requests."
qwen2.5:14b,A,10460,edk2-redfish-client: Enhance RedfishClientPkg debug capability (Bugzilla Bug 4606),-,high,medium,0.85,The issue involves enhancing debug capability for RedfishClientPkg which is similar to other high priority issues involving enhancements and bug fixes in specific packages.
qwen2.5:14b,A,9443,WifiConnectionManager: Not trigger scan when UEFI Wi-Fi is in BSS connected state (Bugzilla Bug 4605),networkpkg,medium,low,0.8,"No specific severity indicators, similar to other medium priority issues in networkpkg."
qwen2.5:14b,A,10459,SecurityPkg/DxeTpm2MeasureBootLib: TDVF should check the overflow of UINT32 * UINT32 (Bugzilla Bug 4604),securitypkg,high,low,0.85,"The issue involves potential overflow in security-related code, which is critical."
qwen2.5:14b,A,9441,Redfish communication between BIOS and BMC does not happen if IPv4 installed after RestEx (Bugzilla Bug 4602),redfishpkg,high,low,0.85,The issue involves communication failure between critical components (BIOS and BMC) which can severely impact system functionality.
qwen2.5:14b,A,9440,UIDs for ETE nodes must be unique (Bugzilla Bug 4600),dynamictablespkg,medium,low,0.8,Similar to other issues in dynamictablespkg without a clear indication of high severity.
qwen2.5:14b,A,10457,StandaloneMmPkg/Core needs to restart MmDispacher once MmEntryPoint is registered (Bugzilla Bug 4599),standalonemmpkg,medium,low,0.8,No specific severity indicators; similar to other module package issues without high priority flags.
qwen2.5:14b,A,9439,Got ASSERT BaseXApicX2ApicLib.c(1478): (Index != 0) || (LevelType == 0x01) when booting (Bugzilla Bug 4598),ovmfpkg,high,low,0.85,ASSERT in critical boot code suggests high severity.
qwen2.5:14b,A,10456,[Variable]Merge variable header + data update into one step for performance improvement (Bugzilla Bug 4597),mdemodulepkg,high,medium,0.85,"The issue involves performance improvement for variable header and data updates, similar to other high-priority optimization tasks."
qwen2.5:14b,A,9438,"Fix build error when remove ""-Wno-sometimes-uninitialized"" option (Bugzilla Bug 4595)",intelfsp2wrapperpkg,low,low,0.8,The issue is about fixing a build error which typically does not cause system instability or severe functionality issues.
qwen2.5:14b,A,9437,[edk2-stable202311] Update GetMaintainer to handle case where a package has only reviewers and no maintainers (Bugzilla Bug 4593),basetools,medium,low,0.8,"The issue involves updating a tool to handle specific package scenarios, which is less critical than build failures or protocol errors."
qwen2.5:14b,A,9436,[MdePkg] Add NVMe Sanitize command support to Nvme.h (Bugzilla Bug 4591),mdepkg,medium,low,0.8,The issue involves adding support for a new command in an existing package without clear indication of critical impact or severe bug type.
qwen2.5:14b,A,10452,Consider moving SourceLevelDebugPkg to from edk2 to edk2-platforms (Bugzilla Bug 4590),sourceleveldebugpkg,medium,low,0.8,No specific severity indicators; similar to other package-specific issues without high urgency.
qwen2.5:14b,A,10451,Consider removing SignedCapsulePkg from edk2 repository (Bugzilla Bug 4589),signedcapsulepkg,medium,low,0.8,No specific severity indicators; similar to other package removal discussions.
qwen2.5:14b,A,10450,Memory leak in PxeBcArpCacheUpdate@PxeBcSupport.c? (Bugzilla Bug 4585),networkpkg,high,low,0.85,Memory leaks are critical issues that can lead to system instability and security vulnerabilities.
qwen2.5:14b,A,10449,potentially invalid elapsed tick count calculation from commit 43dcf453fc15 (Bugzilla Bug 4578),mdemodulepkg,medium,low,0.8,Similar to other issues in mdemodulepkg with medium priority due to potential calculation error without clear critical impact described.
qwen2.5:14b,A,9432,Memory leak in MeasureSmbiosTable@SmbiosMeasurementDxe.c ? (Bugzilla Bug 4575),mdemodulepkg,high,low,0.85,Memory leaks can lead to significant issues and are typically classified as high priority.
qwen2.5:14b,A,10448,.deps file is not created on Windows during silent build for source file with same basename (Bugzilla Bug 4573),basetools,medium,low,0.85,Similar to other build tool issues in BaseTools package.
qwen2.5:14b,A,9431,TDVF: TdVmCall needs handle the retry results for MapGPA (Bugzilla Bug 4572),ovmfpkg,medium,low,0.8,Similar to other issues in ovmfpkg without a clear indication of high severity.
qwen2.5:14b,A,10447,[Recovery] FatPei should use both BlockIo and BlockIo2 PPI while searching for recovery capsule (Bugzilla Bug 4571),fatpkg,medium,low,0.8,Similar to other FAT driver issues impacting functionality but not explicitly stated as causing a hang or severe performance impact.
qwen2.5:14b,A,10446,gBS->FreePages() is not validating the input parameter 'Pages' before freeing the allocated pages. (Bugzilla Bug 4569),mdemodulepkg,high,low,0.9,Similar to other high priority issues in mdemodulepkg related to security vulnerabilities.
qwen2.5:14b,A,9430,OvmfPkg/AcpiPlatformDxe: Coverity scan flags FORWARD_NULL and UNUSED_VALUE issues (Bugzilla Bug 4568),ovmfpkg,medium,low,0.85,Similar to other Coverity scan issues in OvmfPkg with medium priority.
qwen2.5:14b,A,9429,Add 0x0B/Platform Runtime Mechanism (PRM) in Address Space ID of Generic Address Structure (GAS) (Bugzilla Bug 4567),mdepkg,medium,low,0.8,"No specific severity indicators, similar to other routine package updates."
qwen2.5:14b,A,9428,Use the base SortLib for Redfish modules only (Bugzilla Bug 4566),redfishpkg,medium,medium,0.8,No similar severity issues found in redfishpkg package.
qwen2.5:14b,A,9427,duplicate installation of EFI_REAL_TIME_CLOCK_ARCH_PROTOCOL in RealTimeClockLib instances (Bugzilla Bug 4565),armplatformpkg,medium,low,0.8,Similar to other issues in armplatformpkg without a clear indication of severity beyond typical bug reports.
qwen2.5:14b,A,9426,bogus RealTimeClockLib class interface: LibRtcVirtualNotifyEvent (Bugzilla Bug 4564),embeddedpkg,medium,low,0.8,The issue involves a class interface problem which is significant but not as critical as security or reproducibility issues.
qwen2.5:14b,A,10445,Add support for SMBIOS spec 3.7.0 to SmBios.h (Bugzilla Bug 4563),mdepkg,medium,low,0.8,No specific severity indicators; similar to other package updates and enhancements.
qwen2.5:14b,A,9425,[Xhci] Skip size round up for TRB when getting PCI device/host memory address (Bugzilla Bug 4560),mdemodulepkg,medium,high,0.85,Similar to other MDK module package issues without a clear indication of severity beyond typical bug reporting.
qwen2.5:14b,A,9424,BaseTools: Add support for LOONGARCH64  R_LARCH_RELAX relocation (Bugzilla Bug 4559),basetools,medium,low,0.8,Similar to other BaseTools issues that do not specify critical severity.
qwen2.5:14b,A,10444,Potential conflict on MpProtectedModeWakeupCommand definition (Bugzilla Bug 4558),ovmfpkg,medium,low,0.8,Similar to other issues in ovmfpkg package without explicit severity indicators.
qwen2.5:14b,A,10443,Transaction error observed for some USB3.2 Gen2x2 devices (Bugzilla Bug 4556),mdemodulepkg,high,high,0.85,"The issue involves USB3.2 Gen2x2 devices and has been observed to cause transaction errors, which is likely to impact system stability and functionality."
qwen2.5:14b,A,9422,UefiDevicePathLib DevPathToTextAcpiEx overflows the device path node when searching for optional strings (Bugzilla Bug 4555),mdepkg,high,low,0.85,Similar to other high priority issues in MdePkg related to library functions and potential buffer overflows.
qwen2.5:14b,A,10442,UEFI Spec version Support is not udpated latest tianocore Edk2 support (Bugzilla Bug 4554),mdepkg,medium,high,0.8,The issue is about updating UEFI Spec version support which does not indicate a critical or high severity impact.
qwen2.5:14b,A,9421,MdeModulePkg/Bus/Pci/XhciDxe: Need to abort the command for command timeout (Bugzilla Bug 4552),mdemodulepkg,high,high,0.85,Similar to other high priority issues in mdemodulepkg related to command handling and timeouts.
qwen2.5:14b,A,10440,DumpCpuContext() should dump the 15 data bytes for the PC (Bugzilla Bug 4551),ueficpupkg,medium,low,0.8,Similar to other CPU-related issues in ueficpupkg but lacks high severity indicators like crashes or security vulnerabilities.
qwen2.5:14b,A,10439,TAB key should not be accepted as a valid character in password input window (Bugzilla Bug 4550),mdemodulepkg,medium,low,0.8,Similar to other mdemodulepkg issues with medium priority.
qwen2.5:14b,A,9420,Add New Intel Processor family for SMBIOS Type 4 from SMBIOS 3.7.0 (Bugzilla Bug 4547),mdepkg,medium,low,0.8,"The issue involves adding a new processor family for SMBIOS Type 4, which is likely to be an enhancement rather than a critical bug or performance issue."
qwen2.5:14b,A,10437,ifconfig uses RouteTableSize as a count (Bugzilla Bug 4546),shellpkg,medium,low,0.85,Similar to other shellpkg issues with medium priority.
qwen2.5:14b,A,9419,ek2-libc: socket module of python UEFI interpreter fails to compile with GCC tool chain (Bugzilla Bug 4545),-,high,low,0.85,Compilation failure with GCC tool chain is a critical issue similar to other high priority build failures.
qwen2.5:14b,A,9418,SMBIOS BCD revision is not match SMBIOS version (Bugzilla Bug 4544),mdemodulepkg,medium,low,0.85,Similar to other issues in mdemodulepkg with medium priority.
qwen2.5:14b,A,9417,"In some cases, LocateHandleBuffer() may allocate a callee freed buffer when an error occurs (Bugzilla Bug 4543)",mdemodulepkg,high,low,0.85,Similar to other high priority issues in mdemodulepkg related to memory management and potential buffer allocation errors.
qwen2.5:14b,A,9416,Bug 09 - edk2/NetworkPkg: Use of a Weak PseudoRandom Number Generator (Bugzilla Bug 4542),networkpkg,high,low,0.9,The use of a weak pseudo-random number generator is a security vulnerability that can lead to serious security breaches.
qwen2.5:14b,A,9415,Bug 08 - edk2/NetworkPkg: Predictable TCP ISNs (Bugzilla Bug 4541),networkpkg,high,low,0.85,The bug involves TCP ISNs which can have significant security implications if not handled correctly.
qwen2.5:14b,A,10436,Unnecessary FV migration should be avoided in EvacuateTempRam to benefit boot performance (Bugzilla Bug 4533),mdemodulepkg,medium,low,0.8,Similar to other mdemodulepkg issues without high severity indicators.
qwen2.5:14b,A,9414,UefiPayloadPkg:Enhance the build processing for Universalpayload (Bugzilla Bug 4532),uefipayloadpkg,medium,low,0.8,The enhancement request does not indicate critical severity or high impact like a security flaw or performance degradation.
qwen2.5:14b,A,10435,Use of Architectural modifiers in a [Define] section when specifications state it is not supported. (Bugzilla Bug 4530),basetools,medium,low,0.8,Similar to other BaseTools issues without a high severity label.
qwen2.5:14b,A,9413,Recent OVMF build.sh change breaks useful functionality (Bugzilla Bug 4528),ovmfpkg,high,low,0.85,The issue affects a recent build script change in OVMF which is critical for functionality and has been updated recently.
qwen2.5:14b,A,9412,MadtMpWk->MailBoxVersion = 1;  should be 0 according to the ACPI spec 6.5 (Bugzilla Bug 4527),ovmfpkg,low,low,0.85,Similar to other low priority issues in ovmfpkg package related to minor specification compliance.
qwen2.5:14b,A,9407,ArmVirtQemu Has Access Flag Fault When Booting with HeapGuard GuardAlignedToTail (Bugzilla Bug 4521),mdemodulepkg,high,high,0.85,Similar to other high priority issues in mdemodulepkg related to booting and memory management problems.
qwen2.5:14b,A,10434,"Unable to disconnect the handles with disconnect <HandleNumber> command, since handle pointer variables are not initialized properly. (Bugzilla Bug 4520)",shellpkg,medium,low,0.8,Similar to other shellpkg issues with medium priority.
qwen2.5:14b,A,10433,The safe check of AsciiStrCpyS failed (Bugzilla Bug 4519),mdepkg,high,low,0.85,Similar to other high priority issues in mdepkg related to safe checks and security.
qwen2.5:14b,A,10432,Vulns in NetworkPkg IP stack (Bugzilla Bug 4518),networkpkg,high,high,0.9,Vulnerabilities in IP stack are critical security issues similar to other high priority network vulnerabilities.
qwen2.5:14b,A,10431,CXL 3.0 Base Specification Register definitions (Bugzilla Bug 4516),mdepkg,high,low,0.85,"The issue involves updating register definitions for a new specification version, similar to other high-priority issues in mdepkg that update industry standards."
qwen2.5:14b,A,10430,Need add PCI_EXPRESS_EXTENDED_CAPABILITIES_DESIGNATED_VENDOR_SPECIFIC_ID 0x0023 in PciExpress40.h (Bugzilla Bug 4515),mdepkg,medium,low,0.8,Similar to other mdepkg issues that do not specify critical severity.
qwen2.5:14b,A,9405,MdePkg is missing some spec defined status codes (Bugzilla Bug 4514),mdepkg,medium,low,0.85,The issue is about missing status codes which could affect functionality but does not indicate a critical failure or security risk like some high priority issues.
qwen2.5:14b,A,9404,Enhance LoadStorage implementation in SetupBrowserDxe for varstore of EFI_HII_VARSTORE_EFI_VARIABLE_BUFFER (Bugzilla Bug 4513),mdemodulepkg,medium,low,0.8,Similar to other mdemodulepkg issues without a clear indication of high severity.
qwen2.5:14b,A,10429,All the MD5 and SHA1 in CryptoPkg such as RsaPkcs1Sign should be under the deprecated define (Bugzilla Bug 4512),cryptopkg,medium,low,0.85,Similar to other CryptoPkg issues that are typically medium priority.
qwen2.5:14b,A,9403,Cache Disable should not be set by default in CR0 after ResetVector in x64 build (Bugzilla Bug 4511),ueficpupkg,medium,high,0.85,Similar to other issues in ueficpupkg with medium priority due to unspecified severity.
qwen2.5:14b,A,10428,BaseRngLib functionality for ARM/AARCH64 in Standalone MM (Bugzilla Bug 4510),armpkg,medium,low,0.8,"No specific severity indicators, similar to other issues in armpkg without high priority flags."
qwen2.5:14b,A,9402,ASN1_get_object() return value not checked (Bugzilla Bug 4509),cryptopkg,high,low,0.9,Similar to other high priority issues in cryptopkg related to security and code quality.
qwen2.5:14b,A,10427,MdeModulePkg: AllocatePages for TranslateBmpToGopBlt (Bugzilla Bug 4507),mdemodulepkg,low,low,0.8,The issue is related to AllocatePages for TranslateBmpToGopBlt and does not indicate critical failure or performance impact like other high priority issues in similar package.
qwen2.5:14b,A,9401,NetworkPkg: HTTP protocol throughput too small (Bugzilla Bug 4505),networkpkg,high,low,0.85,Similar to other high priority network throughput issues.
qwen2.5:14b,A,9400,Move RngLibTimer from MdePkg to MdeModulePkg (Bugzilla Bug 4504),mdepkg,medium,low,0.8,Similar to other library class migration issues in MdeModulePkg.
qwen2.5:14b,A,9399,SplitFspBin.py cannot support FSP binary with child FV included (Bugzilla Bug 4502),intelfsp2pkg,medium,low,0.85,Similar to other tooling issues in basetools and intelfsp2pkg that are typically medium priority.
qwen2.5:14b,A,10426,SetAttribute for wide char failed (Bugzilla Bug 4499),mdemodulepkg,medium,medium,0.8,Similar to other mdemodulepkg issues without a high severity label.
qwen2.5:14b,A,10424,MdePkg should not have gEdkiiMemoryAcceptProtocolGuid (Bugzilla Bug 4497),mdepkg,medium,low,0.8,Similar to other MdePkg issues without a clear indication of severity beyond standard protocol concerns.
qwen2.5:14b,A,10422,XhciDxe: Timeout event does not occur in the function called during ExitBootServices (Bugzilla Bug 4495),mdemodulepkg,medium,low,0.8,Similar to other mdemodulepkg issues with medium priority.
qwen2.5:14b,A,9398,Remove assembly/tool logic that creates AP waking vector in 4G-20h (Bugzilla Bug 4494),basetools,high,low,0.85,The issue involves removing logic in BaseTools which is similar to other high priority issues related to toolchain and assembly logic.
qwen2.5:14b,A,9396,"RngDxe assert at ""ASSERT (Index != mAvailableAlgoArrayCount);"" (Bugzilla Bug 4491)",securitypkg,high,low,0.85,"The issue involves an assert failure in a security-related module, similar to other high-priority security issues."
qwen2.5:14b,A,9395,"In UFS PEI driver, we are not seeing any PPI to link the platform specific code as same like in DXE UFS driver (Bugzilla Bug 4490)",mdemodulepkg,medium,low,0.8,Similar to other issues in mdemodulepkg without a clear high severity indicator.
qwen2.5:14b,A,9394,Update edk2-pytools (Bugzilla Bug 4489),basetools,low,low,0.8,The issue is about updating tools which typically does not impact stability or functionality critically.
qwen2.5:14b,A,10421,ARM Generic Watchdog Missing support for 64 bit Watchdog offset register (WOR) introduced in Generic Watchdog v1. (Bugzilla Bug 4488),armpkg,medium,low,0.8,Similar to other hardware support issues that impact functionality but do not cause immediate crashes or severe build failures.
qwen2.5:14b,A,9393,[BaseTools] GenFw: Set NXCOMPAT in DllCharacteristics if requirements met (Bugzilla Bug 4487),basetools,medium,low,0.8,Similar to other BaseTools issues without a high severity label.
qwen2.5:14b,A,9392,MdePkg: Move gTraceHubDebugInfoHobGuid to MdePkg (Bugzilla Bug 4486),mdepkg,low,low,0.8,No specific severity indicators like crashes or security vulnerabilities are mentioned.
qwen2.5:14b,A,9391,Google Mock Library (UefiBootServicesTableLib) support from Edk2 (Bugzilla Bug 4485),mdemodulepkg,medium,low,0.8,The issue involves adding support for a testing library and does not indicate critical bugs or severe performance issues.
qwen2.5:14b,A,10420,Print HTTP Request header for better debuggability (Bugzilla Bug 4484),networkpkg,medium,low,0.8,Similar to other network debugging issues in NetworkPkg.
qwen2.5:14b,A,10417,FspHobListPtr should be available before calling the FspWrapperMultiPhaseHandler in the FSPS (Bugzilla Bug 4480),intelfsp2wrapperpkg,high,low,0.85,The issue involves a critical timing and availability concern for FSPS components which could impact system stability and functionality.
qwen2.5:14b,A,9389,UefiPayloadPkg: To change CapsuleLib instance to null lib for CapsuleRuntimeDxe driver (Bugzilla Bug 4479),uefipayloadpkg,low,low,0.8,The issue involves changing a CapsuleLib instance to null lib which seems like a configuration or optimization change rather than a critical bug.
qwen2.5:14b,A,9387,NetworkPkg: Incorrect length of EAP Identity from AMT (Bugzilla Bug 4477),networkpkg,medium,low,0.85,Similar to other network-related issues in networkpkg with medium priority.
qwen2.5:14b,A,10416,UefiCpuPkg: SmmS3 page table set GuardPage in smm normal stack as not-present instead of Smm S3 Stack (Bugzilla Bug 4476),ueficpupkg,high,low,0.85,Similar to other high priority issues in UefiCpuPkg related to SMM and page table management.
qwen2.5:14b,A,10415,Incorrect MADT Revision for ACPI 6.5 (Bugzilla Bug 4474),mdepkg,medium,low,0.8,Similar to other issues in mdepkg with medium priority.
qwen2.5:14b,A,9384,Add SPI NOR FLash Serial Flash Discoverable Parameters (SFDP) Header file (Bugzilla Bug 4472),mdepkg,medium,high,0.8,Similar to other package-specific header file additions without critical impact.
qwen2.5:14b,A,9382,SMM perf record is copied multiple times to FPDT table if multiple ReadyToBoot events are signaled (Bugzilla Bug 4470),mdemodulepkg,high,low,0.85,Similar to other high priority issues in mdemodulepkg related to SMM and performance concerns.
qwen2.5:14b,A,10414,SmBiosView does not print correct Slot ID information (Bugzilla Bug 4469),shellpkg,medium,low,0.8,Similar to other ShellPkg issues that do not explicitly state high severity.
qwen2.5:14b,A,9380,Add support for running shell test application in an immutable volume (Bugzilla Bug 4467),unittestframeworkpkg,medium,low,0.8,Similar to other issues in unittestframeworkpkg without a clear indication of severity beyond standard testing enhancements.
qwen2.5:14b,A,10413,Adding support for sending SGI and handling interrupts on GIC v3 (Bugzilla Bug 4466),armpkg,medium,low,0.8,Similar to other firmware enhancement issues in armpkg.
qwen2.5:14b,A,9378,AARCH64 MMU Interface Reports Every Page as EFI_MEMORY_RP (Bugzilla Bug 4463),armpkg,high,high,0.85,The issue involves a critical MMU interface problem on AARCH64 which could severely impact memory management and system stability.
qwen2.5:14b,A,10412,Tcg2UserConfirm Enhancement to Display the User Information (Bugzilla Bug 4462),securitypkg,medium,high,0.85,Similar to other enhancement requests in securitypkg.
qwen2.5:14b,A,9377,BIOS ASSERT failed when Fv FSP-S use FFS3 (Bugzilla Bug 4458),intelfsp2wrapperpkg,high,medium,0.85,The issue involves a BIOS ASSERT failure which typically indicates a critical system malfunction.
qwen2.5:14b,A,9376,Edk2ToolsBuild.py does not mark compiler errors as python's logging.ERROR (Bugzilla Bug 4457),basetools,low,low,0.8,The issue does not indicate a critical failure or performance degradation.
qwen2.5:14b,A,10411,Rebuild Descriptor table in UsbIoPortReset (Bugzilla Bug 4456),mdemodulepkg,medium,low,0.8,Similar to other issues in mdemodulepkg without critical severity indicators.
qwen2.5:14b,A,10410,MdePkg BaseLib use _mm_pause() instead of inline asm or NASM for VS20xx toolchains IA32/X64 (Bugzilla Bug 4453),mdepkg,medium,low,0.8,Similar to other MdePkg issues that affect toolchain usage but do not indicate critical failure or security vulnerability.
qwen2.5:14b,A,9373,Introduce EDKII Redfish Platform Config Protocol (Bugzilla Bug 4449),redfishpkg,high,medium,0.8,"The introduction of a new protocol likely involves significant changes and potential risks, similar to other high-priority issues involving major protocol or module additions."
qwen2.5:14b,A,9372,Add quotes arounbd OBJCOPY_ADDDEBUGFLAG file targets for Windows compatibility (Bugzilla Bug 4448),basetools,low,low,0.8,The issue is about adding quotes for Windows compatibility and does not indicate critical functionality or security impact.
qwen2.5:14b,A,9371,Update CLANGPDB_WARNING_OVERRIDES in tools_def.txt to match CLANGDWARF_WARNING_OVERRIDES (Bugzilla Bug 4447),basetools,low,low,0.8,The issue is about updating configuration settings and does not impact functionality or performance critically.
qwen2.5:14b,A,9370,MdeModulePkg CpasuleApp is missing EFIAPI in function that is passed as parameter (Bugzilla Bug 4446),mdemodulepkg,medium,low,0.8,Similar to other mdemodulepkg issues with medium priority.
qwen2.5:14b,A,10408,UefiPayloadPkg:Add YAML support version configuration (Bugzilla Bug 4445),-,medium,low,0.8,No specific severity indicators; similar to other configuration or feature addition requests.
qwen2.5:14b,A,9367,"Depex unsatisfied PEIM dispatched, but it isn't in Apriori file (Bugzilla Bug 4438)",mdemodulepkg,high,low,0.85,The issue involves a critical dispatching problem that could lead to system instability or failure.
qwen2.5:14b,A,10406,Surprised power events cause NVRAM corruption which leads to a system boot (VariableSmm) hang (Bugzilla Bug 4437),mdemodulepkg,high,medium,0.9,"The issue involves NVRAM corruption leading to system boot hangs, similar in severity to other high-priority firmware issues."
qwen2.5:14b,A,10405,AARCH64 LD Can Misinterpret Multiple common-page-size parameters (Bugzilla Bug 4436),basetools,high,high,0.85,"The issue involves a potential misinterpretation by AARCH64 LD which could lead to significant build or runtime errors, similar in severity to other high-priority BaseTools issues."
qwen2.5:14b,A,9366,Add IPMI SSIF definitions (Bugzilla Bug 4434),mdepkg,medium,medium,0.8,No specific severity indicators; similar to other package issues without high priority flags.
qwen2.5:14b,A,10403,Probably it returns wrong values in RISC-V SyncIncrement and SyncDecrement functions (Bugzilla Bug 4433),mdepkg,high,low,0.85,The issue involves potential incorrect values returned by critical synchronization functions in RISC-V architecture.
qwen2.5:14b,A,9365,There is a return value bug in LoongArch synchronization operation (Bugzilla Bug 4432),mdepkg,medium,low,0.85,The bug is related to synchronization operation return value which could impact functionality but does not explicitly indicate a security or performance critical flaw.
qwen2.5:14b,A,10402,SmmCpuRendezvous() need to check cpu sync mode before calling SmmWaitForApArrival() (Bugzilla Bug 4431),ueficpupkg,high,low,0.85,Similar to other high priority issues in ueficpupkg related to SMM and CPU synchronization.
qwen2.5:14b,A,10401,Memory leak in function RsaPssVerify (Bugzilla Bug 4430),cryptopkg,high,low,0.85,"Memory leaks can lead to significant security and stability issues, similar to other high-priority bugs in cryptopkg."
qwen2.5:14b,A,10400,SmmVariableSetVariable() need  Ap rendezvous  in Ap-Relaxed mode (Bugzilla Bug 4429),mdemodulepkg,medium,low,0.8,Similar to other mdemodulepkg issues with medium priority.
qwen2.5:14b,A,9364,UefiPayloadPkg: Fix issues when MULTIPLE_DEBUG_PORT_SUPPORT is true (Bugzilla Bug 4427),uefipayloadpkg,medium,low,0.8,Similar to other issues in UefiPayloadPkg that do not have a high severity label.
qwen2.5:14b,A,9363,UefiPayloadPkg: remove llvm-objcopy dependency when replace multiple FV (Bugzilla Bug 4426),uefipayloadpkg,low,low,0.8,The issue does not indicate any critical runtime failures or severe performance impacts.
qwen2.5:14b,A,9362,Unable to run acpidump.efi in UEFI Shell (Bugzilla Bug 4425),mdepkg,medium,low,0.8,Similar to other firmware and tool issues in MdePkg with medium priority.
qwen2.5:14b,A,10399,PerformRemainingTasks() needs to wait for ap arrive once when smm ready to lock in aprelaxed flow (Bugzilla Bug 4424),ueficpupkg,high,low,0.85,Similar to other high priority issues related to SMM and DXE flows.
qwen2.5:14b,A,9361,"UefiCpuPkg: Update ProcTrace feature code to support enable ProcTrace only on BSP and support enable generating  CYC, TSC  timing packets (Bugzilla Bug 4423)",ueficpupkg,medium,low,0.8,The issue involves updating feature code and does not indicate critical failure or performance degradation.
qwen2.5:14b,A,9360,CVE-2023-0464 - OpenSSL vulnerability (Bugzilla Bug 4422),cryptopkg,high,high,0.9,The issue involves a CVE for OpenSSL which typically indicates a critical security vulnerability.
qwen2.5:14b,A,9359,RedfishPkg uses DEBUG_MANAGEABILITY debug error level (Bugzilla Bug 4420),redfishpkg,medium,medium,0.8,Similar to other issues in redfishpkg with medium priority.
qwen2.5:14b,A,9358,Use Highest Python version on Linux edksetup.sh (Bugzilla Bug 4418),-,low,medium,0.8,The issue is about updating Python version which does not impact core functionality or security.
qwen2.5:14b,A,9357,Move Network modules from Dxe firmware volume to Network firmware volume in the universal payload elf (Bugzilla Bug 4417),uefipayloadpkg,medium,low,0.8,The issue involves moving modules in a firmware volume which is likely to impact functionality but does not indicate critical failure or security risk.
qwen2.5:14b,A,10398,[TDVF] Kernel command line and initrd shall be measured to RTMR (Bugzilla Bug 4416),ovmfpkg,high,low,0.85,Similar to other high priority issues in ovmfpkg related to security and measurement features.
qwen2.5:14b,A,10397,[TDVF] TDVF shall measure the data downloaded from QEMU via FW_CFG (Bugzilla Bug 4415),ovmfpkg,low,low,0.8,The issue is related to TDVF measurement and does not indicate critical security or functionality issues like buffer overflows or checksum mismatches.
qwen2.5:14b,A,9356,Create DEBUG_MANAGEABILITY error report level (Bugzilla Bug 4414),-,medium,high,0.8,"No specific severity indicators provided, similar to other medium priority issues without high impact or critical details."
qwen2.5:14b,A,9355,CryptoPkg: Enable DXE_CORE support in BaseCryptLibOnProtocolPpi\DxeCryptLib.inf (Bugzilla Bug 4413),cryptopkg,medium,low,0.8,No specific severity indicators; similar to other issues in the same package without high priority labels.
qwen2.5:14b,A,10396,Enhance PathFv.py to patch Flash device files directly (Bugzilla Bug 4412),intelfsp2pkg,low,low,0.8,The enhancement request does not indicate critical impact or severe issues.
qwen2.5:14b,A,9354,TcgMorLockSmm: Key Mismatch doesn't update the MorLock Variable Value. (Bugzilla Bug 4410),mdemodulepkg,high,low,0.85,Similar to other high priority issues in mdemodulepkg related to security and variable handling.
qwen2.5:14b,A,9353,[MTL] HDDPassword driver must transition from Variable Lock to Variable Policy (Bugzilla Bug 4408),securitypkg,high,low,0.85,"The issue involves a security-related driver transition and is labeled under the Security Package, similar to other high-priority issues in this category."
qwen2.5:14b,A,9351,Add header file for PLDM SMBIOS Transfer specification (Bugzilla Bug 4397),mdepkg,low,medium,0.8,The issue involves adding a header file which is likely to be a documentation or feature addition rather than a critical bug.
qwen2.5:14b,A,9350,Add header file for PLDM specification (Bugzilla Bug 4396),mdepkg,low,medium,0.8,The issue involves adding a header file which is likely a documentation or feature enhancement rather than a critical bug.
qwen2.5:14b,A,9349,IntelFsp2Pkg: TempRamInit API should preserve EBX/RBX register. (Bugzilla Bug 4395),intelfsp2pkg,medium,low,0.8,"No specific severity indicators, similar to other package-specific issues without high priority markers."
qwen2.5:14b,A,9348,MdeModulePkg SdMmcPciHcDxe: SD/MMC capability debug print is incorrect (Bugzilla Bug 4394),mdemodulepkg,low,low,0.8,The bug involves incorrect debug print which does not impact functionality or security.
qwen2.5:14b,A,10395,Update SMBIOS Misc Slot Information Definition with the specific prefix to avoid the name conflict (Bugzilla Bug 4393),mdepkg,low,low,0.8,"The issue is about updating definitions to avoid name conflicts, which does not impact functionality or performance."
qwen2.5:14b,A,9346,IntelFsp2Pkg: LoadMicrocodeDefault() causing unnecessary delay. (Bugzilla Bug 4391),intelfsp2pkg,medium,low,0.8,No specific severity indicators; similar to other package issues without high priority flags.
qwen2.5:14b,A,9344,UefiPayloadPkg: Support input data in UniversalPayloadBuild.py (Bugzilla Bug 4386),uefipayloadpkg,medium,low,0.8,Similar to other UefiPayloadPkg issues with medium priority.
qwen2.5:14b,A,10394,Linux PXE Boot failure in Complex Network Environment (Bugzilla Bug 4385),networkpkg,medium,high,0.8,Similar to other networkpkg issues that are medium priority.
qwen2.5:14b,A,10393,"Assert only, no in code check for MAX_ENDPOINT in UsbPeim.c (Bugzilla Bug 4383)",mdemodulepkg,medium,low,0.85,Similar to other mdemodulepkg issues without critical system impact.
qwen2.5:14b,A,10392,Got NvVarStore FV headers were invalid when using OVMF with AMD SEV (Bugzilla Bug 4379),ovmfpkg,high,low,0.85,"The issue involves a critical failure with OVMF and AMD SEV, similar to other high-priority issues related to hardware compatibility and security."
qwen2.5:14b,A,9342,VU#892082: Tiancore EDK2 UEFI TCG2 reference implementation vulnerable to memory (Bugzilla Bug 4378),securitypkg,high,high,0.9,"The issue involves a security vulnerability related to memory, similar to other high-priority security bugs."
qwen2.5:14b,A,9341,IntelFsp2Pkg: Fix NASM X64 build warning. (Bugzilla Bug 4377),intelfsp2pkg,low,low,0.8,Similar to other build warning fixes which are typically low priority.
qwen2.5:14b,A,10391,System hangs when executing ping6 command cross network segment in EFI shell (Bugzilla Bug 4376),shellpkg,medium,low,0.8,Similar to other network-related issues in shellpkg that are typically medium priority.
qwen2.5:14b,A,10390,UefiPayloadPkg:Add new build commands for Universalpayload (Bugzilla Bug 4375),uefipayloadpkg,low,low,0.8,The issue involves adding build commands which is a new feature request rather than a critical bug or security vulnerability.
qwen2.5:14b,A,9340,Got Page-Fault in CpuIo2Dxe.dll when using edk2-stable202211 ovmf with qemi-kvm (Bugzilla Bug 4373),ovmfpkg,high,low,0.85,"The issue involves a page-fault in a critical component (CpuIo2Dxe.dll) when using a specific version of OVMF with QEMU-KVM, which likely indicates a severe stability or compatibility problem."
qwen2.5:14b,A,9339,Correct-MAX_LOGICAL_PROCESSORS-value (Bugzilla Bug 4372),uefipayloadpkg,medium,low,0.8,Similar to other issues in uefipayloadpkg without a clear indication of severity beyond typical bug reporting.
qwen2.5:14b,A,10389,OVMF Source level debug hang (Bugzilla Bug 4370),ovmfpkg,high,low,0.8,The issue involves a hang in OVMF source level debug which is similar to other high priority build or runtime failure issues.
qwen2.5:14b,A,10387,S3 failed in SmmRestoreCpu (Bugzilla Bug 4368),ueficpupkg,medium,low,0.75,No specific severity indicators in the description similar to other issues.
qwen2.5:14b,A,9338,UefiPayloadPkg: Startup IPI exception in DXE phase caused by wrong MAX_LOGICAL_PROCESSORS value in UefiPayloadPkg.dsc (Bugzilla Bug 4367),uefipayloadpkg,high,medium,0.85,Similar to other high priority issues in UefiPayloadPkg related to processor configuration and boot phase exceptions.
qwen2.5:14b,A,9337,Display of Loaded Image Protocol in ShellPkg uses incorrect format string data types in UNI files (Bugzilla Bug 4366),shellpkg,medium,low,0.85,Similar to other ShellPkg issues that are classified as medium priority.
qwen2.5:14b,A,10386,Trust Anchors for Private Authenticated Variables Implementation Incorrect (Bugzilla Bug 4365),securitypkg,high,low,0.85,Similar to other security-related issues in the securitypkg package.
qwen2.5:14b,A,10385,TDVF shall check the EFI_HOB_GUID_TYPE in TD_HOB (Bugzilla Bug 4364),ovmfpkg,medium,low,0.8,Similar to other issues in ovmfpkg package without explicit severity indicators.
qwen2.5:14b,A,10384,"TDVF shall check the TDX_METADATA to ensure if only accepts the AUG(unaccpeted) page, not ADD(private) page. (Bugzilla Bug 4363)",ovmfpkg,high,low,0.85,The issue involves security checks for TDX_METADATA pages which is critical and similar to other high priority security issues in ovmfpkg.
qwen2.5:14b,A,9336,Add BIT23 - Redfish debug message in PcdDebugPrintErrorLevel (Bugzilla Bug 4362),mdepkg,medium,low,0.8,No specific severity indicators; similar to other package issues without high priority flags.
qwen2.5:14b,A,9335,Add RedfishPkg version of PcdDebugPrintErrorLevel (Bugzilla Bug 4361),redfishpkg,medium,low,0.85,Similar to other package-specific definition and feature addition issues.
qwen2.5:14b,A,9334,Fix CPU exception in MicrocodeMeasurementDxe.inf (Bugzilla Bug 4360),ueficpupkg,high,low,0.85,The issue involves fixing a CPU exception which is critical and similar to other high priority issues in the same package.
qwen2.5:14b,A,10383,UniversalPayload doesn't run (Bugzilla Bug 4357),uefipayloadpkg,medium,high,0.8,Similar to other firmware issues in uefipayloadpkg without a clear indication of severity beyond standard functionality problems.
qwen2.5:14b,A,10382,UniversalPayload doesn't build (Bugzilla Bug 4356),uefipayloadpkg,high,high,0.85,The issue involves a build failure for UniversalPayload which is critical and similar to other high priority build issues in uefipayloadpkg.
qwen2.5:14b,A,9333,Add header file for MCTP spec (Bugzilla Bug 4355),mdepkg,low,medium,0.8,Similar to other header file additions which are typically low priority.
qwen2.5:14b,A,9332,Add definition for IPMI KCS (Bugzilla Bug 4354),mdepkg,medium,high,0.8,"No specific severity indicators, similar to other tool-related issues in MdeModulePkg and related packages."
qwen2.5:14b,A,9331,SEV-SNP AP creation fixes (Bugzilla Bug 4353),ueficpupkg,high,low,0.85,The SEV-SNP AP creation fixes are likely critical for security and stability in virtualized environments.
qwen2.5:14b,A,10380,BuildMemoryAllocationHob is not checking it's Length parameter for bad / zero input (Bugzilla Bug 4351),mdepkg,medium,low,0.85,Similar to other issues in mdepkg that are typically classified as medium priority.
qwen2.5:14b,A,9330,Random stack corruption in RiscVVirtQemu firmware (Bugzilla Bug 4350),ovmfpkg,high,high,0.85,Stack corruption issues are typically severe and can lead to system instability or security vulnerabilities.
qwen2.5:14b,A,9329,MdeModulePkg/FtwMisc: Ftw may fail to recover variable in corner case. (Bugzilla Bug 4349),mdemodulepkg,high,low,0.85,The issue involves potential failure in variable recovery which could lead to system instability or data loss.
qwen2.5:14b,A,9328,Calculate DisplayFamily correctly (Bugzilla Bug 4348),ueficpupkg,low,low,0.8,Similar to other low priority issues in the same package without critical impact or high severity keywords.
qwen2.5:14b,A,9327,Integrate UiApp and BootManagerMenuApp into MultiFv BdsFv (Bugzilla Bug 4347),uefipayloadpkg,medium,low,0.8,No specific severity indicators; similar to other integration and feature enhancement requests.
qwen2.5:14b,A,10378,remove outdated cod for i486 and pentium processors (Bugzilla Bug 4345),ueficpupkg,low,low,0.8,The issue is about removing outdated code for old processors which does not impact current functionality or security.
qwen2.5:14b,A,10376,support crypto agile (Bugzilla Bug 4343),securitypkg,medium,low,0.7,"No specific severity indicators provided, similar to other medium priority issues in securitypkg."
qwen2.5:14b,A,10375,Bug in SetVariable causes 2 failures in AuthVar_Conf test in edk2-test (Bugzilla Bug 4341),-,medium,low,0.8,The bug affects a test case but does not specify critical system failure or security impact.
qwen2.5:14b,A,10374,Running windows 2k22 on OvmfXen got ASSERT /root/source-git/edk2/MdeModulePkg/Core/Dxe/Event/Tpl.c(66): ((BOOLEAN)(0==1)) (Bugzilla Bug 4340),ovmfpkg,high,low,0.85,ASSERT in core Dxe module indicates a critical failure likely impacting system stability and functionality.
qwen2.5:14b,A,9325,EmulatorPkg PeiTimerLib calls Thunk->Sleep() with value that is 100x larger than required (Bugzilla Bug 4339),emulatorpkg,low,low,0.8,The bug does not impact core functionality or security and appears to be a minor timing issue in an emulator package.
qwen2.5:14b,A,9324,Fix invalid InitializeMpSyncData call in PiSmmCpuDxeSmm (Bugzilla Bug 4338),ueficpupkg,high,low,0.85,Similar to other high priority issues in ueficpupkg related to CPU and synchronization.
qwen2.5:14b,A,9323,Add SMM Base HOB for SmBase relocation (Bugzilla Bug 4337),ueficpupkg,medium,low,0.8,Similar to other issues in ueficpupkg without a clear indication of severity beyond typical functionality enhancement or bug fix.
qwen2.5:14b,A,9322,Td guest shall halt when CcMeasurement failed to be installed (Bugzilla Bug 4335),securitypkg,high,low,0.85,Similar to other security-related issues in the securitypkg package that have been classified as high priority.
qwen2.5:14b,A,9321,[openssl] GCC build warning from openssl (Bugzilla Bug 4334),-,medium,low,0.8,The issue is related to a build warning from openssl and does not indicate critical system failure or security vulnerability.
qwen2.5:14b,A,9320,Update edk2-pytool-library and edk2-pytool-extensions (Bugzilla Bug 4333),basetools,low,low,0.85,The issue is about updating tools which does not directly impact firmware or critical functionality.
qwen2.5:14b,A,9319,Potential DoS triggering CI (Bugzilla Bug 4332),-,high,low,0.8,The issue involves potential DoS which is a critical security concern similar to other high priority issues.
qwen2.5:14b,A,10373,PcdAcpiS3Enable set to FALSE will cause Debug Mode Assert. (Bugzilla Bug 4331),mdemodulepkg,high,low,0.85,The issue involves an assert failure which is typically a high severity problem.
qwen2.5:14b,A,9318,LoongArch64 UINT64 and INT64 are not strictly defined (Bugzilla Bug 4330),mdepkg,medium,low,0.8,Similar to other MdePkg issues without a clear indication of high severity.
qwen2.5:14b,A,9317,EccCheck tries to copy packages only from WORKSPACE (Bugzilla Bug 4326),-,medium,low,0.8,The issue does not specify a package and lacks severity indicators compared to other issues.
qwen2.5:14b,A,9316,Update edk2 CI to QEMU v8 (Bugzilla Bug 4324),ovmfpkg,medium,low,0.85,Similar to other OvmfPkg issues that do not explicitly indicate high severity.
qwen2.5:14b,A,10372,NetworkPkg/Library/DxeHttpLib: Coverity scan flags MISSING_BREAK issue (Bugzilla Bug 4323),networkpkg,high,high,0.9,Similar to other Coverity scan issues in MdeModulePkg which are high priority.
qwen2.5:14b,A,9315,NetworkPkg/HttpBootDxe: Coverity scan flags REVERSE_INULL issue (Bugzilla Bug 4322),networkpkg,high,high,0.9,Similar to other high priority issues in NetworkPkg related to Coverity scan findings.
qwen2.5:14b,A,10371,NetworkPkg/DnsDxe: Coverity scan flags FORWARD_NULL issues (Bugzilla Bug 4321),networkpkg,medium,high,0.85,Similar to other Coverity scan issues in NetworkPkg which are typically medium priority.
qwen2.5:14b,A,10370,MdePkg/Library/UefiLib: Coverity scan flags FORWARD_NULL issues (Bugzilla Bug 4320),mdepkg,medium,high,0.8,Similar to other MdePkg issues that are typically medium priority.
qwen2.5:14b,A,10369,MdePkg/Library/BasePrintLib: Coverity scan flags MISSING_BREAK issue (Bugzilla Bug 4319),mdepkg,low,high,0.8,Similar to other Coverity scan issues in MdePkg which are typically low priority.
qwen2.5:14b,A,10368,MdeModulePkg/Universal/Acpi/AcpiTableDxe: Coverity scan flags REVERSE_INULL issue (Bugzilla Bug 4318),mdemodulepkg,high,high,0.9,Similar to other high priority issues in mdemodulepkg related to Coverity scan flags.
qwen2.5:14b,A,10367,MdeModulePkg/Library/SmmLockBoxLib: Coverity scan flags DEADCODE issue (Bugzilla Bug 4317),mdemodulepkg,medium,low,0.85,Similar to other issues in mdemodulepkg with medium priority due to code quality and potential deadcode issues.
qwen2.5:14b,A,10366,MdeModulePkg/Library/UefiBootManagerLib: Coverity scan flags ARRAY_VS_SINGLETON issues (Bugzilla Bug 4316),mdemodulepkg,high,high,0.9,Similar to other Coverity scan flag issues in mdemodulepkg which are high priority.
qwen2.5:14b,A,10365,EfiUnacceptedMemoryType can be allocated by gBS->AllocatePool (Bugzilla Bug 4315),mdemodulepkg,high,low,0.85,The issue involves a critical memory allocation problem that could lead to system instability or security vulnerabilities.
qwen2.5:14b,A,10364,Add LPDDR5X Support in MEMORY_DEVICE_TYPE (Bugzilla Bug 4314),mdepkg,medium,low,0.8,Similar to other memory device type issues in mdepkg which are typically medium priority.
qwen2.5:14b,A,10363,MdeModulePkg/Core/DxeIplPeim: Coverity scan flag UNUSED_VALUE issue (Bugzilla Bug 4313),mdemodulepkg,low,low,0.8,The issue is related to a Coverity scan flag UNUSED_VALUE which typically indicates minor code quality issues rather than critical bugs.
qwen2.5:14b,A,9314,MdeModulePkg/Bus/Scsi/ScsiDiskDxe: Coverity scan flag UNUSED_VALUE issues (Bugzilla Bug 4312),mdemodulepkg,medium,low,0.8,Similar to other Coverity scan issues which are typically medium priority unless they cause crashes or severe performance impacts.
qwen2.5:14b,A,10362,MdeModulePkg/Bus/I2c/I2cDxe: Coverity scan flag UNUSED_VALUE issue (Bugzilla Bug 4311),mdemodulepkg,low,low,0.8,Similar to other MdeModulePkg issues that are flagged for minor code quality or unused value warnings.
qwen2.5:14b,A,10361,FmpDevicePkg/FmpDxe: Coverity scan flags DEADCODE issue (Bugzilla Bug 4310),fmpdevicepkg,medium,low,0.8,Similar to other issues in FmpDevicePkg that are typically classified as medium priority.
qwen2.5:14b,A,10360,MdeModulePkg/Universal/Variable/RuntimeDxe: Coverity scan flag DEADCODE issues (Bugzilla Bug 4309),mdemodulepkg,medium,low,0.8,Similar to other MdeModulePkg issues without a clear indication of critical severity.
qwen2.5:14b,A,10359,CryptoPkg/Library/TlsLib: Coverity scan flags multiple issues (Bugzilla Bug 4308),cryptopkg,high,high,0.85,"The issue involves multiple Coverity scan flags in a critical library (TlsLib), indicating potential severe security vulnerabilities."
qwen2.5:14b,A,10358,CryptoPkg/Library/BaseCryptLib: Coverity scan flags multiple issues (Bugzilla Bug 4307),cryptopkg,medium,high,0.8,Similar to other issues in CryptoPkg that are typically medium priority.
qwen2.5:14b,A,9313,Add ACPI 6.5 header (Bugzilla Bug 4306),mdepkg,low,low,0.8,The issue involves adding a new header which is likely to be a feature addition rather than a critical bug or performance enhancement.
qwen2.5:14b,A,9312,Authenticated SetVariable with ContentInfo not supported (Bugzilla Bug 4305),securitypkg,high,low,0.85,"The issue involves a critical security feature (Authenticated SetVariable) not being supported, which could lead to significant vulnerabilities."
qwen2.5:14b,A,10357,BdsDxe BootBootOptions should continue to boot next boot option when exit last boot option (Bugzilla Bug 4302),mdemodulepkg,medium,low,0.8,Similar to other firmware issues in MdeModulePkg with medium priority.
qwen2.5:14b,A,10355,MdeModulePkg/Core/Pei: Coverity scan flags multiple issues (Bugzilla Bug 4300),mdemodulepkg,high,high,0.85,Similar to other high priority issues in mdemodulepkg related to Coverity scan flags.
qwen2.5:14b,A,10354,MdeModulePkg/Core/PiSmmCore: Coverity scan flags multiple issues (Bugzilla Bug 4299),mdemodulepkg,medium,high,0.8,Similar to other issues in MdeModulePkg that have been classified as medium priority.
qwen2.5:14b,A,10353,MdeModulePkg/Library/FrameBufferBltLib: Coverity scan flags OVERFLOW_BEFORE_WIDEN issue (Bugzilla Bug 4298),mdemodulepkg,medium,high,0.85,Similar to other Coverity scan issues in mdemodulepkg which are typically medium priority.
qwen2.5:14b,A,10352,MdeModulePkg/Universal/CapsuleRuntimeDxe: Coverity scan flags DEADCODE issue (Bugzilla Bug 4297),mdemodulepkg,high,low,0.9,Similar to other Coverity scan issues in mdemodulepkg which are high priority.
qwen2.5:14b,A,10351,MdeModulePkg/Universal/Console/ConSplitterDxe: Coverity scan flags issues (Bugzilla Bug 4296),mdemodulepkg,high,low,0.9,Similar to other Coverity scan flag issues in mdemodulepkg which are high priority.
qwen2.5:14b,A,10350,MdeModulePkg/Universal/Acpi/S3SaveStateDxe: Coverity scan flags OVERFLOW_BEFORE_WIDEN issue (Bugzilla Bug 4295),mdemodulepkg,high,high,0.85,Similar to other high priority issues in MdeModulePkg related to build and runtime errors.
qwen2.5:14b,A,10349,MdeModulePkg/Universal/Disk/PartitionDxe: Coverity scan flags OVERFLOW_BEFORE_WIDEN issue (Bugzilla Bug 4294),mdemodulepkg,medium,high,0.85,Similar to other issues in mdemodulepkg with medium priority.
qwen2.5:14b,A,10348,MdeModulePkg/Universal/FaultTolerantWriteDxe: Coverity scan flags multiple issues (Bugzilla Bug 4293),mdemodulepkg,high,high,0.9,Similar to other high priority issues flagged by Coverity scan in different modules.
qwen2.5:14b,A,10347,MdeModulePkg/Universal/DisplayEngineDxe: Coverity scan flags multiple issues (Bugzilla Bug 4292),mdemodulepkg,high,high,0.85,The issue involves multiple Coverity scan flags in DisplayEngineDxe which is a critical module and similar issues in this package are usually high priority.
qwen2.5:14b,A,10346,MdeModulePkg/Universal/Console/GraphicsConsoleDxe: Coverity scan flags multiple issues (Bugzilla Bug 4291),mdemodulepkg,medium,high,0.85,Similar to other MdeModulePkg issues that are classified as medium priority.
qwen2.5:14b,A,9309,OvmfTpmSecurityStub.dsc.inc is wrongly controlled by SECURE_BOOT_ENABLE (Bugzilla Bug 4290),ovmfpkg,medium,low,0.8,Similar to other issues in ovmfpkg with medium priority.
qwen2.5:14b,A,9308,please clean up / actualize comments after commit 2a0bd3bffc80 (Bugzilla Bug 4289),ovmfpkg,low,low,0.85,The issue is about cleaning up comments which typically does not impact functionality or stability.
qwen2.5:14b,A,10345,MdeModulePkg/Universal/HiiDatabaseDxe: Coverity scan flags multiple issues (Bugzilla Bug 4288),mdemodulepkg,medium,high,0.8,Similar to other issues in mdemodulepkg with medium priority.
qwen2.5:14b,A,10344,NetworkPkg/TlsAuthConfigDxe: Coverity scan flags multiple issues (Bugzilla Bug 4287),networkpkg,high,high,0.9,Similar to other Coverity scan issues in different packages which are labeled as high priority.
qwen2.5:14b,A,9307,MdeModulePkg/Universal/SetupBrowserDxe: Coverity scan flags multiple issues (Bugzilla Bug 4286),mdemodulepkg,medium,low,0.8,Similar to other MdeModulePkg issues that are typically medium priority.
qwen2.5:14b,A,9306,NetworkPkg/Dhcp4Dxe: Coverity scan flags FORWARD_NULL issue (Bugzilla Bug 4285),networkpkg,high,high,0.85,"The issue involves a Coverity scan flag indicating a potential null pointer dereference, which is typically high severity."
qwen2.5:14b,A,9305,SecurityPkg/VariableAuthenticated/SecureBootConfigDxe: Coverity scan flags DEADCODE issue (Bugzilla Bug 4284),securitypkg,high,low,0.9,Similar to other high priority issues related to Coverity scan flags in SecurityPkg.
qwen2.5:14b,A,10343,SecurityPkg/Tcg/Tcg2Pei: Coverity scan flags UNUSED_VALUE issue (Bugzilla Bug 4283),securitypkg,high,low,0.9,Similar to other high priority issues related to Coverity scan flags in SecurityPkg.
qwen2.5:14b,A,10342,SecurityPkg/Tcg/Tcg2Config: Coverity scan flags UNUSED_VALUE issue (Bugzilla Bug 4281),securitypkg,high,low,0.9,Similar to other high priority issues in securitypkg related to Coverity scan flags.
qwen2.5:14b,A,10341,SecurityPkg/Tcg/Opal/OpalPassword: Coverity scan flags DEADCODE issues (Bugzilla Bug 4280),securitypkg,high,low,0.9,Similar to other high priority issues related to Coverity scan flags in different packages.
qwen2.5:14b,A,10340,SecurityPkg/Library/Tpm2CommandLib: Coverity scan flags multiple issues (Bugzilla Bug 4279),securitypkg,medium,high,0.8,Similar to other issues in SecurityPkg that have been classified as medium priority.
qwen2.5:14b,A,10339,SecurityPkg/Library/SecureBootVariableProvisionLib: Coverity scan flags DEADCODE issue (Bugzilla Bug 4278),securitypkg,medium,low,0.8,Similar to other Coverity scan issues in SecurityPkg which are typically medium priority.
qwen2.5:14b,A,9303,SecurityPkg/Library/HashLibBaseCryptoRouter: Coverity scan flags CHECKED_RETURN issue (Bugzilla Bug 4277),securitypkg,high,high,0.9,Similar to other high priority issues flagged by Coverity scan in different packages.
qwen2.5:14b,A,10338,SecurityPkg/Library/DxeTcg2PhysicalPresenceLib: Coverity scan flags multiple issues (Bugzilla Bug 4276),securitypkg,high,low,0.85,The issue involves multiple security-related problems flagged by Coverity scan in a critical library.
qwen2.5:14b,A,10337,NetworkPkg/WifiConnectionManagerDxe: Coverity scan flags issues (Bugzilla Bug 4275),networkpkg,medium,low,0.85,Similar to other Coverity scan issues in NetworkPkg which are typically medium priority.
qwen2.5:14b,A,10336,NetworkPkg/Library/DxeIpIoLib: Coverity scan flags DEADCODE issue (Bugzilla Bug 4274),networkpkg,low,low,0.85,Similar to other DEADCODE issues in networkpkg which are typically low priority.
qwen2.5:14b,A,10335,NetworkPkg/Ip6Dxe: Coverity scan flags multiple issues (Bugzilla Bug 4273),networkpkg,medium,low,0.8,Similar to other NetworkPkg issues which are typically medium priority.
qwen2.5:14b,A,10334,NetworkPkg/UefiPxeBcDxe: Coverity scan flags OVERFLOW_BEFORE_WIDEN issue (Bugzilla Bug 4272),networkpkg,medium,high,0.85,Similar to other NetworkPkg issues with medium priority.
qwen2.5:14b,A,10333,NetworkPkg/SnpDxe: Coverity scan flags DEADCODE issue (Bugzilla Bug 4271),networkpkg,high,low,0.9,Similar to NetworkPkg/HttpDxe: Coverity scan flags multiple issues which is high priority.
qwen2.5:14b,A,10332,NetworkPkg/Library/DxeNetLib: Coverity scan flags UNUSED_VALUE issue (Bugzilla Bug 4270),networkpkg,medium,low,0.85,Similar to other NetworkPkg issues that are typically medium priority.
qwen2.5:14b,A,10331,NetworkPkg/Ip4Dxe: Coverity scan flags multiple issues (Bugzilla Bug 4269),networkpkg,high,high,0.9,Similar to other high priority issues in NetworkPkg related to Coverity scan flags.
qwen2.5:14b,A,10330,OVMF CC need use SpeculationBarrier for VMM input ACPI table in QemuFwCfg (Bugzilla Bug 4268),ovmfpkg,high,low,0.85,Similar to other high priority issues in ovmfpkg related to QEMU and speculative execution.
qwen2.5:14b,A,10329,UefiCpuPkg/PiSmmCpuDxeSmm: Coverity scan flags multiple issues (Bugzilla Bug 4267),ueficpupkg,medium,high,0.8,Similar to other issues in UefiCpuPkg that have been classified as medium priority due to code quality and security concerns but not critical system failures.
qwen2.5:14b,A,10328,SecurityPkg/VariableAuthenticated/SecureBootConfigDxe: Coverity scan flags multiple issues (Bugzilla Bug 4266),securitypkg,high,low,0.9,Similar to NetworkPkg/TlsAuthConfigDxe: Coverity scan flags multiple issues which is also high priority.
qwen2.5:14b,A,10327,NetworkPkg/Library/DxeHttpIoLib: Coverity scan flags NULL_RETURNS issue (Bugzilla Bug 4265),networkpkg,high,high,0.9,Similar to other high priority issues related to Coverity scan flags in different packages.
qwen2.5:14b,A,9302,[UEFIPayLoad] DebugPrintErrorLevelLibHob with deadcode caused unexpected log print level. (Bugzilla Bug 4264),uefipayloadpkg,medium,low,0.8,Similar to other issues in uefipayloadpkg without a clear indication of severity beyond typical bug reporting.
qwen2.5:14b,A,10326,Update Architecture MSR to follow latest SDM (Bugzilla Bug 4263),mdepkg,medium,low,0.8,Similar to other MdeModulePkg issues with no clear indication of severity beyond standard development tasks.
qwen2.5:14b,A,10325,Update CPUID Leaf 06H to follow latest SDM (Bugzilla Bug 4262),mdepkg,medium,low,0.8,Similar to other CPUID related issues in mdepkg which are typically medium priority.
qwen2.5:14b,A,10324,UefiCpuPkg/Library/MpInitLib: Coverity scan flags issues (Bugzilla Bug 4261),ueficpupkg,high,high,0.9,Similar to other high priority issues in UefiCpuPkg related to Coverity scan flags.
qwen2.5:14b,A,9301,UefiCpuPkg/Universal/Acpi/S3Resume2Pei: Coverity scan flags FORWARD_NULL issue (Bugzilla Bug 4260),ueficpupkg,medium,high,0.85,Similar to other Coverity scan issues in different packages which are typically medium priority.
qwen2.5:14b,A,10323,UefiCpuPkg/Library/RegisterCpuFeaturesLib: Coverity scan flags FORWARD_NULL issue (Bugzilla Bug 4259),ueficpupkg,medium,high,0.85,Similar to other Coverity scan issues in the same package.
qwen2.5:14b,A,10322,UefiCpuPkg/Library/MtrrLib: Coverity scan flags multiple issues (Bugzilla Bug 4258),ueficpupkg,high,high,0.9,Similar to other high priority issues in UefiCpuPkg related to Coverity scan flags.
qwen2.5:14b,A,10321,NetworkPkg/Dhcp4Dxe: Coverity scan flags multiple issues (Bugzilla Bug 4257),networkpkg,high,high,0.9,Similar to Bugzilla Bug 4287 in NetworkPkg with multiple Coverity scan issues flagged.
qwen2.5:14b,A,9300,MdeModulePkg/Universal/SetupBrowserDxe - Part 2: Coverity scan flags issues (Bugzilla Bug 4255),mdemodulepkg,medium,high,0.85,Similar to other MdeModulePkg issues without a clear indication of high severity.
qwen2.5:14b,A,10320,MdeModulePkg/Universal/SetupBrowserDxe: Coverity scan flags multiple issues (Bugzilla Bug 4254),mdemodulepkg,high,high,0.85,Similar to other high priority issues related to Coverity scan flags in critical packages like NetworkPkg.
qwen2.5:14b,A,10319,NetworkPkg/HttpDxe: Coverity scan flags multiple issues (Bugzilla Bug 4252),networkpkg,medium,high,0.85,Similar to other NetworkPkg issues with medium priority.
qwen2.5:14b,A,9299,"OVMF IA32X64 boot failure on TCG, due to MMIO address space conflict (Bugzilla Bug 4251)",ovmfpkg,high,low,0.85,The issue involves a boot failure which is critical and similar to other high priority issues related to OVMF package.
qwen2.5:14b,A,10318,FatPkg/EnhancedFatDxe: Coverity scan flags multiple issues (Bugzilla Bug 4249),fatpkg,high,low,0.9,Similar to other Coverity scan issues in different packages which are labeled as high priority.
qwen2.5:14b,A,9297,FatPkg/EnhancedFatDxe: Coverity scan flags multiple issues (Bugzilla Bug 4248),fatpkg,high,low,0.9,Similar to other high priority issues related to Coverity scan flags in different packages.
qwen2.5:14b,A,10317,SMM code hangs when InitPaging (Bugzilla Bug 4246),ueficpupkg,high,low,0.85,"The issue involves SMM code hanging during a critical operation (InitPaging), similar to other high-priority issues affecting core functionality."
qwen2.5:14b,A,9296,TDVF need measurement VMM input ACPI table before register (Bugzilla Bug 4245),ovmfpkg,high,low,0.85,Similar to other high priority issues in ovmfpkg related to measurement and registration timing.
qwen2.5:14b,A,9295,TDVF need integrate feature in config-B to config-A (Bugzilla Bug 4243),ovmfpkg,medium,low,0.8,Similar to other issues in ovmfpkg without a clear indication of high severity.
qwen2.5:14b,A,9294,Remove platform specific logic via protocol for bds (Bugzilla Bug 4241),uefipayloadpkg,low,low,0.8,No specific severity indicators and similar issues are generally low priority.
qwen2.5:14b,A,10316,MdeModulePkg/Bus/Pci/PciBusDxe: Coverity scan flags multiple issues (Bugzilla Bug 4239),mdemodulepkg,high,medium,0.9,Similar to other high priority issues related to Coverity scan flags in UefiCpuPkg.
qwen2.5:14b,A,9293,OvmfPkg commit 9fdc70af6ba8 breaks log analysis and code cohesion (Bugzilla Bug 4237),ovmfpkg,high,low,0.85,"The issue affects log analysis and code cohesion, similar to other high priority issues in OvmfPkg that impact build processes or introduce significant bugs."
qwen2.5:14b,A,9292,please raise DXEFV to 13MB for NOOPT IA32X64 OVMF's sake (Bugzilla Bug 4236),ovmfpkg,high,low,0.85,"The issue involves a significant change to DXEFV size for NOOPT IA32X64 OVMF, which could impact performance and stability."
qwen2.5:14b,A,9291,"UefiCpuPkg, OvmfPkg: incomplete API removal: SmmCpuFeaturesAllocatePageTableMemory (Bugzilla Bug 4235)",ovmfpkg,high,low,0.85,"The issue involves API removal in critical packages (UefiCpuPkg and OvmfPkg), which could lead to runtime issues if not handled properly."
qwen2.5:14b,A,9290,UefiCpuPkg reaches a new low by BLATANTLY ignoring 32-bit Intel processors in commit 73ccde8f6d04 (Bugzilla Bug 4234),ueficpupkg,high,low,0.9,"The issue involves a significant oversight in commit that affects processor compatibility, similar to other high priority issues in UefiCpuPkg."
qwen2.5:14b,A,9289,Reduce the size of LoongArch64 cross compiler (Bugzilla Bug 4233),basetools,low,low,0.8,The issue is about reducing compiler size which does not impact functionality or performance critically.
qwen2.5:14b,A,9286,MdeModulePkg/Bus/Pci/NvmExpressPei: Coverity scan flags DEADCODE issue (Bugzilla Bug 4220),mdemodulepkg,low,medium,0.85,Similar to other DEADCODE issues which are typically low priority.
qwen2.5:14b,A,9285,NetworkPkg/HttpDxe: Coverity scan flags NULL_RETURNS issues (Bugzilla Bug 4218),networkpkg,medium,medium,0.8,Similar to other issues in NetworkPkg without a clear indication of high severity.
qwen2.5:14b,A,9284,NetworkPkg: Coverity flagged issues in edk2-stable202208 (Bugzilla Bug 4217),networkpkg,medium,medium,0.8,Similar to other networkpkg issues but lacks severity indicators like ASSERT or critical compilation errors.
qwen2.5:14b,A,9283,Not an issue (Bugzilla Bug 4216),mdemodulepkg,low,medium,0.9,The title indicates it is not an actual issue.
qwen2.5:14b,A,9282,IPMI Redfish host interface (Bugzilla Bug 4213),mdepkg,medium,high,0.8,Similar to other MdePkg issues without a clear indication of severity beyond standard development concerns.
qwen2.5:14b,A,10315,MdeModulePkg/Bus/Pci/PciHostBridgeDxe: Coverity scan flags multiple issues (Bugzilla Bug 4212),mdemodulepkg,high,medium,0.85,"The issue involves multiple Coverity scan flags in a critical module, indicating potential severe issues."
qwen2.5:14b,A,9281,MdeModulePkg/Bus/Pci/UhciDxe: Coverity scan flags multiple issues (Bugzilla Bug 4211),mdemodulepkg,high,high,0.85,Previous issues in MdeModulePkg often have high priority due to their critical nature.
qwen2.5:14b,A,9280,MdeModulePkg/Bus/Ata/AtaBusDxe: Coverity scan flags SIGN_EXTENSION issue (Bugzilla Bug 4209),mdemodulepkg,medium,medium,0.8,Similar to other MdeModulePkg issues that are typically medium priority.
qwen2.5:14b,A,10314,iSCSI Remote Memory Corruption and Denial of Service (Bugzilla Bug 4207),networkpkg,high,low,0.85,"The issue involves remote memory corruption and denial of service, which are severe security vulnerabilities."
qwen2.5:14b,A,9279,MdeModulePkg/Bus/Ata/AtaAtapiPassThru: Coverity scan flags multiple issues (Bugzilla Bug 4204),mdemodulepkg,medium,medium,0.8,Similar to other MdeModulePkg issues that are typically medium priority.
qwen2.5:14b,A,10313,Integer overflow leading to heap buffer overwrite in FwVolBlock/FwVolBlock.c (Bugzilla Bug 4203),mdemodulepkg,high,high,0.9,"The issue involves an integer overflow leading to a heap buffer overwrite, which is a critical security vulnerability similar to other high priority issues in mdemodulepkg."
qwen2.5:14b,A,10312,The strings of the Smbiostype0 BIOS Characteristics field in shell module are inconsistent with the spec (Bugzilla Bug 4202),shellpkg,medium,low,0.85,Similar to other issues in shellpkg with medium priority.
qwen2.5:14b,A,9278,MdeModulePkg/Bus/Ata/AhciPei: Coverity scan flags DEADCODE issue (Bugzilla Bug 4201),mdemodulepkg,medium,low,0.85,Similar to other MdeModulePkg issues that are typically medium priority.
qwen2.5:14b,A,9277,IntelFsp2Pkg: Coverity scan flags OVERRUN issue (Bugzilla Bug 4200),intelfsp2pkg,high,low,0.9,Similar to other high priority issues related to Coverity scan flags and potential memory safety issues.
qwen2.5:14b,A,9276,FatPkg/EnhancedFatDxe: Coverity scan flags multiple issues (Bugzilla Bug 4199),fatpkg,high,medium,0.85,Similar to other high priority issues in fatpkg related to driver functionality and stability.
qwen2.5:14b,A,10311,CryptoPkg: Make Protocol Service API backward compatible (Bugzilla Bug 4197),cryptopkg,medium,low,0.8,"No specific severity indicators, similar to other package issues without high priority flags."
qwen2.5:14b,A,9275,Move bdsdxe.inf from DXEFV to BDSFV in UefiPayloadPkg (Bugzilla Bug 4196),uefipayloadpkg,low,low,0.8,No specific severity indicators and similar issues in same package are low priority.
qwen2.5:14b,A,9274,UefiCpuPkg: Supporting S3 in 64bit PEI (Bugzilla Bug 4195),ueficpupkg,high,low,0.85,The issue involves supporting S3 in 64bit PEI which is a critical feature for system power management and reliability.
qwen2.5:14b,A,9273,TdTcg2Dxe lives in the Ovmfpkg instead of the SecurityPkg. (Bugzilla Bug 4194),ovmfpkg,low,low,0.8,The issue is about code placement rather than a functional bug or performance issue.
qwen2.5:14b,A,9272,Remove RTC_INDEX/RTC_TARGET from UplBuild macro list (Bugzilla Bug 4193),uefipayloadpkg,low,low,0.8,The issue is about removing macros which seems to be a minor code cleanup task without significant impact on functionality or security.
qwen2.5:14b,A,10310,Replace Variable Lock Protocol with Variable Policy in edk2 (Bugzilla Bug 4190),-,medium,low,0.8,"No specific severity indicators, similar to other medium priority issues without high or low severity markers."
qwen2.5:14b,A,9271,BinToPcd.py - xdrlib is deprecated in Python 3.11; removal in Python 3.13 (Bugzilla Bug 4188),basetools,high,low,0.9,"The issue involves a deprecated library in Python that will be removed in future versions, potentially breaking functionality."
qwen2.5:14b,A,9270,Enable TDVF for Cloud Hypervisor to launch an Intel TDX guest (Bugzilla Bug 4187),ovmfpkg,high,low,0.85,"The issue involves enabling a critical feature (TDVF) for Cloud Hypervisor and launching an Intel TDX guest, which is likely to have significant impact on system stability and security."
qwen2.5:14b,A,10308,Address/size of SEV launch secret area is overwritten by guest OS (Bugzilla Bug 4186),ovmfpkg,high,low,0.9,"The issue involves a security risk where guest OS overwrites sensitive data, similar to other high priority issues involving data integrity and security."
qwen2.5:14b,A,10307,TDVF MP wake up code has hidden assumption. (Bugzilla Bug 4185),ovmfpkg,medium,low,0.8,Similar to other issues in ovmfpkg without a clearly higher or lower severity indication.
qwen2.5:14b,A,9269,Incorrect protocol and structure version in the TDX CC measurement driver (Bugzilla Bug 4184),ovmfpkg,medium,low,0.8,Similar to other OvmfPkg issues with protocol and structure concerns.
qwen2.5:14b,A,9268,Modify APIs in UnitTestPersistenceLib to make it easy to become a public library. (Bugzilla Bug 4183),unittestframeworkpkg,medium,low,0.8,The issue involves modifying APIs to improve library usability but does not indicate critical system failure or severe build errors.
qwen2.5:14b,A,10306,Customize lazy-accepted memory size in build time for OVMF (Bugzilla Bug 4181),ovmfpkg,medium,low,0.8,Similar to other build configuration issues in ovmfpkg.
qwen2.5:14b,A,9266,Incorrect implementation in the TDX RTMR implementation (Bugzilla Bug 4180),ovmfpkg,high,low,0.85,The bug is related to a security-sensitive area (TDX RTMR implementation) and has potential severe implications if incorrectly implemented.
qwen2.5:14b,A,9265,Incorrect implementation in the TDX RTMR implementation (Bugzilla Bug 4179),ovmfpkg,high,low,0.85,"The issue involves incorrect implementation in a security-related package (TDX RTMR), similar to other high-priority issues involving cryptographic and security vulnerabilities."
qwen2.5:14b,A,9264,UnitTestFrameworklPkg DEC - Make GoogleTestLib and UnitTestPersistenceLib public (Bugzilla Bug 4178),unittestframeworkpkg,medium,low,0.85,Similar to other issues in unittestframeworkpkg that do not have critical security or stability implications.
qwen2.5:14b,A,10305,DxeIpl: Code logic in SetPageTablePoolReadOnly() doesn't handle the Level5Paging case. (Bugzilla Bug 4176),mdemodulepkg,medium,low,0.85,Similar to other tool-related issues in mdemodulepkg with medium priority.
qwen2.5:14b,A,10304,"After migrating to Permanent Memory, the non-core pointers in the PeiServices Table are not updated (Bugzilla Bug 4175)",mdemodulepkg,high,low,0.85,"The issue involves a critical problem with memory pointers not being updated after migration, similar to other high-priority issues related to core functionality and stability."
qwen2.5:14b,A,10303,Provide feedback on antlr4-python3-runtime 4.7.1 to 4.11.1 pip module update (Bugzilla Bug 4174),basetools,low,medium,0.85,"The issue is about updating a pip module and providing feedback, which does not impact build or functionality directly."
qwen2.5:14b,A,10302,PiSmmCpuDxeSmm: Check SMM Delayed/Blocked AP Count to decide all CPUs in SMI or not (Bugzilla Bug 4173),ueficpupkg,high,low,0.85,"The issue involves checking SMM Delayed/Blocked AP Count which is critical for CPU state management in SMI, similar to other high priority issues related to CPU and SMM handling."
qwen2.5:14b,A,9261,Pre-alloc shared memory in IOMMU for Td guest's DMA operation (Bugzilla Bug 4171),ovmfpkg,medium,low,0.8,Similar to other issues in ovmfpkg with medium priority.
qwen2.5:14b,A,9260,Fix Instruction Pointer Incrementation by TD #VE MMIO Handler (Bugzilla Bug 4170),ovmfpkg,high,low,0.85,Similar to other high priority issues in ovmfpkg related to firmware bugs.
qwen2.5:14b,A,9259,Fix Instruction Pointer Incrementation by TD #VE MMIO Handler (Bugzilla Bug 4169),ovmfpkg,high,low,0.85,The issue involves fixing a critical handler in OVMF which impacts memory management and security.
qwen2.5:14b,A,10301,use 5L paging when PA > 48 and CPU supports (Bugzilla Bug 4168),ueficpupkg,high,low,0.85,Similar to other CPU feature and paging related issues in ueficpupkg with high priority.
qwen2.5:14b,A,10300,Time calculation overflow occurs when a certificate is imported (Bugzilla Bug 4167),cryptopkg,high,low,0.85,The issue involves a time calculation overflow which can lead to security vulnerabilities similar to high priority bugs in other packages.
qwen2.5:14b,A,10299,Integer Overflow in CreateHob() could lead to HOB OOB R/W (Bugzilla Bug 4166),uefipayloadpkg,high,high,0.9,"The issue involves potential security vulnerabilities due to integer overflow and HOB OOB R/W, similar to other high priority issues in BaseTools."
qwen2.5:14b,A,9258,Support multiple firmware volume from elf file (Bugzilla Bug 4164),uefipayloadpkg,medium,low,0.8,Similar to other BaseTools and firmware handling issues classified as medium.
qwen2.5:14b,A,9257,MdePkg/BaseRngLib does not properly check for RDRAND support (Bugzilla Bug 4163),mdepkg,medium,low,0.8,Similar to other MdePkg issues that are typically medium priority.
qwen2.5:14b,A,9256,Deferring EOI until after RestoreTPL() causes system time to stop (Bugzilla Bug 4162),ovmfpkg,high,high,0.85,"The issue involves system time stopping, which is a critical failure impacting core functionality."
qwen2.5:14b,A,10298,FFS checksum mismatch when PcdMigrateTemporaryRamFirmwareVolumes is enabled (Bugzilla Bug 4158),mdemodulepkg,high,high,0.9,The issue involves a critical FFS checksum mismatch which can lead to firmware integrity issues when a specific PCD is enabled.
qwen2.5:14b,A,9255,Disable PciDegrade support for LoongArch64 (Bugzilla Bug 4157),mdemodulepkg,medium,low,0.8,Similar to other mdemodulepkg issues with medium priority.
qwen2.5:14b,A,9254,"Refer to SMBIOS v3.6, update ProcessorUpgradeTable in Edk2\ShellPkg\Library\UefiShellDebug1CommandsLib\SmbiosView\QueryTable.c (Bugzilla Bug 4156)",shellpkg,medium,low,0.8,The issue involves updating SMBIOS data which is a maintenance task rather than a critical bug or security flaw.
qwen2.5:14b,A,9253,UefiPayloadPkg: The Universal Payload Information section is not aligned at 4-byte boundary (Bugzilla Bug 4153),uefipayloadpkg,medium,low,0.8,Similar to other alignment issues but without explicit severity indicators.
qwen2.5:14b,A,9252,Enable Separate-Fv in OvmfPkg/IntelTdx (Bugzilla Bug 4152),ovmfpkg,medium,low,0.8,Similar to other OvmfPkg issues without high severity indicators.
qwen2.5:14b,A,9251,Faulty Rng algo selection for Arm (Bugzilla Bug 4151),securitypkg,medium,low,0.8,Similar to other security-related issues in the same package with medium priority.
qwen2.5:14b,A,9250,ASSERT in ArmTrngLib prevents normal boot (Bugzilla Bug 4150),armpkg,high,low,0.85,ASSERT issues typically indicate critical failures during boot or runtime.
qwen2.5:14b,A,10297,Multiple Coverity issues were found from EDK2 ShellPkg. (Bugzilla Bug 4148),shellpkg,high,low,0.9,The issue involves multiple Coverity findings which typically indicate serious code quality and security concerns.
qwen2.5:14b,A,9248,Multiple Coverity issues were found from EDK2 ShellPkg. (Bugzilla Bug 4147),shellpkg,high,low,0.9,The issue involves multiple Coverity issues in ShellPkg which is similar to other high priority issues found in ShellPkg.
qwen2.5:14b,A,9247,Pytools generates exception if nested packages are detected (Bugzilla Bug 4146),-,medium,low,0.8,The issue involves a tool generating exceptions but does not indicate critical system failure or security vulnerabilities.
qwen2.5:14b,A,10296,Update BaseTools C tools Generation without debug symbol (Bugzilla Bug 4145),basetools,medium,low,0.8,"The issue involves updating BaseTools without debug symbols, similar to other BaseTools issues but lacks severity indicators like crashes or security vulnerabilities."
qwen2.5:14b,A,9245,InternalSyncCompareExchange64 is not implemented in RISC-V platform. (Bugzilla Bug 4143),mdepkg,medium,low,0.85,Similar to other implementation issues in different platforms.
qwen2.5:14b,A,9244,Modify _CID of PRMT Device (_HID=80860223) so it will not generate unknown device when default drivers loaded (Bugzilla Bug 4142),prmpkg,medium,low,0.85,"The issue involves modifying a device's _CID to prevent unknown device generation, which is likely to impact driver compatibility but does not indicate critical system instability or security vulnerabilities."
qwen2.5:14b,A,9243,PrmPkg: WHQL Signed Driver test failure for PRM Test Device (Bugzilla Bug 4141),prmpkg,medium,low,0.8,Similar to other WHQL test failure issues which are typically medium priority.
qwen2.5:14b,A,10295,Add Option to reserve 4K region at 4GB in Reset Vector Bin (Bugzilla Bug 4140),ueficpupkg,low,low,0.8,The issue is about adding an option to reserve a region in Reset Vector Bin and does not indicate critical failure or severe impact.
qwen2.5:14b,A,9242,Building PcdValueInit.exe app with VS generates vcxxx.pdb in root of project (Bugzilla Bug 4139),basetools,low,low,0.8,The issue is about a minor build artifact generated by VS and does not impact functionality or performance.
qwen2.5:14b,A,9240,Regression in 202202: Virtual machines with VFIO devices hang early during startup (Bugzilla Bug 4137),ovmfpkg,high,medium,0.85,"The issue involves virtual machines hanging during startup with VFIO devices, which is a critical system failure impacting usability and reliability."
qwen2.5:14b,A,9239,UefiPayloadPkg : Boot mode in PHIT HOB will not be updated (Bugzilla Bug 4136),uefipayloadpkg,medium,low,0.8,"No specific severity indicators, similar to other medium priority issues in different packages."
qwen2.5:14b,A,9238,Improved Smbios Type 9 data under smbiosview command (Bugzilla Bug 4135),shellpkg,medium,low,0.8,"The issue involves improving Smbios Type 9 data under smbiosview command, which is a feature enhancement rather than a critical bug or security flaw."
qwen2.5:14b,A,10294,TDVF: Need check TDCS.NOTIFY_ENABLES disable (Bugzilla Bug 4133),ovmfpkg,low,low,0.8,No specific severity indicators and similar issues in the same package are low priority.
qwen2.5:14b,A,10293,QEMU/KVM: INIT-SIPI-SIPI while CPU is in SMM fails smp boot (Bugzilla Bug 4132),ovmfpkg,high,low,0.85,Similar to other high priority issues in OvmfPkg related to boot failures and SMM interactions.
qwen2.5:14b,A,10292,TDVF: Need set ATTR_SEPT_VE_DISABLE in TD configuration (Bugzilla Bug 4131),ovmfpkg,low,low,0.8,No specific severity indicators and similar issues in the same package are generally low priority.
qwen2.5:14b,A,9236,Simplify CryptoPkg host-based unit tests by using FILE_GUID in DSC file to test multiple OpensslLib instances (Bugzilla Bug 4130),cryptopkg,low,low,0.8,The issue is about simplifying unit tests and does not indicate critical security or functionality issues.
qwen2.5:14b,A,9235,FILE_GUID overrides in DSC file do not work for UnitTestFrameworkPkg based host unit tests (Bugzilla Bug 4129),unittestframeworkpkg,medium,low,0.8,Similar to other issues in unittestframeworkpkg that do not explicitly state high severity.
qwen2.5:14b,A,9234,Make FspHelper.nasm to be shareable with other drivers (Bugzilla Bug 4128),intelfsp2pkg,medium,low,0.8,Similar to other issues in intelfsp2pkg without a clear indication of severity beyond typical development concerns.
qwen2.5:14b,A,10291,Basetools: The include file order in the created Makefile does not follow the order of Includes section in dec file (Bugzilla Bug 4127),basetools,low,low,0.85,Similar to other basetools issues that are categorized as low priority due to being related to build process and not critical runtime failures.
qwen2.5:14b,A,9233,IntelFsp2Pkg: Update function header to support IA32/X64. (Bugzilla Bug 4126),intelfsp2pkg,medium,low,0.85,No specific severity indicators; similar to other package updates without critical impact.
qwen2.5:14b,A,9232,TDVF: Need add GPA check for #VE handle (Bugzilla Bug 4125),ovmfpkg,medium,low,0.8,Similar to other OvmfPkg issues without a clear indication of severity beyond typical bug reporting.
qwen2.5:14b,A,9231,Rename VmgExitLib to CcExitLib (Bugzilla Bug 4123),ovmfpkg,low,low,0.8,The bug involves a library rename which is likely to be a maintenance task rather than a critical or security-related issue.
qwen2.5:14b,A,10289,ArmPkg should be deleted (Bugzilla Bug 4121),armpkg,low,low,0.8,The issue is about deleting a package which does not indicate critical functionality or security impact.
qwen2.5:14b,A,9230,IntelFsp2WrapperPkg: Check header version before accessing MultiPhase fields. (Bugzilla Bug 4119),intelfsp2wrapperpkg,low,low,0.8,No specific severity indicators and similar issues in the same package are low priority.
qwen2.5:14b,A,9229,Heap Buffer Overflow in Tcg2MeasurePeImage() (Bugzilla Bug 4118),securitypkg,high,high,0.9,Heap buffer overflow vulnerabilities typically lead to high severity due to potential for arbitrary code execution.
qwen2.5:14b,A,9228,Heap Buffer Overflow in Tcg2MeasureGptTable() (Bugzilla Bug 4117),securitypkg,high,high,0.9,Heap buffer overflow indicates a critical security vulnerability.
qwen2.5:14b,A,9227,The Edk2\BaseTools\Tests\GNUmakefile file cannot handle the case which PYTHON_COMMAND is not defined (Bugzilla Bug 4116),basetools,low,low,0.85,Similar to other BaseTools issues that do not impact core functionality or security.
qwen2.5:14b,A,9226,Enable initial CodeQL support (Bugzilla Bug 4115),-,medium,low,0.8,No specific severity indicators; similar to other issues without explicit high priority reasons.
qwen2.5:14b,A,9225,(edk2-stable202211) IntelFsp2Pkg: Support Input UPD parameter as NULL cases. (Bugzilla Bug 4114),intelfsp2pkg,low,low,0.8,No specific severity indicators; similar to other low priority issues in same package.
qwen2.5:14b,A,10288,"Uninitialized local variable ""VariableSize"" (Bugzilla Bug 4113)",mdemodulepkg,medium,low,0.8,Similar to other issues in mdemodulepkg with medium priority.
qwen2.5:14b,A,10287,Memory Corruption Error in CapsuleRuntimeDxe (Bugzilla Bug 4112),mdemodulepkg,high,high,0.85,Memory corruption errors typically indicate severe issues that can lead to system instability or security vulnerabilities.
qwen2.5:14b,A,9224,Coding style check error in Intel side (Bugzilla Bug 4111),basetools,low,low,0.8,Similar to other coding style issues in BaseTools package which are typically low priority.
qwen2.5:14b,A,9223,CryptoPkg: Should implement BIO_snprintf for X509 time check (Bugzilla Bug 4110),cryptopkg,medium,medium,0.8,Similar to other CryptoPkg issues without a clear indication of severity beyond typical implementation tasks.
qwen2.5:14b,A,10284,OpensslLib with EC services enabled fails to build for RISCV64 due to missing intrinsic (Bugzilla Bug 4103),cryptopkg,high,low,0.85,Similar to other high priority issues in CryptoPkg related to build failures and missing intrinsics.
qwen2.5:14b,A,9222,CryptoPkg: Add EC key retrieving and signature interface (Bugzilla Bug 4102),cryptopkg,medium,low,0.8,Similar to other CryptoPkg issues without a high severity label.
qwen2.5:14b,A,10283,CI builds for clang (Bugzilla Bug 4101),-,medium,low,0.8,"The issue does not specify a package and lacks details on severity, similar to other unspecified-package issues which are generally medium priority."
qwen2.5:14b,A,9221,"ScsiDiskDxe driver updates ""ControllerNameTable"" with common string ""SCSI Disk Device"" for all SCSI disk devices (Bugzilla Bug 4100)",mdemodulepkg,medium,low,0.8,Similar to other mdemodulepkg issues without a clear indication of high severity impact.
qwen2.5:14b,A,9220,DayRemainder may overflow (Bugzilla Bug 4099),cryptopkg,high,low,0.85,"The bug involves potential overflow in a critical function, similar to other high priority issues in the same package."
qwen2.5:14b,A,9218,Deprecated crypto services should be disabled in UefiPayloadPkg.dsc (Bugzilla Bug 4096),uefipayloadpkg,medium,low,0.8,Similar to other issues in UefiPayloadPkg that do not indicate critical system failure or security vulnerabilities.
qwen2.5:14b,A,9217,Abstract SmmCpuFeaturesLib for sharing common code (Bugzilla Bug 4093),ueficpupkg,medium,low,0.8,Similar to other issues in ueficpupkg without a clear indication of severity beyond routine code sharing and abstraction.
qwen2.5:14b,A,9216,Duplicate library header in IntelFsp2WrapperPkg.dec. (Bugzilla Bug 4092),intelfsp2wrapperpkg,low,low,0.8,Similar to other low priority issues involving minor code or header file problems.
qwen2.5:14b,A,9215,SourceLevelDebugPkg: Add CI YAML file (Bugzilla Bug 4091),sourceleveldebugpkg,medium,low,0.8,Similar to other issues in SourceLevelDebugPkg and related packages that do not indicate critical severity.
qwen2.5:14b,A,10282,RdRandGenerateEntropy does not handle return values from GetRandomNumber128 correctly (Bugzilla Bug 4090),securitypkg,high,low,0.85,The bug involves incorrect handling of return values which can lead to security vulnerabilities similar to other high priority issues in the security package.
qwen2.5:14b,A,10278,PlatformBuild.py does not contain Basetool detection logic (Bugzilla Bug 4085),armvirtpkg,low,low,0.8,Similar to other tool-related issues in basetools package which are typically low priority.
qwen2.5:14b,A,9214,Reset a parameter when BSP Exit in CPU relaxed mode (Bugzilla Bug 4083),ueficpupkg,medium,low,0.8,Similar to other issues in ueficpupkg without a clear indication of severity beyond typical functionality problems.
qwen2.5:14b,A,9213,CryptoPkg: Add more Crypto X509 funtions. (Bugzilla Bug 4082),cryptopkg,medium,low,0.8,The issue involves adding more cryptographic functions which is a common enhancement request and not necessarily critical or urgent.
qwen2.5:14b,A,10276,INF [Sources] section Feature Flag Expressions do not use override values from build --pcd option (Bugzilla Bug 4081),basetools,high,low,0.85,The issue affects PCD handling in build tools and has high similarity to other high-priority issues related to build tool functionality.
qwen2.5:14b,A,9212,Add missing library mappings for CRYPTO_SERVICES set to ALL or MIN_DXE_MIN_SMM (Bugzilla Bug 4080),cryptopkg,medium,low,0.8,Similar to other issues in cryptopkg that do not have high severity labels.
qwen2.5:14b,A,10275,EFI_KEYWORD_HANDLER_PROTOCOL.GetData() handle NamespaceId string as prefix (Bugzilla Bug 4079),mdemodulepkg,medium,low,0.8,Similar to other mdemodulepkg issues with moderate impact.
qwen2.5:14b,A,9211,Enhancing the logic for AtaPassThruGetNextPort()/AtaPassThruGetNextDevice() (Bugzilla Bug 4078),mdemodulepkg,medium,low,0.8,"The enhancement request does not indicate a critical failure or performance degradation, similar to other medium priority requests for module package improvements."
qwen2.5:14b,A,9210,Remove enforcement of final GoIdle transition for CRB TPM commands. (Bugzilla Bug 4077),securitypkg,high,low,0.85,Similar to other high priority issues in securitypkg related to TPM commands and coverity scan flags.
qwen2.5:14b,A,9208,CryptoPkg: RsaGetPrivateKeyFromPem() crashed in Libfuzzer test (Bugzilla Bug 4075),cryptopkg,high,medium,0.85,Crash in a core function during fuzz testing indicates high severity.
qwen2.5:14b,A,9207,[MdeModulePkg][XhciDxe] Current endpoint input context is not fully initialized for evaluate context command (Bugzilla Bug 4074),mdemodulepkg,medium,low,0.8,Similar to other MdeModulePkg issues with no clear indication of severity beyond typical module development problems.
qwen2.5:14b,A,9204,UefiPayloadPkg: Provide a wrapper for UniversalPayloadBuild.py (Bugzilla Bug 4071),uefipayloadpkg,medium,low,0.8,"No specific severity indicators, similar to other medium priority issues in different packages."
qwen2.5:14b,A,10274,Fix bug on SR-IOV device multi functions(over 8) reserved bus numbers calculate wrongly (Bugzilla Bug 4070),mdemodulepkg,medium,low,0.8,Similar to other mdemodulepkg issues with medium priority.
qwen2.5:14b,A,10273,Correct SR-IOV reserved bus numbers calculation method (Bugzilla Bug 4069),mdemodulepkg,medium,low,0.85,Similar to other firmware issues in MdeModulePkg with medium priority.
qwen2.5:14b,A,10272,ArmPkg SMBIOS - Incorrect string index (FWTS failure) (Bugzilla Bug 4067),armpkg,high,high,0.85,FWTS failure indicates a critical test suite error.
qwen2.5:14b,A,10271,"ArmPkg SMBIOS - strings populated with ""Not Specified"" (Bugzilla Bug 4066)",armpkg,medium,low,0.8,The issue involves incorrect SMBIOS strings but does not indicate a critical security or functionality failure.
qwen2.5:14b,A,9202,IntelFsp2Pkg: NvsBufferPtr is missing in Fsp24ApiEntryM.nasm (Bugzilla Bug 4063),intelfsp2pkg,low,low,0.85,Similar to other low priority issues in intelfsp2pkg related to missing or incorrect pointers.
qwen2.5:14b,A,9200,RISC-V build fails with GCC12 (Bugzilla Bug 4061),-,high,low,0.85,Build failure issues typically have high priority due to their impact on development and testing processes.
qwen2.5:14b,A,10270,Is it necessary to add NULL check (Bugzilla Bug 4060),mdepkg,low,low,0.8,The issue is about a potential NULL check and does not indicate severe consequences like system crashes or performance degradation.
qwen2.5:14b,A,10269,Add support in smbiosview command to display Type 45 table and fix a bug in Type 3 table (Bugzilla Bug 4058),shellpkg,medium,low,0.85,Similar to other shellpkg issues that do not specify critical severity.
qwen2.5:14b,A,9199,VirtioBlk doesn't work with cache modeling enabled on RDN2 FVP (Bugzilla Bug 4055),ovmfpkg,high,low,0.85,Similar to other high priority issues in ovmfpkg related to hardware compatibility and boot problems.
qwen2.5:14b,A,9196,SMBIOS Type 4 CurrentSpeed field can be various to reflect processor current speed in turbo mode case (Bugzilla Bug 4051),mdemodulepkg,medium,low,0.85,Similar to other mdemodulepkg issues with medium priority.
qwen2.5:14b,A,9195,SignedCapsulePkg: Add CI YAML file (Bugzilla Bug 4050),signedcapsulepkg,low,low,0.8,The issue is about adding a CI YAML file which seems to be an administrative task rather than fixing a critical bug or performance issue.
qwen2.5:14b,A,9194,IntelFsp2Pkg: Fix build failure (FSP 2.4 Multi-Phase Interface) (Bugzilla Bug 4049),intelfsp2pkg,medium,low,0.8,Similar to other build failure issues which are typically medium priority.
qwen2.5:14b,A,9193,Add Intel FSP packages to edk2 CI (Bugzilla Bug 4048),intelfsp2wrapperpkg,medium,low,0.8,No specific severity indicators; similar to other package addition requests.
qwen2.5:14b,A,10268,Clarify UART related PCDs in MdePkg(Serial I/O Protocol) and MdeModulePkg (SerialPortLib) (Bugzilla Bug 4047),mdepkg,low,low,0.8,The issue is about clarifying UART related PCDs and does not indicate any critical functionality or performance impact.
qwen2.5:14b,A,9192,EmbeddedPkg: Add CI YAML file (Bugzilla Bug 4046),embeddedpkg,medium,low,0.85,Similar to other CI YAML file addition issues which are typically medium priority.
qwen2.5:14b,A,10267,PCD VPD errors passed on rebuild (Bugzilla Bug 4045),basetools,high,low,0.85,Similar to other high priority issues in basetools related to build errors and PCD validation.
qwen2.5:14b,A,9191,UefiCpuPkg/SmmCpuRendezvousLib: Separate the processing logic of MM_STANDALONE and DXE_SMM_DRIVER customers (Bugzilla Bug 4044),ueficpupkg,medium,low,0.8,Similar to other issues in UefiCpuPkg that do not have a high severity label.
qwen2.5:14b,A,9190,Use switch case when checking supported HTTP methods (Bugzilla Bug 4043),networkpkg,medium,low,0.85,Similar to other networkpkg issues that are medium priority.
qwen2.5:14b,A,9189,Incorrect BAR read in AhciPei driver (Bugzilla Bug 4041),mdemodulepkg,high,low,0.85,The issue involves incorrect BAR read in a critical driver which can lead to hardware access problems.
qwen2.5:14b,A,10266,Uefi Python368 port - unable to import socket library (Bugzilla Bug 4040),-,medium,low,0.8,"No specific severity indicators, similar to other issues without a defined package or high priority flags."
qwen2.5:14b,A,10265,Support several SkuId arguments to the 'build' command (Bugzilla Bug 4039),basetools,medium,low,0.85,Similar to other BaseTools issues that do not indicate critical system failures or severe performance impacts.
qwen2.5:14b,A,10264,CapsuleApp refuses on-disk update when BootOrder is not defined (Bugzilla Bug 4038),mdemodulepkg,medium,low,0.8,Similar to other mdemodulepkg issues with medium priority.
qwen2.5:14b,A,9188,Install EFI_DISCOVER_PROTOCOL on each network interface (Bugzilla Bug 4037),redfishpkg,medium,low,0.8,"No specific severity indicators, similar to other medium priority issues in different packages."
qwen2.5:14b,A,9187,CryptoPkg: Add AeadAesGcm support (Bugzilla Bug 4036),cryptopkg,medium,low,0.8,Similar to other CryptoPkg issues that do not specify critical severity.
qwen2.5:14b,A,9186,BaseTools: 64bit FSP FV map file cannot be created correctly when using CLANG compiler (Bugzilla Bug 4035),basetools,medium,low,0.8,Similar to other BaseTools issues that affect specific compiler configurations but do not indicate a critical system failure.
qwen2.5:14b,A,9185,MdePkg/SmmCpuRendezvousLibNull: Remove restriction that SmmCpuRendezvousLibNull only support MM_STANDALONE and DXE_SMM_DRIVER. (Bugzilla Bug 4034),mdepkg,medium,low,0.8,Similar to other MdePkg issues without a clear high severity indicator.
qwen2.5:14b,A,9184,CryptoPkg: Add Hkdf SHA384 support (Bugzilla Bug 4033),cryptopkg,medium,low,0.8,Similar to other CryptoPkg issues that do not specify critical severity.
qwen2.5:14b,A,9183,Ignore OptionRom in  Sev guest (Bugzilla Bug 4031),ovmfpkg,high,low,0.85,The issue involves ignoring OptionRom in Sev guest which could have significant implications for system stability and security.
qwen2.5:14b,A,9182,Update libraries consumed by the capsule driver in UPL (Bugzilla Bug 4030),uefipayloadpkg,medium,low,0.8,Similar to other package-specific updates and maintenance tasks.
qwen2.5:14b,A,10262,Fix missing EFIAPI in ArmPkg headers (Bugzilla Bug 4028),armpkg,low,low,0.8,The bug involves missing EFIAPI in headers which is likely to cause compile-time errors but does not indicate a critical runtime failure or security vulnerability.
qwen2.5:14b,A,9181,ShellPkg smbiosview type 9 unexpected field displayed and miss Slot Pitch field (Bugzilla Bug 4026),shellpkg,medium,low,0.85,Similar to other ShellPkg issues with unexpected field display problems.
qwen2.5:14b,A,9180,CryptoPkg: Add HMAC-SHA384 cipher support (Bugzilla Bug 4025),cryptopkg,high,low,0.85,Similar to other CryptoPkg issues which are high priority.
qwen2.5:14b,A,10261,Build options for libraries can't be overridden in [BuildOptions] of DSC file (Bugzilla Bug 4024),basetools,high,medium,0.85,Similar to other high priority issues in basetools related to build configuration and compilation problems.
qwen2.5:14b,A,10260,Assert in MemDetect.c (MtrrDefType) after reset on open VM platform (Bugzilla Bug 4023),ovmfpkg,high,low,0.85,The issue involves an assert failure which typically indicates a critical error in the code.
qwen2.5:14b,A,9179,Update GenSec to support prior behavior if EFI_SECTION_FREEFORM_SUBTYPE_GUID is used with no GUID (Bugzilla Bug 4022),basetools,medium,low,0.8,Similar to other BaseTools issues that impact specific functionalities but do not indicate critical system failures or severe performance impacts.
qwen2.5:14b,A,9178,Fix GenSec use EFI_SECTION_FREEFORM_SUBTYPE_GUID in extended size header (Bugzilla Bug 4021),basetools,medium,low,0.8,Similar to other BaseTools issues that do not explicitly state high severity.
qwen2.5:14b,A,9177,IntelFsp2Pkg: FSPM_ARCH2_UPD mismatching bug. (Bugzilla Bug 4019),intelfsp2pkg,medium,low,0.8,"No specific severity indicators, similar to other medium priority issues in the same package."
qwen2.5:14b,A,9176,UefipayloadPkg: Coverity scan flags multiple issues. (Bugzilla Bug 4018),uefipayloadpkg,medium,low,0.8,Similar to other Coverity scan issues which are typically medium priority unless they indicate severe system impact or high security risk.
qwen2.5:14b,A,10259,HDMI/DP Hotplug not working in BIOS with no EDP connected as NULL device is removed by EDK2 driver (Bugzilla Bug 4015),mdemodulepkg,medium,low,0.8,Similar to other mdemodulepkg issues with medium priority.
qwen2.5:14b,A,9174,Smbiosview tool is not show 'Extended Speed' and 'Extended Configured Memory Speed' in type 17. (Bugzilla Bug 4014),shellpkg,low,low,0.8,Similar to other shellpkg issues that are minor feature requests or display problems.
qwen2.5:14b,A,9173,Update the SMBIOS version  by UPL (Bugzilla Bug 4013),mdemodulepkg,medium,low,0.8,Similar to other mdemodulepkg issues without high severity indicators.
qwen2.5:14b,A,9171,MdeModulePkg: Need configurable AHCI command retries (Bugzilla Bug 4011),mdemodulepkg,medium,low,0.8,Similar to other MdeModulePkg issues with configurable settings or enhancements.
qwen2.5:14b,A,10258,Array PCDs are not overriden via INF files (Bugzilla Bug 4010),basetools,medium,low,0.85,Similar to other basetools issues with medium priority.
qwen2.5:14b,A,9170,Remove Unreferenced OpenProtocol in NvmeExpressDxe driver (Bugzilla Bug 4008),mdemodulepkg,medium,low,0.8,Similar to other mdemodulepkg issues without high severity indicators.
qwen2.5:14b,A,9169,UefiPayloadPkg: Add macro to support selection of CryptoDxe driver (Bugzilla Bug 4006),uefipayloadpkg,low,low,0.8,Similar to other macro addition issues which typically have minor impact.
qwen2.5:14b,A,9168,EDKII HII Browser does not apply configuration values for F9 action (Bugzilla Bug 4004),-,medium,low,0.8,The issue does not specify a package and lacks severity indicators compared to other examples.
qwen2.5:14b,A,10256,Avoid Direct invocation of gcc  in basetools (Bugzilla Bug 4003),basetools,medium,low,0.85,Similar to other BaseTools issues that do not explicitly indicate high severity.
qwen2.5:14b,A,9167,Missing NULL check on allocating memory for FileName at in PosixFileSetInfo (Bugzilla Bug 4001),emulatorpkg,medium,low,0.85,Similar to other emulatorpkg issues classified as medium severity.
qwen2.5:14b,A,9166,EDK2 can't enumerate bus for all root bridge instances when one root bridge instance meet bus resource OUT_OF_RESOURCE. (Bugzilla Bug 4000),mdemodulepkg,high,high,0.85,"The issue involves a critical failure in resource allocation affecting multiple root bridge instances, similar to other high-priority issues related to EDK2 functionality and resource management."
qwen2.5:14b,A,9164,Improve AcpiSsdtPcieLibArm compatibility (Bugzilla Bug 3998),dynamictablespkg,medium,low,0.8,Similar to other issues in Dynamictablespkg with medium priority.
qwen2.5:14b,A,9163,DynamicTableManagerDxe: Take installed tables into consideration (Bugzilla Bug 3997),dynamictablespkg,medium,low,0.8,Similar to other issues in dynamictablespkg with medium priority.
qwen2.5:14b,A,9162,Improve DynamicPlatRepoLib applicability (Bugzilla Bug 3996),dynamictablespkg,low,low,0.8,No specific severity indicators in the description compared to other issues.
qwen2.5:14b,A,9161,DSDT Parser does not warn if revision field is less than 2 on Arm (Bugzilla Bug 3995),shellpkg,medium,low,0.8,Similar to other firmware issues in MdeModulePkg with medium priority.
qwen2.5:14b,A,10255,MdeModulePkg/scsi :Coverity scan flags multiple issues in edk2-stable202205 (Bugzilla Bug 3994),mdemodulepkg,high,low,0.85,"The issue involves multiple Coverity scan flags in a critical package (mdemodulepkg), similar to other high priority issues reported for this type of problem."
qwen2.5:14b,A,10254,Need to enable crypto functions (Bugzilla Bug 3992),cryptopkg,high,low,0.85,The issue involves enabling critical crypto functions which is likely to have high security implications.
qwen2.5:14b,A,10253,Sha1 functions not surrounded by SHA1 deprecated define (Bugzilla Bug 3991),cryptopkg,low,low,0.8,The issue is about deprecated functions which typically do not introduce critical security or functionality issues.
qwen2.5:14b,A,9159,Bug in BaseMemAllocation causes memory leak in PEI phase (Bugzilla Bug 3990),cryptopkg,high,low,0.85,Memory leaks are typically high severity issues in firmware development.
qwen2.5:14b,A,10252,MdeModulePkg/Ufs :Coverity scan flags multiple issues in edk2-stable202205 (Bugzilla Bug 3989),mdemodulepkg,high,low,0.9,Similar to other high priority issues in MdeModulePkg related to Coverity scan flags.
qwen2.5:14b,A,9157,Debug string is limited to 104 char due to EFI_STATUS_CODE_DATA_MAX_SIZE set to 200 (Bugzilla Bug 3986),mdemodulepkg,medium,low,0.85,Similar to other mdemodulepkg issues with medium priority.
qwen2.5:14b,A,9156,"Slowness issue when using ""edit"" command in Shell (Bugzilla Bug 3985)",shellpkg,medium,low,0.85,Similar to other shellpkg issues that affect user experience but do not cause critical failures.
qwen2.5:14b,A,10251,UefiPayloadPkg: Fix RelaAddress type always mismatch in if condition (Bugzilla Bug 3984),uefipayloadpkg,medium,low,0.85,Similar to other issues in UefiPayloadPkg that do not explicitly indicate critical severity.
qwen2.5:14b,A,10250,Rename SecTpmMeasurementLib to PeiTpmMeasurementLib (Bugzilla Bug 3983),securitypkg,medium,low,0.85,Similar to other issues in securitypkg with medium priority.
qwen2.5:14b,A,9155,File path in OvmfPkg should use AArch64 instead of Aarch64 (Bugzilla Bug 3982),ovmfpkg,low,low,0.85,The issue involves a file path correction and does not impact functionality or performance.
qwen2.5:14b,A,9154,Add retry mechanism if tpm command fails with timeout error (Bugzilla Bug 3980),securitypkg,medium,low,0.8,Similar to other security package issues without critical assertion or build failure.
qwen2.5:14b,A,9153,[UPL] UefiPayloadPkg: Add CryptoDxe driver to UefiPayload (Bugzilla Bug 3979),uefipayloadpkg,low,low,0.8,The issue does not indicate any critical failure or severe performance impact.
qwen2.5:14b,A,9152,Update DMAR ACPI definitions according to Intel VT-d architecture specification rev4.0 (Bugzilla Bug 3978),mdepkg,medium,medium,0.8,Similar to other MdeModulePkg issues that are typically medium priority.
qwen2.5:14b,A,10249,PrintLib has no way to print UINTN portably (Bugzilla Bug 3977),mdepkg,medium,low,0.8,Similar to other issues in mdepkg that are typically classified as medium priority.
qwen2.5:14b,A,10248,enabling edk2 DEBUG_VERBOSE will cause pagefault and linux kernel panic (Bugzilla Bug 3974),mdepkg,high,high,0.85,Similar to other high priority issues in MdePkg that cause system instability.
qwen2.5:14b,A,9149,Add NULL check for input pointer in MemoryAllocationLib FreePool function (Bugzilla Bug 3973),mdepkg,medium,low,0.8,Similar to other NULL check and input validation issues in MdePkg.
qwen2.5:14b,A,9148,Add support for SMBIOS spec 3.6.0 to SmBios.h (Bugzilla Bug 3972),mdepkg,medium,low,0.8,No specific severity indicators; similar to other package updates without critical impact.
qwen2.5:14b,A,10245,SCT run AuthVar_conf is failed via Provisioned Host Whitelist mode. (Bugzilla Bug 3969),mdemodulepkg,high,low,0.85,"The issue involves a failure in an important security mode (Provisioned Host Whitelist), similar to other high-priority issues related to SCT runs and module failures."
qwen2.5:14b,A,10244,The backslashes in string definition that defined in building flag would be change to forward slashes with toolchain family GCC build (Bugzilla Bug 3968),basetools,medium,high,0.8,Similar to other BaseTools issues that affect build processes but do not indicate critical failure or security impact.
qwen2.5:14b,A,10243,UefiPayloadPkg: Add macro to support selective drivers (Bugzilla Bug 3967),uefipayloadpkg,medium,low,0.85,Similar to other issues in uefipayloadpkg with medium priority.
qwen2.5:14b,A,9146,UefiPayloadPkg: Align Attribute value with UPL spec (Bugzilla Bug 3963),uefipayloadpkg,low,low,0.8,No specific severity indicators and similar issues in same package are low priority.
qwen2.5:14b,A,10242,Add PCD to control SMRR enable & SmmFeatureControl support (Bugzilla Bug 3962),ueficpupkg,medium,low,0.8,Similar to other PCD control issues in UEFI CPU package.
qwen2.5:14b,A,9145,NetworkPkg: Need to support Wi-Fi Wpa3 in WifiConnectManager (Bugzilla Bug 3961),networkpkg,medium,low,0.8,Similar to other NetworkPkg issues without clear severity indicators.
qwen2.5:14b,A,9144,[UPL] UefiPayloadPkg: Backward support with python 3.6 (Bugzilla Bug 3960),uefipayloadpkg,medium,low,0.8,"Similar to other Python-related issues in BaseTools and other packages, no specific indication of high severity."
qwen2.5:14b,A,9143,The reserved IDT table size in SecCore is too small for X64 (Bugzilla Bug 3957),intelfsp2pkg,high,low,0.85,The issue affects a critical component (SecCore) and involves potential security or stability risks due to insufficient IDT table size for X64.
qwen2.5:14b,A,9142,UefiPayloadPkg: UniversalPayloadBuild.py to support --pcd feature (Bugzilla Bug 3955),uefipayloadpkg,medium,low,0.8,No specific severity indicators; similar to other issues in same package without high priority.
qwen2.5:14b,A,9141,"failure to read XHCI reg causes BIOS hang, incomplete error checking (Bugzilla Bug 3954)",mdemodulepkg,high,high,0.85,Similar to other high priority issues in mdemodulepkg related to incomplete error checking and BIOS hang.
qwen2.5:14b,A,10240,Incremental builds are rebuilding all unmodified code on Linux/GCC (Bugzilla Bug 3953),basetools,high,low,0.85,Similar to other high priority issues related to BaseTools and build behavior.
qwen2.5:14b,A,9140,Follow UEFI spec'd way to reconnect in form browser (Bugzilla Bug 3952),mdemodulepkg,medium,low,0.85,Similar to other mdemodulepkg issues with medium priority.
qwen2.5:14b,A,10239,Add Support for HTTPS Proxy Server for HTTP Boot (Bugzilla Bug 3951),networkpkg,medium,low,0.8,No specific severity indicators; similar to other network-related issues without critical impact.
qwen2.5:14b,A,10238,I had a CI build failure from EfiROM complaining about a filename being too large. (Bugzilla Bug 3950),basetools,high,low,0.9,Similar to other high priority issues related to build failures and path length limitations.
qwen2.5:14b,A,10237,The version compare issue in  edksetup.sh (Bugzilla Bug 3948),-,low,low,0.8,The issue appears to be related to a script version comparison problem which does not directly impact core functionality or security.
qwen2.5:14b,A,9139,VM stuck at initializing guest display with Secure Boot build of OVMF (Bugzilla Bug 3947),ovmfpkg,high,low,0.85,Similar to other high priority issues in ovmfpkg related to Secure Boot and startup problems.
qwen2.5:14b,A,10236,Ubuntu 20.04 EmulatorPkg Build X64 error not finding X11/XLib.h include files (Bugzilla Bug 3946),emulatorpkg,medium,low,0.8,Similar to other build errors in different packages that are typically medium priority.
qwen2.5:14b,A,10235,ECC fails to run (Bugzilla Bug 3945),basetools,high,low,0.85,ECC tool issues are typically high priority as they affect code quality and integrity checks.
qwen2.5:14b,A,10234,ResetSystemPei fails after memory migration (Bugzilla Bug 3944),mdemodulepkg,high,low,0.85,Similar to other high priority issues in mdemodulepkg related to system reset and memory management.
qwen2.5:14b,A,10233,PeCoffSearchImageBase() can search GiB of memory. It should have a max value (Bugzilla Bug 3943),mdepkg,medium,low,0.8,Similar to other issues in mdepkg that do not have a high severity label.
qwen2.5:14b,A,9138,UncrustifyCheck ignore file list paths reduction (Bugzilla Bug 3942),-,low,low,0.8,The issue is about improving a tool's configuration and does not impact security or core functionality.
qwen2.5:14b,A,9137,Support package-scope register programming during Smm CPU init (SmmCpuFeaturesInitializeProcessor) (Bugzilla Bug 3941),ueficpupkg,medium,low,0.85,Similar to other firmware-related issues in ueficpupkg with medium priority.
qwen2.5:14b,A,10232,Booting HTTPS Boot (Bugzilla Bug 3940),networkpkg,medium,high,0.8,Similar to other network-related issues that do not specify critical failure or severe performance impact.
qwen2.5:14b,A,10231,Request to add FV Shrink Option in FMMT Tool (Bugzilla Bug 3938),basetools,medium,low,0.8,Similar to other BaseTools issues that do not explicitly indicate high severity.
qwen2.5:14b,A,10230,Shebang missing in edksetup.sh (Bugzilla Bug 3936),-,low,low,0.8,The issue is about a missing shebang in a script file which typically does not impact functionality severely.
qwen2.5:14b,A,10229,ovmf miscompiles with gcc-12 (Bugzilla Bug 3934),ovmfpkg,high,low,0.85,Similar to other build failure issues in ovmf package which are high priority.
qwen2.5:14b,A,9135,MdeModulePkg/UefiPayloadPkg: need to have align Identifier value with UPL spec (Bugzilla Bug 3933),uefipayloadpkg,medium,low,0.8,Similar to other issues in UefiPayloadPkg that do not have a high severity priority.
qwen2.5:14b,A,10228,MdeModulePkg: typo DstBufAlocated (Bugzilla Bug 3932),mdemodulepkg,low,low,0.85,Typo correction is generally a low severity issue.
qwen2.5:14b,A,9134,"Remove ""assert"" from SmmCpuRendevousLibNull.c (Bugzilla Bug 3931)",mdepkg,low,low,0.8,The issue involves removing an assert which is generally less critical than other high priority issues like build failures or security vulnerabilities.
qwen2.5:14b,A,9133,[edk2-stable202205] QEMU is hang when SMM is enabled (Bugzilla Bug 3930),-,high,low,0.85,"The issue involves QEMU hanging when SMM is enabled, which suggests a critical system stability problem."
qwen2.5:14b,A,9132,Review and fix spelling errors in ArmPkg.ci.yaml (Bugzilla Bug 3929),armpkg,low,low,0.9,The issue is about fixing spelling errors which typically do not impact functionality or performance.
qwen2.5:14b,A,9130,X64 Version  of FSP_TEMP_RAM_INIT API call must follow X64 Calling Convention (Bugzilla Bug 3926),intelfsp2pkg,medium,low,0.8,Similar to other issues in intelfsp2pkg package without clear indicators of high severity.
qwen2.5:14b,A,10226,"Pkcs7Sign has an incorrect implementation, both in documentation and interface (Bugzilla Bug 3925)",cryptopkg,medium,low,0.85,Similar to other issues in cryptopkg with medium priority due to implementation and documentation errors.
qwen2.5:14b,A,10225,PartitionDxe: PartitionRestoreGptTable() exit early if BlockIo->Media->ReadOnly (Bugzilla Bug 3924),mdemodulepkg,medium,low,0.8,Similar to other mdemodulepkg issues without a high severity label.
qwen2.5:14b,A,10224,SecurityPKg : sync the PcdTpm2HashMask to the active PCR banks in the TPM (Bugzilla Bug 3923),securitypkg,medium,low,0.85,Similar to other issues in securitypkg with moderate severity.
qwen2.5:14b,A,10223,Some ArmLib APIs use UINT32 when they should use UINTN? ArmReadSctlr() etc. (Bugzilla Bug 3920),armpkg,medium,low,0.8,Similar to other issues in armpkg with API concerns but without critical system failure implications.
qwen2.5:14b,A,10222,ovmf UEFI fails to boot when EFI system partition is too small (Bugzilla Bug 3919),ovmfpkg,high,low,0.85,The issue affects UEFI boot process which is critical and similar to other high priority issues in ovmf package.
qwen2.5:14b,A,10221,PcdConfidentialComputingGuestAttr accesses using locking which is not SMP safe (Bugzilla Bug 3918),ueficpupkg,high,low,0.85,Similar to other critical issues in UEFCPUPKG related to SMP safety and locking mechanisms.
qwen2.5:14b,A,9128,MdeModulePkg: Pcd initialize DXE will have assert in corner case. (Bugzilla Bug 3917),mdemodulepkg,medium,medium,0.85,Similar to other issues in mdemodulepkg with medium priority.
qwen2.5:14b,A,9126,Add missing NFIT Platform Capabilities Structure defined by Mantis 1831 and added in ACPI 6.2A (Bugzilla Bug 3915),mdepkg,medium,low,0.8,"The issue involves adding a new structure as per an ACPI update, which is likely important but not critical like security or stability issues."
qwen2.5:14b,A,9125,Add XHCI handle Port Speed field value of PORTSC according to Supported Protocol Capability (Bugzilla Bug 3914),mdemodulepkg,medium,low,0.85,Similar to other mdemodulepkg issues without a high severity label.
qwen2.5:14b,A,9124,PcAtChipsetPkg: Change the flow of PcRtcInit(). (Bugzilla Bug 3913),pcatchipsetpkg,medium,low,0.8,Similar to other package-specific issues impacting a single component without critical system failure implications.
qwen2.5:14b,A,9123,Move SmmCpuRendezvousLib.h to MdePkg and add SmmCpuRendezvousLibNull implement in MdePkg (Bugzilla Bug 3912),mdepkg,low,medium,0.8,The issue involves moving header files and adding an implementation in a core package without apparent critical functionality impact.
qwen2.5:14b,A,9121,SecureBootVariableLib assumes initialization from FV (Bugzilla Bug 3910),securitypkg,medium,low,0.85,Similar to other issues in securitypkg with medium priority.
qwen2.5:14b,A,9120,SecureBootVariableLib depends on time protocol (Bugzilla Bug 3909),securitypkg,medium,low,0.8,Similar to other security package issues without explicit severity indicators.
qwen2.5:14b,A,9119,"CryptoPkg: Build failure in CryptoPkg caused by this patch "" CryptoPkg/CrtLibSupport: fix strcpy"" (Bugzilla Bug 3908)",cryptopkg,medium,low,0.8,Build failure issues typically impact development but may not always be critical system failures.
qwen2.5:14b,A,9117,Update smbiosview type 0 with SMBIOS 3.5 fields (Bugzilla Bug 3906),shellpkg,medium,low,0.85,Similar to other shellpkg issues with no specific severity indicators.
qwen2.5:14b,A,9116,PrmPkg: Fix unit test GCC compilation errors (Bugzilla Bug 3905),prmpkg,medium,low,0.8,Compilation errors typically impact development efficiency but do not necessarily indicate critical runtime issues.
qwen2.5:14b,A,10220,PCI Library work round in TdxDxe driver (Bugzilla Bug 3904),ovmfpkg,low,low,0.7,No specific severity indicators in the description similar to other high or medium priority issues.
qwen2.5:14b,A,10219,GetPeiServicesTablePointer() from PeiServicesTablePointerLibIdt has integer overflow if Idtr.Base == 0 (Bugzilla Bug 3903),mdepkg,high,low,0.85,Similar to other high priority issues in mdepkg related to potential security vulnerabilities or critical functionality bugs.
qwen2.5:14b,A,10218,Bad IO performance in SEC caused by TDX (Bugzilla Bug 3902),mdepkg,high,low,0.85,The issue affects IO performance in SEC phase which is critical and similar to other high priority issues in MdePkg.
qwen2.5:14b,A,10217,ResetVector: Vtf0/Bin/IA32/ResetVector.ia32.*.raw binary is not 4K alignment (Bugzilla Bug 3901),ueficpupkg,high,low,0.85,"The issue affects binary alignment in a critical package (UEFI Core), similar to other high-priority issues involving binary and firmware integrity."
qwen2.5:14b,A,9115,Update smbiosview type 41 with SMBIOS 3.5 fields (Bugzilla Bug 3900),shellpkg,medium,low,0.8,The issue involves updating a tool in shellpkg which is similar to other medium priority issues for updating or enhancing tools.
qwen2.5:14b,A,10216,S3 Resume flow may result in executing garbage address in Release Build (Bugzilla Bug 3898),mdemodulepkg,high,low,0.85,Similar to other high priority issues in mdemodulepkg related to execution of invalid addresses.
qwen2.5:14b,A,9114,Update smbiosview type 9 with SMBIOS 3.5 fields (Bugzilla Bug 3896),shellpkg,medium,low,0.8,No clear indication of severity beyond feature request or minor bug.
qwen2.5:14b,A,10214,Request lock after DXE phase lead to assert (Bugzilla Bug 3895),securitypkg,high,low,0.85,The issue involves an assertion failure which can be critical and similar to other high priority issues in securitypkg.
qwen2.5:14b,A,9113,To support PEI 64bit in IntelFsp2WrapperPkg (Bugzilla Bug 3894),intelfsp2wrapperpkg,medium,low,0.7,"No specific severity indicators, similar to other package-specific issues without high priority markers."
qwen2.5:14b,A,9110,Tar files fail with Python 3.9.11+ (Bugzilla Bug 3891),-,medium,low,0.8,No specific severity indicators; similar to other tool-related issues without high priority markers.
qwen2.5:14b,A,9109,Fix VS2019 pipeline builds (Bugzilla Bug 3890),-,medium,low,0.8,No specific package is mentioned and it's related to build pipeline which is not as critical as firmware or security issues.
qwen2.5:14b,A,9108,NetworkPkg: Allow to set HTTP DNS RetryCount and RetryInterval (Bugzilla Bug 3889),networkpkg,medium,low,0.8,Similar to other NetworkPkg issues without specific severity indicators.
qwen2.5:14b,A,10213,64-bit XIP Code should NOT be aligned on a odd 4 byte boundary as this implies UB. (Bugzilla Bug 3887),ovmfpkg,high,low,0.85,Similar to other high priority issues in OvmfPkg related to alignment and potential undefined behavior.
qwen2.5:14b,A,9106,bRefClkFreq UFS card attribute need to be read and written after fDeviceInit. (Bugzilla Bug 3886),mdemodulepkg,medium,medium,0.8,Similar to other mdemodulepkg issues with medium priority.
qwen2.5:14b,A,9105,Redefinition bug in CrtLibSupport.h (Bugzilla Bug 3885),cryptopkg,low,low,0.85,Similar to other low priority issues in cryptopkg related to header file definitions.
qwen2.5:14b,A,9104,Support BIOS ROM Size extension for SMBIOS Type 0 (Bugzilla Bug 3884),shellpkg,medium,low,0.85,Similar to other shellpkg issues without high severity indicators.
qwen2.5:14b,A,10212,Depex in Standalone MM causes memory violation (Bugzilla Bug 3883),standalonemmpkg,high,low,0.85,Similar to other high priority issues involving memory violations and crashes.
qwen2.5:14b,A,9103,Add dependency of VariableSmm driver to make it work normally (Bugzilla Bug 3882),uefipayloadpkg,medium,low,0.75,"No specific severity indicators, similar to other issues in this package without high priority."
qwen2.5:14b,A,9102,CryptoPkg: should list all used library in dsc file (Bugzilla Bug 3881),cryptopkg,low,low,0.8,The issue is about listing libraries in a dsc file which seems to be more of an organizational or documentation concern rather than a functional bug.
qwen2.5:14b,A,9101,Add ignore file list to UncrustifyCheck.py (Bugzilla Bug 3880),-,low,low,0.8,The issue is about adding an ignore file list to a script and does not impact core functionality or stability.
qwen2.5:14b,A,10210,Unused local breaking Clang build (Bugzilla Bug 3877),mdemodulepkg,medium,medium,0.8,Similar to other issues in mdemodulepkg with unused code or build problems.
qwen2.5:14b,A,9100,command line changes in recent NASM release(s) break VbeShim.sh (Bugzilla Bug 3876),ovmfpkg,medium,low,0.8,Similar to other issues in ovmfpkg that do not have a high priority.
qwen2.5:14b,A,9099,OvmfPkg: uncrustify should not modify generated files (Bugzilla Bug 3875),ovmfpkg,low,low,0.8,Similar to other formatting and tooling issues in OvmfPkg.
qwen2.5:14b,A,10209,ECC inf version check issue (Bugzilla Bug 3872),basetools,low,low,0.8,The issue is related to version checking in build tools and does not indicate critical system failure or security vulnerability.
qwen2.5:14b,A,9096,Update BFV searching algorithm in VTF0 (Bugzilla Bug 3870),ueficpupkg,medium,low,0.8,Similar to other issues in ueficpupkg without a clear indication of high severity.
qwen2.5:14b,A,9095,Split pages should have their RW and Present Attributes Set (Bugzilla Bug 3869),emulatorpkg,medium,low,0.75,No specific severity indicators; similar to other issues in emulatorpkg without high priority flags.
qwen2.5:14b,A,10208,ECC check failed under Linux (Bugzilla Bug 3868),basetools,medium,low,0.8,Similar to other build issues in BaseTools package.
qwen2.5:14b,A,9093,StackOffset must be aligned to a 16-byte boundary in X64 (Bugzilla Bug 3865),mdemodulepkg,medium,low,0.8,Similar to other issues in mdemodulepkg that do not explicitly state high severity.
qwen2.5:14b,A,9091,Support FFS3 GUID in SearchForBfvBase.asm (Bugzilla Bug 3862),ueficpupkg,medium,low,0.85,Similar to other issues in ueficpupkg that do not have a high severity label.
qwen2.5:14b,A,9090,Add dependency of VariableSmm driver to make it work normally. (Bugzilla Bug 3861),ovmfpkg,low,low,0.8,No specific severity indicators and similar issues in the same package are of lower priority.
qwen2.5:14b,A,9089,Revise UEfiCpuPkg to accomodate all processor architectures (Bugzilla Bug 3860),ueficpupkg,medium,low,0.8,No specific severity indicators; similar to other architectural revision issues.
qwen2.5:14b,A,10206,RedfishPlatformCredentialLib shouldn't stop service by itself (Bugzilla Bug 3859),redfishpkg,medium,low,0.8,Similar to other issues in redfishpkg without a clear indication of severity beyond typical bug reporting.
qwen2.5:14b,A,10205,LibStopRedfishService() in PlatformCredentialLib should check EFI_SECURE_BOOT_MODE_NAME (Bugzilla Bug 3858),redfishpkg,medium,low,0.8,Similar to other security-related issues in different packages that are typically medium priority.
qwen2.5:14b,A,9088,Add a check for metadata size in NvmExpress  Driver (Bugzilla Bug 3856),mdemodulepkg,medium,low,0.8,Similar to other issues in MdeModulePkg without a clear indication of severity beyond routine enhancement or fix.
qwen2.5:14b,A,9087,Use SmmWaitForAllProcessor() form UefiCpuPkg to make Smm cpu rendezvous in TcgSmm and Tcg2Smm driver (Bugzilla Bug 3855),securitypkg,medium,low,0.8,Similar to other security-related issues in the same package.
qwen2.5:14b,A,9086,Use SmmWaitForAllProcessor() form UefiCpuPkg to make Smm cpu rendezvous in needed driver (Bugzilla Bug 3854),mdemodulepkg,medium,low,0.8,Similar to other issues in mdemodulepkg without a clear indication of severity beyond typical module development concerns.
qwen2.5:14b,A,9085,Add support for programming bRefClkFreq (Reference Clock Frequency value) on UFS cards (Bugzilla Bug 3851),mdemodulepkg,medium,medium,0.8,Similar to other feature request issues in mdemodulepkg without critical impact.
qwen2.5:14b,A,10203,MdePkg/Include/IndustryStandard/Tls1.h lacks definition for EFI_TLS_VERSION (Bugzilla Bug 3850),mdepkg,medium,low,0.85,Similar to other MdePkg issues that affect standard definitions but do not indicate critical failure or high severity impact.
qwen2.5:14b,A,10202,MdePkg/Include/Protocol/PxeBaseCodeCallBack.h lacks definition for EFI_PXE_BASE_CODE_PACKET (Bugzilla Bug 3849),mdepkg,medium,low,0.8,Similar to other issues in MdePkg that involve missing definitions but do not explicitly indicate high severity like memory leaks or crashes.
qwen2.5:14b,A,10201,uncrustify wrongly formats the code (Bugzilla Bug 3846),basetools,low,low,0.8,Similar to other formatting issues in basetools package which are typically low priority.
qwen2.5:14b,A,10200,Enabling the WiFi Connection Manager to access WiFi profile from CSME during a one click recovery WLAN boot (Bugzilla Bug 3845),networkpkg,medium,low,0.8,The issue involves enabling a feature for recovery boot but does not indicate critical failure or severe impact like compilation errors or build failures.
qwen2.5:14b,A,9083,MdePackage/PeiDxeDebugLibReportStatusCode：Add Standalone MM support (Bugzilla Bug 3844),mdemodulepkg,medium,low,0.8,The issue involves adding support for a specific mode (Standalone MM) which is not critical but enhances functionality.
qwen2.5:14b,A,9082,Add definitions in SmBios.h to support SMBIOS Spec v3.5.0 (Bugzilla Bug 3843),mdepkg,low,low,0.8,"The issue is about adding definitions to support a new SMBIOS spec version, which does not indicate critical functionality or stability issues."
qwen2.5:14b,A,10199,UnitTestFrameworkPkg - Unit Test Log output is truncated (Bugzilla Bug 3842),unittestframeworkpkg,medium,low,0.8,Similar to other issues in basetools and shellpkg with medium priority due to build or log output issues.
qwen2.5:14b,A,9080,Add ACPI_PARSER bitfield parser for acpiview (Bugzilla Bug 3839),shellpkg,medium,low,0.8,Similar to other feature request or enhancement issues in ShellPkg.
qwen2.5:14b,A,10196,ovmf SMM build crashes with edk2-stable202202-rc1 (Bugzilla Bug 3835),ovmfpkg,high,low,0.85,"The issue involves a build crash with a specific release version, similar to other high priority issues related to build failures."
qwen2.5:14b,A,9078,IntelFsp2Pkg: BaseFspDebugLibSerialPort Support for X64 (Bugzilla Bug 3833),intelfsp2pkg,low,low,0.8,The issue is about adding support for X64 in an existing library and does not indicate critical failure or performance issues.
qwen2.5:14b,A,9077,IntelFsp2Pkg: BaseFspSwitchStackLib Support for X64 Build (Bugzilla Bug 3832),intelfsp2pkg,low,low,0.8,No specific severity indicators and similar issues in same package are low priority.
qwen2.5:14b,A,10195,Scrub tool usage of MAX_PATH with default of 256 (Bugzilla Bug 3830),basetools,medium,low,0.85,Similar to other BaseTools issues that are typically medium priority.
qwen2.5:14b,A,10194,Add New Processor Socket information to Processor Upgrade field in Smbios Type4 (Bugzilla Bug 3827),shellpkg,medium,low,0.8,Similar to other issues in shellpkg that do not have high severity.
qwen2.5:14b,A,10193,BaseLib LongJump implementations vary by CPU type (Bugzilla Bug 3825),mdepkg,medium,low,0.85,Similar to other issues in mdepkg with varying CPU implementations.
qwen2.5:14b,A,10192,XhciDxe driver not driving USB controller connected in Pcie switch. (Bugzilla Bug 3822),mdemodulepkg,medium,high,0.85,Similar to other mdemodulepkg issues with medium priority.
qwen2.5:14b,A,10191,PeiReportStatusCodeLib uses pointer math to create a EFI_DEVICE_HANDLE_EXTENDED_DATA incorrectly (Bugzilla Bug 3820),mdemodulepkg,medium,low,0.85,Similar to other issues in mdemodulepkg with medium priority due to pointer math error.
qwen2.5:14b,A,9072,GetTimerPeriod returns sometime zero value when StallCounter has  smaller value than RttTimerTick (divide by zero) which results some failure at ping UEFI shell command (Bugzilla Bug 3819),shellpkg,high,medium,0.85,The bug involves a divide by zero error which can cause failures in critical commands like ping.
qwen2.5:14b,A,9071,Incorrect data type of ProcessRelocation64 (Bugzilla Bug 3818),uefipayloadpkg,low,low,0.8,The issue is related to incorrect data type which may cause compilation or runtime errors but does not indicate a critical system failure or security vulnerability like some high priority issues.
qwen2.5:14b,A,9070,GetCpuidFw() uses Compacted when it is not initialized. (Bugzilla Bug 3817),ovmfpkg,high,low,0.85,Similar to other high priority issues in ovmfpkg related to firmware bugs.
qwen2.5:14b,A,10190,Build fails in GenFS with GCC12 (Bugzilla Bug 3816),basetools,high,low,0.85,Build failures with new compiler versions are typically high priority due to potential widespread impact on development and testing.
qwen2.5:14b,A,9068,EmbeddedPkg: build error in FwVol.c in X64 arch (Bugzilla Bug 3814),embeddedpkg,high,low,0.85,Similar to FwVol.c compilation error for VS2017 AARCH64 build in embeddedpkg with high priority.
qwen2.5:14b,A,9067,Unicode string of the AKM/Cipher in Wi-Fi Network List is not correct (Bugzilla Bug 3813),networkpkg,medium,medium,0.8,Similar to other networkpkg issues that are medium priority.
qwen2.5:14b,A,9065,PciBusDxe: Allow PCI Platform Protocol to override existing PCI ROM image (Bugzilla Bug 3811),mdemodulepkg,medium,low,0.85,Similar to other mdemodulepkg issues without a clear indication of high severity.
qwen2.5:14b,A,9064,BaseTools/Conf: Add new macro for customizing dll file reduction. (Bugzilla Bug 3810),basetools,medium,medium,0.8,Similar to other BaseTools issues that do not indicate critical bugs or security vulnerabilities.
qwen2.5:14b,A,9063,Simplify http response status check (Bugzilla Bug 3809),redfishpkg,medium,low,0.8,"No specific severity indicators in the description, similar to other medium priority issues in redfishpkg."
qwen2.5:14b,A,9062,CI: Uncrustify test should display what changes were made (Bugzilla Bug 3808),-,medium,low,0.8,"The issue is related to CI testing and code formatting, which typically does not impact core functionality or stability."
qwen2.5:14b,A,10188,Changing fdf rule section won't trigger incremental build (Bugzilla Bug 3806),basetools,medium,low,0.85,Similar to other build-related issues in basetools package.
qwen2.5:14b,A,10187,Smbios64BitPrintEPSInfo hit a stack guard exception due to buffer overflow. (Bugzilla Bug 3805),shellpkg,high,low,0.85,Buffer overflow leading to stack guard exception is a critical security vulnerability.
qwen2.5:14b,A,10186,issue in SR-IOV reserve bus caculation (Bugzilla Bug 3804),mdemodulepkg,medium,low,0.8,Similar to other mdemodulepkg issues without high severity indicators.
qwen2.5:14b,A,10185,FDF parsing does resolve macros properly (Bugzilla Bug 3803),basetools,medium,low,0.85,Similar to other parsing and tool issues in basetools package.
qwen2.5:14b,A,10184,armsoftfloatlib not correctly declared and introduces dependency on ArmPkg (Bugzilla Bug 3799),armpkg,medium,low,0.8,Similar to other issues in armpkg without a clear indication of severity beyond typical package dependency problems.
qwen2.5:14b,A,9059,Spell check caused pipeline failures (Bugzilla Bug 3798),unittestframeworkpkg,medium,low,0.8,Similar to other issues in unittestframeworkpkg that do not explicitly state high severity.
qwen2.5:14b,A,9057,HiiDataBaseDxe module lacks handling of authenticated variable type (Bugzilla Bug 3796),mdemodulepkg,high,low,0.85,"The issue involves a critical module (HiiDataBaseDxe) lacking handling for an important variable type, which could lead to security vulnerabilities or system instability."
qwen2.5:14b,A,10183,Need to address a discrepancy with how untested memory is treated for allocation by DXE drivers. (Bugzilla Bug 3795),mdemodulepkg,medium,low,0.8,Similar to other mdemodulepkg issues with medium priority.
qwen2.5:14b,A,9055,Update Graphics Info Hob FrameBufferSize Based on UEFI Spec 2.0 (Bugzilla Bug 3793),mdepkg,low,low,0.8,"The issue is about updating a Hob FrameBufferSize based on UEFI Spec 2.0, which seems to be an enhancement or correction rather than a critical bug."
qwen2.5:14b,A,9054,Update FvLength to UINTN from UINT32 in FirmwareVolumeInfo (Bugzilla Bug 3792),mdemodulepkg,low,low,0.8,The issue involves updating a data type which is likely to be a minor change without significant impact on functionality or performance.
qwen2.5:14b,A,9053,IntelFsp2Pkg/FspSecCore: ExtendedImageRevision was not printed. (Bugzilla Bug 3791),intelfsp2pkg,low,low,0.8,The issue is about a missing print statement which does not impact functionality or security.
qwen2.5:14b,A,9052,Replace Opcode with the corresponding instructions (Bugzilla Bug 3790),mdepkg,medium,low,0.8,"No specific severity indicators, similar to other medium priority issues in MdePkg."
qwen2.5:14b,A,9051,Moving UFS HCS.DP (Device Attached) checking out of UfsExecUicCommands() to fix timing problem (Bugzilla Bug 3776),mdemodulepkg,medium,low,0.8,Similar to other mdemodulepkg issues without a clear indication of high severity.
qwen2.5:14b,A,9050,Retry up to 5 times while sending UFS DME request to fix timing problem (Bugzilla Bug 3775),mdemodulepkg,medium,low,0.8,Similar to other issues in mdemodulepkg without a clear indication of high severity.
qwen2.5:14b,A,10180,EDK2 TCG & HDD Drivers must transition from Variable Lock to Variable Policy (Bugzilla Bug 3774),securitypkg,high,low,0.85,"The issue involves transitioning security-related components from Variable Lock to Variable Policy, which is critical for security and reliability."
qwen2.5:14b,A,10178,Debug trace package integration to enable debug message capture on all targets. (Bugzilla Bug 3772),mdepkg,medium,low,0.8,The issue involves integrating a debug trace package which is likely to impact multiple components but does not indicate critical failure or severe performance issues.
qwen2.5:14b,A,10177,edk2-stable202111: Black screen when doing single GPU passthrough (cause: TPM 2 related bugfix) (Bugzilla Bug 3771),ovmfpkg,high,low,0.85,"The issue involves a critical failure (black screen) related to TPM 2, which is similar in severity to other high-priority issues affecting core functionality."
qwen2.5:14b,A,9049,AcpiView: incorrect dereference when parsing PPTT (Bugzilla Bug 3770),shellpkg,high,high,0.85,Similar to other high priority issues involving incorrect dereferences and parsing errors in shellpkg.
qwen2.5:14b,A,9048,StandaloneMmPkg/FvLib needs to support large file with EFI_FFS_FILE_HEADER2. (Bugzilla Bug 3769),standalonemmpkg,medium,low,0.8,Similar to other issues in StandaloneMmPkg that do not have a high severity label.
qwen2.5:14b,A,9047,Change DEBUG_CODE() to DEBUG_CODE_BEGIN/END() for complex C code  blocks (Bugzilla Bug 3767),shellpkg,low,low,0.8,The issue is about code style and does not impact functionality or performance.
qwen2.5:14b,A,10176,Cond expression logic is not functioning as expected in VFR (Bugzilla Bug 3763),-,medium,low,0.8,"The issue involves a logical error in VFR expressions, similar to other medium priority issues related to tool functionality."
qwen2.5:14b,A,10175,Python FMMT tool issue (Bugzilla Bug 3762),basetools,low,low,0.8,The issue is related to a Python tool and does not indicate critical functionality or security impact similar to other high priority issues.
qwen2.5:14b,A,10174,AhciPei doesn't detect CD ROM device (Bugzilla Bug 3761),mdemodulepkg,medium,medium,0.85,Similar to other firmware issues in MdeModulePkg with medium priority.
qwen2.5:14b,A,9046,Update source style for use of OPTIONAL keyword (Bugzilla Bug 3760),shellpkg,low,low,0.85,The issue is about updating source style and does not impact functionality or performance.
qwen2.5:14b,A,9045,MemoryAllocationLib fails in clang release builds (Bugzilla Bug 3758),mdepkg,high,low,0.85,Similar to other high priority issues in mdepkg related to build failures or critical library functions.
qwen2.5:14b,A,10173,Add registers of boot partitions feature to Nvme.h (Bugzilla Bug 3757),mdepkg,low,low,0.8,The issue is about adding registers to a header file and does not indicate any critical bugs or performance issues.
qwen2.5:14b,A,9044,Displaying SMBIOS Type38 fields in smbiosview command in formatted manner (Bugzilla Bug 3755),shellpkg,medium,low,0.85,Similar to other formatting and display issues in shellpkg.
qwen2.5:14b,A,9043,DxeCore Install mismatched LoadedImage Protocol when enable UniversalPayload (Bugzilla Bug 3754),uefipayloadpkg,high,low,0.8,The issue involves a critical mismatch in protocol installation which can lead to system instability or failure.
qwen2.5:14b,A,9042,BuildAndIntegrationInstructions should contain solution for a common coreboot integration issue (Bugzilla Bug 3753),uefipayloadpkg,medium,low,0.8,No specific severity indicators in the description compared to similar issues.
qwen2.5:14b,A,9041,VfrCompile: Numeric/one of opcode's Flag setting for bit field missing bit mask at VfrSyntax.g (Bugzilla Bug 3752),basetools,low,low,0.8,Similar to other syntax or compilation issues in basetools package which are typically low priority.
qwen2.5:14b,A,9040,Check routine from Mm Communication from Arm package fails unnecessarily (Bugzilla Bug 3751),armpkg,medium,low,0.8,Similar to other issues in armpkg that do not explicitly indicate severe consequences.
qwen2.5:14b,A,9039,Update max job time from 60 min to 120 minutes in .azurepipelines/templates (Bugzilla Bug 3750),-,low,low,0.8,The issue is about updating job time in CI/CD configuration and does not impact firmware or tool functionality directly.
qwen2.5:14b,A,9038,Update Package YAML files to ignore specific ECC files/errors (Bugzilla Bug 3749),shellpkg,medium,low,0.85,Similar to other issues in shellpkg that do not have a high severity classification.
qwen2.5:14b,A,9036,Update EmulatorPkg Win Host [BuildOptions] MSFT CC_FLAGS to not force debug information (Bugzilla Bug 3747),emulatorpkg,medium,low,0.8,Similar to other build configuration and optimization issues in different packages.
qwen2.5:14b,A,9035,Update pytool LicenseCheck plugin to use temp directory for diff output file (Bugzilla Bug 3746),-,low,low,0.8,The issue is about updating a plugin's functionality and does not indicate critical system failure or severe performance impact.
qwen2.5:14b,A,9034,OvmfPkg: Remove unused print service driver (Bugzilla Bug 3744),ovmfpkg,low,low,0.8,The bug involves removing an unused driver which is likely to have minimal impact on functionality or stability.
qwen2.5:14b,A,9030,"[UEFIPayLoad]While BootMenuApp build in UEFI payload, pcd in BootMenuApp will not be override (Bugzilla Bug 3740)",uefipayloadpkg,medium,low,0.8,Similar to other issues in uefipayloadpkg without a clear indication of severity beyond typical build or configuration problems.
qwen2.5:14b,A,9029,Update all C/H files in edk2 repo to use DEBUG_* defines instead of EFI_D_* defines (Bugzilla Bug 3739),shellpkg,medium,low,0.85,The issue involves updating code definitions but does not indicate critical functionality or security impact.
qwen2.5:14b,A,10172,ASSERT in NetworkPkg/TcpDxe/TcpOutput.c (Bugzilla Bug 3735),networkpkg,high,low,0.85,ASSERT errors typically indicate severe issues that can cause system instability or crashes.
qwen2.5:14b,A,10171,DynamicHii PCD will occupy PCD DB unnecessarily. (Bugzilla Bug 3734),mdemodulepkg,high,low,0.85,The issue involves unnecessary occupation of PCD DB which could lead to significant resource management problems.
qwen2.5:14b,A,9027,time_t typedef is incorrect (Bugzilla Bug 3733),cryptopkg,low,low,0.8,Similar to other issues in cryptopkg that are classified as low priority.
qwen2.5:14b,A,9026,Recent change to AhciMode.c Potentially Causes NULL Pointer Access (Bugzilla Bug 3732),mdemodulepkg,high,high,0.85,The issue involves potential NULL pointer access which is a critical bug type similar to other high priority issues in mdemodulepkg.
qwen2.5:14b,A,9025,Fix OvmfPkg Microvm builds with VS2019 NOOPT (edk2-stable202111) (Bugzilla Bug 3731),ovmfpkg,medium,low,0.8,Similar to other build-related issues in OvmfPkg that are typically medium priority.
qwen2.5:14b,A,10170,We lost some stack unwind termination logic when we dropped .S files. (Bugzilla Bug 3730),mdepkg,high,low,0.85,The issue involves losing stack unwind termination logic which is critical for proper program execution and error handling.
qwen2.5:14b,A,10169,Add ReportStatusCodeRouterRuntimeDxe & StatusCodeHandlerRuntimeDxe into UefiPayloadPkg's DXE A Priori file (Bugzilla Bug 3729),uefipayloadpkg,low,medium,0.8,The issue is about adding modules to a DXE A Priori file without indicating critical functionality or performance impact.
qwen2.5:14b,A,9024,Use SMM Interrupr Shadow Stack (Bugzilla Bug 3728),ueficpupkg,low,low,0.8,Similar to other issues in ueficpupkg with low priority.
qwen2.5:14b,A,10168,Add more unit tests for YAML config editor with CLI capability (Bugzilla Bug 3727),intelfsp2pkg,medium,low,0.8,The issue focuses on adding unit tests which is a development task rather than fixing a critical bug or performance issue.
qwen2.5:14b,A,9023,Fix VS2019 build issue with OvmfPkg/Bhyve (Bugzilla Bug 3724),ovmfpkg,medium,low,0.8,Similar to other build issues in OvmfPkg that are typically medium priority.
qwen2.5:14b,A,10165,Fix EmbeddedPkg VS2019 X64 NOOPT build issues (Bugzilla Bug 3723),embeddedpkg,medium,low,0.8,Similar to other build issues that have been classified as medium priority.
qwen2.5:14b,A,9022,Fix VS2019 NOOPT build issues with OvmfPkg/OvmfXen.dsc platform (Bugzilla Bug 3722),ovmfpkg,medium,low,0.8,Similar to other build issues in ovmfpkg which are typically medium priority.
qwen2.5:14b,A,10164,Action is set to 'untested' if image is unsigned and hash not found in DB/DBX (Bugzilla Bug 3721),securitypkg,high,low,0.85,"The issue involves security actions for unsigned images and missing hashes in DB/DBX, which could lead to critical system vulnerabilities."
qwen2.5:14b,A,9021,Action is set to 'untested' if image signature is not found in DB (Bugzilla Bug 3720),securitypkg,high,low,0.85,"The issue involves image signature verification and setting action to 'untested', which could have significant security implications similar to other high-priority issues in the securitypkg package."
qwen2.5:14b,A,9020,DnsDxe: Host2Address pointer in response token is not null on error (Bugzilla Bug 3719),networkpkg,medium,low,0.8,Similar to other networkpkg issues without a high severity label.
qwen2.5:14b,A,9019,BaseTools/DevicePath: DevicePatch should support PCD value Lengths longer than now (Bugzilla Bug 3718),basetools,medium,low,0.85,Similar to other BaseTools issues that do not explicitly indicate critical failures or severe memory corruption.
qwen2.5:14b,A,10163,__clang__ flipped to __FILE_NAME__ vs. __FILE__ breaking our ASSERT strategy. (Bugzilla Bug 3716),mdepkg,high,low,0.85,"The issue involves a breaking change in ASSERT strategy with Clang, similar to other high priority issues related to compiler compatibility and build failures."
qwen2.5:14b,A,10162,Some tools fail to compile for NOOPT with clang-13. (Bugzilla Bug 3715),basetools,medium,medium,0.8,Similar to other compilation issues in BaseTools package.
qwen2.5:14b,A,9018,Changing UFS descriptor configuration and retry for support device can't response in time (Bugzilla Bug 3714),mdemodulepkg,medium,low,0.8,Similar to other issues in mdemodulepkg without a clear indication of severity beyond typical functionality problems.
qwen2.5:14b,A,10161,Adding support switch Gear mode and disable LCC when UFS PEI driver initialization (Bugzilla Bug 3713),mdemodulepkg,medium,low,0.8,Similar to other mdemodulepkg issues without a clear indication of high severity.
qwen2.5:14b,A,10160,Rename XenTimerDxe to LocalApicTimerDxe and replace 8254 timer in OvmfPkg (Bugzilla Bug 3711),ovmfpkg,medium,low,0.8,Similar to other OvmfPkg issues without a clear indication of severity beyond routine maintenance or enhancement.
qwen2.5:14b,A,9016,MessageLength is counting in communicate header for variable policy operations (Bugzilla Bug 3709),mdemodulepkg,medium,medium,0.8,Similar to other mdemodulepkg issues with medium priority.
qwen2.5:14b,A,10159,OvmfPkgX64 RELEASE build fails with clang-13. (Bugzilla Bug 3704),ovmfpkg,high,low,0.85,Build failure issues with specific compilers often indicate severe problems that can block development and testing efforts.
qwen2.5:14b,A,9012,UFS MMIO address overflow issue observed when find more than one UFS HC (Bugzilla Bug 3703),mdemodulepkg,medium,low,0.85,Similar to other mdemodulepkg issues with medium priority due to MMIO address overflow impacting functionality but not explicitly critical system failure.
qwen2.5:14b,A,9009,MdeModulePkg\Library\DxeCapsuleLibFmp use deprecated interface to lock variable (Bugzilla Bug 3699),mdemodulepkg,medium,medium,0.8,Similar to other mdemodulepkg issues without a clear indication of high severity.
qwen2.5:14b,A,9006,HttpBootDxe rejected bootloaders with upper-case file extensions (Bugzilla Bug 3694),networkpkg,medium,low,0.8,Similar to other networkpkg issues but lacks high severity indicators like system crashes or critical build failures.
qwen2.5:14b,A,10156,FL1100 usb chipset/Mac OS OVMF/XhciDxe issues with bootable usb 3.0 devices (Bugzilla Bug 3693),ovmfpkg,medium,low,0.8,Similar to other OVMF/XhciDxe issues with specific hardware and OS compatibility problems.
qwen2.5:14b,A,10155,Add support for config editor to handle multiple instance of UPD for bootloader use case (Bugzilla Bug 3692),intelfsp2pkg,medium,low,0.8,Similar to other issues in intelfsp2pkg without a clear indication of severity beyond standard development task.
qwen2.5:14b,A,9003,microvm: add support for virtio-mmio devices (Bugzilla Bug 3689),ovmfpkg,high,low,0.85,"The issue involves adding support for virtio-mmio devices in OvmfPkg, similar to other high-priority issues affecting firmware functionality."
qwen2.5:14b,A,9001,VFR Compiler generated random data in output files when unnamed fields used in HII C structure (Bugzilla Bug 3687),basetools,medium,low,0.85,Similar to other tool-related issues in basetools package with medium priority.
qwen2.5:14b,A,10154,HII related GUIDs don’t end up in the Guid.xref file (Bugzilla Bug 3685),-,medium,low,0.8,"The issue is related to HII GUIDs not being correctly included in a file, which impacts build processes but does not seem to cause critical runtime failures or security vulnerabilities."
qwen2.5:14b,A,10153,Microcode must be measured by TPM. (Bugzilla Bug 3683),ueficpupkg,high,low,0.85,Similar to other high priority issues in ueficpupkg related to microcode and security features like TPM.
qwen2.5:14b,A,8996,MdeModulePkg/Core/Dxe: Lock when iterates the gHandleList (Bugzilla Bug 3680),mdemodulepkg,medium,low,0.85,Similar to other MdeModulePkg issues with locking concerns.
qwen2.5:14b,A,8995,Configure/Enable elliptic curve ciphers in OpenSSL in EDK2 (Bugzilla Bug 3679),cryptopkg,medium,high,0.8,Similar to other OpenSSL configuration issues in cryptopkg.
qwen2.5:14b,A,10152,Add support for RISCV64 to RngDxe and BaseRngLib (Bugzilla Bug 3676),mdepkg,high,low,0.85,The issue involves adding support for a new architecture which is critical and aligns with high priority architectural changes in similar issues.
qwen2.5:14b,A,8992,How Can I get in touch with cash app customer service? (Bugzilla Bug 3673),armpkg,low,low,0.85,The issue is about customer service contact information and not a technical bug or feature request.
qwen2.5:14b,A,10151,DescribeExceptionSyndrome() has the wrong encoding for SP alignment fault. (Bugzilla Bug 3669),armpkg,high,low,0.85,"The issue involves incorrect encoding for a critical exception syndrome in ARM architecture, similar to other high-priority issues related to architectural correctness and stability."
qwen2.5:14b,A,8988,MdeModulePkg/Core/Dxe: Add lock protection in CoreLocateHandleBuffer() (Bugzilla Bug 3666),mdemodulepkg,medium,low,0.85,Similar to other issues in MdeModulePkg that involve adding protections but do not indicate critical failures or security vulnerabilities.
qwen2.5:14b,A,10150,Errors during compilation will be garbled (Bugzilla Bug 3664),mdepkg,medium,high,0.8,Similar to other compilation issues in mdepkg which are typically medium priority.
qwen2.5:14b,A,8986,Errors during compilation will be garbled (Bugzilla Bug 3663),mdepkg,medium,high,0.8,Similar to other compilation issues in mdepkg which are typically medium priority.
qwen2.5:14b,A,8985,Missing parameter in DEBUG print in XhciInitializeDeviceSlot() in XhciSched.c (Bugzilla Bug 3662),mdemodulepkg,low,low,0.8,The bug involves a missing parameter in a DEBUG print statement which is unlikely to cause functional issues.
qwen2.5:14b,A,8984,Calling deprecated interface in FmpDevicePkg (Bugzilla Bug 3655),fmpdevicepkg,medium,medium,0.8,The issue involves calling deprecated interfaces but does not indicate severe consequences like security vulnerabilities or critical build failures.
qwen2.5:14b,A,10149,Set default Makefile name when building module/libraries target (Bugzilla Bug 3653),basetools,medium,medium,0.8,Similar to other BaseTools issues but lacks severity indicators like 'high' priority bugs.
qwen2.5:14b,A,10148,Move StandaloneMmPkg/Drivers/StandaloneMmCpu driver and EntryPointLib to ArmPkg (Bugzilla Bug 3652),standalonemmpkg,medium,low,0.8,Similar to other driver and library relocation issues in different packages.
qwen2.5:14b,A,10147,Remove DxeIpl dependency on ArmPkg (Bugzilla Bug 3651),mdemodulepkg,medium,low,0.8,Similar to other dependency and module build issues in mdemodulepkg.
qwen2.5:14b,A,10146,Move GccLto binaries from ArmPkg to Basetools to better align with usage (Bugzilla Bug 3650),basetools,medium,low,0.8,Similar to other Basetools issues that are medium priority due to tooling impact but not critical system failures.
qwen2.5:14b,A,10144,Align the *MmuLib definitions in ArmPkg to allow common layers to exist (Bugzilla Bug 3647),armpkg,medium,low,0.8,Similar to other package-specific alignment and definition issues.
qwen2.5:14b,A,8982,TCG_DEVICE_SECURITY_EVENT_DATA_VERSION   definition should be 1 (Bugzilla Bug 3646),mdepkg,medium,low,0.85,Similar to other issues in mdepkg without a clearly higher or lower severity indication.
qwen2.5:14b,A,10143,The CCFlag generated in PcdValueInit makefile is incorrect when a -D statement contains a space (Bugzilla Bug 3645),basetools,high,low,0.85,The issue affects build correctness and reliability similar to other high priority issues in basetools package.
qwen2.5:14b,A,10142,BaseTools: Dsc Parser scanning same file/line in code multiple times even if condition is False (Bugzilla Bug 3643),basetools,medium,low,0.85,Similar to other BaseTools issues with medium priority.
qwen2.5:14b,A,8981,IntelFsp2WrapperPkg : FSPM/S UPD data address based on Build Type (Bugzilla Bug 3642),intelfsp2wrapperpkg,medium,medium,0.8,Similar to other issues in IntelFsp2WrapperPkg with medium priority.
qwen2.5:14b,A,10141,OVMF_CODE/VARS unable to reboot a mac os vm during installation (only first stage) (Bugzilla Bug 3640),ovmfpkg,high,low,0.85,"The issue affects OVMF_CODE/VARS and impacts reboot functionality during installation on a specific OS, indicating potential critical system failure."
qwen2.5:14b,A,10140,CPU Stack Guard cannot be enabled (Bugzilla Bug 3639),ueficpupkg,high,low,0.85,Similar to other high priority issues in ueficpupkg related to critical security features.
qwen2.5:14b,A,8980,Trim.py doesn't always properly report encoding error (Bugzilla Bug 3637),basetools,low,low,0.8,The bug is related to a tool (trim.py) and does not indicate severe consequences like system crashes or security vulnerabilities.
qwen2.5:14b,A,10139,Shell appears to be stalled or so when started headless (Bugzilla Bug 3636),shellpkg,medium,low,0.8,The issue is related to shell functionality but does not indicate a critical security or performance flaw.
qwen2.5:14b,A,8979,PciTestSupportedAttribute logic should be changed. (Bugzilla Bug 3635),mdemodulepkg,medium,medium,0.85,Similar to other mdemodulepkg issues with medium priority.
qwen2.5:14b,A,8978,Cpu feature data stored in memory by PEI AllocatePool() may be migrated to different location when CpuS3 reads (Bugzilla Bug 3634),ueficpupkg,high,high,0.85,Similar to other high priority issues in ueficpupkg related to memory management and CPU features during S3 resume.
qwen2.5:14b,A,8977,MdeModulePackage/PeiDxeDebugLibReportStatusCode：Add Standalone MM support (Bugzilla Bug 3633),mdemodulepkg,medium,medium,0.85,Similar to other issues in mdemodulepkg with medium priority.
qwen2.5:14b,A,8975,CpuFeaturesPei and PiSmmCpuSmmDxe initialize the CPU features twice in S3 boot (Bugzilla Bug 3631),ueficpupkg,medium,high,0.8,Similar to other issues in mdemodulepkg and mdepkg with medium priority.
qwen2.5:14b,A,8974,Mm Communication Ppi is not defined in MdePkg (Bugzilla Bug 3629),mdepkg,high,low,0.85,The issue involves a missing PPI definition in MdePkg which could lead to critical system failures or undefined behavior.
qwen2.5:14b,A,8973,CoreSetMemorySpaceCapabilities is receiving memory map entries unknown to it (Bugzilla Bug 3628),mdemodulepkg,medium,medium,0.85,Similar to other MdeModulePkg issues classified as medium severity.
qwen2.5:14b,A,8971,AppPkg: Add support for atexit builtin module in Py 3.6.8 (Bugzilla Bug 3626),-,low,low,0.8,The issue is about adding support for a built-in module in Python and does not indicate critical system failure or security vulnerability.
qwen2.5:14b,A,8970,Refactor initialization of CPU features during S3 resume (Bugzilla Bug 3621),ueficpupkg,medium,high,0.8,Similar to other S3 resume related issues in ueficpupkg which are generally medium priority.
qwen2.5:14b,A,8969,CryptoPkg/BaseCryptLib: Pkcs7Verify() does extra buffer malloc and copy (Bugzilla Bug 3617),cryptopkg,medium,low,0.8,Similar to other CryptoPkg issues with moderate impact.
qwen2.5:14b,A,8968,"GdbStub, GdbSerialDebugPortLib, and FwVol have multiple 64->32 conversion errors (Bugzilla Bug 3616)",embeddedpkg,high,low,0.85,The issue involves multiple conversion errors in critical components which could lead to severe bugs or security vulnerabilities.
qwen2.5:14b,A,8967,Need to add debug message for indicating IBB is successfully verified OBB (Bugzilla Bug 3615),securitypkg,low,low,0.8,The bug involves adding a debug message and does not impact functionality or stability.
qwen2.5:14b,A,8966,bad one title bandoned (Bugzilla Bug 3614),securitypkg,low,low,0.8,"The title is vague and marked as abandoned, indicating low severity."
qwen2.5:14b,A,10137,Error Message is misleading when enrolling security boot keys failed (Bugzilla Bug 3608),securitypkg,medium,low,0.8,Similar to other issues in securitypkg that do not have a high severity label.
qwen2.5:14b,A,8965,Can not access new members added to SMBIOS_TABLE_TYPE9 structure after variable data (Bugzilla Bug 3607),mdepkg,medium,low,0.75,No specific severity indicators in the description compared to similar issues.
qwen2.5:14b,A,8964,VMs that created from CentOS-7-x86_64-DVD-1708.iso fail to boot (Bugzilla Bug 3606),ovmfpkg,high,low,0.85,"The issue affects booting of VMs created from a specific ISO, similar to other high-priority issues affecting OvmfPkg functionality."
qwen2.5:14b,A,8963,SecurityPkg/MemoryOverwriteControl: DEBUG print missing argument (Bugzilla Bug 3605),securitypkg,low,low,0.85,Similar to other DEBUG print issues in the same package.
qwen2.5:14b,A,10136,Build races+failure with -j > 1 in MAKEFLAGS (Bugzilla Bug 3604),-,medium,low,0.8,No specific package is mentioned and severity level is not clearly high or low based on description.
qwen2.5:14b,A,8962,UefiPayloadPkg: build warnings for IA32+X64 (GCC) (Bugzilla Bug 3603),ueficpupkg,medium,low,0.85,Build warnings are less severe than errors but still need addressing for code quality and maintainability.
qwen2.5:14b,A,10135,The $(MODULE_DIR) variable cannot work properly in INF file (Bugzilla Bug 3600),basetools,medium,high,0.85,Similar to other build tool issues but lacks critical failure symptoms like crashes or system bricks.
qwen2.5:14b,A,8957,"gcc_[arm,aarch64]_linux_ext_dep.yaml should download GCC releases from Arm, not Linaro (Bugzilla Bug 3594)",basetools,low,low,0.8,The issue is about updating a dependency source URL and does not impact functionality directly.
qwen2.5:14b,A,8956,OVMF: use qemu firmware config instead of cmos for memory detection (Bugzilla Bug 3593),ovmfpkg,medium,low,0.8,Similar to other issues in ovmfpkg without a clearly higher or lower severity indication.
qwen2.5:14b,A,10134,PciBusDxe：disable option rom decode (Bugzilla Bug 3592),mdemodulepkg,medium,low,0.8,Similar to other issues in mdemodulepkg with medium priority.
qwen2.5:14b,A,8954,The BootManagerMenuApp would show incorrect when the boot option description is too long (Bugzilla Bug 3590),mdemodulepkg,medium,low,0.85,Similar to other mdemodulepkg issues with medium priority.
qwen2.5:14b,A,10133,UefiPayloadPkg: assert error in PeiPcdLib (Bugzilla Bug 3587),uefipayloadpkg,medium,low,0.8,Similar to other issues in UefiPayloadPkg with assert errors and medium priority.
qwen2.5:14b,A,8953,UefiPayloadPkg: build error (Bugzilla Bug 3586),uefipayloadpkg,medium,low,0.8,Similar to other build error issues which are typically medium priority unless they block critical functionality or have high impact.
qwen2.5:14b,A,8952,UefiPayloadPkg: payload error (Bugzilla Bug 3585),uefipayloadpkg,medium,high,0.8,"No specific severity indicators, similar to other medium priority issues in same package."
qwen2.5:14b,A,8951,Update mPatchCetSupported set  condition (Bugzilla Bug 3584),ueficpupkg,low,low,0.8,The issue does not indicate any severe impact or high-level functionality issues similar to those in higher priority examples.
qwen2.5:14b,A,10132,remove TcgMorLockSmm (Bugzilla Bug 3583),securitypkg,low,low,0.8,The issue is about removing a module which does not indicate critical functionality or security impact.
qwen2.5:14b,A,10131,Reset loop encountered when running with OVMF and Windows2012R2 guest (Bugzilla Bug 3582),ovmfpkg,high,low,0.85,"The issue involves a reset loop encountered when running with OVMF and Windows guest, similar to other high priority issues related to critical system failures."
qwen2.5:14b,A,8950,shell invocation might cause inconsistencies in memory maps presented to a operating system (Bugzilla Bug 3581),shellpkg,medium,low,0.85,Similar to other shellpkg issues with medium priority.
qwen2.5:14b,A,8949,PMTT memory device definitions do not match code (Bugzilla Bug 3579),mdepkg,medium,low,0.85,Similar to other issues in mdepkg with medium priority.
qwen2.5:14b,A,10129,Structure Pcd and Structure Array Pcd is not working properly (Bugzilla Bug 3577),basetools,medium,low,0.85,Similar to other BaseTools issues that are not critical but require attention.
qwen2.5:14b,A,8948,Missing QemuKernelLoaderFsDxe in OvmfXen (Bugzilla Bug 3574),ovmfpkg,medium,low,0.8,Similar to other issues in ovmfpkg with medium priority.
qwen2.5:14b,A,8947,OvmfXen boot failed at SaveS3BootScript() (Bugzilla Bug 3573),ovmfpkg,high,low,0.85,Similar to other high priority issues in ovmfpkg related to boot failures.
qwen2.5:14b,A,8946,setup browser stucked when frequently plug and unplug usb storege (Bugzilla Bug 3571),mdemodulepkg,medium,low,0.8,Similar to other mdemodulepkg issues without explicit severity indicators.
qwen2.5:14b,A,8944,CoreValidateHandle has the risk of invalid memory access (Bugzilla Bug 3569),mdemodulepkg,high,low,0.85,Similar to other high priority issues in mdemodulepkg related to memory access risks.
qwen2.5:14b,A,8942,Enable Config Editor tool support for config file and binary delta comparison (Bugzilla Bug 3567),intelfsp2pkg,medium,low,0.8,Similar to other issues in intelfsp2pkg without a clear indication of high severity.
qwen2.5:14b,A,10128,edk2-stable202108 - Change FV Header to FileSystemGuid3 when using GenFv/GenFds (Bugzilla Bug 3566),basetools,low,low,0.8,The issue is about changing FV Header and does not indicate critical system failure or security vulnerability.
qwen2.5:14b,A,8940,MdeModulePkg/PeiCore: Remove MigrateSecModulesInFv() (Bugzilla Bug 3564),mdemodulepkg,medium,low,0.8,Similar to other MdeModulePkg issues without a high severity label.
qwen2.5:14b,A,10127,BaseTools: Generate EFI variable default value binary file in the build phase (Bugzilla Bug 3562),basetools,low,low,0.8,The issue is about generating a default value binary file which seems to be an enhancement rather than a critical bug or performance issue.
qwen2.5:14b,A,8936,Learn how to use the Cash app refund to challenge a Cash transaction? (Bugzilla Bug 3558),armplatformpkg,low,low,0.9,The issue is about using a financial app feature and does not relate to software development or bug reporting.
qwen2.5:14b,A,8935,Get Chime Customer Service If Require Experts Support Immediately (Bugzilla Bug 3557),armplatformpkg,low,low,0.8,"The title does not indicate a technical bug or critical system failure, resembling more of a support request."
qwen2.5:14b,A,8934,Understand How Much Money Can You Send On Cash App Account (Bugzilla Bug 3555),armplatformpkg,low,low,0.9,"The issue is about understanding financial limits on a payment app and does not relate to firmware, tools, or unit tests."
qwen2.5:14b,A,8933,Remote Interpretation Services (Bugzilla Bug 3554),-,medium,low,0.8,"No specific severity indicators provided, similar to other medium priority issues without high or low severity markers."
qwen2.5:14b,A,8932,Public Adjuster Toronro (Bugzilla Bug 3553),-,low,low,0.85,The title and body do not indicate any technical issues or severity related to known packages or bug types.
qwen2.5:14b,A,8931,Claims Adjuster Toronto (Bugzilla Bug 3552),-,low,low,0.9,The issue is unrelated to EDKII or software development and appears to be a job listing or advertisement.
qwen2.5:14b,A,10126,"ConvertAsn1TimeToEfiTime function, SetMem actual params out of order (Bugzilla Bug 3550)",cryptopkg,medium,low,0.8,Similar to other issues in cryptopkg with medium priority.
qwen2.5:14b,A,8929,OPEN_MAX limit value 20 from StdLib/Include/sys/syslimits.h causes Python interpreter 3.6.8 to fail with error IOError: [Errno 24] Too many open files (Bugzilla Bug 3548),-,medium,low,0.8,The issue affects a specific component (StdLib) and causes a failure in Python interpreter but does not indicate widespread system instability or severe performance degradation.
qwen2.5:14b,A,8927,How to get a cash app refund by raising a dispute? (Bugzilla Bug 3546),-,low,low,0.9,The issue is about a refund dispute process and not related to software development or technical problems.
qwen2.5:14b,A,10125,[MdePkg/BaseLib] Unaligned APIs cannot be called safely (Bugzilla Bug 3542),mdepkg,high,low,0.85,"The issue involves unaligned APIs which can lead to crashes or undefined behavior, similar in severity to other high-priority issues related to critical functionality."
qwen2.5:14b,A,8924,Get WordPress website development services from experts (Bugzilla Bug 3530),armpkg,low,low,0.9,The issue is about seeking WordPress development services and does not relate to EDK2 package issues or tooling problems.
qwen2.5:14b,A,8923,Online Guidance (Bugzilla Bug 3529),armvirtpkg,low,low,0.8,The issue lacks specific technical details indicating high severity.
qwen2.5:14b,A,8921,How to perform Roadrunner email settings? (Bugzilla Bug 3527),armvirtpkg,low,low,0.85,The issue is about email settings and does not appear to be a technical bug or build failure.
qwen2.5:14b,A,8920,FSP NotifyPhase APIs caused 100ms delay in chrome platform. (Bugzilla Bug 3525),mdemodulepkg,medium,low,0.8,Similar to other mdemodulepkg issues that are medium priority.
qwen2.5:14b,A,8919,How can I change my AOL Password? (Bugzilla Bug 3523),armvirtpkg,low,low,0.85,The issue is about changing a password and does not relate to software bugs or system failures.
qwen2.5:14b,A,10122,.uni and .idf files cannot be used together (Bugzilla Bug 3517),basetools,medium,low,0.85,Similar to other BaseTools issues that are classified as medium priority due to build and tooling concerns.
qwen2.5:14b,A,8917,SyncPcrAllocationsAndPcrMask should trigger PCR bank reallocation based on BIOS HashLib instances. (Bugzilla Bug 3515),securitypkg,high,high,0.85,The issue involves PCR bank reallocation and BIOS HashLib instances which are critical security features.
qwen2.5:14b,A,10121,MOR bit heuristic in Variable/RuntimeDxe/TcgMorLockSmm.c incompatible with StandaloneMM (Bugzilla Bug 3513),mdemodulepkg,high,low,0.85,"The issue involves compatibility problems with StandaloneMM and MOR bit heuristic in TcgMorLockSmm.c, similar to other high-priority issues affecting core security modules like TCG."
qwen2.5:14b,A,8916,Pointer size mismatch in EvacuateTempRam() (Bugzilla Bug 3512),mdemodulepkg,high,low,0.85,Pointer size mismatch can lead to serious memory corruption issues.
qwen2.5:14b,A,10120,Enable CI for edk2-platforms (Bugzilla Bug 3509),-,medium,low,0.8,The issue is about enabling CI which is a process improvement rather than fixing a critical bug or performance regression.
qwen2.5:14b,A,8914,Sort CpuCacheInfo array in CpuCacheInfoLib (Bugzilla Bug 3508),ueficpupkg,low,low,0.8,Similar to other low priority issues in ueficpupkg package related to array sorting and organization.
qwen2.5:14b,A,10119,Edk2/NetworkPkg/HttpBoot: Adding HTTP boot IO timeout programmability from PcdHttpIoTimeout (Bugzilla Bug 3507),networkpkg,medium,medium,0.8,Similar to other NetworkPkg issues that do not specify critical impact.
qwen2.5:14b,A,8913,UefiCpuPkg ResetVector Tool Support for Python 3 (Bugzilla Bug 3506),ueficpupkg,medium,low,0.8,Similar to other tool support issues in the same package.
qwen2.5:14b,A,8912,Use of kernel/initrd/append option doesn't load VM (Bugzilla Bug 3504),ovmfpkg,high,medium,0.85,The issue impacts VM loading which is critical and similar to other high priority issues in ovmfpkg.
qwen2.5:14b,A,8911,Empty TPM Platform Auth (Bugzilla Bug 3499),-,medium,high,0.7,"No specific severity indicators provided, similar to other issues without explicit high or low priority labels."
qwen2.5:14b,A,8908,HTTPS Additional Event Notifications (Bugzilla Bug 3496),networkpkg,medium,low,0.85,Similar to other networkpkg issues without high severity indicators.
qwen2.5:14b,A,10115,GetNextDevicePathInstance does not work correctly when Size parameter is NULL (Bugzilla Bug 3495),basetools,medium,low,0.85,Similar to other issues in basetools package without a clear indication of high severity.
qwen2.5:14b,A,8907,"""PCI Express Gen 4"" SlotID display information support is not added in ShellPkg (Bugzilla Bug 3493)",shellpkg,medium,low,0.8,Similar to other ShellPkg issues that are medium priority.
qwen2.5:14b,A,8906,UefiCpuPkg: SecCoreNative without ResetVector (Bugzilla Bug 3492),ueficpupkg,high,low,0.85,Similar to other high priority issues in ueficpupkg related to critical boot and security components.
qwen2.5:14b,A,8904,SMM memory management: Inspect memory guarded with pool headers (Bugzilla Bug 3488),mdemodulepkg,high,low,0.85,"The issue involves SMM memory management and inspection of pool headers, which is critical for system security and stability."
qwen2.5:14b,A,8903,Measured boot configurations will still compute hashes for TPM PCRs which are inactive. (Bugzilla Bug 3487),securitypkg,high,medium,0.85,"The issue involves security configurations and TPM PCRs, similar to other high-priority security issues in the securitypkg package."
qwen2.5:14b,A,8902,IntelFsp2Pkg: BaseCacheLib EfiProgramMtrr MtrrNumber Should be UINT32 (Bugzilla Bug 3485),intelfsp2pkg,low,low,0.8,The issue is about data type correction which typically does not impact system stability or functionality critically.
qwen2.5:14b,A,8901,RamDiskDxe crashes if ramdisks are registered via notify event (Bugzilla Bug 3483),mdemodulepkg,medium,low,0.85,Similar to other mdemodulepkg issues with medium priority.
qwen2.5:14b,A,8898,What is the purpose of 123.hp.com? (Bugzilla Bug 3480),armplatformpkg,low,low,0.8,The issue is about understanding a website URL and does not relate to software bugs or functionality issues.
qwen2.5:14b,A,8896,IntelFsp2Pkg: PatchFv parseInfFile function modification (Bugzilla Bug 3476),intelfsp2pkg,medium,medium,0.8,Similar to other package-specific issues without critical system failure implications.
qwen2.5:14b,A,8895,edk2 does not ignore PMBR protective record BootIndicator as required by UEFI spec (Bugzilla Bug 3474),mdemodulepkg,medium,low,0.85,Similar to other mdemodulepkg issues with medium priority.
qwen2.5:14b,A,10114,"UEFI: Drops offer from server and errors out ""BootFile does not exist"" (Bugzilla Bug 3471)",networkpkg,medium,low,0.8,Similar to other networkpkg issues with medium priority.
qwen2.5:14b,A,8891,"Build tools cannot parse #if FixedPcdGetBool , used in header file of Structure PCD (Bugzilla Bug 3465)",basetools,medium,low,0.85,Similar to other build tool issues in basetools package.
qwen2.5:14b,A,8890,TPM must go to Idle state on CRB command completion. (Bugzilla Bug 3463),securitypkg,high,low,0.85,"The issue involves a security-related requirement for TPM state management, similar to other high-priority security issues."
qwen2.5:14b,A,8889,Conditionally clear SMM exception shadow stack token busy bit. (Bugzilla Bug 3462),ueficpupkg,medium,medium,0.85,Similar to other issues in ueficpupkg with medium priority.
qwen2.5:14b,A,10111,Secure Boot: Signed image SHA-256 hashes are not always checked against dbx (Bugzilla Bug 3461),securitypkg,high,low,0.85,"The issue involves a critical security feature (Secure Boot) that may not function as intended, potentially allowing unsigned images to run."
qwen2.5:14b,A,8888,[BaseTools] GenFw: Unsupported ELF R_RISCV_PCREL_LO12_S relocations 0x19 (Bugzilla Bug 3459),basetools,high,medium,0.85,The issue involves unsupported relocations in ELF files which can cause build failures or other critical issues.
qwen2.5:14b,A,8886,RSA PSS API had better enforce SaltSize to be same as DigestSize (Bugzilla Bug 3455),cryptopkg,medium,low,0.85,Similar to other cryptographic issues in cryptopkg but lacks critical severity indicators like system crashes or vulnerabilities.
qwen2.5:14b,A,8885,Spellcheck plugin finds fewer files when run on Linux (Bugzilla Bug 3454),-,low,low,0.8,The issue does not impact core functionality or performance critically.
qwen2.5:14b,A,10109,ipxe Boot throws exception when accessing SNP Interfaces (Bugzilla Bug 3453),networkpkg,medium,high,0.8,Similar to other networkpkg issues that are medium priority.
qwen2.5:14b,A,8884,VariablePolicy needs to replace VariableLock. (Bugzilla Bug 3449),mdemodulepkg,high,low,0.85,The issue involves replacing VariableLock with VariablePolicy which is a significant change likely to impact system security and functionality.
qwen2.5:14b,A,8881,Update node to at least 12 to support cspell (Bugzilla Bug 3445),-,low,low,0.8,The issue is about updating a tool dependency and does not impact core functionality or security.
qwen2.5:14b,A,8880,spell check plugin for CI has incorrect file include patterns for invocation when a previous package modifies the standard list. (Bugzilla Bug 3443),-,medium,low,0.8,"The issue involves a CI plugin and file include patterns, similar to other medium priority issues related to build tools and plugins."
qwen2.5:14b,A,10107,The value of TPM_RC_BAD_TAG is wrong (Bugzilla Bug 3442),mdepkg,medium,low,0.8,Similar to other MdePkg issues that are medium priority.
qwen2.5:14b,A,8879,Device path has wrong FV path if the boot manager menu is from different FV (Bugzilla Bug 3441),mdemodulepkg,medium,low,0.8,Similar to other mdemodulepkg issues with medium priority.
qwen2.5:14b,A,8878,Add MM Configuration PPI definition to MdePkg (Bugzilla Bug 3440),mdepkg,low,low,0.85,The issue involves adding a PPI definition which is likely a feature request or minor enhancement rather than a critical bug.
qwen2.5:14b,A,10106,"only 2GB RAM reported I have this problem too. ESC key shows 8GB, Memmap in efi shell shows 2gb. Osx says 8gb. Ubuntu says 2gb (macbookpro10,1) uefipayload.. do u need the hw_probe info? (Bugzilla Bug 3439)",uefipayloadpkg,high,low,0.85,The issue involves a significant discrepancy in reported RAM size which can severely impact system functionality and reliability.
qwen2.5:14b,A,8877,Everything know How to reset support for Epson printer support ? (Bugzilla Bug 3438),-,low,low,0.8,The issue appears to be a support question rather than a technical bug or enhancement request.
qwen2.5:14b,A,8876,To Know About why Windows 10 Require an HP Support Assistant? (Bugzilla Bug 3437),-,low,low,0.9,The issue is about a user query regarding HP Support Assistant and does not relate to any technical bug or feature in the software packages.
qwen2.5:14b,A,8875,Get a solution if the user needs PayPal to cash app transfer (Bugzilla Bug 3436),-,low,low,0.9,The issue is related to a user request for a solution on transferring funds between financial services and does not pertain to software development or bug fixing.
qwen2.5:14b,A,8874,How do I talk to a cash app representative with no troublesome conditions? (Bugzilla Bug 3435),-,low,low,0.9,The issue is unrelated to software development and appears to be a general inquiry about customer support.
qwen2.5:14b,A,8871,BaseTools toolsetup.bat incorrectly checks for Split.exe to be build in C (Bugzilla Bug 3432),basetools,low,medium,0.8,"The issue is about a script incorrectly checking for an executable, which seems less critical than coding style or build issues."
qwen2.5:14b,A,8867,Build failure with GCC11 (Bugzilla Bug 3427),basetools,medium,low,0.8,Similar to other BaseTools issues but lacks severity indicators like ASSERT or critical functionality failure.
qwen2.5:14b,A,10104,UefiCpuPkg/CpuCommonFeaturesLib: Processor location information check needs to updated when Core 0 is disabled (Bugzilla Bug 3424),ueficpupkg,medium,low,0.8,Similar to other UefiCpuPkg issues with moderate severity.
qwen2.5:14b,A,8865,Enable BaseCryptLib in Smm (Bugzilla Bug 3423),cryptopkg,high,medium,0.85,Similar to other critical issues in cryptopkg related to security and build failures.
qwen2.5:14b,A,10103,UnitTestAssertNotEfiError fails with CONST pointers (Bugzilla Bug 3422),unittestframeworkpkg,low,medium,0.8,Similar to other low priority issues in unittestframeworkpkg related to test failures without severe impact.
qwen2.5:14b,A,8864,BdsDxe produces DEPRECATED INTERFACE messages. (Bugzilla Bug 3421),mdemodulepkg,medium,medium,0.85,Similar to other mdemodulepkg issues with medium priority.
qwen2.5:14b,A,10101,error: RPC failed; curl 56 GnuTLS recv error (-9): Error decoding the received TLS packet. fatal: the remote end hung up unexpectedly fatal: early EOF fatal: index-pack failed (Bugzilla Bug 3419),uefipayloadpkg,medium,low,0.8,The error seems related to a network or repository issue rather than a critical system failure.
qwen2.5:14b,A,8863,Having problem when xHCI create Setup Stage TRB (Bugzilla Bug 3418),mdemodulepkg,medium,low,0.85,Similar to other issues in mdemodulepkg with medium priority.
qwen2.5:14b,A,8860,ArmPkg: Fix maximum number of interrupts in GICv3 (Bugzilla Bug 3415),armpkg,medium,medium,0.8,Similar to other issues in ArmPkg with medium priority.
qwen2.5:14b,A,8859,Parameters passed to IsLanguageSupported () function inside LookupUnicodeString2() Needs to be interchanged. (Bugzilla Bug 3414),mdepkg,low,low,0.85,The bug involves a function parameter interchange which is likely to cause minor issues and does not impact critical system functionality.
qwen2.5:14b,A,8857,overly noisy deprecation warning in varlock / varpol compat code (Bugzilla Bug 3410),mdemodulepkg,low,low,0.85,The issue is related to deprecation warnings which are typically less severe than build failures or critical functionality issues.
qwen2.5:14b,A,10100,build.py: post-prebuild environment capturing breaks with multi-line variables (Bugzilla Bug 3409),basetools,medium,medium,0.85,Similar to other BaseTools issues that affect build processes but do not indicate critical failure or security impact.
qwen2.5:14b,A,8856,SupportedAttributes value in OpalGetSupportedAttributesInfo () is left undetermined and cause Descriptor.RemovalMechanism != 0 assertion (Bugzilla Bug 3408),securitypkg,medium,low,0.8,Similar to other security-related issues in the same package with medium priority.
qwen2.5:14b,A,10099,[StandaloneMmCore] StandaloneMmCore should not depend on uefi protocolsm & EfiSystemTable should not be used in the StandaloneMmCore (Bugzilla Bug 3407),standalonemmpkg,high,high,0.8,"The issue involves dependencies on UEFI protocols and system table usage in StandaloneMmCore, which are critical components that could lead to severe issues if misused."
qwen2.5:14b,A,10098,Basetools need check [Depex] section for MM_STANDALONE module type during build (Bugzilla Bug 3406),basetools,medium,medium,0.85,Similar to other build-related issues in basetools package without explicit severity indicators.
qwen2.5:14b,A,8855,AsmReadSs() for the GCC toolchain returns DS instead of SS (Bugzilla Bug 3405),mdepkg,high,low,0.85,The bug affects a critical assembly function and could lead to incorrect system state.
qwen2.5:14b,A,10097,Add -ffat-lto-objects option in GCC5 tool chain (Bugzilla Bug 3403),basetools,medium,medium,0.8,Similar to other toolchain and build configuration issues in BaseTools package.
qwen2.5:14b,A,10096,it will take too long time(about 40s) to save IIO Configuration SETUP value on EGS CRB board. (Bugzilla Bug 3402),mdemodulepkg,medium,low,0.75,Similar to other performance-related issues in mdemodulepkg that are typically classified as medium priority.
qwen2.5:14b,A,10095,Shell screen will show a redundant symbol after using Hexedit command under command line. (Bugzilla Bug 3401),shellpkg,low,low,0.85,"The bug involves a redundant symbol in the shell screen after using Hexedit command, which is likely less critical than other issues affecting functionality or performance."
qwen2.5:14b,A,10094,EFI_MM_COMMUNICATE_HEADER has architecture dependent sized field (Bugzilla Bug 3398),mdepkg,medium,medium,0.85,Similar to other MdeModulePkg issues classified as medium priority.
qwen2.5:14b,A,8852,MmControl.h in MdePkg has inconsistent names between prototype and usages (Bugzilla Bug 3397),mdepkg,medium,medium,0.85,Similar to other MdePkg issues that are typically medium priority due to naming inconsistencies.
qwen2.5:14b,A,8851,Add Config Editor tool support for YAML configuration editing (Bugzilla Bug 3396),intelfsp2pkg,medium,low,0.8,"The issue involves adding support for a new configuration editing tool, which is likely to be important but not critical."
qwen2.5:14b,A,8850,Bug fix for existing Yaml script for BSF to YAML conversion and array size check issue (Bugzilla Bug 3395),intelfsp2pkg,medium,low,0.8,"The bug involves a script fix and array size check, which is not critical but impacts build process reliability."
qwen2.5:14b,A,10092,Null pointers referenced in SecureBoot LoadSignattureData() and LoadSignatureList() (Bugzilla Bug 3392),securitypkg,high,low,0.85,Similar to other security-related issues in the securitypkg package that have been classified as high priority.
qwen2.5:14b,A,8848,build.py does not return failed status code when DSC POSTBUILD returns failed status code (Bugzilla Bug 3391),basetools,medium,medium,0.85,Similar to other build and tool issues in basetools package.
qwen2.5:14b,A,10091,Support of bit fields in IFR using GUIDed OpCode (Bugzilla Bug 3389),mdemodulepkg,medium,low,0.8,Similar to other issues in mdemodulepkg with no specific indicators of higher severity.
qwen2.5:14b,A,10090,About the efficiency of Shell command (Bugzilla Bug 3388),shellpkg,medium,low,0.8,Similar to other shellpkg issues with unspecified severity.
qwen2.5:14b,A,8847,SmmEntryPoint underflow allowing potential SMM privilege escalation (Bugzilla Bug 3387),mdemodulepkg,high,low,0.9,Potential SMM privilege escalation is a critical security vulnerability.
qwen2.5:14b,A,10089,CryptoPkg: Resource leaks in RsaSetKey() (Bugzilla Bug 3386),cryptopkg,high,low,0.9,Similar to other high priority issues in CryptoPkg related to security vulnerabilities like resource leaks.
qwen2.5:14b,A,8846,UefiCpuPkg MpLib.c: 'type cast' : conversion from 'int' to 'SEV_ES_AP_JMP_FAR *' of greater size (Bugzilla Bug 3385),ueficpupkg,high,low,0.85,The error involves a type cast conversion that could lead to undefined behavior or crashes in firmware execution.
qwen2.5:14b,A,8845,"Remove UefiBootManagerLib's assumption ""BootManagerMenuFile is in the same FV as the module links to this library"" (Bugzilla Bug 3384)",mdemodulepkg,medium,low,0.85,Similar to other mdemodulepkg issues with medium priority.
qwen2.5:14b,A,10088,Incorrect Makefile generation for Windows and C files (Bugzilla Bug 3382),-,medium,low,0.8,Similar to other issues involving toolchain or build system problems.
qwen2.5:14b,A,10087,"BaseTool: Under X64 arch, the structure PCD value is incorrect if its associate c struct has UINTN type attribute or pointer type attribute (Bugzilla Bug 3379)",basetools,medium,low,0.8,Similar to other BaseTools issues that do not explicitly indicate high severity.
qwen2.5:14b,A,10085,Keyboard does not work in VM-UEFI Boot Environment (Bugzilla Bug 3376),-,medium,low,0.8,The issue does not specify a package and lacks details on severity compared to existing examples.
qwen2.5:14b,A,10084,MdeModulePkg: Uninitialized pointer may be accessed when PEI Dispatcher evacuates content of temporary RAM (Bugzilla Bug 3374),mdemodulepkg,high,low,0.9,Uninitialized pointer access is a critical security vulnerability.
qwen2.5:14b,A,8841,Missing comma in initialization of mExceptionNameStr[] (Bugzilla Bug 3373),ueficpupkg,low,low,0.85,Similar to other minor code formatting or initialization issues in ueficpupkg.
qwen2.5:14b,A,8839,No tarball in 202102 release (Bugzilla Bug 3371),-,low,low,0.8,The issue is about missing tarball in a release and does not impact functionality or performance directly.
qwen2.5:14b,A,8838,No root-level directory in release archive (Bugzilla Bug 3370),-,medium,low,0.8,The issue does not specify a package and lacks details on severity compared to existing examples.
qwen2.5:14b,A,10083,Do we still need the extra CoreConnectController() calls by StartImage for EFI 1.02 compatibility? (Bugzilla Bug 3369),mdemodulepkg,medium,medium,0.8,Similar to other MdeModulePkg issues without a clear indication of severity beyond standard compatibility concerns.
qwen2.5:14b,A,10082,Pkcs7Sign.py should ignore alignment for generating sign buffer (Bugzilla Bug 3364),basetools,high,low,0.85,Similar to other high priority issues in basetools package related to script functionality and alignment.
qwen2.5:14b,A,8836,edk2 202102 fail to build (Illegal instruction) (Bugzilla Bug 3363),ovmfpkg,high,low,0.85,Build failures are typically high priority as they prevent development and testing.
qwen2.5:14b,A,10081,Changes required  for  STR_SMBIOSVIEW_PRINTINFO_BITS_48_64 to be  STR_SMBIOSVIEW_PRINTINFO_BITS_48_63 in smbiosviewstrings.uni (Bugzilla Bug 3362),shellpkg,low,low,0.85,The issue involves a string change in a file and does not indicate any critical functionality or security impact.
qwen2.5:14b,A,8835,"Support Target, ToolChain, or Architecture declared in DSC [BuildOptions] sections (Bugzilla Bug 3359)",basetools,medium,medium,0.85,Similar to other basetools issues with medium priority.
qwen2.5:14b,A,8834,CLANGPDB build fails in StandaloneMmCoreEntryPoint module (Bugzilla Bug 3358),standalonemmpkg,high,medium,0.85,Build failure issues in critical modules are typically high priority.
qwen2.5:14b,A,10080,The edksetup.sh should create a Conf folder if it doesn't exist (Bugzilla Bug 3357),-,low,medium,0.8,"The issue is about creating a missing folder in setup script, which is likely to have minor impact compared to other high priority issues."
qwen2.5:14b,A,8833,NetworkPkg/IScsiDxe: remotely exploitable buffer overflows (Bugzilla Bug 3356),networkpkg,high,low,0.9,The issue involves remotely exploitable buffer overflows which are critical security vulnerabilities.
qwen2.5:14b,A,8831,clean up TPM_ENABLE remnants in OvmfPkg/Bhyve (Bugzilla Bug 3354),ovmfpkg,low,low,0.8,The issue is about cleaning up remnants and does not indicate critical functionality or performance impact.
qwen2.5:14b,A,8830,BaseTools generated makefile tool definitions should be sorted (Bugzilla Bug 3353),basetools,low,low,0.8,The issue is about improving tool definitions in makefiles and does not impact functionality or security directly.
qwen2.5:14b,A,8829,LcdHwNullLib returns an inconvenient value for LcdIdentify() (Bugzilla Bug 3351),armplatformpkg,low,low,0.8,The issue does not indicate a critical failure or security vulnerability.
qwen2.5:14b,A,8828,About the URL of BoringSSL in CryptoPkg. (Bugzilla Bug 3350),cryptopkg,low,low,0.8,The issue is about a URL and does not indicate any critical functionality or build failure.
qwen2.5:14b,A,8827,Add the ArmPlatformPkg to the azurepipeline (Bugzilla Bug 3349),armplatformpkg,medium,medium,0.8,Similar to other tool-related issues that do not specify critical impact.
qwen2.5:14b,A,8826,Add the ArmPkg to the azurepipeline (Bugzilla Bug 3348),armpkg,low,medium,0.8,"The issue is about adding a package to an existing pipeline, which does not indicate critical functionality or performance issues."
qwen2.5:14b,A,8824,Brotli compress failure due to file corruption (Bugzilla Bug 3346),basetools,high,high,0.85,The issue involves file corruption and compress failure which can lead to significant build or runtime issues.
qwen2.5:14b,A,8823,SEV-ES guest does not work with a TPM enabled OVMF package (Bugzilla Bug 3345),ovmfpkg,medium,medium,0.8,Similar to other OvmfPkg issues that do not explicitly indicate critical severity.
qwen2.5:14b,A,8822,Verify that TAB_TOD_DEFINES_FAMILY key is present in ToolDef dictionary before access (Bugzilla Bug 3344),basetools,medium,low,0.85,Similar to other issues in basetools package with medium priority.
qwen2.5:14b,A,8821,FmpDeviceLib interface for Driver Unload is missing. (Bugzilla Bug 3342),fmpdevicepkg,medium,low,0.8,Similar to other issues in FMPDeviceLib and related packages that are typically medium priority.
qwen2.5:14b,A,8820,LLVM default installation path is not correctly set in windows (Bugzilla Bug 3341),basetools,medium,medium,0.8,Similar to other BaseTools issues but lacks severity indicators like 'regression' or 'compilation failure'.
qwen2.5:14b,A,10077,Designware MMC driver support (Bugzilla Bug 3340),embeddedpkg,medium,medium,0.8,No specific severity indicators; similar to other package issues without high priority flags.
qwen2.5:14b,A,8817,Remove redundant MAKE_PATH and MAKE_FLAGS statements in tools_def.template (Bugzilla Bug 3337),basetools,low,low,0.85,Similar to other minor cleanup tasks in BaseTools package.
qwen2.5:14b,A,8814,Remove microcode related PCDs in IntelFsp2WrapperPkg (Bugzilla Bug 3334),intelfsp2wrapperpkg,low,low,0.8,No specific severity indicators and similar issues are generally low priority.
qwen2.5:14b,A,8813,using sizeof twice (Bugzilla Bug 3333),securitypkg,low,medium,0.8,The issue involves a potential misuse of sizeof operator but does not indicate severe consequences like crashes or security vulnerabilities.
qwen2.5:14b,A,10076,[BaseTools][FitGen] Modify FitGen tool to support multiple generation of ACM header (Bugzilla Bug 3332),basetools,medium,high,0.85,Similar to other BaseTools issues that do not specify critical impact.
qwen2.5:14b,A,10075,Treat memory protection attributes separately (Bugzilla Bug 3331),-,medium,low,0.8,"No specific severity indicators provided, similar to other medium priority issues without high impact or critical flaws mentioned."
qwen2.5:14b,A,10074,DxeCore: No support for granular PE section permissions (Bugzilla Bug 3329),mdemodulepkg,high,low,0.85,"The issue involves a lack of support for granular PE section permissions in DxeCore, which is critical for security and performance."
qwen2.5:14b,A,8812,DxeCore: PE code section protection uses raw file size (Bugzilla Bug 3328),mdemodulepkg,high,low,0.85,Similar to other high priority issues in mdemodulepkg related to DxeCore and code protection.
qwen2.5:14b,A,10073,DxeCore: Image-based MAT splitting may emit unintended permissions (Bugzilla Bug 3327),mdemodulepkg,high,low,0.85,Similar to other DxeCore issues affecting permissions and security.
qwen2.5:14b,A,8811,AsmReadMsr64() for the GCC toolchain can return uninitialized value (Bugzilla Bug 3325),mdepkg,high,medium,0.85,The issue involves potential return of uninitialized value which can lead to serious runtime errors or security vulnerabilities.
qwen2.5:14b,A,8810,MpInitLib: SEV-ES stacks share page with code and other data (Bugzilla Bug 3324),ueficpupkg,high,low,0.85,"The issue involves SEV-ES security feature and potential sharing of sensitive data with code, indicating high severity."
qwen2.5:14b,A,10071,LoadFile: Insufficient data is returned (Bugzilla Bug 3323),mdepkg,medium,medium,0.8,Similar to other issues in mdepkg with medium priority due to insufficient data being a functional but not critical bug.
qwen2.5:14b,A,10070,PiPeiCis: Section data returned without corresponding size (Bugzilla Bug 3321),mdepkg,medium,medium,0.85,Similar to other issues in mdepkg with medium priority.
qwen2.5:14b,A,10069,MpInitLib/Pei: WakeupBuffer is still borrowed (Bugzilla Bug 3320),ueficpupkg,high,low,0.85,The issue involves a borrowed WakeupBuffer in MpInitLib/Pei which could lead to memory corruption or other critical issues.
qwen2.5:14b,A,10068,MpInitLib/Dxe: BackupBuffer and WakeupBufferHigh have been deprecated (Bugzilla Bug 3319),ueficpupkg,medium,medium,0.85,Similar to other firmware issues in ueficpupkg with medium priority.
qwen2.5:14b,A,10067,Inconsistency between .rdata and .rodata sections (Bugzilla Bug 3318),-,medium,medium,0.8,The issue involves section inconsistencies in binary files which is not as critical as build failures or conformance issues but more severe than typical protocol mismatches.
qwen2.5:14b,A,10066,"{Dxe,PiSmm,StandaloneMm}Core: Untrusted images may be left dangling in memory (Bugzilla Bug 3317)",mdemodulepkg,high,low,0.9,"The issue involves potential security vulnerabilities with untrusted images left in memory, similar to other high priority issues related to memory and image handling."
qwen2.5:14b,A,8809,DxeCore: Unloading image pre-CpuDxe may dereference NULL (Bugzilla Bug 3315),mdemodulepkg,high,medium,0.85,"The issue involves potential NULL dereference in core functionality, similar to other high priority issues in mdemodulepkg."
qwen2.5:14b,A,8807,Fix MAKE_FLAG typos in tools_def.template for VS20xx toolchains (Bugzilla Bug 3313),basetools,low,low,0.85,Typographical errors in configuration files are generally less severe than functional or performance issues.
qwen2.5:14b,A,8806,Support MAKE_PATH in DSC [BuildOptions] and split MAKE_FLAGS in DSC [BuildOptions] (Bugzilla Bug 3312),basetools,medium,low,0.85,Similar to other BaseTools issues that impact build options and flags.
qwen2.5:14b,A,10065,SetupBrowserDxe does not handle two formsets using the same VarStoreID (Bugzilla Bug 3311),mdemodulepkg,medium,medium,0.8,Similar to other mdemodulepkg issues with medium priority.
qwen2.5:14b,A,8805,VarCheckPolicyLibMmiHandler() passes uninitialized TempSize to DumpVariablePolicy() (Bugzilla Bug 3310),mdemodulepkg,high,low,0.85,"The issue involves passing an uninitialized variable to a function, which can lead to undefined behavior and is typically classified as high priority."
qwen2.5:14b,A,8804,Define new element in CPUID Leaf(07h) data structure (Bugzilla Bug 3309),mdepkg,medium,low,0.85,Similar to other issues in mdepkg package that do not have critical impact.
qwen2.5:14b,A,8803,"Remove fixed CPU architecture list assumptions from BaseTools, MdePkg, and CryptoPkg (Bugzilla Bug 3308)",basetools,medium,low,0.85,The issue involves removing assumptions in BaseTools and other packages which could impact build processes but does not indicate critical failure or security issues.
qwen2.5:14b,A,10064,FreePool : Exploitable if Buffer does not belong to SMRAM. SMM should always call Smst version not gBS version (Bugzilla Bug 3305),mdepkg,high,low,0.9,Involves SMM and potential security vulnerabilities similar to other high priority issues in MdeModulePkg.
qwen2.5:14b,A,10063,BaseTools can't be built on Windows because warnings are set to error (Bugzilla Bug 3302),basetools,high,high,0.85,Similar to other build failure issues in basetools package.
qwen2.5:14b,A,8800,Create TianoCore mirror of cmocka and use it from UnitTestFrameworkPkg (Bugzilla Bug 3301),unittestframeworkpkg,low,low,0.8,The issue involves creating a mirror of cmocka and using it from UnitTestFrameworkPkg without indicating critical bugs or performance issues.
qwen2.5:14b,A,8799,Physical Address Bits in PiSmmCpuDxeSmm updated during SetStaticPageTable routine (Bugzilla Bug 3300),ueficpupkg,high,medium,0.85,The issue involves updating physical address bits which could have significant performance or stability implications.
qwen2.5:14b,A,8798,[BaseTools] GenFw: Unsupported ELF EM_RISCV64 relocations 0x13 and 0x14 (Bugzilla Bug 3299),basetools,high,medium,0.9,The issue involves unsupported relocations in ELF files for RISC-V64 architecture which can cause build failures or toolchain issues.
qwen2.5:14b,A,8797,Rename mAcpiS3Enable global in PiDxeS3BootScriptLib to avoid duplicate symbol with CLANGPDB (Bugzilla Bug 3297),mdemodulepkg,low,low,0.8,The bug involves a naming conflict that can be resolved with a simple rename without impacting functionality or security.
qwen2.5:14b,A,10062,EFI_ACPI_MAX_NUM_TABLES hardcoded to 20 was too small for our platform. (Bugzilla Bug 3296),mdemodulepkg,medium,low,0.8,Similar to other issues in mdemodulepkg with no specific indication of high severity.
qwen2.5:14b,A,8796,MdePkg: IEEE Extended Unique Identifiers (EUI64) are big endian (Bugzilla Bug 3292),mdepkg,medium,low,0.8,Similar to other MdePkg issues with no explicit severity indicators.
qwen2.5:14b,A,8795,VfrCompile fails when attempting to compile DriverSampleDxe (Bugzilla Bug 3289),mdemodulepkg,medium,high,0.8,Similar to other issues in mdemodulepkg that are classified as medium priority.
qwen2.5:14b,A,8794,Simplify CryptoPkg.dsc by using UnitTestFrameworkPkgTarget.dsc.inc (Bugzilla Bug 3288),cryptopkg,low,low,0.85,The issue is about simplifying a DSC file and does not indicate any critical bugs or performance issues.
qwen2.5:14b,A,8793,Remove duplicate declaration of EDKII_CRYPTO_RSA_GET_PUBLIC_KEY_FROM_X509 in CryptoPkg/Private/Protocol/Crypto.h (Bugzilla Bug 3287),cryptopkg,low,low,0.85,The issue involves removing a duplicate declaration which is likely to be a minor code cleanup without significant impact on functionality or performance.
qwen2.5:14b,A,8792,Remove duplicate declaration of EFI_RESET_NOTIFICATION_PROTOCOL in MdePkg/Include/Protocol/ResetNotification.h (Bugzilla Bug 3286),mdepkg,low,low,0.85,The issue involves a simple code cleanup and does not impact functionality or performance.
qwen2.5:14b,A,8791,Remove duplicate declaration of   EFI_HII_POPUP_PROTOCOL in MdePkg/Include/Protocol/HiiPopup.h (Bugzilla Bug 3285),mdepkg,low,low,0.85,The bug involves a duplicate declaration which is likely to cause minor issues and can be easily fixed without impacting functionality or security.
qwen2.5:14b,A,8790,Support Extended Control Register(XCR) read and write (Bugzilla Bug 3284),mdepkg,medium,low,0.8,Similar to other MdePkg issues without a clear indication of high severity.
qwen2.5:14b,A,8789,SMM save state code does not check the buffer width before accessing (Bugzilla Bug 3283),ueficpupkg,high,medium,0.9,Similar to other security-related issues in ueficpupkg that involve buffer checks and potential vulnerabilities.
qwen2.5:14b,A,10060,MdeModulePkg: AuthenticationStatus from DXE SectionExtraction handler is not processed (Bugzilla Bug 3279),mdemodulepkg,medium,medium,0.85,Similar to other MdeModulePkg issues with medium priority.
qwen2.5:14b,A,10059,a bug fix impacts the usage of the GCC toolchain (Bugzilla Bug 3278),basetools,high,medium,0.85,The bug impacts toolchain usage and has a direct effect on development processes.
qwen2.5:14b,A,8787,"Tcg2Smm.c - SecurityPkg\Tcg\Tcg2Smm\Tcg2Smm.c:254:7: error: variable 'Status' is used uninitialized whenever 'if' condition is false [-Werror,-Wsometimes-uninitialized] (Bugzilla Bug 3277)",securitypkg,medium,low,0.8,Similar to other compiler warning issues that are typically medium priority.
qwen2.5:14b,A,10058,"Local Buffer allocated for Copy of data, is not freed in ShellPkg for ""CP"" command (Bugzilla Bug 3276)",shellpkg,medium,medium,0.8,Similar to other memory management issues in different packages that are typically classified as medium priority.
qwen2.5:14b,A,10057,GenFw: IsDataShdr() always returns false (Bugzilla Bug 3271),basetools,low,medium,0.8,The issue does not indicate a critical failure or security vulnerability like other high priority issues.
qwen2.5:14b,A,10056,Windows guest fails to boot into recovery mode due to commit 5267926 (Bugzilla Bug 3269),mdemodulepkg,high,low,0.85,"The issue affects Windows guest booting into recovery mode and has been reported to fail due to a specific commit, indicating potential critical functionality impact."
qwen2.5:14b,A,10055,SecurityPkg/Tcg2Config: PCR Bank SHA1 checkbox is still can be selected when SHA1 algorithm is disbaled (Bugzilla Bug 3268),securitypkg,medium,low,0.8,Similar to other issues in securitypkg with medium priority due to configuration checkbox functionality.
qwen2.5:14b,A,8783,Collect cache associative type in CpuCacheInfoLib (Bugzilla Bug 3265),ueficpupkg,medium,low,0.8,Similar to other issues in ueficpupkg without a clear indication of severity beyond standard functionality enhancement or bug report.
qwen2.5:14b,A,8782,build tool does not work with Python 3.9 (Bugzilla Bug 3263),basetools,medium,low,0.85,Similar to other build tool issues in basetools package.
qwen2.5:14b,A,8781,"Unknown PCIe extended capability ID (70FFh/FFFFh).  No interpretation available."" error message in output of pci -i command in EFI Shell (Bugzilla Bug 3262)",shellpkg,medium,medium,0.8,Similar to other issues in ShellPkg that are typically classified as medium priority.
qwen2.5:14b,A,8780,Lost dependency section when create FFS with guid section or FV section. (Bugzilla Bug 3261),basetools,high,medium,0.85,Similar to other high priority issues in basetools related to FFS and section creation problems.
qwen2.5:14b,A,10053,System hang caused by MNP driver when MNP driver failed to uninstall Managed Network Protocol (Bugzilla Bug 3260),mdemodulepkg,high,high,0.85,Similar to other high priority issues in mdemodulepkg related to driver failures and system instability.
qwen2.5:14b,A,8779,ArmPkg should declare library classes it defines in the DEC file and build all instances (Bugzilla Bug 3258),armpkg,medium,medium,0.8,Similar to other issues in armpkg without a clear indication of high severity impact.
qwen2.5:14b,A,8778,GenFw embeds full DLL pathname in RELEASE binaries (Bugzilla Bug 3256),basetools,high,low,0.85,The issue involves embedding full DLL pathnames in RELEASE binaries which can lead to security and portability issues.
qwen2.5:14b,A,8777,ArmMmuStandaloneMmLib.inf and ArmMmuBaseLib.inf have same File Guid (Bugzilla Bug 3255),armpkg,low,medium,0.8,The issue involves duplicate file GUIDs which is likely to cause build issues but does not directly impact system stability or functionality.
qwen2.5:14b,A,8776,ArmPkg Dec file doesn't correctly declare LibraryClasses header files (Bugzilla Bug 3254),armpkg,medium,medium,0.8,Similar to other build and declaration issues in different packages that are typically medium priority.
qwen2.5:14b,A,10051,LocateHandleBuffer fail if number of Handle varies (Bugzilla Bug 3247),mdemodulepkg,medium,medium,0.8,Similar to other mdemodulepkg issues without a clear indication of high severity.
qwen2.5:14b,A,10050,UefiCpuPkg/MpInitLib should avoid printing debug messages in MicrocodeDetect() (Bugzilla Bug 3245),ueficpupkg,medium,medium,0.8,Similar to other issues in ueficpupkg but lacks high severity indicators like security vulnerabilities or critical build failures.
qwen2.5:14b,A,10049,Pkcs7GetSigners() misuse (Bugzilla Bug 3243),cryptopkg,medium,low,0.8,Similar to other issues in cryptopkg with medium priority.
qwen2.5:14b,A,10048,Reading the RTC time and date registers is not safe with respect to SMI (Bugzilla Bug 3241),pcatchipsetpkg,high,medium,0.85,"The issue involves potential safety concerns with respect to SMI during RTC operations, similar in severity to other high-priority hardware-related issues."
qwen2.5:14b,A,10047,Support standalone MM Driver Unload capbility in StandaloneMmDriverEntryPoint lib (Bugzilla Bug 3240),mdepkg,low,medium,0.8,Similar to other low priority issues in MdePkg without critical performance or security implications.
qwen2.5:14b,A,8773,"build command ""modules"" option doesn't work (Bugzilla Bug 3238)",basetools,medium,low,0.8,Similar to other build command issues in BaseTools package.
qwen2.5:14b,A,8772,SMM stack offset is not correct under multi processor (Bugzilla Bug 3237),ueficpupkg,high,low,0.85,Similar to other high priority issues in ueficpupkg related to processor and stack handling.
qwen2.5:14b,A,8771,Wrong GICR_IPRIORITYR address used in ArmGicSetInterruptPriority (Bugzilla Bug 3236),armpkg,high,medium,0.85,The bug involves incorrect hardware address usage which can lead to system instability or failure.
qwen2.5:14b,A,8770,StandaloneMmPkg StandaloneMmDriverEntryPoint.h Duplicates MdePkg File (Bugzilla Bug 3235),standalonemmpkg,low,low,0.8,The issue is about file duplication which typically does not impact functionality or security.
qwen2.5:14b,A,8769,"Need to disable the ""map"" print when entering to EFI shell (Bugzilla Bug 3234)",shellpkg,low,low,0.85,The issue is about disabling a print statement in the EFI shell and does not indicate any critical system failure or security vulnerability.
qwen2.5:14b,A,10046,CpuDxe may allocate above 4GB memory for GDT (Bugzilla Bug 3233),ueficpupkg,medium,medium,0.8,Similar to other issues in UEFI CPU package that are medium priority.
qwen2.5:14b,A,10045,Possible exception in FileHandleWrappers.c using Redirection with HeapGuard active (Bugzilla Bug 3232),shellpkg,medium,low,0.8,Similar to other firmware issues in shellpkg with medium priority.
qwen2.5:14b,A,8765,"""maybe-uninitialized"" warnings emitted by gcc-5.5.0 (Bugzilla Bug 3228)",shellpkg,medium,low,0.85,Similar to other shellpkg issues with warnings and build problems.
qwen2.5:14b,A,10043,DxeMpLib requires executable reserved memory on multicore CPUs (Bugzilla Bug 3222),mdemodulepkg,high,low,0.85,"The issue involves a critical requirement for memory reservation in DxeMpLib on multicore CPUs, similar to other high-priority issues related to core functionality and stability."
qwen2.5:14b,A,10042,PcdDxeNxMemoryProtectionPolicy makes PageTable writable (Bugzilla Bug 3221),mdemodulepkg,high,low,0.85,Similar to other critical issues in MdeModulePkg affecting memory protection and security.
qwen2.5:14b,A,10041,Add platform CI support for Kvmtool (Bugzilla Bug 3216),armvirtpkg,medium,low,0.8,Similar to other BaseTools and platform support issues which are typically medium priority.
qwen2.5:14b,A,8760,SMBIOS 3.4.0 support (Bugzilla Bug 3215),shellpkg,medium,low,0.8,Similar to other ShellPkg issues with medium priority.
qwen2.5:14b,A,8759,Incorrect dependencies on Tcg2PhysicalPresenceLib (Bugzilla Bug 3214),securitypkg,medium,low,0.85,Similar to other issues in securitypkg with medium priority due to dependency problems.
qwen2.5:14b,A,10040,MemoryFence() should have a compiler fence for VC++ (Bugzilla Bug 3213),mdepkg,high,low,0.85,Similar to other high priority issues in mdepkg related to compiler and memory handling.
qwen2.5:14b,A,8758,Mismatch in Ecc check and EDK II coding standard policy (Bugzilla Bug 3212),basetools,high,low,0.85,The issue involves a mismatch between Ecc check and coding standard policy which is likely to cause significant build or compliance issues.
qwen2.5:14b,A,8757,Uefi functions AddUnicodeString2() and LookupUnicodeString2() are returning EFI_UNSUPPORTED incorrectly. (Bugzilla Bug 3211),mdepkg,medium,medium,0.8,Similar to other MdePkg issues that are typically medium priority.
qwen2.5:14b,A,8756,BrotliCompress can't run in Linux machine (Bugzilla Bug 3210),basetools,medium,medium,0.8,Similar to other issues in basetools package without a clear indication of high severity impact.
qwen2.5:14b,A,10039,ECC tracker (Bugzilla Bug 3206),basetools,medium,high,0.8,The issue is related to BaseTools and involves multiple dependencies but lacks specific severity indicators.
qwen2.5:14b,A,8752,Add a Standalone MM HOB production library (Bugzilla Bug 3205),standalonemmpkg,low,low,0.8,No similar high or medium priority issues found in the same package.
qwen2.5:14b,A,8751,VS2019 compiler warning in StandaloneMmCore (Bugzilla Bug 3204),standalonemmpkg,medium,low,0.85,Similar to other compiler warning issues which are typically medium priority.
qwen2.5:14b,A,8750,StandaloneMmPkg/FvLib.h: FfsFindSection() missing EFIAPI (Bugzilla Bug 3203),standalonemmpkg,medium,low,0.85,Similar to other issues in StandaloneMmPkg that have been classified as medium priority.
qwen2.5:14b,A,8749,Add X64 build support to StandaloneMmPkg (Bugzilla Bug 3202),standalonemmpkg,low,low,0.8,Similar to other build support issues which are typically low priority.
qwen2.5:14b,A,10038,Ecc failures on code checking (Bugzilla Bug 3201),-,medium,low,0.7,"No similar issues found with the same package or bug type, but the description does not indicate extreme severity."
qwen2.5:14b,A,10037,Opaque build failure when a file guid is zero (Bugzilla Bug 3200),basetools,high,low,0.85,Similar to other high priority issues in basetools related to build failures and guid problems.
qwen2.5:14b,A,8748,"Call MmStartupThisAp many times in a SMI service, system will hang because of run out of SMM memory. (Bugzilla Bug 3199)",ueficpupkg,high,medium,0.85,"The issue involves system hang due to SMM memory exhaustion, which is a critical failure condition similar to other high priority issues in the same package."
qwen2.5:14b,A,8747,MemAttrTable and ESRT should using AllocRuntimePoll (Bugzilla Bug 3198),mdemodulepkg,high,medium,0.85,The issue involves memory attributes and system runtime tables which are critical for system stability and performance.
qwen2.5:14b,A,10036,Wrong debug message regarding FvNameGuid (Bugzilla Bug 3197),mdemodulepkg,low,medium,0.8,Similar to other low priority issues in MdeModulePkg related to debug messages.
qwen2.5:14b,A,8746,Support no enabled AP case in DxeCpuCacheInfoLib (Bugzilla Bug 3195),ueficpupkg,medium,low,0.8,Similar to other issues that require support for specific cases or configurations without being critical system failures.
qwen2.5:14b,A,8745,Seems like OVMF cannot initialize Radeon Pro VII (Bugzilla Bug 3193),ovmfpkg,medium,low,0.75,Similar to other tool-related issues in ovmfpkg with medium priority.
qwen2.5:14b,A,8744,Clear shadow stack token busy bit before return from SMM exception handler (Bugzilla Bug 3192),mdepkg,high,medium,0.85,The issue involves a critical SMM exception handler problem which could impact system stability and security.
qwen2.5:14b,A,8743,Support Non-Blocking Execution in CpuCacheInfoLib (Bugzilla Bug 3191),ueficpupkg,medium,low,0.8,No specific severity indicators; similar to other issues in ueficpupkg without high priority flags.
qwen2.5:14b,A,8742,Add MpService dependency in CpuCacheInfoLib (Bugzilla Bug 3190),ueficpupkg,low,low,0.8,The issue is about adding a dependency which does not indicate critical system failure or performance degradation.
qwen2.5:14b,A,10035,MP: 2nd StartupThisAp may interrupt AP which is still executing procedure assigned by 1st StartupThisAp (Bugzilla Bug 3189),ueficpupkg,high,low,0.85,Similar to other high priority issues in UEFI CPU package related to multi-processing and startup procedures.
qwen2.5:14b,A,10034,MP: SwitchBSPWorker() can wait till FinishedCount ==1 instead of GetApState() == CpuStateFinished (Bugzilla Bug 3188),ueficpupkg,medium,low,0.8,Similar to other CPU and multi-processing related issues in ueficpupkg which are typically medium priority.
qwen2.5:14b,A,10033,FaultTolerantWriteDxe defect will cause NVRAM not recovered after number of WorkSpaceRefresh(). (Bugzilla Bug 3187),mdemodulepkg,high,medium,0.85,"The defect causes NVRAM issues after multiple refresh operations, similar to other high-priority hardware recovery and stability issues."
qwen2.5:14b,A,10032,AllocSize = USBHC_MEM_ROUND (Size);  // results in ASSERT when second last trb-address + 64 bytes croses end of 16 pages memblock in transfer ring with 0x1000 trb s each with 16 byte size (Bugzilla Bug 3186),mdemodulepkg,high,medium,0.85,The bug involves an ASSERT failure in a critical USBHC memory allocation routine.
qwen2.5:14b,A,8741,Add MM_STANDALONE support to SmiHandlerProfileLib (Bugzilla Bug 3185),mdemodulepkg,low,low,0.8,The issue is about adding support for a specific feature and does not indicate any critical bugs or performance issues.
qwen2.5:14b,A,8740,Add MM_STANDALONE support to SmiHandlerProfileLibNull (Bugzilla Bug 3184),mdepkg,low,low,0.8,No specific severity indicators and similar issues are generally low priority.
qwen2.5:14b,A,8739,Runtime service flash updates not succeeding for an SEV-ES guest (Bugzilla Bug 3183),ovmfpkg,high,low,0.85,"The issue involves a critical failure in runtime service flash updates for SEV-ES guests, similar to other high-priority issues in ovmfpkg related to security and stability."
qwen2.5:14b,A,8738,MP: Racing condition in AP wake up (Bugzilla Bug 3182),ueficpupkg,high,low,0.85,Similar to other critical issues in ueficpupkg related to CPU and memory management.
qwen2.5:14b,A,8737,UEFI BIOS Accepts Weak Platform Key (PK) (Bugzilla Bug 3181),-,high,high,0.85,"The issue involves security concerns related to accepting weak platform keys in UEFI BIOS, similar to other high-priority security issues."
qwen2.5:14b,A,8736,OvmfPkg/PlatformBootManagerLibGrub: consider removing EfiBootManagerDispatchDeferredImages() call (Bugzilla Bug 3180),ovmfpkg,medium,low,0.8,Similar to other issues in OvmfPkg with moderate impact.
qwen2.5:14b,A,8735,MP: InterlockedIncrement ((UINT32 *) &CpuMpData->CpuCount) can be removed from ApWakeupFunction (Bugzilla Bug 3179),ueficpupkg,low,medium,0.8,The issue is about removing an interlocked increment operation which seems to be a minor optimization rather than a critical bug or performance issue.
qwen2.5:14b,A,8734,UEFI shell rebuild for edk2-stable202102 (Bugzilla Bug 3178),-,medium,low,0.7,"No specific severity indicators, similar to other build or compatibility issues."
qwen2.5:14b,A,8733,"There is no data for Contained Element Count, Contained Element Record Length and Contained Elements with smbiosview -t 3 in shell (Bugzilla Bug 3177)",shellpkg,high,medium,0.85,Similar to other high priority issues in shellpkg related to missing or incorrect data display.
qwen2.5:14b,A,8732,EDKII Platform level Redfish packet encode/decode library (Bugzilla Bug 3174),redfishpkg,medium,medium,0.8,The issue involves creating a library for packet encode/decode which is significant but does not indicate critical failure or security issues.
qwen2.5:14b,A,8731,Implement EmulatorPkg platform Redfish credential library (Bugzilla Bug 3173),emulatorpkg,medium,low,0.8,The issue is about implementing a library which does not indicate critical bugs or security issues.
qwen2.5:14b,A,8730,Migrate HTTP header manipulation APIs (Bugzilla Bug 3172),networkpkg,medium,low,0.8,Similar to other networkpkg issues without a clear indication of high severity.
qwen2.5:14b,A,8729,NetworkPkg/Library/DxeHttpIoLib: Http boot failure with no initializes timeout value. (Bugzilla Bug 3170),networkpkg,medium,medium,0.85,Similar to other issues in networkpkg with no clear indication of severity beyond typical functionality problems.
qwen2.5:14b,A,8726,CpuMp calls AllocatePool() to allocate > 64KB memory (Bugzilla Bug 3167),ueficpupkg,high,low,0.85,Similar to other high priority issues in ueficpupkg related to memory allocation and pool usage.
qwen2.5:14b,A,10031,CoreValidateHandle() is unsafe. (Bugzilla Bug 3166),mdemodulepkg,high,low,0.85,"The issue involves a core validation function being unsafe, which could lead to significant security vulnerabilities or system instability."
qwen2.5:14b,A,10030,IndustryStandard/SmBios.h has incorrectly capitalized filename (Bugzilla Bug 3164),mdepkg,low,low,0.8,Similar to other documentation or formatting issues in mdepkg.
qwen2.5:14b,A,10029,Build failed on os.makedirs() for .cache (Bugzilla Bug 3161),basetools,medium,medium,0.85,Similar to other build log issues in BaseTools package.
qwen2.5:14b,A,8723,Possible TOCTOU in the GDT migration code (Bugzilla Bug 3160),ueficpupkg,high,low,0.85,"The bug involves a potential TOCTOU (Time-of-check to time-of-use) vulnerability in critical code, which is likely to be severe."
qwen2.5:14b,A,8722,"remove CPU_REGISTER_TABLE allocations in CpuS3DataDxe, in OvmfPkg and UefiCpuPkg (Bugzilla Bug 3159)",ovmfpkg,high,low,0.85,The issue involves CPU register table allocations in OvmfPkg and UefiCpuPkg which is similar to other high priority issues related to S3 boot and CPU features.
qwen2.5:14b,A,10028,Openssl allocatepool failed in PEI phase when Image buffer is large then 64K (Bugzilla Bug 3157),cryptopkg,high,medium,0.85,"The issue involves a critical failure in PEI phase related to memory allocation for large image buffers, similar to other high-priority issues involving severe runtime failures."
qwen2.5:14b,A,8721,"Core CI, Platform CI: issues with the ""ubuntu-latest"" VM image (Bugzilla Bug 3156)",basetools,medium,low,0.8,Similar to other BaseTools issues but lacks severity indicators like 'high' priority labels or critical failure descriptions.
qwen2.5:14b,A,10027,Second uCode load can be eliminated in MpInitLib (Bugzilla Bug 3155),ueficpupkg,medium,low,0.8,Similar to other CPU-related issues in ueficpupkg but lacks severity indicators like critical bugs or high impact.
qwen2.5:14b,A,8720,Fix Variable Lock compatibility issue for SetVariable from SMM (Bugzilla Bug 3154),mdemodulepkg,high,high,0.85,"The issue involves compatibility and locking mechanisms for SetVariable from SMM, similar to other high-priority issues in mdemodulepkg related to variable runtime cache update logic."
qwen2.5:14b,A,8715,Exception handle for high 32bit of Pmem64 bit BAR being zero (Bugzilla Bug 3149),mdemodulepkg,medium,low,0.8,Similar to other mdemodulepkg issues with medium priority.
qwen2.5:14b,A,10026,Basetools Should Check the INF file GUID correctness before generating the AutoGen.c (Bugzilla Bug 3148),basetools,medium,medium,0.8,Similar to other basetools issues that are medium priority due to correctness concerns but not critical runtime failures.
qwen2.5:14b,A,10025,Initialize Real Non-volatile storage (Bugzilla Bug 3144),mdemodulepkg,medium,low,0.8,Similar to other mdemodulepkg issues with medium priority.
qwen2.5:14b,A,8714,"Create password does not prompt ""Configuration changed"" (Bugzilla Bug 3143)",-,medium,low,0.8,No specific severity indicators; similar to other medium priority issues without high or low severity markers.
qwen2.5:14b,A,10024,Add AlderLake Socket information to Processor Upgrade field in Smbios structure - Smbios.h (Bugzilla Bug 3141),mdepkg,medium,low,0.8,Similar to other Smbios structure updates in mdepkg which are typically medium priority.
qwen2.5:14b,A,10023,Add New Processor Socket information to Processor Upgrade field in Smbios structure - Smbios.h (Bugzilla Bug 3140),mdepkg,medium,medium,0.8,Similar to other Smbios structure updates in mdepkg.
qwen2.5:14b,A,10022,AllocatePool use wrong size value (Bugzilla Bug 3139),embeddedpkg,high,medium,0.85,The bug involves incorrect memory allocation which can lead to serious system instability or security vulnerabilities.
qwen2.5:14b,A,8713,Add PCIe Resizable BAR Capability Support (Bugzilla Bug 3138),mdemodulepkg,medium,low,0.8,Similar to other MDKModulePkg issues without clear severity indicators.
qwen2.5:14b,A,10021,BaseTools: Update the Basetools code for Python3.9 compatibility (Bugzilla Bug 3136),basetools,high,low,0.85,Previous BaseTools issues related to Python compatibility have been high priority.
qwen2.5:14b,A,8712,Boot0000 would be first place after resetting BootOrder by efibootmgr (Bugzilla Bug 3135),mdemodulepkg,medium,low,0.8,Similar to other issues in mdemodulepkg with medium priority.
qwen2.5:14b,A,10019,ECC tool doesn't understand Doxygen comments with leading asterisk (Bugzilla Bug 3131),basetools,low,medium,0.8,"The issue is about a tool not understanding specific comment styles, which likely impacts development convenience but not system stability or critical functionality."
qwen2.5:14b,A,10018,StandaloneMmMemLib does not initialize MMRAM information (Bugzilla Bug 3128),standalonemmpkg,medium,medium,0.8,Similar to other issues in StandaloneMmPkg and MdeModulePkg which are typically medium priority.
qwen2.5:14b,A,8708,BaseTools reports -1 as the line number if the ppi/protocol/guid/pcd is not found in INF file (Bugzilla Bug 3127),basetools,medium,high,0.85,Similar to other BaseTools issues with medium priority.
qwen2.5:14b,A,8707,Some log in ExitBootService() will be lost if use RSC DebugLib (Bugzilla Bug 3126),mdemodulepkg,medium,medium,0.85,Similar to other mdemodulepkg issues with medium priority.
qwen2.5:14b,A,10017,Too long console argument causes application to crash (Bugzilla Bug 3124),-,high,medium,0.85,"The issue involves a crash due to long console argument, similar in severity to other high-priority issues related to crashes and build failures."
qwen2.5:14b,A,8704,OvmfPkgX64 is broken on AMD (reset loop) after cee5b0441af3 UefiCpuPkg/CpuDxe: Fix boot error (Bugzilla Bug 3121),ueficpupkg,high,high,0.9,"The issue involves a reset loop on AMD after a specific commit, similar to other high-priority issues affecting core functionality."
qwen2.5:14b,A,8703,Should always define PCD TOKEN value as Zero for static PCD (Bugzilla Bug 3120),basetools,high,medium,0.85,Similar to other high priority issues in basetools package related to PCD handling and static definitions.
qwen2.5:14b,A,8702,MdePkg/UefiFileHandleLib: EFI_FILE_PROTOCOL leak (Bugzilla Bug 3119),mdepkg,high,low,0.85,"The issue involves a memory leak in a critical library, which is likely to cause severe performance or stability issues."
qwen2.5:14b,A,10015,Adding call back function for UFS to switch Gear mode. (Bugzilla Bug 3117),mdemodulepkg,medium,medium,0.85,Similar to other mdemodulepkg issues with moderate severity.
qwen2.5:14b,A,8701,Prevent  lost characters and error status across config changes in UARTs managed by PciSioSerialDxe (Bugzilla Bug 3114),mdemodulepkg,medium,low,0.8,Similar to other mdemodulepkg issues with medium priority.
qwen2.5:14b,A,8700,Exception happened when length of usb disk path is larger than 260 (Bugzilla Bug 3113),fatpkg,medium,low,0.8,Similar to other issues in fatpkg that do not explicitly indicate high severity.
qwen2.5:14b,A,8699,Remove redundant APIs from FspCommonLib (Bugzilla Bug 3112),intelfsp2pkg,low,low,0.8,The issue involves removing redundant APIs which is a maintenance task rather than a critical bug or performance issue.
qwen2.5:14b,A,8698,Variable Lock Protocol RequestToLock() shim on top of Variable Policy Protocol changed behavior (Bugzilla Bug 3111),mdemodulepkg,high,low,0.85,"The issue involves a change in behavior of an important protocol, which could lead to serious security or functionality issues."
qwen2.5:14b,A,8697,Add IOMMU DMAR SATC support. (Bugzilla Bug 3109),mdepkg,medium,medium,0.8,Similar to other issues in mdepkg without a clear indication of severity beyond typical feature addition.
qwen2.5:14b,A,8696,Apply SEV-ES mitigations for encryption bit position and MMIO (Bugzilla Bug 3108),ovmfpkg,high,low,0.85,The issue involves SEV-ES mitigations which are critical security measures.
qwen2.5:14b,A,8695,GenCfgOpt.py caused Incremental build regression issue. (Bugzilla Bug 3107),intelfsp2pkg,low,medium,0.8,The issue is related to a build regression and does not indicate critical system failure or security vulnerability.
qwen2.5:14b,A,8694,Issue: EFI partition contents/files (FS0:\) not visible to EFI shell (OVMF + QEMU) (Bugzilla Bug 3106),ovmfpkg,medium,medium,0.8,Similar to other visibility and functionality issues in ovmfpkg.
qwen2.5:14b,A,8693,Add new CpuCacheInfoLib in UefiCpuPkg (Bugzilla Bug 3105),ueficpupkg,medium,low,0.8,Similar to other library addition issues in the same package without critical impact described.
qwen2.5:14b,A,8692,Define default value of NETWORK_HTTP_ENABLE (Bugzilla Bug 3104),emulatorpkg,low,high,0.8,The issue is about defining a default value which seems less critical than other bugs affecting functionality or performance.
qwen2.5:14b,A,10014,Call CollectProcessorData in parallel (Bugzilla Bug 3103),ueficpupkg,medium,low,0.8,Similar to other issues in ueficpupkg without a clear indication of severity beyond typical functionality concerns.
qwen2.5:14b,A,8691,Implement EmulatorPkg platform Redfish host interface library (Bugzilla Bug 3102),emulatorpkg,medium,low,0.8,The issue involves implementing a new library interface which is likely to be significant but not necessarily critical or trivial.
qwen2.5:14b,A,8689,Remove PEI phase from UEFI payload (Bugzilla Bug 3100),uefipayloadpkg,medium,low,0.8,"No specific severity indicators, similar to other medium priority issues in different packages."
qwen2.5:14b,A,8688,Stable source release archives (Bugzilla Bug 3099),-,medium,low,0.8,The issue does not specify a package or severity level and appears to be about source release archives which is likely administrative rather than technical.
qwen2.5:14b,A,8687,OVMF fails to build with XCODE5 in NOOPT (Bugzilla Bug 3098),mdemodulepkg,high,medium,0.85,Build failure issues typically have high priority as they prevent development and testing.
qwen2.5:14b,A,8685,"Elf64Convert.c does not support R_RISCV_CALL_PLT, R_RISCV_GOT_HI20 (Bugzilla Bug 3096)",basetools,medium,low,0.8,Similar to other toolchain issues but does not indicate a critical failure or performance degradation.
qwen2.5:14b,A,10013,ECC tool incorrectly reports prefix and postfix underscores are needed for include guard names (Bugzilla Bug 3094),basetools,high,low,0.85,"The issue affects ECC tool functionality and has been marked as a blocker for another critical bug (#3206), indicating high severity."
qwen2.5:14b,A,8684,EmulatorPkg Linux X64 build crash (Bugzilla Bug 3093),emulatorpkg,medium,low,0.85,Similar to other emulatorpkg issues with medium priority.
qwen2.5:14b,A,8683,New Variable Policy code is causing runtime panics in linux (Bugzilla Bug 3092),mdemodulepkg,high,high,0.85,The issue involves runtime panics in Linux which is a critical stability problem.
qwen2.5:14b,A,8682,Add YAML support for package configuration (Bugzilla Bug 3091),intelfsp2pkg,medium,low,0.8,Similar to other configuration and tooling issues in intelfsp2pkg.
qwen2.5:14b,A,10012,Tcg2Smm should translate the Manufacture ID to ACPI PNP ID for _HID name string (Bugzilla Bug 3090),securitypkg,medium,low,0.85,Similar to other securitypkg issues with medium priority.
qwen2.5:14b,A,10011,Deprecate  MemoryOverwriteRequestControlLock module (Bugzilla Bug 3089),securitypkg,medium,low,0.8,"No specific severity indicators, similar to other medium priority deprecation issues."
qwen2.5:14b,A,10010,Enforce CRTM version check in Tcg2Pei (Bugzilla Bug 3088),securitypkg,high,low,0.85,Similar to other security-related issues in the same package with high priority.
qwen2.5:14b,A,10009,TCG: EFI_EXIT_BOOT_SERVICES_INVOCATION is not recorded when ExitBootService Fails (Bugzilla Bug 3087),mdemodulepkg,medium,low,0.85,Similar to other issues in mdemodulepkg with medium priority.
qwen2.5:14b,A,8681,MdeModulePkg: Invalid parameter to SetMem in OnigurumaUefiPort (Bugzilla Bug 3085),mdemodulepkg,high,medium,0.9,Similar to other high priority issues in MdeModulePkg related to memory operations and crashes.
qwen2.5:14b,A,8680,Boot ERROR in CpuDxe driver when it is dispatched above 4GB memory (Bugzilla Bug 3084),ueficpupkg,high,low,0.85,"The issue involves a boot error in a critical driver (CpuDxe), which is likely to have high severity similar to other high-priority issues in ueficpupkg."
qwen2.5:14b,A,8679,Callback function name in UefiDebugLibDebugPortProtocol is too generic (Bugzilla Bug 3083),mdepkg,medium,low,0.8,Similar to other issues in mdepkg with medium priority.
qwen2.5:14b,A,8678,bcfg: invalid argument - option index (Bugzilla Bug 3080),shellpkg,medium,low,0.8,Similar to other Shellpkg issues with medium priority.
qwen2.5:14b,A,10008,Clean up the SHA1 from SecureBoot (Bugzilla Bug 3079),securitypkg,high,low,0.85,"The issue involves cleaning up SHA1 from SecureBoot, which is a critical security feature."
qwen2.5:14b,A,10007,ReportDispatcher for RSC appears to be in conflict with the PI spec (Bugzilla Bug 3078),mdemodulepkg,high,low,0.85,The issue involves a conflict with PI spec which could lead to significant compatibility and functionality problems.
qwen2.5:14b,A,10006,NULL Pointer Check is needed for InternalImageHandleToFvHandle of DxeServicesLib (Bugzilla Bug 3076),mdepkg,medium,low,0.8,Similar to other issues in MdeModulePkg that require code fixes but do not indicate critical system failures or severe performance impacts.
qwen2.5:14b,A,8676,Fields in CXL_1_1_LINK_CAPABILITY_STRUCTURE in Cxl11.h have incorrect offsets (Bugzilla Bug 3074),mdepkg,medium,low,0.8,"The issue involves incorrect offsets in a header file, which could affect functionality but is not immediately critical like a buffer overflow or security violation."
qwen2.5:14b,A,10004,Provide test cases/apps for VarPol (Bugzilla Bug 3073),mdemodulepkg,medium,low,0.8,Similar to other issues requesting test cases or updates in MdeModulePkg.
qwen2.5:14b,A,8675,Develop a way to support host-test entry points while complying with ECC (Bugzilla Bug 3072),unittestframeworkpkg,medium,low,0.8,The issue is about developing a feature to support host-test entry points and does not indicate critical severity like bugs affecting core functionality or security.
qwen2.5:14b,A,10003,Refactor EndOfDxe event to support decoupling of MorLock and VarPolLock (Bugzilla Bug 3071),mdemodulepkg,medium,medium,0.8,Similar to other issues in mdemodulepkg without a clear indication of high severity.
qwen2.5:14b,A,8674,BaseTools: SetupGit.py: edk2-test missing in UPSTREAMS (Bugzilla Bug 3066),basetools,low,medium,0.8,The issue is about missing a tool in SetupGit.py and does not impact core functionality or security.
qwen2.5:14b,A,8673,X64 OVMF_CODE.fd with -DSMM_REQUIRE=TRUE -DSECURE_BOOT_ENABLE=TRUE does not show startup screen (Bugzilla Bug 3064),ovmfpkg,medium,high,0.8,Similar to other build and configuration issues affecting specific scenarios.
qwen2.5:14b,A,10000,ECC reports the wrong issue in enum definition (Bugzilla Bug 3060),basetools,high,medium,0.9,"The issue is related to ECC reports and impacts enum definition accuracy, similar to other high priority issues in basetools package."
qwen2.5:14b,A,9999,MdeModulePkg: NotifyTpl check in CoreCreateEventEx() (Bugzilla Bug 3058),mdemodulepkg,medium,medium,0.85,Similar to other mdemodulepkg issues with medium priority.
qwen2.5:14b,A,9998,Measuring the EV_TABLE_OF_DEVICES event - hash vs. event log (Bugzilla Bug 3056),securitypkg,medium,low,0.8,No specific severity indicators; similar to other issues labeled medium without high-severity keywords.
qwen2.5:14b,A,8669,BaseTools: Incremental build issues collections by Nov 2020 (Bugzilla Bug 3052),basetools,medium,low,0.85,Similar to other BaseTools issues with multiple dependencies and incremental build problems.
qwen2.5:14b,A,9997,PcdDxe: Enhance to detect inconsistent LocalTokenNumber between PEI and DXE database for dynamic EX PCDs (Bugzilla Bug 3051),mdemodulepkg,medium,low,0.8,Similar to other mdemodulepkg issues without a clear indication of high severity.
qwen2.5:14b,A,8668,Add defintion for Arm Error Source Table (AEST) (Bugzilla Bug 3049),mdepkg,low,medium,0.85,Similar to other definition addition issues in mdepkg which are typically low priority.
qwen2.5:14b,A,8667,Acpiview: Add support for parsing Arm Error Source Table (AEST) (Bugzilla Bug 3048),-,medium,medium,0.8,"No specific severity indicators, similar to other medium priority issues without high impact or critical system failures."
qwen2.5:14b,A,8666,Acpiview: Add support for parsing ACPI PCCT table (Bugzilla Bug 3047),shellpkg,medium,medium,0.85,Similar to other shellpkg issues with medium priority.
qwen2.5:14b,A,8665,Acpiview: Field validator not invoked in certain cases (Bugzilla Bug 3046),shellpkg,medium,medium,0.85,Similar to other shellpkg issues with medium priority.
qwen2.5:14b,A,8664,Add support for parsing HMAT table in Acpiview (Bugzilla Bug 3045),shellpkg,medium,medium,0.8,Similar to other parsing and support feature requests in shellpkg.
qwen2.5:14b,A,8663,FMMT replace file failure when files in FV level over 2 (Bugzilla Bug 3044),basetools,medium,medium,0.85,Similar to other build-related issues in BaseTools package.
qwen2.5:14b,A,9996,Poor VS2019 compiler flags for x86/x64 debug builds (Bugzilla Bug 3043),basetools,high,medium,0.85,Similar to other high priority issues related to compiler flags and build problems in basetools package.
qwen2.5:14b,A,9995,DEBUG() with smaller code footprint (Bugzilla Bug 3041),mdepkg,medium,low,0.8,Similar to other DEBUG() related issues in mdepkg with medium priority.
qwen2.5:14b,A,8662,BaseTools: build failure for RISC-V using GCC 10 (Bugzilla Bug 3040),basetools,high,low,0.9,Previous issues related to build failures with GCC have been classified as high priority.
qwen2.5:14b,A,8661,Build failed due to MAX_LONG_FILE_PATH being too small. Should use PATH_MAX (Bugzilla Bug 3032),basetools,high,medium,0.85,Similar to other BaseTools build failure issues.
qwen2.5:14b,A,9994,Undefined macros in FDF should not equal to 0 (Bugzilla Bug 3031),basetools,low,medium,0.85,Similar to other basetools issues but lacks severity indicators like memory leaks or build failures.
qwen2.5:14b,A,8660,"Inconsistent function in,out parameter defined in function header and function prototype in EFI_REST_JSON_STRUCTURE_REGISTER in RestJsonStructure.h (Bugzilla Bug 3030)",redfishpkg,medium,medium,0.85,The inconsistency in function parameters is a coding standard violation but does not directly impact functionality or security.
qwen2.5:14b,A,8659,DXE Core produced FirmwareVolume2Protocol->GetNextFile() doesn't not support type of standalone MM driver (Bugzilla Bug 3028),mdemodulepkg,medium,medium,0.85,Similar to other issues in mdemodulepkg with medium priority.
qwen2.5:14b,A,8658,Remove the deprecated MD5 and SHA1 support of Hash2DxeCrypto (Bugzilla Bug 3027),securitypkg,high,medium,0.85,The issue involves removing deprecated cryptographic support which is critical for security.
qwen2.5:14b,A,8655,AtaAtapiPassThru polls D2H register type instead of checking IS (Bugzilla Bug 3024),mdemodulepkg,medium,low,0.85,Similar to other mdemodulepkg issues with medium priority.
qwen2.5:14b,A,8654,Make MD5 disable as default edk2 setting (Bugzilla Bug 3021),cryptopkg,high,medium,0.85,Similar to other high priority issues in cryptopkg related to security settings.
qwen2.5:14b,A,8653,Spelling issue of CHUNKED_TRNASFER_* macros in Http11.h (Bugzilla Bug 3019),-,low,medium,0.85,The issue is about a spelling problem in macros which does not impact functionality or security.
qwen2.5:14b,A,8651,IntelFsp2Pkg: LoadMicrocodeDefault() failed with padding in FV. (Bugzilla Bug 3017),intelfsp2pkg,high,low,0.85,The issue involves a critical failure in microcode loading which can affect system stability and functionality.
qwen2.5:14b,A,8650,Support 5 level paging for mInternalCr3 (Bugzilla Bug 3015),ueficpupkg,medium,low,0.85,Similar to other CPU-related issues in ueficpupkg package.
qwen2.5:14b,A,8649,Pull out HTTP IO related functions from HttpBootDxe to a helper library (Bugzilla Bug 3013),networkpkg,medium,medium,0.85,Similar to other issues in networkpkg that do not have a high severity priority.
qwen2.5:14b,A,8648,Revert the change for partition child handler block size change (Bugzilla Bug 3012),mdemodulepkg,medium,medium,0.85,Similar to other mdemodulepkg issues with medium priority.
qwen2.5:14b,A,8647,CI test fail on copyright information in INF file (Bugzilla Bug 3011),-,low,medium,0.8,The issue is related to CI test failure on copyright information in INF file which does not impact functionality or security.
qwen2.5:14b,A,8646,FmpDevicePkg build fails due to missing RngLib instance (Bugzilla Bug 3010),fmpdevicepkg,medium,high,0.8,Similar to other build failure issues classified as medium priority.
qwen2.5:14b,A,8644,"SEV-ES fixes, updates and cleanups (Bugzilla Bug 3008)",ovmfpkg,medium,low,0.8,"No specific severity indicators, similar to other maintenance and update issues in ovmfpkg."
qwen2.5:14b,A,8643,XhciDxe: Clean up UsbDevContext if USB slot initialization is failed (Bugzilla Bug 3007),mdemodulepkg,medium,low,0.85,Similar to other mdemodulepkg issues without a clear indication of high severity.
qwen2.5:14b,A,8642,Cannot start vm with OVMF_CODE/VARS.fd (stable 202005 and 202008) if hdmi is not attached / Compilation with XCODE5/clang - Only RELEASE version (Bugzilla Bug 3006),ovmfpkg,medium,low,0.8,Similar to other compilation and stability issues affecting specific configurations.
qwen2.5:14b,A,9993,ReleaseSpinLock() requires a barrier at the beginning (Bugzilla Bug 3005),mdepkg,high,medium,0.85,Similar to other high priority issues in mdepkg related to critical synchronization functions.
qwen2.5:14b,A,8641,Pyrite support - Secure erase is only available if encryption is supported (Bugzilla Bug 3004),securitypkg,medium,low,0.8,Similar to other securitypkg issues that do not explicitly indicate critical build or functionality failures.
qwen2.5:14b,A,8640,Make the iSCSI driver disable as default setting for security (Bugzilla Bug 3003),networkpkg,medium,medium,0.8,"No specific severity indicators, similar to other networkpkg issues without high priority flags."
qwen2.5:14b,A,8639,Structured PCD generated code has a casting error when using x64 tools (Bugzilla Bug 3001),basetools,medium,low,0.85,Similar to other BaseTools issues that are typically medium priority.
qwen2.5:14b,A,8638,Structured PCD generated code has a casting error when using x64 tools (Bugzilla Bug 3001),basetools,medium,low,0.85,Similar to other BaseTools issues that are typically medium priority.
qwen2.5:14b,A,9992,Macro processing by the build tool is not in compliance with the DSC spec (Bugzilla Bug 2999),basetools,medium,low,0.8,Similar to other build tool issues in BaseTools package.
qwen2.5:14b,A,8636,ShellPkg/Library/UefiShellDebug1CommandsLib/Edit/FileBuffer.c should initialize CutLine to null (Bugzilla Bug 2998),shellpkg,low,medium,0.8,The bug involves a potential uninitialized variable which is less severe than other issues affecting stability or functionality.
qwen2.5:14b,A,9991,RuntimeCryptLib should use non-null version of CryptPkcs5Pbkdf2 (Bugzilla Bug 2997),cryptopkg,high,low,0.85,"The issue involves a runtime library and suggests using a non-null version of an important cryptographic function, indicating potential security implications."
qwen2.5:14b,A,8635,EccCheck plugin should not calculate BaseTools path from workspace (Bugzilla Bug 2996),-,low,medium,0.8,The issue does not indicate any critical functionality failure or security vulnerability.
qwen2.5:14b,A,9988,Mitigation of a hardware attack on the TPM (Bugzilla Bug 2993),securitypkg,high,high,0.85,Involves hardware attack mitigation on TPM which is critical security related.
qwen2.5:14b,A,8634,In PciBusDxe\PciOptionRomSupport.c increase the width if the data read during oprom shadow to at least 32bits (Bugzilla Bug 2989),mdemodulepkg,medium,low,0.8,Similar to other mdemodulepkg issues with no explicit severity indicators.
qwen2.5:14b,A,9987,BaseTools reports the exception when the wrong syntax is specified in FDF file (Bugzilla Bug 2988),basetools,medium,medium,0.85,Similar to other BaseTools issues that affect build processes but do not cause critical failures or security vulnerabilities.
qwen2.5:14b,A,9986,Remove CpuFeaturesDxe and accordingly code in PiSmmCpuDxeSmm (Bugzilla Bug 2987),ueficpupkg,high,medium,0.85,"The issue involves removing a module and its associated code in a critical package (ueficpupkg), which could have significant implications for CPU features and SMM functionality."
qwen2.5:14b,A,8633,EccCheck should not revert staged and local changes (Bugzilla Bug 2986),-,medium,high,0.8,"No specific severity indicators, similar to other medium priority issues without high impact or critical system failures."
qwen2.5:14b,A,8632,Private Include Section in MdeModulePkg lead Emulator Platform Build Fail (Bugzilla Bug 2985),mdemodulepkg,high,low,0.85,Build failure issues are typically high priority as they prevent development progress.
qwen2.5:14b,A,8631,Bochs MMIO GOP driver does not work in ovmf (BarIndex confusion) (Bugzilla Bug 2984),ovmfpkg,low,low,0.8,Similar to other package-specific issues in ovmfpkg that do not indicate critical system failures or security vulnerabilities.
qwen2.5:14b,A,8630,edk2-stable202008 Vlv2TbltDevicePkg platforms fails to build (Bugzilla Bug 2983),-,medium,medium,0.8,Similar to other build failure issues that are typically medium priority.
qwen2.5:14b,A,8629,DxeCore: UEFI memmap workaround for hiding page-access caps from OSes hides SP and CRYPTO caps too (Bugzilla Bug 2982),mdepkg,high,high,0.85,The issue affects DxeCore and involves hiding memory access capabilities which could have significant security implications.
qwen2.5:14b,A,8628,Should OVMF VirtioGpuDxe install GOP on secondary child handle? (Bugzilla Bug 2980),ovmfpkg,medium,low,0.8,Similar to other OvmfPkg issues but lacks severity indicators like crashes or build failures.
qwen2.5:14b,A,8627,EmulatorPkg: CI Enablement for SECURE_BOOT_ENABLE option (Bugzilla Bug 2979),emulatorpkg,medium,low,0.8,Similar to other EmulatorPkg issues without a clear indication of high severity.
qwen2.5:14b,A,8626,Incremental build issue as PCD_TOKEN value not change in AutoGen.c and AutoGen.h (Bugzilla Bug 2978),basetools,medium,medium,0.85,Similar to other build-related issues in basetools package.
qwen2.5:14b,A,9985,Wrong BaseAddress entries in the FSP map file (Bugzilla Bug 2976),intelfsp2pkg,high,high,0.85,The issue involves incorrect BaseAddress entries in FSP map files which could lead to serious firmware issues.
qwen2.5:14b,A,8624,NVMe SSD is failed to show up in the Advanced menu of system BIOS (Bugzilla Bug 2974),mdemodulepkg,medium,low,0.8,Similar to other issues in mdemodulepkg without clear indicators of severity.
qwen2.5:14b,A,8623,Incremental build issue for previous created files' deletion (Bugzilla Bug 2973),basetools,medium,medium,0.8,Similar to other build-related issues in BaseTools package.
qwen2.5:14b,A,8622,Incremental build issue for included ASI file's deletion (Bugzilla Bug 2972),basetools,medium,medium,0.8,Similar to other build-related issues in BaseTools with medium priority.
qwen2.5:14b,A,9984,Add NULL lib to OvmfPkg/ResetVector/ResetVector.inf causes build failure (Bugzilla Bug 2970),basetools,low,low,0.85,Build failure issues are typically less critical than runtime crashes or severe performance impacts.
qwen2.5:14b,A,8620,Request to Place PLATFORM_GUID Macro in AutoGen.h (Bugzilla Bug 2968),basetools,medium,low,0.8,Similar to other basetools issues without high severity indicators.
qwen2.5:14b,A,8619,GenCfgOpt.py should take the consistent behavior for the different options (Bugzilla Bug 2967),intelfsp2pkg,low,low,0.8,No specific severity indicators and similar issues are generally low priority.
qwen2.5:14b,A,9983,BPDG tool should not update the output file when the output file is not changed. (Bugzilla Bug 2966),basetools,low,medium,0.8,The issue is about a tool's behavior that does not impact functionality or security directly.
qwen2.5:14b,A,8618,Incremental build issue for FV_IMAGE Section deletion (Bugzilla Bug 2965),basetools,high,medium,0.85,The issue is related to a blocker for another bug and involves build failures which are typically high priority.
qwen2.5:14b,A,9982,MdeModulePkg/Pcdpeim: PcdGetPtr () caused memory wasting. (Bugzilla Bug 2964),mdemodulepkg,medium,medium,0.8,Similar to other MdeModulePkg issues that are not classified as high priority.
qwen2.5:14b,A,8617,remove TPM related ppi from Depex for Fsp wrapper PEIM driver (Bugzilla Bug 2963),intelfsp2wrapperpkg,medium,low,0.85,Similar to other issues in intelfsp2wrapperpkg with medium priority.
qwen2.5:14b,A,8616,The EmbeddedPkg TimeBaseLib cannot pass MS VS X64 build (Bugzilla Bug 2962),embeddedpkg,medium,low,0.8,Similar to other build issues in different packages that are typically medium priority.
qwen2.5:14b,A,8615,EFI_BLOCK_IO_PROTOCOL_REVISION3 value is incorrect (Bugzilla Bug 2961),mdepkg,medium,low,0.8,Similar to other issues in MdePkg with medium priority.
qwen2.5:14b,A,8614,Support FD type in [FD] section of FDF file (Bugzilla Bug 2959),basetools,medium,low,0.8,Similar to other BaseTools issues that are classified as medium priority.
qwen2.5:14b,A,9981,PciBusDxe does not support EFI_INCOMPATIBLE_PCI_DEVICE_SUPPORT_PROTOCOL returning a fixed address for specific BARs (Bugzilla Bug 2958),mdemodulepkg,medium,low,0.85,Similar to other mdemodulepkg issues with medium priority.
qwen2.5:14b,A,8613,BootPerformanceTable pointer is read from an NVRAM variable in PEI (Bugzilla Bug 2957),mdemodulepkg,medium,low,0.8,Similar to other mdemodulepkg issues with medium priority.
qwen2.5:14b,A,8612,Boundary condition bug on SmmSaveState.c function ReadSaveStateRegisterByIndex. (Bugzilla Bug 2956),ueficpupkg,high,medium,0.85,Similar to other high priority issues in ueficpupkg related to boundary condition bugs and potential system crashes.
qwen2.5:14b,A,9980,"[edk2-staging] Edkrepo sync works most the time, but not always (Bugzilla Bug 2955)",basetools,medium,medium,0.8,The issue involves tool functionality and reliability but does not indicate critical security or performance impacts.
qwen2.5:14b,A,9979,System hang when trig Memtest (Bugzilla Bug 2954),ueficpupkg,high,low,0.85,The issue involves a system hang which is typically severe and aligns with other high priority issues in similar packages.
qwen2.5:14b,A,9978,Server name Indication (SNI) support in CryptoPkg (Bugzilla Bug 2953),cryptopkg,medium,high,0.8,Similar to other CryptoPkg issues without high severity indicators.
qwen2.5:14b,A,9977,Update SmbiosView with SMBIOS 3.3 fields (Bugzilla Bug 2952),shellpkg,medium,medium,0.8,No specific severity indicators; similar to other ShellPkg updates.
qwen2.5:14b,A,8611,Enable ECC error code 10014 in open CI (Bugzilla Bug 2951),-,medium,medium,0.7,"No similar package found, but severity is not explicitly high or low."
qwen2.5:14b,A,9976,[AuthService]: Digest Algorithm update for Authenticated Variables (Bugzilla Bug 2950),-,medium,low,0.8,"No specific severity indicators provided, similar to other issues without high priority labels."
qwen2.5:14b,A,9975,[Unit Test]: Digest Algorithm update for Authenticated Variables (Bugzilla Bug 2949),-,medium,low,0.8,The issue involves a unit test update and does not specify critical system failure or security vulnerability.
qwen2.5:14b,A,8610,Timeout loops in XhciDxe take longer than specified (Bugzilla Bug 2948),mdemodulepkg,medium,low,0.8,Similar to other mdemodulepkg issues but lacks severity indicators like 'ASSERT' or build failures.
qwen2.5:14b,A,8609,overflow happens when calculating memory size (Bugzilla Bug 2947),emulatorpkg,high,medium,0.85,Overflow issues typically indicate high severity due to potential security vulnerabilities and system instability.
qwen2.5:14b,A,8608,BrotliCustomDecompressLib : Destination size and Scratch size are claimed too large (Bugzilla Bug 2946),mdemodulepkg,medium,medium,0.8,Similar to other mdemodulepkg issues without high severity indicators.
qwen2.5:14b,A,8607,variable 'Status' is used uninitialized (Bugzilla Bug 2945),securitypkg,high,low,0.9,Uninitialized variable use is a common cause of runtime errors and security vulnerabilities.
qwen2.5:14b,A,8606,add FspMeasurementLib.h to IntelFsp2WrapperPkg/IntelFsp2WrapperPkg.dec (Bugzilla Bug 2944),intelfsp2wrapperpkg,low,low,0.8,"The bug involves adding a header file to a package description file, which is likely a documentation or build configuration issue rather than a critical runtime failure."
qwen2.5:14b,A,8605,Disable the SHA1 support of DxeImageVerificationLib base on the MACRO DISABLE_SHA1_DEPRECATED_INTERFACES (Bugzilla Bug 2943),securitypkg,medium,low,0.8,Similar to other security-related issues in the same package that are typically medium priority.
qwen2.5:14b,A,9974,Enable OpenCI for IntelFsp2WrapperPkg and IntelFsp2Pkg (Bugzilla Bug 2942),intelfsp2pkg,low,medium,0.8,The issue is about enabling OpenCI which seems to be a process or tooling improvement rather than a critical bug affecting stability or security.
qwen2.5:14b,A,8604,HttpParseMessageBody spins forever in for loop when HTTP server does not provide Content-Length header (Bugzilla Bug 2941),networkpkg,high,low,0.85,Similar to other networkpkg issues with high priority due to potential infinite loops and server-client communication failures.
qwen2.5:14b,A,8603,change TpmMeasurementLibNull to BASE library (Bugzilla Bug 2940),mdemodulepkg,medium,low,0.8,Similar to other mdemodulepkg issues with medium priority.
qwen2.5:14b,A,8602,Structured PCD for ACPI fixed tables is limited by BaseTools having copies of ACPI header files (Bugzilla Bug 2938),basetools,medium,medium,0.8,Similar to other BaseTools issues without a high severity label.
qwen2.5:14b,A,8601,"In Acpi10.h, EFI_ACPI_DMA_TRANSFER_TYPE_16_BIT is defined with the wrong value. (Bugzilla Bug 2937)",mdepkg,medium,medium,0.85,Similar to other issues in mdepkg with medium priority.
qwen2.5:14b,A,8593,race conditions in VCPU hotplug (Bugzilla Bug 2929),ovmfpkg,high,-,0.85,The issue involves race conditions in VCPU hotplug which can lead to serious system instability or crashes.
qwen2.5:14b,A,8592,"duplicate ""-Os"" compiler options (Bugzilla Bug 2928)",basetools,low,low,0.8,Similar to other basetools issues that are low priority.
qwen2.5:14b,A,8591,Add strncmp macro to use AsciiStrnCmp (Bugzilla Bug 2927),embeddedpkg,low,medium,0.8,The bug involves adding a macro and does not impact critical functionality or security.
qwen2.5:14b,A,8590,Add new memory attribute EFI_MEMORY_SP and EFI_MEMORY_CPU_CRYPTO introduced by UEFI2.8 (Bugzilla Bug 2926),mdepkg,medium,medium,0.8,Similar to other memory attribute related issues in mdepkg which are typically medium priority.
qwen2.5:14b,A,9973,CryptoPkg/Library/OpensslLib/process_files.pl missing copyright (Bugzilla Bug 2925),cryptopkg,low,medium,0.8,"The issue is about missing copyright in a script file, which is less severe than build or runtime errors."
qwen2.5:14b,A,8589,HostUnitTestDscCompleteCheck: return value typo under DscPath file check (Bugzilla Bug 2924),basetools,low,low,0.85,The issue involves a typo in return value under file check which is likely to cause minor inconvenience rather than critical failure or security breach.
qwen2.5:14b,A,8588,"Selecting the Secure Boot Mode = ""Custom Mode"" is never saved (Bugzilla Bug 2923)",ovmfpkg,medium,low,0.8,Similar to other firmware issues in OvmfPkg with medium priority.
qwen2.5:14b,A,8587,SMM_REQUIRE=TRUE triggers kvm internal error (Bugzilla Bug 2922),ovmfpkg,high,low,0.85,Similar to other high priority issues in ovmfpkg related to internal errors and SMM settings.
qwen2.5:14b,A,8585,False positive issue in edk2 open Ci (Bugzilla Bug 2920),-,medium,low,0.8,The issue is related to false positives in CI but does not specify a critical impact on functionality or security.
qwen2.5:14b,A,8584,Reference implement of EFI Redfish BIOS resource provisioning transport protocol (Bugzilla Bug 2919),-,medium,low,0.8,The issue involves implementing a protocol but does not indicate critical failure or security impact.
qwen2.5:14b,A,8583,Reference implement of EFI Redfish BIOS resource provisioning payload generator protocol (Bugzilla Bug 2918),-,medium,high,0.7,"The issue does not specify a package or severity level, but it involves implementing a protocol which is typically of medium importance."
qwen2.5:14b,A,8582,Add NETWORK_HTTP_ENABLE macro for generic HTTP modules enabled in  NetworkPkg (Bugzilla Bug 2917),networkpkg,high,low,0.85,Similar to other high priority issues in networkpkg that involve enabling or defining critical macros and features.
qwen2.5:14b,A,8581,Support Rest style in HII options in VFR compiler (Bugzilla Bug 2916),basetools,medium,high,0.8,Similar to other BaseTools issues that are medium priority.
qwen2.5:14b,A,8580,Add definitions for HTTP Chunked Transfer (Bugzilla Bug 2915),networkpkg,medium,high,0.8,Similar to other networkpkg issues without a clear indication of high severity.
qwen2.5:14b,A,8579,Reference implementation of EFI SOURCE CODING PROTOCOL (Bugzilla Bug 2914),-,medium,high,0.7,"No specific severity indicators provided, similar to other implementation or protocol issues typically classified as medium."
qwen2.5:14b,A,8578,Implement the reference platform driver to provide EFI_REDFISH_PLATFORM_BIOS_RESOURCE_PROTOCOL (Bugzilla Bug 2913),-,medium,low,0.8,The issue involves implementing a new protocol driver which is significant but not as critical as high priority issues like build failures or security vulnerabilities.
qwen2.5:14b,A,8577,Implementation of UEFI Redfish Host Interface Dxe (Bugzilla Bug 2912),networkpkg,medium,high,0.8,Similar to other implementation and enhancement issues in different packages.
qwen2.5:14b,A,8575,EDKII Redfish Credential Protocol (changed from EFI Redfish Credential Protocol) (Bugzilla Bug 2910),-,medium,high,0.8,The issue does not specify a package and seems to be related to protocol changes rather than critical bugs or build issues.
qwen2.5:14b,A,8574,TlsChildHandle is not cleared to NULL when HTTP EFI instance is reset (Bugzilla Bug 2909),networkpkg,medium,high,0.8,Similar to other networkpkg issues with medium priority.
qwen2.5:14b,A,8573,Implementation of UEFI spec 29.7.2 EFI_REST_EX_PROTOCOL (Bugzilla Bug 2908),-,medium,high,0.7,"No specific severity indicators provided, similar to other medium priority issues without high impact or critical functionality problems."
qwen2.5:14b,A,8572,Implementation of UEFI spec 29.7.3 EFI_REST_JSON_STRUCTURE_PROTOCOL (Bugzilla Bug 2907),-,medium,high,0.8,"No specific severity indicators, similar to other implementation issues without critical impact."
qwen2.5:14b,A,8570,BaseTools : Build Failure for VfrCompile (Bugzilla Bug 2905),basetools,high,low,0.85,Build failures are typically high priority issues as they prevent development progress.
qwen2.5:14b,A,8569,False positive issue reported by ECC under Linux OS (Bugzilla Bug 2904),basetools,medium,high,0.8,Similar to other build and tool issues in basetools package.
qwen2.5:14b,A,8568,MpInitLib build failure on CLANGPDB (Bugzilla Bug 2901),ueficpupkg,medium,medium,0.8,Similar to other build failure issues in different packages which are typically medium priority.
qwen2.5:14b,A,9972,RDSEED concerns (Bugzilla Bug 2897),cryptopkg,medium,medium,0.7,"No specific severity indicators provided, similar to other issues without high priority flags."
qwen2.5:14b,A,8564,VS2017 prefix is wrongly set when VS2017 and VS2019 are both installed. (Bugzilla Bug 2896),basetools,medium,low,0.85,Similar to other build and tooling issues in BaseTools package.
qwen2.5:14b,A,9971,MdePkgHostTest.dsc build fail with LLVM/CLANG (Bugzilla Bug 2895),basetools,medium,medium,0.8,Build failure issues often impact development workflow but may not always be critical system failures.
qwen2.5:14b,A,9968,MdeModulePkg: AhciPei doesn't convert port multiplier value (Bugzilla Bug 2892),mdemodulepkg,medium,medium,0.8,Similar to other MdeModulePkg issues with no explicit severity indicators.
qwen2.5:14b,A,9967,License should be changed to BSD-2-Clause-Patent in BaseTools\UserManuals files (Bugzilla Bug 2890),basetools,low,medium,0.85,The issue is about changing license terms which typically does not impact functionality or stability.
qwen2.5:14b,A,9966,No license in the file header of some files in OvmfPkg (Bugzilla Bug 2889),ovmfpkg,low,medium,0.85,Similar to other documentation or header related issues which are typically low priority.
qwen2.5:14b,A,8563,CLANGPDB tool chain build failure in FmpDxe (Bugzilla Bug 2887),fmpdevicepkg,medium,medium,0.8,Similar to other build failure issues that are typically medium priority.
qwen2.5:14b,A,9964,EmbeddedPkg PrePiHobLib SetBootMode wrong return type (Bugzilla Bug 2886),embeddedpkg,low,medium,0.8,Similar to other low priority issues in EmbeddedPkg with minor return type errors.
qwen2.5:14b,A,9963,CD command failed with Trailing period end of folder name (Bugzilla Bug 2885),shellpkg,low,medium,0.8,The bug involves a specific command failure in the shell package without broader system impact or security concerns.
qwen2.5:14b,A,8561,Incremental build error triggered by changing name of source code file (Bugzilla Bug 2882),basetools,medium,medium,0.85,Similar to other build-related issues in BaseTools package which are typically medium priority.
qwen2.5:14b,A,8560,Incremental build issue as macro value change in Makefile (Bugzilla Bug 2881),basetools,medium,medium,0.8,Similar to other build-related issues in basetools package.
qwen2.5:14b,A,8559,Incremental build issue as directory macros extended in Makefile (Bugzilla Bug 2880),basetools,high,medium,0.85,"The issue is marked as a blocker for another bug and involves problems with Makefile macros in BaseTools, similar to other high priority issues related to build tools."
qwen2.5:14b,A,9962,Hardware error record variable quota calculation update (Bugzilla Bug 2879),mdemodulepkg,medium,medium,0.8,Similar to other mdemodulepkg issues without a clear indication of severity beyond standard functionality update.
qwen2.5:14b,A,9961,Update FMP function descriptions to match UEFI 2.8B spec (Bugzilla Bug 2878),fmpdevicepkg,low,low,0.8,"The issue involves updating descriptions to match a spec, which is likely less critical than functional bugs or crashes."
qwen2.5:14b,A,9960,Bug Capsule date error (Bugzilla Bug 2877),mdemodulepkg,medium,high,0.8,Similar to other mdemodulepkg issues without a clear indication of severity beyond typical module bugs.
qwen2.5:14b,A,8558,SVN#15047 (Bugzilla Bug 2876),networkpkg,medium,medium,0.85,Similar to other issues in networkpkg with medium priority.
qwen2.5:14b,A,9958,QuarkPlatformPkg compilation problem (Bugzilla Bug 2874),-,medium,medium,0.75,"No specific severity indicators, similar to other issues without high priority labels."
qwen2.5:14b,A,9957,IP is getting Configured when IP Configuration is disabled (Bugzilla Bug 2873),networkpkg,medium,low,0.85,Similar to other networkpkg issues with medium priority.
qwen2.5:14b,A,8557,DHCP support for RFC 3021 addresses? Question/Feature reuquest (Bugzilla Bug 2871),networkpkg,medium,low,0.8,Feature request or question without clear severity indicators.
qwen2.5:14b,A,8556,FMP Protocol Function Parameter Input Validation Could be Improved in FmpDxe (Bugzilla Bug 2869),fmpdevicepkg,medium,low,0.8,Similar to other input validation issues in different packages which are typically medium priority.
qwen2.5:14b,A,9956,Request to add PatchCheck as CI Plugin (Bugzilla Bug 2868),basetools,medium,low,0.8,The issue is about adding a CI plugin and does not indicate critical severity like security vulnerabilities or boot issues.
qwen2.5:14b,A,8555,GCC build fails due variable self assignment (Bugzilla Bug 2864),basetools,high,high,0.85,Similar to other build failure issues in BaseTools package which are high priority.
qwen2.5:14b,A,9955,Make MtrrLib unit test failure easily reproducable (Bugzilla Bug 2863),ueficpupkg,medium,medium,0.8,Similar to other unit test issues in ueficpupkg package.
qwen2.5:14b,A,8554,Read/Write MMX and MemoryFence() missing in UnitTestHostBaseLib (Bugzilla Bug 2862),mdepkg,low,low,0.8,Similar to other low priority issues in mdepkg without severe impact indicators.
qwen2.5:14b,A,9954,"HiiDatabaseDxe, ConfigRouting.c, GetElementsFromRequest incorrect error handling. (Bugzilla Bug 2861)",mdemodulepkg,medium,medium,0.85,Similar to other MdeModulePkg issues with medium priority.
qwen2.5:14b,A,9952,Invalid Flash BlockIo device under qemu (Bugzilla Bug 2856),armplatformpkg,high,low,0.85,"The issue involves a critical component (Flash BlockIo device) under a specific platform (qemu), likely impacting firmware functionality."
qwen2.5:14b,A,8550,Fix GetSupportedAndActivePcrs counter calculation (Bugzilla Bug 2855),securitypkg,medium,low,0.8,Similar to other issues in securitypkg that do not explicitly indicate high severity.
qwen2.5:14b,A,8549,"""build clean"" fails for OVMF: ""ResetVector: Is a directory"" (Bugzilla Bug 2854)",basetools,medium,medium,0.8,Similar to other build failure issues in BaseTools package.
qwen2.5:14b,A,9951,UT_LOG_xxx() messages are truncated (Bugzilla Bug 2853),unittestframeworkpkg,medium,low,0.8,Similar to other issues in unittestframeworkpkg with medium priority.
qwen2.5:14b,A,8548,please update / extend the HTTPS cipher suite notes in OvmfPkg/README (Bugzilla Bug 2852),ovmfpkg,low,low,0.85,The issue is about updating documentation rather than a functional bug or firmware crash.
qwen2.5:14b,A,9950,TPM _SRS has interrupt polarity reversed (following an ACPI spec inconsistency) (Bugzilla Bug 2851),securitypkg,medium,low,0.8,Similar to other securitypkg issues with medium priority.
qwen2.5:14b,A,8547,Generate compile_commands.json file needed by clangd VS Code plugin (Bugzilla Bug 2850),basetools,high,low,0.85,"The issue involves generating a file needed by a development tool (clangd VS Code plugin) which is critical for compile-time analysis and debugging, similar to other high-priority issues in BaseTools package."
qwen2.5:14b,A,8546,Remove unnecessary APIs from MtrrLib (Bugzilla Bug 2849),ueficpupkg,low,low,0.8,The issue involves removing unnecessary APIs which is a maintenance task rather than a critical bug or security flaw.
qwen2.5:14b,A,8545,"""OpensslLib.inf"" and ""OpensslLibCrypto.inf"" use different RISCV64_CC_FLAGS (Bugzilla Bug 2848)",cryptopkg,medium,low,0.85,Similar to other issues in cryptopkg with medium priority due to build configuration discrepancies.
qwen2.5:14b,A,9949,Error while execute command 'nmake all' in direcotry C:\Users\jguo5\Downloads\edk2-master\BaseTools\Source\C\BrotliCompress (Bugzilla Bug 2846),mdemodulepkg,medium,high,0.75,The error encountered during build execution is similar to other medium priority issues in BaseTools and MdeModulePkg.
qwen2.5:14b,A,8544,To enable X2Apic by default (Bugzilla Bug 2845),ueficpupkg,medium,medium,0.8,Similar to other UEFI configuration issues in ueficpupkg package.
qwen2.5:14b,A,8543,SetVariable() returns EFI_SUCCESS after Reclaim() when variable is not actually set (Bugzilla Bug 2844),mdemodulepkg,high,low,0.85,Similar to other high priority issues in mdemodulepkg related to variable handling and system reliability.
qwen2.5:14b,A,8542,Partition child handler calculate the start and end LBA with incorrect blocksize (Bugzilla Bug 2843),mdemodulepkg,medium,medium,0.8,Similar to other mdemodulepkg issues with medium priority.
qwen2.5:14b,A,8541,Using LLVM compiler set to build BaseTools in Linux (Bugzilla Bug 2842),basetools,medium,low,0.8,Similar to other BaseTools issues but lacks severity indicators like system crashes or high impact regressions.
qwen2.5:14b,A,8539,Add missing PcrIndex assignment for Tcg2Pei FvBlock2 event. (Bugzilla Bug 2840),securitypkg,high,low,0.85,"The issue involves a security package and missing PcrIndex assignment for Tcg2Pei FvBlock2 event, similar to other high priority security issues."
qwen2.5:14b,A,8538,Use PcdTcgPfpMeasurementRevision to TcgSpecId event (Bugzilla Bug 2839),securitypkg,medium,low,0.8,Similar to other securitypkg issues without high severity indicators.
qwen2.5:14b,A,9947,missing memory attribute type (Bugzilla Bug 2837),mdepkg,medium,medium,0.85,Similar to other MdeModulePkg issues with memory attributes but not explicitly marked as high priority.
qwen2.5:14b,A,8537,Enhance PatchChecker to skip Tag line in the commit message (Bugzilla Bug 2836),basetools,low,medium,0.8,The issue is about enhancing a tool rather than fixing a critical bug or security vulnerability.
qwen2.5:14b,A,8536,Explicitly cast UINT64 to UINT32 in ArmMMU (Bugzilla Bug 2835),armpkg,medium,low,0.8,Similar to other issues in armpkg that do not have a high severity label.
qwen2.5:14b,A,9946,Contribution guidelines have not been re-evaluated following dropping of contribution agreement (Bugzilla Bug 2834),-,medium,high,0.8,The issue pertains to guidelines and process rather than a technical bug or security flaw.
qwen2.5:14b,A,8535,license check introduced for bug 2691 interferes with generated files (Bugzilla Bug 2833),basetools,high,low,0.85,"The issue interferes with generated files and has duplicates and related issues, indicating significant impact."
qwen2.5:14b,A,8534,Remove PEI/DXE instances of CpuTimerLib in UefiCpuPkg (Bugzilla Bug 2832),ueficpupkg,medium,medium,0.8,Similar to other issues in ueficpupkg without a clear indication of severity beyond routine maintenance.
qwen2.5:14b,A,9945,UefiBootManagerLib is not specs compliant with regards to EFI_EVENT_GROUP_READY_TO_BOOT (Bugzilla Bug 2831),mdemodulepkg,high,medium,0.85,The issue involves non-compliance with EFI specifications and affects a critical boot management library.
qwen2.5:14b,A,9944,ECC parse struct member include keyword string issue (Bugzilla Bug 2830),basetools,high,high,0.85,"The issue is related to ECC and parsing struct members, similar in severity to other high-priority issues involving memory or data handling problems."
qwen2.5:14b,A,9943,ECC parse UTF-16 encoding source file halt issue (Bugzilla Bug 2829),basetools,high,medium,0.85,"The issue involves a halt in processing source files with UTF-16 encoding, which can severely impact build processes and tool functionality."
qwen2.5:14b,A,8533,IntelFsp2Pkg/Tools/GenCfgOpt.py failed to parse the macro value which contain another macro (Bugzilla Bug 2827),intelfsp2pkg,medium,medium,0.8,Similar to other parsing issues but without high severity indicators like crashes or build failures.
qwen2.5:14b,A,8532,OVMF bios corrupts files in shared folder of QEMU (Bugzilla Bug 2826),ovmfpkg,high,low,0.85,"The issue affects file integrity in a shared folder of QEMU, similar to other high priority issues affecting OVMF package functionality."
qwen2.5:14b,A,8531,Use InitializeFloatingPointUnits defined in UefiCpuLib (Bugzilla Bug 2825),intelfsp2pkg,low,low,0.8,Similar to other low priority issues in intelfsp2pkg package.
qwen2.5:14b,A,8530,Update the MBR partition child handler to skip the table added for windows compatibility (Bugzilla Bug 2823),mdemodulepkg,medium,low,0.85,Similar to other mdemodulepkg issues with medium priority.
qwen2.5:14b,A,9941,Add AARCH64 flags for MSFT compiler to Intrinsic Lib (Bugzilla Bug 2821),cryptopkg,low,low,0.8,The issue is about adding compiler flags for a specific architecture and does not indicate critical functionality or build failures.
qwen2.5:14b,A,9940,Initialize variables in FwVol (PrePiLib) (Bugzilla Bug 2820),embeddedpkg,low,low,0.8,The issue is about initializing variables which typically does not cause critical system failures.
qwen2.5:14b,A,9939,There should be a macro defined for file attribute 0. (Bugzilla Bug 2819),mdepkg,low,low,0.8,The issue is about defining a macro for file attributes which seems to be a minor enhancement rather than a critical bug or performance issue.
qwen2.5:14b,A,8529,"Upon BootOption failure, Destroy RamDisk memory before reporting StatusCode. (Bugzilla Bug 2818)",mdemodulepkg,medium,medium,0.8,Similar to other mdemodulepkg issues with medium priority.
qwen2.5:14b,A,8528,Avoid using MAX_STRING_SIZE in AsciiStrCpyS() (Bugzilla Bug 2817),cryptopkg,low,medium,0.8,The issue is about avoiding a specific constant in a function call without indicating critical system failure or security vulnerability.
qwen2.5:14b,A,9938,Separate NULL class libraries for Memory and serial handlers from MdeModulePkg/Universal/StatusCodeHandler modules (Bugzilla Bug 2816),mdemodulepkg,medium,low,0.8,Similar to other MdeModulePkg issues without a high severity label.
qwen2.5:14b,A,8527,Triple fault in Ovmf caused by interrupt stack overflow under heavy load (Bugzilla Bug 2815),ovmfpkg,high,high,0.85,Triple fault indicates severe system instability under heavy load.
qwen2.5:14b,A,9937,Break out the PromptForUserConfirmation() function from Tcg2 PPI. (Bugzilla Bug 2814),securitypkg,medium,medium,0.8,No specific severity indicators; similar to other issues in securitypkg without high priority markers.
qwen2.5:14b,A,9936,Add support for Tpm2PolicyLocality assertions. (Bugzilla Bug 2813),securitypkg,medium,medium,0.8,"The issue involves adding support for a specific feature in securitypkg, which is neither trivial nor critical."
qwen2.5:14b,A,9935,Add Tpm12GetCapabilityFirmwareVersion() for Tpm12CommandLib (Bugzilla Bug 2812),securitypkg,medium,medium,0.8,Similar to other issues in securitypkg with medium priority.
qwen2.5:14b,A,9934,Tcg2Smm debug statement can overrun string buffer. (Bugzilla Bug 2811),securitypkg,high,medium,0.85,Similar to other security-related issues in the same package that have been classified as high priority.
qwen2.5:14b,A,8526,Allow OpenSSL config to support elliptic curve algorithms (Bugzilla Bug 2810),cryptopkg,medium,low,0.8,Similar to other issues in cryptopkg without a clear indication of severity beyond typical feature request or enhancement.
qwen2.5:14b,A,8525,DXE_ASSERT when UEFI Driver creates an event for EVT_SIGNAL_EXIT_BOOT_SERVICES with TPL_NOTIFY (Bugzilla Bug 2809),pcatchipsetpkg,high,high,0.85,Similar to other high priority issues in pcatchipsetpkg related to driver events and TPL levels causing assertion failures.
qwen2.5:14b,A,9933,Implement authentication mechanism for UEFI BIOS sub-region (Bugzilla Bug 2808),securitypkg,high,low,0.85,Involves implementing a critical security feature for UEFI BIOS sub-region.
qwen2.5:14b,A,8524,"Build intermittently breaks with ""make: *** No rule to make target 'tbuild'.  Stop."" (Bugzilla Bug 2807)",basetools,medium,high,0.8,Similar to other build-related issues in basetools package with intermittent failures.
qwen2.5:14b,A,8523,Use filename instead of function name in target based unit test log messages (Bugzilla Bug 2806),unittestframeworkpkg,medium,low,0.85,Similar to other issues in unittestframeworkpkg with medium priority.
qwen2.5:14b,A,8522,Move print of unit test log into unit test tear down function CmockaUnitTestTeardownFunctionRunner() (Bugzilla Bug 2805),unittestframeworkpkg,low,low,0.8,The issue is related to unit test log management and does not indicate critical system failure or performance degradation.
qwen2.5:14b,A,8520,Increase host based unit test stack size to a minimum of 256KB (Bugzilla Bug 2803),unittestframeworkpkg,medium,low,0.8,Similar to other issues in unittestframeworkpkg that do not have a high severity label.
qwen2.5:14b,A,8518,Add UT_EXPECT_ASSERT_FAILURE() to UnitTestLib (Bugzilla Bug 2801),unittestframeworkpkg,medium,low,0.8,"The issue involves adding a new function to an existing library, which is likely to be of moderate importance but not critical."
qwen2.5:14b,A,8516,Add BaseCacheMaintenanceLibNull instance of CacheMaintenanceLib to MdePkg (Bugzilla Bug 2799),mdepkg,medium,low,0.85,Similar to other MdePkg issues with moderate impact.
qwen2.5:14b,A,8515,Add BaseCpuLibNull instance of CpuLib to MdePkg (Bugzilla Bug 2798),mdepkg,medium,low,0.8,The issue involves adding a library instance which is likely to have moderate impact on existing code and build processes.
qwen2.5:14b,A,8514,Allow NULL library instances for HOST_APPLICATION modules (Bugzilla Bug 2797),basetools,medium,low,0.8,Similar to other issues in basetools package without a clear indication of high severity.
qwen2.5:14b,A,9932,PCI passthrough impaired due to very limiting PCI64 aperture - heuristic should be used instead of hardcoded window (Bugzilla Bug 2796),ovmfpkg,medium,low,0.8,The issue affects a specific package and does not indicate critical failure or security vulnerability.
qwen2.5:14b,A,9931,Report the spare space in FV image when its top ffs is placed (Bugzilla Bug 2790),basetools,medium,medium,0.8,Similar to other issues in basetools package that do not have a high severity designation.
qwen2.5:14b,A,8511,IntelFsp2Pkg.dsc is missing Fsp22SecCoreS.inf (Bugzilla Bug 2788),intelfsp2pkg,low,low,0.8,The issue is about a missing file in a package description and does not indicate any critical functionality or security impact.
qwen2.5:14b,A,8510,MdeModulePkg/Universal/StatusCodeHandler: do not output \n\r for string data (Bugzilla Bug 2787),mdemodulepkg,low,medium,0.8,The issue is about improving output formatting and does not impact core functionality or security.
qwen2.5:14b,A,8509,MdeModulePkg.dec: Change PCDs for status code. (Bugzilla Bug 2786),mdemodulepkg,medium,medium,0.8,Similar to other MdeModulePkg issues that are medium priority.
qwen2.5:14b,A,8508,OvmfPkg/X86QemuLoadImageLib does not recognize EFI_ACCESS_DENIED from LoadImage() (Bugzilla Bug 2785),ovmfpkg,medium,low,0.85,Similar to other issues in ovmfpkg with medium priority.
qwen2.5:14b,A,8506,FileHandleReadLine() overruns a supplied buffer if the buffer is too small (Bugzilla Bug 2783),mdepkg,high,medium,0.85,Buffer overrun issues typically indicate a critical security vulnerability.
qwen2.5:14b,A,9930,BaseTools assume the map file is always generated (Bugzilla Bug 2782),basetools,medium,medium,0.8,Similar to other BaseTools issues with medium priority.
qwen2.5:14b,A,8504,"Update new timezone of Istanbul, Novosibirsk, Georgetown (Bugzilla Bug 2780)",shellpkg,low,medium,0.85,The issue is about updating timezone information which is less critical than performance or security issues.
qwen2.5:14b,A,8503,Brotli sources are not included into released source archive (Bugzilla Bug 2779),-,medium,low,0.8,"No specific severity indicators, similar to other issues without high priority flags."
qwen2.5:14b,A,8502,Maintainers.txt: disorder between subsystem headers (Bugzilla Bug 2778),-,low,low,0.8,The issue is about disorder in headers and does not impact functionality or performance.
qwen2.5:14b,A,9929,Extended PMR feature: allow platform code to adjust RMRR range base on the project needs (Bugzilla Bug 2775),intelsiliconpkg,medium,low,0.8,"The issue involves extending PMR features for platform-specific adjustments, which is a functional enhancement rather than a critical bug or performance regression."
qwen2.5:14b,A,9928,NvmExpressDxe reconfigures controllers already handled by another driver (Bugzilla Bug 2773),mdemodulepkg,medium,low,0.85,Similar to other driver-related issues in mdemodulepkg which are typically medium priority.
qwen2.5:14b,A,8499,"Remove deprecated packages in bugzilla Package field for ""Edk2"" product (Bugzilla Bug 2771)",stdlibprivateinternalfiles,medium,low,0.8,The issue is about removing deprecated packages and does not indicate a critical impact on functionality or security.
qwen2.5:14b,A,8498,Trim.py giving error when .asl files filtered out by build flags are not present in the folder (Bugzilla Bug 2770),basetools,low,low,0.85,Similar to other build script issues that do not impact core functionality.
qwen2.5:14b,A,8495,Register SMI handler profile for PiSmmCommunication driver (Bugzilla Bug 2766),mdemodulepkg,medium,low,0.8,Similar to other MdeModulePkg issues without a clear indication of high severity.
qwen2.5:14b,A,9927,UnicodeStrToAsciiStrS should filter non-ascii characters (Bugzilla Bug 2764),mdepkg,medium,low,0.8,Similar to other issues in mdepkg with medium priority.
qwen2.5:14b,A,9926,Inconsistent Shell File Info state assumptions (Bugzilla Bug 2763),shellpkg,medium,low,0.8,Similar to other firmware issues impacting functionality but not critical system operations.
qwen2.5:14b,A,8494,Adding Guid name support in GenFfs to prevent hard coding GUID vaule on fdf file (Bugzilla Bug 2762),basetools,medium,medium,0.8,Similar to other BaseTools issues without critical severity indicators.
qwen2.5:14b,A,9925,Tcg2Dxe Invoke Exit Boot Services should be hashed into PCR on failure and success case (Bugzilla Bug 2753),securitypkg,high,medium,0.85,Similar to other security-related issues in the securitypkg package that have been classified as high priority.
qwen2.5:14b,A,8493,OvmfPkg/Tcg2ConfigPei: trivial cleanups (Bugzilla Bug 2752),ovmfpkg,low,low,0.85,The issue is described as trivial cleanups and does not indicate any severe bugs or performance issues.
qwen2.5:14b,A,8492,[aarch64] [OVMF] Translation Fault upon attempting to execute EFI_FILE->GetInfo (Bugzilla Bug 2730),armvirtpkg,high,low,0.85,"The issue involves a critical failure in executing EFI_FILE->GetInfo on OVMF for aarch64, similar to other high-priority issues related to system faults and execution failures."
qwen2.5:14b,A,9924,UnitTest for BaseLib needs better structuring to support all BaseLib functions (Bugzilla Bug 2729),mdepkg,medium,low,0.85,Similar to other BaseLib issues in mdepkg but lacks high severity indicators like crashes or security vulnerabilities.
qwen2.5:14b,A,8491,"""ArmVirtPkg/ArmVirtQemu.dsc"" build failure with ""-D TPM2_ENABLE"" (Bugzilla Bug 2728)",ovmfpkg,medium,low,0.8,Similar to other build failure issues which are typically medium priority unless they block critical functionality or have high severity impact.
qwen2.5:14b,A,8490,Support for OS debug memory buffer when the OS debugger loader supports EFI_PCI_PROTOCOL or EFI_IOMMU_PROTOCOL (Bugzilla Bug 2727),intelsiliconpkg,medium,low,0.8,Similar to other issues in intelsiliconpkg with moderate impact on OS interaction and debugging support.
qwen2.5:14b,A,8489,IntelFsp2Pkg: Add FunctionParametePtr to FspGlobalData. (Bugzilla Bug 2726),intelfsp2pkg,low,low,0.8,The issue is about adding a function parameter to global data and does not indicate critical performance or security issues.
qwen2.5:14b,A,9923,WinHost.exe exits after launching after SEC core. (Bugzilla Bug 2725),emulatorpkg,high,low,0.85,"The issue involves WinHost.exe exiting unexpectedly after SEC core launch, which is likely to be a critical runtime failure."
qwen2.5:14b,A,9922,Change the process_file.py in CryptoPkg to make the created file opensslconfig.h with correct line ending (Bugzilla Bug 2724),cryptopkg,low,low,0.85,"The issue is about fixing line endings in a generated file, which is likely to have minimal impact on functionality or security."
qwen2.5:14b,A,9921,Base tools Common lib built with wrong arch on mac os (Bugzilla Bug 2722),apppkg,medium,medium,0.8,Similar to other BaseTools issues but lacks severity indicators like crashes or high impact bugs.
qwen2.5:14b,A,8487,Both ResultReportLibs use wrong bounded StrCpy function. (Bugzilla Bug 2721),unittestframeworkpkg,low,medium,0.8,The issue involves incorrect function usage but does not indicate severe consequences or widespread impact similar to high priority issues like build failures or security vulnerabilities.
qwen2.5:14b,A,9920,HttpBootDxe fails with some HTTP servers and low-latency links (Bugzilla Bug 2720),networkpkg,medium,high,0.8,Similar to other networkpkg issues that are medium priority.
qwen2.5:14b,A,8486,X64 build error for MdePkg: Unable to open include file Nasm.inc (Bugzilla Bug 2719),mdepkg,low,low,0.8,Similar to other build error issues that are typically less severe.
qwen2.5:14b,A,8485,MdePkg/Include/IndustryStandard/SmBios.h and ShellPkg/Library/UefiShellDebug1CommandsLib/SmbiosView/PrintInfo.c misspell FirmwareVersion (Bugzilla Bug 2718),shellpkg,low,medium,0.85,The issue involves misspelling in documentation or code comments which typically has a low impact on functionality.
qwen2.5:14b,A,8484,MdePkg/Include/Protocol/DevicePath.h lacks definitions for NVDIMM Namespace Device Path (Bugzilla Bug 2717),mdepkg,medium,medium,0.8,Similar to other issues in mdepkg that do not explicitly indicate high severity but involve missing definitions which could impact functionality.
qwen2.5:14b,A,8483,MdePkg/Include/Protocol/DevicePath.h lacks definitions for ACPI NVDIMM Device Path (Bugzilla Bug 2716),mdepkg,medium,medium,0.8,Similar to other issues in mdepkg that do not explicitly state high severity but involve protocol definitions.
qwen2.5:14b,A,8482,Get default value from same source for TCG2_PHYSICAL_PRESENCE_FLAGS_VARIABLE (Bugzilla Bug 2713),securitypkg,medium,low,0.8,Similar to other issues in securitypkg with medium priority.
qwen2.5:14b,A,8481,Build failure with XCODE and CLANG9 when building MdeModulePkg (Bugzilla Bug 2712),mdemodulepkg,high,low,0.85,Build failure issues are typically high priority as they prevent development and testing.
qwen2.5:14b,A,9919,MdeModulePkg: PEI Usb read doesn't handle large file size (Bugzilla Bug 2711),mdemodulepkg,medium,low,0.8,Similar to other MdeModulePkg issues that are medium priority.
qwen2.5:14b,A,9918,[ECC] UnicodeDecodeError: 'ascii' codec can't decode byte 0xef in position 38: ordinal not in range(128) (Bugzilla Bug 2709),basetools,high,low,0.9,The issue is a blocker for another high priority issue (#3206) and involves an encoding error that could cause build failures or other severe issues.
qwen2.5:14b,A,9917,[ECC] AttributeError: 'NoneType' object has no attribute 'line' (Bugzilla Bug 2708),basetools,high,low,0.85,The issue is blocking another critical bug and involves a significant runtime error.
qwen2.5:14b,A,8480,Ecc Fails with Python 3.8 (Bugzilla Bug 2707),basetools,high,low,0.85,Similar to other high priority issues in basetools package related to Python compatibility and build failures.
qwen2.5:14b,A,8479,automatic reboot during first boot after deploying OVMF binary containing commit d42fdd6f8384 (Bugzilla Bug 2706),ovmfpkg,high,medium,0.85,The issue involves automatic reboot during boot which can be highly disruptive and indicates a critical failure in firmware functionality.
qwen2.5:14b,A,8478,ECC fails to run with Py38 interpreter (Bugzilla Bug 2703),basetools,high,low,0.85,"The issue involves a failure with a specific Python interpreter version, similar to other high-priority build and tool issues in BaseTools."
qwen2.5:14b,A,9916,stdtold and strtoumax functions in StdLib can't be used. (Bugzilla Bug 2702),stdlibprivateinternalfiles,low,low,0.8,The issue affects internal functions and does not impact firmware or critical build processes.
qwen2.5:14b,A,8477,System can not go to right page if reconnect flag is enabled. (Bugzilla Bug 2701),mdemodulepkg,medium,medium,0.8,Similar to other issues in mdemodulepkg with medium priority.
qwen2.5:14b,A,8474,Incorrect TCG PPI version comparison in SmmTcg2PhysicalPresenceLib (Bugzilla Bug 2697),securitypkg,medium,low,0.8,Similar to other issues in securitypkg which are typically medium priority unless there is a clear indication of high severity impact.
qwen2.5:14b,A,9914,AARCH64 Release build failed with Clang 9 and Clang 10 (Bugzilla Bug 2695),cryptopkg,high,low,0.85,Build failure issues typically have high priority due to their impact on development and testing processes.
qwen2.5:14b,A,8472,Xhci Assert when Reset Device purposely (Bugzilla Bug 2694),mdemodulepkg,high,high,0.85,Similar to other high priority issues in mdemodulepkg related to assert failures and device resets.
qwen2.5:14b,A,8471,BaseLib/SafeString.c: invalid integer parse result when subject sequence is empty (Bugzilla Bug 2693),mdepkg,medium,low,0.85,Similar to other BaseLib/SafeString.c issues with medium priority.
qwen2.5:14b,A,8470,BrotliCompress submodule change for BaseTools causes untracked files in BaseTools after building (Bugzilla Bug 2692),basetools,medium,low,0.8,Similar to other BaseTools issues with untracked files after building.
qwen2.5:14b,A,8468,PCD default value is unexpected when using GUID(gXXXX) syntax to describe a list GUIDs in PCD (Bugzilla Bug 2686),basetools,medium,low,0.85,Similar to other PCD-related issues in BaseTools package.
qwen2.5:14b,A,9913,PatchCheck.py: Check for added newline at end of file (Bugzilla Bug 2685),basetools,low,low,0.8,Similar to other tool-related issues in BaseTools that do not impact core functionality or stability.
qwen2.5:14b,A,8467,ASSERT when AP try to use CpuMpData (Bugzilla Bug 2683),ueficpupkg,high,low,0.85,ASSERT errors typically indicate critical failures in code execution.
qwen2.5:14b,A,9912,SmmCommunicationBufferDxe should be updated for MmStandalone (Bugzilla Bug 2682),mdemodulepkg,medium,low,0.8,Similar to other mdemodulepkg issues without a clear indication of high severity.
qwen2.5:14b,A,9911,SnpDxe: ExitBootServices notification function can call FreePool() (Bugzilla Bug 2679),networkpkg,medium,low,0.8,Similar to other issues in networkpkg with medium priority due to potential memory management issues.
qwen2.5:14b,A,8465,"commit 4c0f6e349d32 marks ""MpLib.h"" as executable, breaking downstream packaging (Bugzilla Bug 2678)",ueficpupkg,low,low,0.8,The issue primarily affects packaging and does not indicate a security or critical functionality problem.
qwen2.5:14b,A,8464,ECC needs to update the contents of CParser4 (Bugzilla Bug 2676),basetools,high,medium,0.85,"The issue involves updating ECC contents and is related to a blocker for another critical bug (#3206), indicating high severity."
qwen2.5:14b,A,8463,OvmfPkg: clean up Libary/ResetSystemLib (Bugzilla Bug 2675),ovmfpkg,low,low,0.8,The issue is about cleaning up a library and does not indicate any critical failure or performance impact.
qwen2.5:14b,A,8462,VerifyHashedFv() should not ASSERT (Bugzilla Bug 2673),securitypkg,high,low,0.85,"The issue involves a function that should not ASSERT, similar to other high-priority issues related to security and correctness in the same package."
qwen2.5:14b,A,8460,Update the RSC Data Buffer on Buffer Reallocation in ReportStatusCodeRouterRuntimeDxe (Bugzilla Bug 2670),mdemodulepkg,medium,low,0.85,Similar to other mdemodulepkg issues with medium priority.
qwen2.5:14b,A,8459,Data Buffers May be Handled Incorrectly in ReportStatusCodeRouterRuntimeDxe (Bugzilla Bug 2669),mdemodulepkg,high,low,0.85,"The issue involves incorrect handling of data buffers in a critical module, which could lead to severe system instability or security vulnerabilities."
qwen2.5:14b,A,8458,EmulatorPkg IA32 Segfault in late Dxe (Bugzilla Bug 2668),emulatorpkg,high,medium,0.85,Similar to other EmulatorPkg issues with late Dxe problems and segfaults.
qwen2.5:14b,A,9910,Create two valid PlatformLang or Lang variables issue (Bugzilla Bug 2667),mdemodulepkg,medium,medium,0.8,Similar to other mdemodulepkg issues with medium priority.
qwen2.5:14b,A,8457,Assert in FwuPartitionVersionFromFlash (FreePool on a NULL pointer) (Bugzilla Bug 2666),fmpdevicepkg,high,low,0.85,"The issue involves an assert failure and potential NULL pointer dereference, indicating a critical bug."
qwen2.5:14b,A,8456,Report status code might cause page fault when executes the out of resource path (Bugzilla Bug 2665),mdemodulepkg,high,low,0.85,Similar to other high priority issues in mdemodulepkg related to resource management and fault handling.
qwen2.5:14b,A,8455,EmulatorPkg has a public header file in Include/Library that is not declared in EmulatorPkg.dec library class (Bugzilla Bug 2663),emulatorpkg,medium,medium,0.85,Similar to other issues in EmulatorPkg and MdeModulePkg that are classified as medium priority.
qwen2.5:14b,A,8454,OvmfPkg has numerous public libraries not declared in the DEC file (Bugzilla Bug 2662),ovmfpkg,medium,low,0.8,Similar to other issues in ovmfpkg with medium priority.
qwen2.5:14b,A,8453,OvmfPkg with numerous defines turned on runs out of space on NOOPT build with VS2019 (Bugzilla Bug 2661),ovmfpkg,high,high,0.85,Build failure issues typically have high priority due to their impact on development and testing processes.
qwen2.5:14b,A,8452,Remove deprecated Visual Studio compiler option ‘Gm’ for VS2017 and VS2019 (Bugzilla Bug 2660),basetools,low,medium,0.85,The bug involves removing a deprecated compiler option which is likely to have minimal impact on functionality or performance.
qwen2.5:14b,A,8451,VS2019 and VS2017 toolchain plugin does not allow caller to request Platform libs and headers for any architecture other than X64 (Bugzilla Bug 2659),basetools,medium,medium,0.8,Similar to other build toolchain issues in BaseTools package.
qwen2.5:14b,A,9909,Need a tool to count all the interfaces exposed by a package (Bugzilla Bug 2657),basetools,low,low,0.8,The issue is about requesting a tool for counting interfaces and does not indicate critical system failure or severe performance impact.
qwen2.5:14b,A,8449,NetworkPkg/Ip6Dxe: Reversed logic of ASSERTs in Ip6ProcessRouterAdvertise (Bugzilla Bug 2655),networkpkg,medium,low,0.85,Similar to other network-related issues with reversed logic or ASSERT problems.
qwen2.5:14b,A,8447,Improper order of open CI build (Bugzilla Bug 2653),-,low,medium,0.8,No specific severity indicators and no similar high priority issues in the same package.
qwen2.5:14b,A,8446,Returning at start of function directly will block image execution (Bugzilla Bug 2652),securitypkg,medium,low,0.75,"No specific severity indicators provided, similar to other medium priority issues in SecurityPkg."
qwen2.5:14b,A,8445,Commit c4c15b870239c2c23442dfc29c4421ac98d00ee0 breaks OVMF with VS2019 fails in PvScsi.c (Bugzilla Bug 2651),ovmfpkg,high,low,0.85,The issue involves a build failure in OVMF with VS2019 which is critical for development and testing environments.
qwen2.5:14b,A,8444,FvIsBeingProcessed references uninitialized variable KNownFwVol in DEBUG statement (Bugzilla Bug 2649),standalonemmpkg,low,low,0.8,The bug involves an uninitialized variable in a DEBUG statement which is unlikely to cause functional issues.
qwen2.5:14b,A,9907,BaseTools can't take .sh file to generate a new private/public key in Linux system (Bugzilla Bug 2645),basetools,low,low,0.8,Similar to other BaseTools issues that are generally low priority.
qwen2.5:14b,A,9906,Externally loaded runtime images are mapped RWX (Bugzilla Bug 2643),mdemodulepkg,high,low,0.85,Similar to other high priority issues in mdemodulepkg related to runtime image mapping and security vulnerabilities.
qwen2.5:14b,A,8442,XCODE5 built OVMF does not support memory attributes (Bugzilla Bug 2642),ovmfpkg,medium,low,0.8,Similar to other build and compatibility issues affecting specific configurations but not critical system functions.
qwen2.5:14b,A,8441,tftpDynamicCommand.efi load error in debug mode (Bugzilla Bug 2641),shellpkg,medium,low,0.85,Similar to other issues in shellpkg with medium priority.
qwen2.5:14b,A,9905,EmulatorPkg x64 Segmentation fault on GCC5 toolchain on Ubuntu (Bugzilla Bug 2639),emulatorpkg,high,medium,0.85,The issue involves a segmentation fault in EmulatorPkg on GCC5 toolchain which is likely to be critical.
qwen2.5:14b,A,8439,EmulatorPkg fails to build IA32 with GCC5 (Bugzilla Bug 2638),emulatorpkg,medium,medium,0.85,Similar to other build issues affecting specific architectures and compilers.
qwen2.5:14b,A,8438,EmulatorPkg WinHost Fails to compile with VS2019 (Bugzilla Bug 2637),emulatorpkg,high,medium,0.85,Previous issues in EmulatorPkg with VS2019 compilation errors are often high priority due to critical build failures.
qwen2.5:14b,A,8437,OvmfPkg/GenericQemuLoadImageLib: OVMF ia32x64 fails with VS2019 (Bugzilla Bug 2636),ovmfpkg,high,low,0.85,Similar to other OvmfPkg issues that have high priority due to build failures with specific toolchains.
qwen2.5:14b,A,8436,TlsAuthConfigAccessCallback() use console library to popup error message. (Bugzilla Bug 2635),networkpkg,medium,medium,0.8,The issue involves a console library usage in networkpkg which is similar to other medium priority issues in different packages.
qwen2.5:14b,A,9904,Error message of 'ifconfig6 -s <name> man host <ipv6>' with invalid value prints unknown command (Bugzilla Bug 2634),shellpkg,low,low,0.8,The error message issue in shellpkg is likely less critical than other high priority issues affecting core functionality or security.
qwen2.5:14b,A,8435,remove code to generate the properties table (Bugzilla Bug 2633),mdemodulepkg,low,low,0.8,The issue is about removing code and does not indicate any critical functionality or security impact.
qwen2.5:14b,A,8434,[UefiCpuPkg/MpInitLib] Both PEI & DXE instances are missing the PcdLib dependency (Bugzilla Bug 2632),ueficpupkg,medium,medium,0.85,Similar to other issues in UefiCpuPkg with moderate impact on build and dependency management.
qwen2.5:14b,A,8433,Build failure with VS2012 in SdMmcPciHcDxe\SdMmcPciHcDxe.c (Bugzilla Bug 2631),mdemodulepkg,high,medium,0.85,Build failure issues typically impact multiple components and can halt development processes.
qwen2.5:14b,A,8432,Build fail with GCC48 and GCC49 in OvmfPkg (Bugzilla Bug 2630),ovmfpkg,medium,high,0.8,Similar to other build failure issues which are typically medium priority unless they block critical functionality or are high impact.
qwen2.5:14b,A,9903,Audit X86 common packages in edk2 repo to minimize public interfaces (Bugzilla Bug 2629),shellpkg,medium,medium,0.8,Similar to other shellpkg issues without high severity indicators.
qwen2.5:14b,A,8431,CLANGPDB toolchain in IA32 mode generates large binaries (Bugzilla Bug 2628),basetools,high,low,0.85,Similar to other high-priority issues in basetools package related to toolchain problems.
qwen2.5:14b,A,8430,[UefiCpuPkg/MpInitLib] Add a PCD to configure the periodic interval for AP status checking (Bugzilla Bug 2627),ueficpupkg,medium,low,0.8,Similar to other issues in UefiCpuPkg with moderate impact.
qwen2.5:14b,A,8429,Typo in Python development Process and coding standards draft spec (Bugzilla Bug 2626),-,low,low,0.85,The issue is about a typo in documentation and does not affect functionality or security.
qwen2.5:14b,A,9902,Add the transaction interface to OpalStorageCoreLib (Bugzilla Bug 2625),securitypkg,medium,low,0.8,No specific severity indicators; similar to other package-specific enhancement requests.
qwen2.5:14b,A,8428,GenMake.py is adding make requirements for files that may not exist. (Bugzilla Bug 2624),basetools,high,low,0.85,Similar to other high priority issues in basetools package related to build and tooling problems.
qwen2.5:14b,A,9901,VerifyHashedFv() Possible overflow in pool allocation math due to typecasting (Bugzilla Bug 2623),securitypkg,high,low,0.85,Similar to other security-related issues in the same package that have high priority due to potential overflow vulnerabilities.
qwen2.5:14b,A,9900,Possible typecasting issue in function InstallPreHashFvPpi (Bugzilla Bug 2622),securitypkg,medium,low,0.8,Similar to other issues in securitypkg with medium priority due to potential typecasting issue without clear indication of severe impact.
qwen2.5:14b,A,9899,VerifyHashedFv ASSERTs should have conditionals (Bugzilla Bug 2621),securitypkg,medium,low,0.8,The issue involves a potential flaw in ASSERT conditions but does not indicate severe consequences like system crashes or security vulnerabilities.
qwen2.5:14b,A,9898,InstallPreHashFvPpi ASSERTs should have conditionals (Bugzilla Bug 2620),securitypkg,high,low,0.85,The similar issues in securitypkg with ASSERTs and conditions are typically high priority due to potential security implications.
qwen2.5:14b,A,9897,"Buffer allocation uses ASSERTs, needs conditional checks (Bugzilla Bug 2619)",securitypkg,high,low,0.85,The issue involves buffer allocation and ASSERTs which can lead to critical failures if not handled properly.
qwen2.5:14b,A,8427,Update edk2 CI to nodejs version 12.x (LTS) (Bugzilla Bug 2618),-,medium,medium,0.8,The issue involves updating CI tools which is typically important but not critical.
qwen2.5:14b,A,8426,Update edk2 build and test ci to use Python 3.8.x (Bugzilla Bug 2617),-,medium,medium,0.8,"The issue involves updating build and test CI to use a newer Python version, which is likely important but not critical."
qwen2.5:14b,A,8425,Update edk2-pytool-extensions to 0.13.x (Bugzilla Bug 2616),-,low,medium,0.8,The issue is about updating a tool version and does not impact firmware or core functionality directly.
qwen2.5:14b,A,9896,ECC doesn't report accurate line number (Bugzilla Bug 2615),basetools,high,medium,0.85,"The issue is a blocker for another bug and involves inaccurate error reporting in build tools, which can severely impact development and debugging efforts."
qwen2.5:14b,A,8424,Arrays might use invalid index (Bugzilla Bug 2614),networkpkg,high,low,0.85,Similar to other high priority issues in NetworkPkg related to potential vulnerabilities.
qwen2.5:14b,A,8423,"""PATH"" variable overloaded that could fail .bat run due to command line too long (Bugzilla Bug 2613)",basetools,medium,medium,0.8,Similar to other build and environment configuration issues in basetools package.
qwen2.5:14b,A,8422,SaveFrameworkState in UnitTestLib still requires FrameworkHandle (Bugzilla Bug 2612),unittestframeworkpkg,medium,medium,0.8,Similar to other tool-related issues in unittestframeworkpkg without extreme severity indicators.
qwen2.5:14b,A,8420,BaseTools print traceback info issue (Bugzilla Bug 2610),basetools,high,low,0.85,"The issue involves BaseTools and impacts compilation errors, similar to other high priority issues in this package."
qwen2.5:14b,A,8419,SavedState is not sticky in UnitTestFrameworkPkg (Bugzilla Bug 2609),unittestframeworkpkg,medium,medium,0.8,Similar to other issues in UnitTestFrameworkPkg with medium priority.
qwen2.5:14b,A,8418,Translate title from Ascii to Unicode caused page fault in unit test framework initialization (Bugzilla Bug 2608),unittestframeworkpkg,high,medium,0.8,The issue involves a page fault during unit test framework initialization which can severely impact testing and development processes.
qwen2.5:14b,A,9895,Stale DeviceHandle in LoadedImageProtocol of Driver (Bugzilla Bug 2607),mdemodulepkg,medium,low,0.8,Similar to other firmware issues in MdeModulePkg with medium priority.
qwen2.5:14b,A,8416,The behavior of ShellReadFile is unexpected. (Bugzilla Bug 2605),emulatorpkg,low,low,0.8,The issue is related to unexpected behavior of a function and does not indicate critical system failure or security vulnerability.
qwen2.5:14b,A,8415,Build fail with VS2019 (Bugzilla Bug 2604),emulatorpkg,high,low,0.85,Similar to other build failure issues in emulatorpkg which are high priority.
qwen2.5:14b,A,8414,FmpDxe::EvaluateImageDependencies can reference an uninitialized pointer (Bugzilla Bug 2602),fmpdevicepkg,high,low,0.85,The bug involves a potential uninitialized pointer dereference which can lead to system instability or crashes.
qwen2.5:14b,A,8413,ArmVirtQemu ompilation failure for RELEASE with GCC49 profile (gcc 8.3) (Bugzilla Bug 2601),armvirtpkg,high,low,0.85,Compilation failure for a specific profile and compiler version is likely to block development or testing efforts.
qwen2.5:14b,A,9894,HTTP Communication failed in Host Name Validation when wild card certificates are used (Bugzilla Bug 2600),networkpkg,medium,low,0.85,Similar to other networkpkg issues with medium priority.
qwen2.5:14b,A,8412,HTTP Communication failed in Host Name Validation when wild card certificates are used (Bugzilla Bug 2599),networkpkg,medium,low,0.85,Similar to other networkpkg issues with medium priority.
qwen2.5:14b,A,8411,[MdePkg/PciExpress40.h] DVSEC definition missing (Bugzilla Bug 2598),mdepkg,medium,low,0.8,Similar to other MdePkg issues that are typically medium priority.
qwen2.5:14b,A,9893,SecurityPkg: OpalGetFeatureDescriptor always returns success (Bugzilla Bug 2597),securitypkg,high,low,0.85,Similar to other high priority issues in securitypkg related to critical functionality.
qwen2.5:14b,A,8409,Build Fail EmulatorPkg VS2017 -Cannot find the path specified ... UefiBootManagerLib.inf (Bugzilla Bug 2595),emulatorpkg,medium,low,0.8,Similar to other build fail issues which are typically medium priority unless they block critical functionality or have high impact.
qwen2.5:14b,A,8408,SpellCheck plugin should increase the number of Max Failures (Bugzilla Bug 2593),-,low,low,0.8,The issue is related to a plugin configuration and does not impact security or critical functionality.
qwen2.5:14b,A,8407,SMM Dispatcher Memory leakage (Bugzilla Bug 2592),mdemodulepkg,high,low,0.85,Memory leakage issues typically have high severity due to potential security and stability risks.
qwen2.5:14b,A,8406,Tcg2Dxe's ExitBootServices and ExitBootServicesFailed notifications should be registered at TPL_CALLBACK (Bugzilla Bug 2591),securitypkg,medium,high,0.85,Similar to other security-related issues in the same package that are typically medium priority.
qwen2.5:14b,A,9891,Tcg2Dxe's ExitBootServices and ExitBootServicesFailed notifications should be registered at TPL_CALLBACK (Bugzilla Bug 2590),securitypkg,medium,low,0.8,Similar to other securitypkg issues with medium priority.
qwen2.5:14b,A,8405,"ASSERT triggered in ArmVirtGicArchLib with mach-virt,virtualization=on under QEMU TCG (Bugzilla Bug 2588)",armvirtpkg,high,low,0.85,ASSERT triggered issues are typically severe and require immediate attention.
qwen2.5:14b,A,9890,PcdValueInit generation fails when libCommon.a is not present (Bugzilla Bug 2586),basetools,medium,low,0.8,Similar to other BaseTools issues but lacks high severity indicators like build failures or critical functionality impacts.
qwen2.5:14b,A,8404,OVMF IA32X64 no longer builds in common config after recent feature additions (@ 6b7855209ad8) (Bugzilla Bug 2585),ovmfpkg,medium,low,0.8,Similar to other build configuration issues affecting specific architectures.
qwen2.5:14b,A,8403,Abstract DxeIpl from processor architecture (Bugzilla Bug 2583),mdemodulepkg,medium,high,0.8,Similar to other architectural refactoring issues in MdeModulePkg.
qwen2.5:14b,A,8402,"OvmfPkg/X86QemuLoadImageLib: UINTN to UINT32, possible loss of data compiler warning in VS2015/VS2019 (Bugzilla Bug 2582)",ovmfpkg,low,low,0.8,Similar to other compiler warning issues in BaseTools and OvmfPkg which are typically low priority.
qwen2.5:14b,A,9889,BaseToolsBuild directory should be added to .gitignore (Bugzilla Bug 2581),basetools,low,medium,0.85,The issue is about adding a directory to .gitignore which does not impact functionality or security.
qwen2.5:14b,A,8401,OvmfPkg build failed on windows with MSVC (Bugzilla Bug 2580),ovmfpkg,high,low,0.85,Build failure issues are typically high priority as they prevent development progress.
qwen2.5:14b,A,8400,Variable runtime cache overwritten during initializaiton (Bugzilla Bug 2579),mdemodulepkg,high,low,0.85,Similar to other high priority issues in mdemodulepkg related to variable handling and initialization.
qwen2.5:14b,A,9888,BuildReport.py can throw UnicodeDecodeError exception FindIncludeFiles (Bugzilla Bug 2578),basetools,medium,low,0.85,Similar to other issues in basetools package that are typically medium priority.
qwen2.5:14b,A,8399,Add MemoryTypeInformationChangeLib to Dsc (Bugzilla Bug 2577),shellpkg,low,low,0.85,The issue is about adding a library to Dsc which seems like a minor configuration change rather than a critical bug or security vulnerability.
qwen2.5:14b,A,8398,"Expand PcdEmbeddedFdBaseAddress, PcdEmbeddedFdSize, PcdFlashFvMainSize, PcdPrePiStackSize, and a few other PCD's in EmbeddedPkg to support addresses above 4G (Bugzilla Bug 2576)",embeddedpkg,medium,low,0.8,"The issue involves expanding PCD definitions to support larger address spaces, which is a significant change but does not indicate critical failure or security risk."
qwen2.5:14b,A,8397,Components are missing in ArmPlatformPkg.dsc (Bugzilla Bug 2575),armplatformpkg,low,low,0.8,Similar to other low priority issues in ArmPlatformPkg.dsc related to missing components.
qwen2.5:14b,A,8396,Components are missing in ArmPkg.dsc (Bugzilla Bug 2574),armpkg,low,low,0.8,"The issue is related to missing components in a DSC file, which typically indicates a configuration or build problem rather than a critical runtime failure."
qwen2.5:14b,A,8394,"ovmf build fail on Redhat 8.1, gcc 8.3.1 (Bugzilla Bug 2572)",-,medium,high,0.8,Similar to other build failure issues that are typically medium priority.
qwen2.5:14b,A,9887,Incorrect ACPI PMTT device type values (Bugzilla Bug 2569),mdepkg,medium,low,0.85,Similar to other issues in mdepkg with medium priority.
qwen2.5:14b,A,8392,PcdValueInit generation should copy the common PcdValueCommon.c in its output directory (Bugzilla Bug 2568),basetools,medium,medium,0.85,Similar to other build-related issues in basetools with medium priority.
qwen2.5:14b,A,9886,ASSERT in SmmNotifyProtocol (Bugzilla Bug 2565),mdemodulepkg,high,low,0.85,ASSERT errors typically indicate critical failures in firmware.
qwen2.5:14b,A,8388,BaseTools: Changing header file does not trigger module re-build (Bugzilla Bug 2563),basetools,medium,high,0.85,Similar to other BaseTools issues that affect build processes but do not indicate critical system failures or security vulnerabilities.
qwen2.5:14b,A,8387,EDK2 CI for RISC-V architecture (Bugzilla Bug 2562),-,high,high,0.85,The issue involves CI for a new architecture which is critical and complex.
qwen2.5:14b,A,8382,"MpInitLib ucode regression: ""PlatformId"" MSR does not exist on AMD-based platforms (Bugzilla Bug 2556)",ueficpupkg,high,high,0.85,"The issue involves a regression in MpInitLib ucode on AMD-based platforms, which is likely to cause significant system instability or failure."
qwen2.5:14b,A,8381,"QemuVideoDxe no longer binds ""secondary-vga"" and ""bochs-display"" (Bugzilla Bug 2555)",ovmfpkg,medium,low,0.8,Similar to other firmware issues in OvmfPkg with medium priority.
qwen2.5:14b,A,9884,ECC issues related to UnitTestFramePkg (Bugzilla Bug 2554),unittestframeworkpkg,low,medium,0.8,No specific severity indicators in the description.
qwen2.5:14b,A,8380,ECC issues in edk2/UefiCpuPkg (Bugzilla Bug 2553),ueficpupkg,high,medium,0.85,The issue involves ECC problems which can lead to serious data corruption and system instability.
qwen2.5:14b,A,8379,Issues reported by ECC in edk2/CryptoPkg (Bugzilla Bug 2552),cryptopkg,high,medium,0.85,The issue involves ECC reports in CryptoPkg which is similar to other high priority issues related to security and reliability.
qwen2.5:14b,A,8378,NetworkPkg: CVE-2019-14559 tracker (Bugzilla Bug 2550),networkpkg,high,low,0.9,"The issue is related to a CVE and involves multiple dependencies, indicating high severity."
qwen2.5:14b,A,8377,MdeModulePkg: Libraries that depend on SMM depended on non-x86 (Bugzilla Bug 2549),mdemodulepkg,medium,low,0.8,Similar to other mdemodulepkg issues with medium priority.
qwen2.5:14b,A,8376,PcdDxeIplSwitchToLongMode isn't defined on non-x86 (Bugzilla Bug 2548),mdemodulepkg,high,low,0.85,Similar to other high priority issues in mdemodulepkg related to platform-specific configurations and compatibility.
qwen2.5:14b,A,8375,DeviceManagerUiLib: Assigning GUID causes memcpy link issue (Bugzilla Bug 2547),mdemodulepkg,medium,medium,0.85,Similar to other mdemodulepkg issues with medium priority.
qwen2.5:14b,A,9883,Incremental builds construct illegal FV on >= GenFdsGlobalVariable.LARGE_FILE_SIZE sections (Bugzilla Bug 2546),basetools,high,medium,0.85,The issue involves constructing illegal FVs in incremental builds which can lead to severe system instability or failure.
qwen2.5:14b,A,9880,Basetools: Remove the old style module support from Basetools (Bugzilla Bug 2543),basetools,medium,medium,0.8,Similar to other BaseTools issues that impact build processes but do not cause system hangs or critical failures.
qwen2.5:14b,A,8374,TlsLib should not have a list of Ciphers which may or may not agree with what is available. (Bugzilla Bug 2541),cryptopkg,high,low,0.85,"The issue involves a security-related concern with TLS ciphers, similar to other high-priority issues in CryptoPkg."
qwen2.5:14b,A,9879,Openssl configuration needs to be available in Windows (Bugzilla Bug 2540),cryptopkg,medium,low,0.8,Similar to other configuration issues that impact cross-platform compatibility but without evidence of severe consequences like boot failures or security vulnerabilities.
qwen2.5:14b,A,8373,CryptPkcs7VerifyBase.c: Pkcs7GetAttachedContent() should check type is data and support other OID types (Bugzilla Bug 2539),cryptopkg,high,medium,0.85,Similar to other high priority issues in cryptopkg related to security and verification functions.
qwen2.5:14b,A,8372,GuidedSectionTools.txt is not generated correctly when tool path is overrided in DSC (Bugzilla Bug 2538),basetools,medium,medium,0.85,Similar to other BaseTools issues that are classified as medium priority.
qwen2.5:14b,A,8371,AsmWriteCR0() halts execution (Bugzilla Bug 2537),mdepkg,high,low,0.85,"The issue involves a critical function halting execution, which is likely to cause significant system instability or failure."
qwen2.5:14b,A,8370,UnitTestFrameworkPkg: Invalid index may be used in array (Bugzilla Bug 2535),unittestframeworkpkg,low,medium,0.8,The issue is related to a potential bug in unit testing framework which may not impact overall system stability or performance critically.
qwen2.5:14b,A,8369,acpiview enters infinite loop if ACPI structure length is 0 (Bugzilla Bug 2534),shellpkg,high,medium,0.85,Similar to other shellpkg issues that cause infinite loops or crashes.
qwen2.5:14b,A,8368,Pointer BinData needs to be checked before used (Bugzilla Bug 2531),mdepkg,medium,medium,0.85,Similar to other issues in mdepkg that are classified as medium priority.
qwen2.5:14b,A,8367,UnitTestFrameworkPkg: Suspicious dereference of pointer Suite  before null check (Bugzilla Bug 2530),unittestframeworkpkg,medium,medium,0.85,Similar to other issues in UnitTestFrameworkPkg with medium priority.
qwen2.5:14b,A,8366,"BaseTools: Python tool will cause MSVC ""expanded command line too long"" build error (Bugzilla Bug 2528)",basetools,high,medium,0.85,Similar to other high priority issues in basetools package related to build errors.
qwen2.5:14b,A,8365,FCE tool doesn't find the last FV with SEC module as BFV image (Bugzilla Bug 2527),basetools,medium,medium,0.8,Similar to other BaseTools issues that impact tool functionality but do not indicate critical security or stability impacts.
qwen2.5:14b,A,8364,FileTimeToLocalTime() ASSERTs if LocalTimeZone == EFI_UNSPECIFIED_TIMEZONE (Bugzilla Bug 2526),shellpkg,high,low,0.85,"The issue involves an ASSERT in a critical function, similar to other high priority issues in the shellpkg."
qwen2.5:14b,A,8363,MdePkg/BaseSafeIntLib - Some VS20xx IA32 optimized builds fail with unresolved _allmul symbol (Bugzilla Bug 2525),mdepkg,medium,low,0.8,Similar to other unresolved symbol issues in different packages which are typically medium priority.
qwen2.5:14b,A,8362,remove -DNO_MSABI_VA_FUNCS option in CLANGPDB tool chain (Bugzilla Bug 2524),basetools,medium,low,0.8,Similar to other build script and toolchain issues in basetools package.
qwen2.5:14b,A,9878,"BdsDxe ignores the meaning of PcdPlatformRecoverySupport, and may boot to USB unexpectedly. (Bugzilla Bug 2523)",mdemodulepkg,medium,medium,0.85,Similar to other issues in mdemodulepkg with unexpected behavior but without critical system failure indications.
qwen2.5:14b,A,8360,Update FMMT to support FFS without UI section (Bugzilla Bug 2521),basetools,medium,medium,0.8,Similar to other FMMT issues in basetools package which are generally medium priority.
qwen2.5:14b,A,8359,Incremental build failure in CLANGPDB tool chain on Windows host (Bugzilla Bug 2520),basetools,medium,high,0.85,Similar to other build failure issues in basetools package.
qwen2.5:14b,A,9877,Move ProcessorSignature/PlatformId from CPU_AP_DATA to CPU_INFO_IN_HOB (Bugzilla Bug 2519),ueficpupkg,medium,low,0.8,Similar to other issues in ueficpupkg without a clear indication of severity beyond typical bug reporting.
qwen2.5:14b,A,8356,Issues reported by ECC in edk2 (Bugzilla Bug 2515),-,high,medium,0.85,"The issue involves problems reported by ECC in edk2, which likely indicates critical errors or vulnerabilities."
qwen2.5:14b,A,8355,Disable EBC for UnitTestFrameworkPkg and all unit tests (Bugzilla Bug 2514),unittestframeworkpkg,low,low,0.8,The issue is about disabling EBC for unit tests which seems to be a configuration or testing related change rather than a critical bug affecting build stability or functionality.
qwen2.5:14b,A,8354,HostBasedUnitTestRunner plugin only runs on Windows and thus HostUnitTests are only automatically run during CI on windows.  Fix this by enabling Linux in plugin (Bugzilla Bug 2513),basetools,medium,low,0.8,The issue affects CI but does not indicate a critical failure or security risk.
qwen2.5:14b,A,8353,UnitTestFramworkPkg/UnitTest - XCODE5 generates errors for extra parenthesis (Bugzilla Bug 2512),unittestframeworkpkg,low,low,0.8,The bug is related to a build error for XCODE5 and does not impact firmware or critical functionality.
qwen2.5:14b,A,8352,Enhancement to BaseHashApiLib TO align with latest crypto libraries and making PCD PcdsFixedAtBuild (Bugzilla Bug 2511),cryptopkg,medium,low,0.8,The enhancement request does not indicate critical failure or severe security impact.
qwen2.5:14b,A,9876,Input shift when Ctrl/Shift modifiers are used (Bugzilla Bug 2510),shellpkg,medium,low,0.8,Similar to other shellpkg issues but lacks severity indicators like memory leaks or build failures.
qwen2.5:14b,A,9875,IoLib should support real 64bit MMIO access even in PEI Phase(32bit mode) (Bugzilla Bug 2509),mdepkg,medium,low,0.8,Similar to other issues in mdepkg with medium priority.
qwen2.5:14b,A,9874,Specific for loop will be triggered to compiler intrinsic function which may cause build fail (Bugzilla Bug 2508),-,medium,low,0.8,No specific package is mentioned and severity details are minimal.
qwen2.5:14b,A,8350,"When setting a new PK in setup mode, PK should not be required to be self-signed (Bugzilla Bug 2506)",securitypkg,medium,low,0.8,Similar to other security-related issues in the securitypkg package which are typically medium priority.
qwen2.5:14b,A,8347,GCC49 tool chain meets with the build failure when GCC7.4 compiler (Bugzilla Bug 2502),basetools,high,medium,0.85,Similar to other build failure issues in basetools package which are high priority.
qwen2.5:14b,A,8346,UpdateCapsule rejects all non-reset capsule image at runtime (Bugzilla Bug 2501),mdemodulepkg,high,high,0.85,The issue affects runtime capsule image handling and is similar to other high-priority issues in mdemodulepkg related to firmware functionality.
qwen2.5:14b,A,8345,[UefiCpuPkg/MpInitLib] CPUID and PlatformID information can be uninitialized in MicrocodeDetect() (Bugzilla Bug 2498),ueficpupkg,medium,low,0.8,Similar to other issues in UefiCpuPkg with medium priority due to potential uninitialized data but no explicit high severity indication.
qwen2.5:14b,A,8344,SecurityPkg/DxeImageVerificationHandler: handle undefined and forbidden image verification policies more flexibly (Bugzilla Bug 2497),securitypkg,medium,medium,0.8,Similar to other SecurityPkg issues but lacks high severity indicators like critical security vulnerabilities or major build failures.
qwen2.5:14b,A,8343,BaseTools/Build: Improved compiler compatibility with Structured PCDs (Bugzilla Bug 2496),basetools,medium,low,0.85,Improvement in compiler compatibility is significant but not critical.
qwen2.5:14b,A,8342,BaseTools/Build: Make sure host environment supports building Structured PCD POSIX application (Bugzilla Bug 2495),basetools,medium,low,0.8,Similar to other BaseTools issues with compiler and build environment concerns.
qwen2.5:14b,A,8341,BaseTools/DscBuildData: Fix PCD autogen include file conflict with standard includes such as <stdio.h> (Bugzilla Bug 2494),basetools,medium,low,0.85,Similar to other BaseTools issues that affect build processes but do not indicate critical system failures or severe performance impacts.
qwen2.5:14b,A,8340,CryptoPkg/BaseCryptLibNull: Add missing HkdfSha256ExtractAndExpand() service (Bugzilla Bug 2493),cryptopkg,medium,low,0.85,Similar to other CryptoPkg issues that are typically medium priority.
qwen2.5:14b,A,8338,Issue in AutoGen.py splitting filename and extension (Bugzilla Bug 2491),basetools,low,low,0.8,Similar to other basetools issues without high severity indicators.
qwen2.5:14b,A,8337,OvmfXen: Set PcdFSBClock at runtime (Bugzilla Bug 2490),ovmfpkg,medium,low,0.8,Similar to other issues in OvmfPkg and MdeModulePkg with medium priority.
qwen2.5:14b,A,9871,Emulator CLANGPDB Release binary cannot boot (Bugzilla Bug 2489),emulatorpkg,high,medium,0.85,"The issue involves a CLANGPDB Release binary that cannot boot, which is critical for emulator functionality and similar in severity to other high-priority build or boot issues."
qwen2.5:14b,A,8336,ArmVirtQemu: Variable not being saved (Bugzilla Bug 2488),armvirtpkg,medium,low,0.8,Similar to other issues in armvirtpkg with medium priority.
qwen2.5:14b,A,8335,Call stack cannot unwind correctly in debuggers for CLANGPDB x64 binary (Bugzilla Bug 2487),basetools,medium,low,0.8,Similar to other BaseTools issues without a clear indication of severity beyond standard debugging problems.
qwen2.5:14b,A,8334,PatchCheck: Do not check enforce CR/LF line endings when with adding a submodule directory (Bugzilla Bug 2485),basetools,medium,low,0.85,Similar to other BaseTools issues but lacks high severity indicators like build failures or critical toolchain problems.
qwen2.5:14b,A,8333,PatchCheck: Do not enforce no tabs or CR/LF on file .gitmodules (Bugzilla Bug 2484),basetools,low,low,0.8,Similar to other tool configuration issues in BaseTools package.
qwen2.5:14b,A,8332,Add FIT BIOS Specification version FITGEN tool is aligned to in help section. (Bugzilla Bug 2483),basetools,low,medium,0.8,The issue is about adding a version specification in help section which does not impact functionality or performance.
qwen2.5:14b,A,8331,SMBIOS spec 3.3+ Type17 support isn't included for final DWORDS (Bugzilla Bug 2482),mdepkg,medium,low,0.8,Similar to other MdeModulePkg issues that are medium priority.
qwen2.5:14b,A,8330,Makefile choice based on OS (Bugzilla Bug 2481),basetools,medium,low,0.8,Similar to other BaseTools issues that do not explicitly indicate high severity.
qwen2.5:14b,A,9869,Add EFI SPDM protocol (Bugzilla Bug 2477),mdepkg,medium,low,0.8,Similar to other MdePkg issues without clear severity indicators.
qwen2.5:14b,A,9868,Support FV Extension header to do smart FV shadow (Bugzilla Bug 2476),basetools,medium,low,0.8,No specific severity indicators; similar to other basetools issues without high priority markers.
qwen2.5:14b,A,9867,Need to measure the break-down performance data for a single SMI (Bugzilla Bug 2475),mdemodulepkg,medium,low,0.8,Similar to other performance measurement and debugging issues in mdemodulepkg.
qwen2.5:14b,A,8328,[UefiCpuPkg/MpInitLib] The 'InitFlag' field of CPU_MP_DATA structure may be uninitialized under some cases (Bugzilla Bug 2474),ueficpupkg,medium,low,0.85,Similar to other issues in UefiCpuPkg with medium priority due to potential uninitialized data but no explicit high severity indicators.
qwen2.5:14b,A,9866,Fix PHYSICAL_PRESENCE_DEACTIVATE_DISABLE_OWNER_FALSE operation flow to match the spec (Bugzilla Bug 2473),securitypkg,medium,low,0.8,Similar to other securitypkg issues with medium priority.
qwen2.5:14b,A,8327,Replace the ASSERT with return error code in TcgPhysicalPresenceLib (Bugzilla Bug 2472),securitypkg,medium,low,0.8,"The bug involves replacing ASSERT with error code in a library function, which is significant but not critical system failure."
qwen2.5:14b,A,8326,Add new pcd to control TCG/TCG2 user confirmation time out (Bugzilla Bug 2471),securitypkg,medium,low,0.8,Similar to other security-related issues but lacks critical severity indicators like buffer overflows or crashes.
qwen2.5:14b,A,8325,Using WaitForEven instead of busy loop for TCG/TCG2 read user key function (Bugzilla Bug 2470),-,medium,low,0.8,No specific severity indicators; similar to other medium priority issues without high or low severity markers.
qwen2.5:14b,A,9865,NetList functions use ASSERT to handle cases when an error value could be returned. (Bugzilla Bug 2468),networkpkg,medium,low,0.85,Similar to other networkpkg issues with medium priority.
qwen2.5:14b,A,8324,DxeHstiLib: uninitialized local variable used in if statement (Bugzilla Bug 2467),mdepkg,medium,medium,0.85,Similar to other issues in mdepkg with medium priority.
qwen2.5:14b,A,8323,Backward incompatible CPU_MP_DATA struct change breaks FSP boot (Bugzilla Bug 2465),ueficpupkg,high,medium,0.85,"The issue involves a backward incompatible change that breaks FSP boot, similar to other high priority issues affecting core functionality."
qwen2.5:14b,A,9864,DxeCore: CoreInitializeMemoryServices() can overwrite Memory Allocation HOB regions (Bugzilla Bug 2464),mdemodulepkg,high,low,0.85,"The issue involves potential overwrite of critical HOB regions in DxeCore, similar to other high-priority issues affecting core memory services."
qwen2.5:14b,A,8322,Perform Data and Address line test only if not ignore memory test. (Bugzilla Bug 2463),mdemodulepkg,medium,medium,0.8,Similar to other mdemodulepkg issues with medium priority.
qwen2.5:14b,A,9863,Update PatchCheck to relax CVE patten checking in subject line (Bugzilla Bug 2462),basetools,low,low,0.85,The issue is about updating a tool's pattern checking and does not indicate critical security or functionality issues.
qwen2.5:14b,A,9862,Connecting all devices in UEFI Shell may freeze select firmwares (Bugzilla Bug 2460),shellpkg,high,low,0.85,"The issue involves freezing of firmwares when connecting all devices in UEFI Shell, similar to other high priority issues affecting stability and functionality."
qwen2.5:14b,A,8321,Buffer double free caused use-after-free assert (Bugzilla Bug 2459),cryptopkg,high,medium,0.9,"The issue involves a buffer double free leading to use-after-free assert, which is a critical memory corruption vulnerability."
qwen2.5:14b,A,8320,Multiple misuse of SetMem function (Bugzilla Bug 2458),cryptopkg,medium,low,0.8,Similar to other misuse and optimization issues in different packages.
qwen2.5:14b,A,8319,Exception processing SetVariable when variable store is full. (Bugzilla Bug 2457),mdemodulepkg,high,high,0.85,Similar to other high priority issues in mdemodulepkg related to critical system operations.
qwen2.5:14b,A,9861,PiSmmIpl NULL pointer access when memory contents are low (Bugzilla Bug 2456),mdemodulepkg,high,low,0.85,Similar to other high priority issues in mdemodulepkg related to memory and pointer access.
qwen2.5:14b,A,8318,GenFds issue for Using the GenFds tool alone displays the build tool (Bugzilla Bug 2455),basetools,low,low,0.8,The issue is related to tool usage and display output rather than a critical bug or performance issue.
qwen2.5:14b,A,9860,Add microcode flash address to EDKII microcode patch HOB. (Bugzilla Bug 2454),ueficpupkg,medium,low,0.8,Similar to other issues in ueficpupkg without a clear indication of severity beyond routine functionality enhancement.
qwen2.5:14b,A,8317,Incremental Build Issue for the header file deletion (Bugzilla Bug 2451),basetools,medium,high,0.8,Similar to other build-related issues in basetools package.
qwen2.5:14b,A,8316,Add platform microcode shadow PPI to UefiCpuPkg (Bugzilla Bug 2449),ueficpupkg,medium,medium,0.8,"No specific severity indicators, similar to other medium priority issues in same package."
qwen2.5:14b,A,8315,Basetools: Enable build option group setting (Bugzilla Bug 2448),basetools,medium,low,0.85,Similar to other basetools issues without explicit severity indicators.
qwen2.5:14b,A,8314,Avoid using CreateEventEx unless required (Bugzilla Bug 2446),mdepkg,medium,medium,0.8,Similar to other issues in mdepkg without a clear indication of severity beyond routine improvement.
qwen2.5:14b,A,9858,Provide hypervisor bit name in CPUID_VERSION_INFO_ECX (Bugzilla Bug 2445),mdepkg,medium,low,0.8,Similar to other issues in mdepkg with medium priority.
qwen2.5:14b,A,9856,Extend and fix the TCG/TCG2 Physical Presence Interface (Bugzilla Bug 2443),securitypkg,high,low,0.85,"The issue involves extending and fixing a critical security interface, similar to other high-priority issues in the securitypkg package."
qwen2.5:14b,A,9855,"gEfiMdeModulePkgTokenSpaceGuid.PcdAcpiS3Enable has defaulted to True, which enables S3 on platforms (Bugzilla Bug 2442)",mdemodulepkg,high,low,0.85,"The issue affects a critical platform setting that could enable S3 on platforms where it is not intended, similar to other high priority issues affecting core functionalities."
qwen2.5:14b,A,8313,UEFIPayloadPkg: coreboot on Intel DenvertonNS with UEFIPayload leads to assertion (Bugzilla Bug 2441),uefipayloadpkg,high,high,0.85,Similar to other high priority issues in uefipayloadpkg related to coreboot and assertion errors.
qwen2.5:14b,A,8312,An uesless if statement (Bugzilla Bug 2440),mdemodulepkg,low,medium,0.8,The bug involves an unnecessary if statement which is likely to have minimal impact on functionality.
qwen2.5:14b,A,8311,Add TCG PFP revision 105 support and NIST SP800-155 event (Bugzilla Bug 2439),securitypkg,medium,low,0.8,No specific severity indicators; similar to other enhancement-type issues in securitypkg.
qwen2.5:14b,A,9854,"Remove Framework HII ""class\subclass"" in Network Pkg VFR (Bugzilla Bug 2437)",networkpkg,medium,low,0.8,Similar to other networkpkg issues that are medium priority.
qwen2.5:14b,A,8310,There are some incorrect Doxygen comment in SmmAccess feature (Bugzilla Bug 2436),intelsiliconpkg,low,low,0.85,The issue is about incorrect Doxygen comments which typically do not impact functionality or stability.
qwen2.5:14b,A,9853,Should have clear separation for PEI global variable and data supporting PEI/DXE communication in MpInitLib (Bugzilla Bug 2435),ueficpupkg,medium,low,0.8,Similar to other issues in ueficpupkg that do not have a high severity label.
qwen2.5:14b,A,8309,"improve the coding style of loops over CPUs in ""UefiCpuPkg/PiSmmCpuDxeSmm/MpService.c"" (Bugzilla Bug 2434)",ueficpupkg,low,low,0.85,The issue is about improving coding style and does not impact functionality or security.
qwen2.5:14b,A,9852,HTTPS Certificate Enrollment Issue (Bugzilla Bug 2433),networkpkg,medium,high,0.8,Similar to other networkpkg issues that are medium priority.
qwen2.5:14b,A,9851,Basetool: Make FixedAtBuild Pcd Token Number be fixed in AutoGen File (Bugzilla Bug 2432),basetools,low,low,0.85,Similar to other basetools issues with low priority.
qwen2.5:14b,A,8308,Microcode revision mismatch between BSP and AP (Bugzilla Bug 2431),ueficpupkg,high,low,0.85,The issue involves a critical mismatch between BSP and AP microcode revisions which can lead to system instability or failure.
qwen2.5:14b,A,8306,[UefiCpuPkg/MpInitLib] Reduce the copy size when loading microcode patches data into memory (Bugzilla Bug 2429),ueficpupkg,low,low,0.8,The issue is about optimizing data copy size which does not impact functionality or security directly.
qwen2.5:14b,A,8305,Need add SPDM device measurement definition in TCG PFP spec. (Bugzilla Bug 2428),mdepkg,medium,low,0.8,Similar to other issues in mdepkg without a clear indication of severity beyond standard development needs.
qwen2.5:14b,A,8304,SPDM Nonce structure definition error (Bugzilla Bug 2427),mdepkg,medium,low,0.8,Similar to other issues in mdepkg with structural definition errors.
qwen2.5:14b,A,8303,BaseTools: Remove unused PCD_TOKEN_ macro definition for FixedAtBuild PCD (Bugzilla Bug 2426),basetools,low,low,0.8,The issue involves removing an unused macro definition which is unlikely to cause functional problems.
qwen2.5:14b,A,8301,change UTF-8 characters to asci character (Bugzilla Bug 2423),basetools,low,low,0.8,The issue is about character conversion which does not seem to impact functionality or security critically.
qwen2.5:14b,A,8300,FirwareVersion should be FirmwareVersion. (Bugzilla Bug 2422),mdepkg,low,low,0.8,Typographical error in variable name is likely to cause minor inconvenience.
qwen2.5:14b,A,9849,DisplayUpdateProgressLibGraphics should allow configuration of the background color. (Bugzilla Bug 2419),mdemodulepkg,medium,low,0.8,Similar to other MDKModulePkg issues without a clear indication of high severity.
qwen2.5:14b,A,9848,Aspeed AST2400/2500 USB Hub Init fails (Bugzilla Bug 2418),mdemodulepkg,high,high,0.85,Similar to other high priority issues in mdemodulepkg related to hardware initialization failures.
qwen2.5:14b,A,8297,SMI generation IO port number is unsupported on AMD systems (Bugzilla Bug 2416),securitypkg,medium,medium,0.8,Similar to other issues in securitypkg with medium priority due to impact on system functionality without immediate criticality.
qwen2.5:14b,A,8296,CLANG38 toolchain fails to build in latest edk2 (Bugzilla Bug 2415),basetools,medium,low,0.8,Similar to other build toolchain issues in BaseTools package.
qwen2.5:14b,A,9847,SmmReadyToLock event needs to be relayed to MM when signaled in DXE (Bugzilla Bug 2414),standalonemmpkg,high,high,0.85,"The issue involves SmmReadyToLock event signaling and MM relay in DXE phase, similar to other high-priority issues related to system readiness and security."
qwen2.5:14b,A,9846,Drop EDK Shell (EdkShellPkg) support (Bugzilla Bug 2413),shellpkg,low,medium,0.8,"The issue is about dropping support for an existing package, which typically does not impact current functionality or introduce new bugs."
qwen2.5:14b,A,8294,heapguard.c faults when Use after free is enabled (Bugzilla Bug 2411),mdemodulepkg,high,low,0.85,Similar to other high priority issues in mdemodulepkg related to faults and security vulnerabilities.
qwen2.5:14b,A,8292,Steps to enable LLVM build in Windows is too complex (Bugzilla Bug 2404),basetools,medium,low,0.8,Similar to other BaseTools issues but lacks severity indicators like build failures or security concerns.
qwen2.5:14b,A,8291,CLANG9 TOOLS build OVMF failed with -D SECURE_BOOT_ENABLE=TRUE (Bugzilla Bug 2403),cryptopkg,medium,high,0.8,Similar to other issues in cryptopkg with build failures but without high severity indicators like security vulnerabilities or performance degradation.
qwen2.5:14b,A,9844,MdePkg/Include/IndustryStandard/Tpm12.h variable named operator causes C++ compiler issue (Bugzilla Bug 2402),mdepkg,high,low,0.85,Similar to other compiler issues that cause severe problems like page faults and kernel panics.
qwen2.5:14b,A,8290,"BaseTools: Dsc Parser, included dsc file is parsed always no matter if its condition is False (Bugzilla Bug 2400)",basetools,medium,low,0.8,Similar to other BaseTools parsing issues that are typically medium priority.
qwen2.5:14b,A,8289,Fix EBC build failure caused by change of size_t's definition (Bugzilla Bug 2398),mdemodulepkg,medium,low,0.85,Similar to other build failure issues in mdemodulepkg which are typically medium priority.
qwen2.5:14b,A,8288,"_MSC_EXTENSIONS is not an indication of MSVC compiler, _MSC_VER should be used (Bugzilla Bug 2397)",basetools,low,low,0.8,Similar to other compiler warning or minor build configuration issues in basetools package.
qwen2.5:14b,A,9842,Lasterror is not updated after tftp dynamic command when edk2 RELEASE is built by gcc-7.x/gcc-8x arm 64-bit compiler (Bugzilla Bug 2396),shellpkg,medium,low,0.8,Similar to other shellpkg issues without high severity indicators.
qwen2.5:14b,A,8287,InternalShellExecuteDevicePath: Return invalid argument error instead of ASSERT while error happened during arguments parsing (Bugzilla Bug 2395),shellpkg,medium,low,0.8,Similar to other Shellpkg issues but lacks high severity indicators like data abort or critical spec violations.
qwen2.5:14b,A,8286,OFFSET_OF() not treated as integral constant with CLANGPDB toolchain (Bugzilla Bug 2393),-,high,low,0.85,"The issue involves a compiler-specific problem with CLANGPDB that affects constant expressions, similar to other high-priority issues related to toolchain compatibility and correctness."
qwen2.5:14b,A,8285,CpuDxe/MpInitLib wrongly assumes no switch BSP could happen in PEI phase (Bugzilla Bug 2392),ueficpupkg,medium,low,0.8,Similar to other firmware issues in ueficpupkg without a clear indication of severity beyond typical bug impact.
qwen2.5:14b,A,8283,Requesting support for SHA384 & SHA512 (during signing scheme) (Bugzilla Bug 2389),cryptopkg,medium,low,0.8,Similar to other cryptographic feature requests in cryptopkg.
qwen2.5:14b,A,8282,SMM latency increase sharply (Bugzilla Bug 2388),ueficpupkg,high,low,0.85,The issue involves SMM latency increase which can significantly impact system performance and reliability.
qwen2.5:14b,A,9840,Ifconfig6 command with out gateway option along with the host option not printing any error message (Bugzilla Bug 2385),shellpkg,medium,high,0.8,Similar to other shellpkg issues with medium priority.
qwen2.5:14b,A,8281,Add ARM/Aarch64 which were missing to VALID_ARCHITECTURES in LzmaCustomDecompressLib.inf (Bugzilla Bug 2382),mdemodulepkg,low,low,0.8,The issue is about adding missing architectures which does not impact functionality or stability.
qwen2.5:14b,A,8280,Duplicate FILE_GUID used in PrePiLib and PrePiHobLib. (Bugzilla Bug 2381),embeddedpkg,medium,low,0.85,Similar to other issues in MdeModulePkg and related packages that have been classified as medium priority.
qwen2.5:14b,A,8279,Blind assignment of UINT64 to UINT32 in VirtualRealTimeClockLib.c (Bugzilla Bug 2380),embeddedpkg,medium,low,0.8,Similar to other issues in embeddedpkg that are typically medium priority.
qwen2.5:14b,A,8278,"ShellPkg/edit: typo ""Lines Wrote"" (Bugzilla Bug 2379)",edkshellpkg,low,low,0.85,Typographical errors are generally less severe than functional or performance issues.
qwen2.5:14b,A,9839,The FV reported in DS->ProcessFirmwareVolume() might not be measured (Bugzilla Bug 2378),securitypkg,high,low,0.85,"The issue involves potential security vulnerabilities related to firmware measurement, similar in nature and impact to other high-priority security issues."
qwen2.5:14b,A,9838,The FV reported in FV_HOB might not be measured (Bugzilla Bug 2377),securitypkg,high,low,0.85,Similar to other security-related issues in the 'securitypkg' package which are typically high priority.
qwen2.5:14b,A,9837,EFI_TCP4_PROTOCOL.Cancel() breaks Network Stack (Bugzilla Bug 2373),networkpkg,high,low,0.85,The bug affects the core functionality of the Network Stack and has multiple CC recipients indicating its severity.
qwen2.5:14b,A,9836,DXE core compares an enum-typed (EFI_MEMORY_TYPE) variable with a constant outside of the range of the enum. (Bugzilla Bug 2372),mdemodulepkg,high,low,0.85,"The bug involves a potential out-of-range comparison in critical code (DXE core), which could lead to serious runtime issues or security vulnerabilities."
qwen2.5:14b,A,8276,Build failures with multiple -b options (Bugzilla Bug 2371),basetools,medium,medium,0.85,Build failures are significant but do not necessarily indicate a critical system failure like crashes or security issues.
qwen2.5:14b,A,9835,.dsc files matching Components on list of all except EBC architecture (Bugzilla Bug 2370),-,low,low,0.8,The issue does not indicate a critical security or functionality breach and is related to architecture-specific configuration.
qwen2.5:14b,A,9834,Remove ALL UGA content (Bugzilla Bug 2368),mdemodulepkg,low,low,0.8,The issue is about removing content which does not indicate a critical bug or performance impact.
qwen2.5:14b,A,9832,IPv6 DHCP Stateless - should INFORMATION-REQUEST for boot options only not DHCPSOLICIT. (Bugzilla Bug 2366),networkpkg,medium,low,0.8,Similar to other networkpkg issues without a clear indication of severity beyond typical functionality concerns.
qwen2.5:14b,A,8275,Basetool: Build failed on Non-English OS if structurePcd is used in platform dsc file (Bugzilla Bug 2365),basetools,medium,low,0.85,Similar to other build-related issues in basetools package but lacks critical impact indicators like crashes or severe performance degradation.
qwen2.5:14b,A,8274,VS2012 Build Warning in VariableParsing.c (Bugzilla Bug 2364),mdemodulepkg,low,medium,0.8,The issue is related to a build warning in VariableParsing.c and does not indicate critical functionality or performance issues.
qwen2.5:14b,A,8273,Basetool: Missing IMAGE= in the platform .map file (Bugzilla Bug 2363),basetools,low,low,0.8,Similar to other basetools issues that are typically low priority.
qwen2.5:14b,A,8272,"spelling mistake, ""trival"" should be ""trivial"" (Bugzilla Bug 2362)",basetools,low,low,0.9,The issue is a minor spelling correction with no functional impact.
qwen2.5:14b,A,8271,"spelling mistake, ""occured"" should be ""occurred"" (Bugzilla Bug 2361)",mdemodulepkg,low,low,0.9,Similar to other spelling and typo issues in mdemodulepkg which are typically low priority.
qwen2.5:14b,A,8270,"spelling mistake, ""instrcution"" should be ""instruction"" (Bugzilla Bug 2360)",mdemodulepkg,low,low,0.9,The issue is a spelling mistake which does not impact functionality or performance.
qwen2.5:14b,A,8269,"spelling mistake, ""infomation"" should be ""information"" (Bugzilla Bug 2359)",mdemodulepkg,low,low,0.9,Similar to other spelling and typo fixes in low priority issues.
qwen2.5:14b,A,8268,"spelling mistake, ""formated"" should be ""formatted"" (Bugzilla Bug 2358)",-,low,low,0.9,The issue is a minor spelling mistake with no functional impact.
qwen2.5:14b,A,8267,"spelling mistake, ""eable"" should be ""enable"" (Bugzilla Bug 2357)",ueficpupkg,low,low,0.9,The bug is a minor spelling mistake with no functional impact.
qwen2.5:14b,A,8266,"spelling mistake, ""devies"" should be ""devices"" (Bugzilla Bug 2356)",mdemodulepkg,low,low,0.9,The issue is a simple spelling correction with no functional impact.
qwen2.5:14b,A,8265,"spelling mistake, ""defualt"" should be ""default"" (Bugzilla Bug 2355)",mdemodulepkg,low,low,0.9,Spelling mistake does not impact functionality or security.
qwen2.5:14b,A,8264,Structure CPU_MP_DATA should not put MicrocodePatchRegionSize after UINTN field (Bugzilla Bug 2354),ueficpupkg,high,low,0.85,Similar to Bugzilla Bug 2815 in package ovmfpkg with high priority due to causing system instability under heavy load.
qwen2.5:14b,A,8263,Enhance the binary cache to leverage compiler to output the dependency files (Bugzilla Bug 2353),basetools,medium,low,0.8,Similar to other issues in basetools package without a clear indication of high severity.
qwen2.5:14b,A,8262,Add DDR5 definitions for SMBIOS 3.4.0 (Bugzilla Bug 2352),mdepkg,medium,medium,0.8,Similar to other issues in mdepkg that do not have a high severity label.
qwen2.5:14b,A,9831,AutoGenWorker doesn't bubble up error status to main build script (Bugzilla Bug 2351),basetools,high,low,0.85,"The issue involves a critical build tool (AutoGenWorker) that does not properly handle error status, which could lead to silent failures in the build process."
qwen2.5:14b,A,9830,Error when processing custom makefiles: CustomMakefile object has no attribute DependencyHeaderFileSet (Bugzilla Bug 2350),basetools,medium,low,0.8,Similar to other BaseTools issues that affect custom makefile processing.
qwen2.5:14b,A,8261,"spelling mistake ""consistant"" should be ""consistent"" (Bugzilla Bug 2349)",basetools,low,low,0.9,The issue is a minor spelling mistake with no functional impact.
qwen2.5:14b,A,8260,"spelling mistake ""conenction"" should be ""connection"" (Bugzilla Bug 2348)",networkpkg,low,low,0.9,The issue is a minor spelling correction and does not impact functionality or performance.
qwen2.5:14b,A,8259,"spelling mistake ""comamnd"" should be ""command"", ""agaist"" should be ""against"" (Bugzilla Bug 2347)",sourceleveldebugpkg,low,low,0.9,"The issue is about correcting spelling mistakes in comments or documentation, which does not impact functionality."
qwen2.5:14b,A,8258,"spelling mistake, ""cancal"" should be ""cancel"" (Bugzilla Bug 2346)",securitypkg,low,low,0.9,Similar to other spelling and typo fixes in the same package.
qwen2.5:14b,A,8257,"spelling mistake ""atttributes"" should be ""attributes"" (too may t's) (Bugzilla Bug 2345)",basetools,low,low,0.9,The issue is a minor spelling correction with no functional impact.
qwen2.5:14b,A,8256,"spelling mistake, ""aquire"" should be ""acquire"" (Bugzilla Bug 2344)",mdemodulepkg,low,low,0.9,The issue is a spelling mistake with no functional impact.
qwen2.5:14b,A,9829,Convert all the magic number into enums/MACROs in the SmbiosView (Bugzilla Bug 2343),shellpkg,medium,low,0.8,Similar to other shellpkg issues without critical performance or stability impacts.
qwen2.5:14b,A,9828,"DHCPv6 - Does two request's - the second result in ""no addresses available"" reply from dhcp server. Boot Fails. (Bugzilla Bug 2342)",networkpkg,high,high,0.85,The bug involves a critical failure in DHCPv6 boot process which can severely impact system functionality.
qwen2.5:14b,A,8255,Rename tool chain CLANG9 to CLANGPDB (Bugzilla Bug 2341),basetools,low,high,0.8,The issue is about renaming a toolchain and does not impact functionality or security.
qwen2.5:14b,A,8254,In-place binary patching of flash performed during SEC phase (Bugzilla Bug 2340),ueficpupkg,high,medium,0.85,The issue involves SEC phase operations which are critical and could impact system stability or security.
qwen2.5:14b,A,9827,Editor does not allow to enter a simple Unicode text like 'привет мир' (Bugzilla Bug 2339),shellpkg,medium,low,0.8,Similar to other usability issues in shellpkg but lacks severity indicators of high priority bugs.
qwen2.5:14b,A,8253,Unify the definitions of size_t (Bugzilla Bug 2338),mdemodulepkg,low,high,0.8,The issue is about unifying definitions which does not impact functionality directly.
qwen2.5:14b,A,8252,UEFI Redfish POC code re-architecture (Bugzilla Bug 2337),-,medium,high,0.8,The issue involves re-architecture of POC code which is significant but not as critical as high priority bugs like binary EFI issues or S3 state handling.
qwen2.5:14b,A,9826,Issues in Memory BAR decoding (Bugzilla Bug 2335),networkpkg,medium,low,0.8,Similar to other networkpkg issues with medium priority.
qwen2.5:14b,A,8251,Static Code Fixes in Network Package (Bugzilla Bug 2334),networkpkg,medium,low,0.8,Similar to other static code fixes and cleanups in various packages.
qwen2.5:14b,A,8250,Fix variable runtime cache update logic (Bugzilla Bug 2333),mdemodulepkg,medium,high,0.85,Similar to other mdemodulepkg issues with medium priority.
qwen2.5:14b,A,8249,Exiting a shell application using StdLib does not flush the file buffers. (Bugzilla Bug 2332),stdlib,medium,low,0.8,Similar to other issues in stdlib package without a clear indication of high severity impact.
qwen2.5:14b,A,8248,Remove ExecutionDisable feature logic from UefiCpuPkg/CpuCommonFeaturesLib (Bugzilla Bug 2329),ueficpupkg,medium,low,0.85,Similar to other issues in ueficpupkg without a clear indication of severity beyond routine maintenance.
qwen2.5:14b,A,8247,Add structure definition of host interface protocol type in SMBIOS header file (Bugzilla Bug 2328),mdepkg,medium,medium,0.8,Similar to other issues in mdepkg with moderate impact.
qwen2.5:14b,A,8246,SecurityPkg/OpalPassword: Remove dependency on EFI_BLOCK_IO_PROTOCOL (Bugzilla Bug 2327),securitypkg,medium,low,0.85,Similar to other SecurityPkg issues with medium priority.
qwen2.5:14b,A,9825,need add debug message for one-of option mismatch in setupbrowser (Bugzilla Bug 2326),mdepkg,medium,low,0.8,Similar to other issues in mdepkg without a clear indication of severity beyond routine debugging.
qwen2.5:14b,A,8245,Add FitGen feature to support uCode Capsule Update (Bugzilla Bug 2321),basetools,medium,high,0.8,Similar to other BaseTools issues without a clear indication of high severity.
qwen2.5:14b,A,8244,Need to support map file parsing for CLANG9 tool chain. (Bugzilla Bug 2320),basetools,high,high,0.85,Similar to other high priority issues in basetools package related to toolchain support and parsing.
qwen2.5:14b,A,8243,EmulatorPkg using CpuBreakPoint (Bugzilla Bug 2319),emulatorpkg,low,low,0.8,The issue does not indicate critical system failures or security vulnerabilities like those in high priority issues.
qwen2.5:14b,A,9824,Add library class and instance for configuration block management (Bugzilla Bug 2318),intelsiliconpkg,medium,low,0.8,Similar to other issues in intelsiliconpkg that do not have a high severity classification.
qwen2.5:14b,A,9823,[SMM info leak] SMM information got published to non-SMM database (Bugzilla Bug 2317),mdepkg,high,low,0.85,Involves SMM information leak and security implications similar to other high priority issues.
qwen2.5:14b,A,8242,Mouse and keyboard not working on qemu with UefiPayloadPkg (Bugzilla Bug 2316),uefipayloadpkg,medium,medium,0.8,Similar to other issues in uefipayloadpkg but lacks severity indicators like system hang or high priority flags.
qwen2.5:14b,A,8240,MdeModulePkg/NvmExpressPei: Fix Opal S3 unlock issue (Bugzilla Bug 2312),mdemodulepkg,medium,low,0.8,Similar to other MdeModulePkg issues without high severity indicators.
qwen2.5:14b,A,8239,Basetool: Current GetFileDependency method to get source code's dependency is slow. (Bugzilla Bug 2311),basetools,medium,high,0.85,Similar to other basetools issues that are not critical but require improvement.
qwen2.5:14b,A,8238,IntelFsp2Pkg/SplitFspBin.py: Command crashed when FV almost full. (Bugzilla Bug 2310),intelfsp2pkg,medium,low,0.8,Similar to other build and script issues in different packages that are typically medium priority.
qwen2.5:14b,A,8237,Add UEFI 2.8 new memory attribute definitions (Bugzilla Bug 2309),mdepkg,medium,medium,0.8,Similar to other enhancement requests for updating standards or adding new features.
qwen2.5:14b,A,8236,Add architecture modifier to DSC [Components] section tag (Bugzilla Bug 2308),basetools,low,high,0.85,The issue is about adding a feature to improve build configuration and does not indicate critical security or performance issues.
qwen2.5:14b,A,9821,Remove binary module UefiCpuPkg/ResetVector/Vtf0/Bin/ResetVector.inf (Bugzilla Bug 2306),ueficpupkg,medium,low,0.8,Similar to other package-specific cleanup tasks with medium priority.
qwen2.5:14b,A,8234,Build.py warning using python 3.8 (Bugzilla Bug 2304),basetools,medium,medium,0.85,Similar to other build-related issues in basetools package but lacks severity indicators of high priority bugs.
qwen2.5:14b,A,8232,DebugPrintMarker implementations may preliminary cut message data (Bugzilla Bug 2302),mdepkg,medium,medium,0.8,Similar to other issues in mdepkg that are typically medium priority.
qwen2.5:14b,A,8231,Build warning due to calling removed sys.setdefaultencoding in python 3 (Bugzilla Bug 2301),basetools,low,low,0.85,The warning is related to deprecated Python functionality and does not indicate a critical system failure or security risk.
qwen2.5:14b,A,8230,Handling mixed UnicodeCollation with accordance to PlatformLang (Bugzilla Bug 2300),shellpkg,medium,low,0.8,Similar to other issues in shellpkg with moderate impact.
qwen2.5:14b,A,9819,UefiDevicePathLibOptionalDevicePathProtocol asserts on missing DevicePathProtocol (Bugzilla Bug 2298),mdepkg,high,medium,0.85,The issue involves an assert failure which is typically high severity.
qwen2.5:14b,A,8229,ls is broken on empty directory (Bugzilla Bug 2296),shellpkg,low,medium,0.8,Similar to other shellpkg issues that are typically low priority.
qwen2.5:14b,A,8228,UefiFileHandleLib mishandles root directory on many drivers (Bugzilla Bug 2295),mdepkg,high,medium,0.85,Similar to other high priority issues in mdepkg related to driver mishandling and compatibility problems.
qwen2.5:14b,A,8227,Unhandled unspecified Timezone in ls causing garbage output (Bugzilla Bug 2294),shellpkg,medium,medium,0.85,Similar to other shellpkg issues that affect functionality but do not cause critical system failures or security vulnerabilities.
qwen2.5:14b,A,8226,NULL pointer dereference in FileHandleGetInfo (Bugzilla Bug 2293),mdepkg,high,medium,0.9,Similar to other NULL pointer dereference issues which are typically high priority.
qwen2.5:14b,A,9817,Potential uninitialized read in function re_mbcinit (Bugzilla Bug 2292),mdemodulepkg,high,medium,0.85,The issue involves a potential uninitialized read which is a serious security concern similar to other high priority issues.
qwen2.5:14b,A,9816,potential uninitialized pointer read in function reg_set_encoding (Bugzilla Bug 2291),mdemodulepkg,medium,medium,0.85,Similar to other uninitialized pointer read issues in mdemodulepkg which are typically medium priority.
qwen2.5:14b,A,8225,Overflowed array index on array mStandbyButtonPhaseString (Bugzilla Bug 2290),mdemodulepkg,medium,medium,0.8,Similar to other buffer/index issues in mdemodulepkg which are typically medium priority.
qwen2.5:14b,A,8224,Overflowed array index on array mIoTrapTypeString (Bugzilla Bug 2289),mdemodulepkg,high,medium,0.85,Similar to other high priority issues involving array index overflow which can lead to security vulnerabilities.
qwen2.5:14b,A,8223,Overflowed array index on array mSxPhaseString (Bugzilla Bug 2288),mdemodulepkg,high,medium,0.85,Similar to other high priority issues in mdemodulepkg related to array and memory handling.
qwen2.5:14b,A,8222,Overflowed array index on array mSxTypeString (Bugzilla Bug 2287),mdemodulepkg,high,medium,0.85,Similar to other high priority issues in mdemodulepkg related to array index overflow vulnerabilities.
qwen2.5:14b,A,8221,Potential null pointer dereference on pointer Token (Bugzilla Bug 2286),mdemodulepkg,high,medium,0.85,Potential null pointer dereference is a critical bug type similar to other high priority issues in mdemodulepkg.
qwen2.5:14b,A,8220,bad pointer operation in UiCustomizeFrontPageBanner (Bugzilla Bug 2285),mdemodulepkg,high,medium,0.85,The bug involves a bad pointer operation which can lead to crashes or security vulnerabilities.
qwen2.5:14b,A,9815,Exception in HttpImpl.c (Bugzilla Bug 2283),networkpkg,high,low,0.85,"The issue involves an exception in a critical network component (HttpImpl.c), similar to other high-priority issues in NetworkPkg."
qwen2.5:14b,A,8219,ip6ConfigReadConfigData causes an exception by accessing beyond the end of a read variable (Bugzilla Bug 2273),networkpkg,high,low,0.9,"The bug involves an exception caused by accessing beyond the end of a read variable, similar to other high-priority issues in networkpkg that cause crashes or undefined behavior."
qwen2.5:14b,A,8218,Overflowed array index on array mUsbTypeString (Bugzilla Bug 2272),mdemodulepkg,high,low,0.85,The issue involves an overflowed array index which can lead to serious security vulnerabilities and system crashes.
qwen2.5:14b,A,9813,Incorrect logical operator used in comparing a char in MangleFileName (Bugzilla Bug 2271),mdemodulepkg,medium,low,0.85,Similar to other issues in mdemodulepkg with medium priority due to logical operator misuse.
qwen2.5:14b,A,8216,complete ARM support in DynamicTablesPkg (Bugzilla Bug 2269),-,medium,low,0.8,The issue is about adding ARM support which seems significant but not critical enough to be high priority without more context on its impact.
qwen2.5:14b,A,8215,ASSERT occurs in MpService.c when calling ReleaseSpinLock() (Bugzilla Bug 2268),ueficpupkg,high,low,0.85,ASSERT in critical function indicates severe bug.
qwen2.5:14b,A,8214,PlatformBootManagerWaitCallback(0) broke x86 OVMF on QEMU (Bugzilla Bug 2267),ovmfpkg,high,medium,0.85,Similar to other high priority issues in ovmfpkg affecting boot and platform functionality.
qwen2.5:14b,A,8213,BDS crashes if PcdPlatformBootTimeOut == 0 (Bugzilla Bug 2266),ovmfpkg,high,high,0.85,Similar to other high priority issues in ovmfpkg related to boot failures.
qwen2.5:14b,A,8212,Fix spelling errors in SecurityPkg (Bugzilla Bug 2265),securitypkg,low,low,0.9,Similar to other spelling error issues in SecurityPkg with low priority.
qwen2.5:14b,A,8211,Fix spelling errors in FatPkg (Bugzilla Bug 2264),fatpkg,low,low,0.9,Fixing spelling errors is a minor task that does not impact functionality or performance.
qwen2.5:14b,A,8210,Fix spelling errors in PcAtChipsetPkg (Bugzilla Bug 2263),pcatchipsetpkg,low,low,0.9,Fixing spelling errors is a minor task that does not impact functionality or performance.
qwen2.5:14b,A,8209,fix spelling errors in FmpDevicePkg (Bugzilla Bug 2262),fmpdevicepkg,low,low,0.9,Similar to other spelling error fixes which are typically low priority.
qwen2.5:14b,A,8208,MdePkg dsc isn't complete and thus not a valid build for all modules and libraries in the package (Bugzilla Bug 2261),mdepkg,medium,low,0.8,Similar to other build and configuration issues in MdePkg.
qwen2.5:14b,A,9812,BaseIoLib doesn't compile/assemble with Visual Studio for ARM/AARCH64 (Bugzilla Bug 2260),mdepkg,medium,low,0.8,Similar to other issues in mdepkg but lacks severity indicators like system hang or high priority flags.
qwen2.5:14b,A,8207,Network Pkg DSC is incomplete thus making invalid for CI builds (Bugzilla Bug 2259),networkpkg,medium,low,0.8,Similar to other NetworkPkg issues classified as medium priority.
qwen2.5:14b,A,8204,SecurityPkg.dec invalid library class defined (Bugzilla Bug 2256),securitypkg,medium,low,0.85,Similar to other issues involving invalid definitions or library class problems in specific packages.
qwen2.5:14b,A,8203,UefiCpuPkg dsc doesn't include every library and module within the components section thus it isn't a complete build of everything in the package (Bugzilla Bug 2255),ueficpupkg,medium,low,0.8,Similar to other issues in ueficpupkg that affect completeness of build but do not indicate critical failure or security impact.
qwen2.5:14b,A,8202,CryptoPkg dsc doesn't include every library and module within the components section thus it isn't a complete build of everything in the package (Bugzilla Bug 2254),cryptopkg,medium,low,0.8,The issue affects completeness of build but does not indicate critical failure or security risk.
qwen2.5:14b,A,8201,"StandaloneMmPkg build failure (IA32, X64 / DEBUG / GCC48) (Bugzilla Bug 2253)",standalonemmpkg,high,low,0.85,Build failure issues often have high priority due to their impact on development and testing processes.
qwen2.5:14b,A,8200,SignedCapsulePkg build failure (DEBUG / AARCH64 / GCC5) (Bugzilla Bug 2252),signedcapsulepkg,high,medium,0.85,Build failure issues are typically high priority as they prevent development and testing.
qwen2.5:14b,A,9811,New POODLE vulnerability in TLS v1.2 (Bugzilla Bug 2251),cryptopkg,high,low,0.9,The issue involves a new security vulnerability (POODLE) in TLS v1.2 which is critical for secure communication.
qwen2.5:14b,A,9810,Deferred LSV Commit after Platform Health Check (Bugzilla Bug 2236),fmpdevicepkg,medium,low,0.8,Similar to other issues in FmpDevicePkg without a clear indication of severity beyond typical bug reporting.
qwen2.5:14b,A,8197,Boot Manager missing entry from second disk (Bugzilla Bug 2235),ovmfpkg,medium,high,0.8,Similar to other issues in ovmfpkg that are typically medium priority.
qwen2.5:14b,A,8196,Multi-workspace failure in GenMake (Bugzilla Bug 2232),basetools,high,high,0.85,The issue involves a failure in GenMake which is critical for build processes and similar to other high priority issues in BaseTools.
qwen2.5:14b,A,9809,"Shadow Pcd PEIM, Variable PEIM, and ReportStatusCodeRouter PEIM (Bugzilla Bug 2231)",mdemodulepkg,medium,low,0.8,Similar to other mdemodulepkg issues with medium priority.
qwen2.5:14b,A,9808,Python backtrace when building without /dev/shm mounted (Bugzilla Bug 2227),basetools,medium,low,0.8,Similar to other build issues in basetools package that are typically medium priority.
qwen2.5:14b,A,9807,"SmmCore double dispatch driver in SMM, without check the FvNameGuid (Bugzilla Bug 2224)",mdemodulepkg,high,low,0.85,The issue involves a critical security concern in SMM without proper FvNameGuid check.
qwen2.5:14b,A,9806,AutoGen threads are failing to rejoin in some environments. (Bugzilla Bug 2223),basetools,high,low,0.85,"The issue involves AutoGen threads failing to rejoin, similar in severity to other high-priority threading issues in BaseTools."
qwen2.5:14b,A,8194,"CpuTimerLib cannot be built for AARCH64, but is included in the standard Components. (Bugzilla Bug 2222)",ueficpupkg,medium,low,0.8,Similar to other issues in ueficpupkg that do not explicitly indicate critical system impact or security vulnerabilities.
qwen2.5:14b,A,8193,BaseTools Makefile should be generated based on OS instead of tool chain family (Bugzilla Bug 2221),basetools,medium,high,0.85,Similar to other BaseTools issues that are classified as medium priority.
qwen2.5:14b,A,8191,Enhance the terminal console to support the arrow keys (Bugzilla Bug 2219),mdemodulepkg,medium,low,0.8,Similar to other mdemodulepkg issues with medium priority.
qwen2.5:14b,A,8190,[SdMmcPciHcDxe] Fix bus speed mode changing sequence for eMMC devices (Bugzilla Bug 2218),mdemodulepkg,medium,low,0.85,Similar to other mdemodulepkg issues with medium priority.
qwen2.5:14b,A,8189,"ArmVirtPkg fails to build ""source object (many) has EABI version 5, but target LogoDxe.dll has EABI version 0"" (Bugzilla Bug 2216)",armvirtpkg,high,high,0.85,"The issue involves a build failure that affects EABI version compatibility, similar to other high-priority build issues."
qwen2.5:14b,A,8188,DxeImageVerificationHandler integer overflow leads to endless loop (Bugzilla Bug 2215),pcatchipsetpkg,high,low,0.9,Similar to other security-related issues in pcatchipsetpkg with high priority.
qwen2.5:14b,A,8186,MdeModulePkg: Enable/Disable S3BootScript dynamically. (Bugzilla Bug 2209),mdemodulepkg,medium,low,0.8,Similar to other MdeModulePkg issues without a clear indication of severity beyond standard functionality enhancement.
qwen2.5:14b,A,8185,[MdeMoudlePkg - UFS] edk2 UFS stack does not handle the 'FLAG VALUE' field of the QUERY RESPONSE UPIU properly (Bugzilla Bug 2208),mdemodulepkg,medium,low,0.8,Similar to other mdemodulepkg issues without clear severity indicators.
qwen2.5:14b,A,9805,UefiCpuPkg should not depends on MdeModulePkg (Bugzilla Bug 2206),ueficpupkg,medium,low,0.85,Similar to other issues in ueficpupkg with medium priority.
qwen2.5:14b,A,8184,build break due to custom makefile with the Basetools update (Bugzilla Bug 2203),basetools,high,high,0.85,The issue involves a build break which is similar to other high priority issues in Basetools package.
qwen2.5:14b,A,8183,Add definitions in SmBIos.h to support SMBIOS spec 3.3.0 (Bugzilla Bug 2202),mdepkg,medium,medium,0.85,Similar to other mdepkg issues that do not specify critical impact.
qwen2.5:14b,A,8182,An error occurs using special VpdPcd that is not used in the Inf file (Bugzilla Bug 2201),basetools,low,low,0.8,The issue is related to a build error but does not indicate critical system failures or security vulnerabilities like those in high priority issues.
qwen2.5:14b,A,8180,Network related header files should be moved from MdeModulePkg to NetworkPkg (Bugzilla Bug 2196),networkpkg,medium,high,0.8,Similar to other NetworkPkg issues that do not specify critical failure or security impact.
qwen2.5:14b,A,8179,PcdTftpBlockSize should be moved from MdeModulePkg into NetworkPkg (Bugzilla Bug 2195),networkpkg,medium,high,0.8,The issue involves moving a Pcd definition between packages without clear severity indicators.
qwen2.5:14b,A,8178,Need more input parameter checking and error message output for CopyFileOnChange() (Bugzilla Bug 2193),basetools,medium,low,0.8,Similar to other issues in basetools package that require input parameter checking and error handling improvements.
qwen2.5:14b,A,9803,CoreDisconnectController should not return EFI_NOT_FOUND (Bugzilla Bug 2192),mdemodulepkg,medium,low,0.85,Similar to other mdemodulepkg issues with medium priority.
qwen2.5:14b,A,9802,XenBusDxe: Fix ExitBootServices handler to not use Memory Allocation Services (Bugzilla Bug 2190),ovmfpkg,low,low,0.8,The issue is related to a specific package (ovmfpkg) and does not indicate severe impact or high urgency like other high priority issues.
qwen2.5:14b,A,9801,CpuExceptionLib can be enhanced to dump more details when Machine Check happens (Bugzilla Bug 2189),ueficpupkg,high,low,0.85,Similar to other high priority issues in ueficpupkg related to CPU exceptions and machine checks.
qwen2.5:14b,A,8177,build single issue:'PlatformInfo' object has no attribute 'DynamicPcdList' (Bugzilla Bug 2188),basetools,medium,low,0.8,Similar to other build issues in BaseTools package.
qwen2.5:14b,A,8176,Introduce new terminal type for terminal console driver (Bugzilla Bug 2186),mdemodulepkg,medium,low,0.8,The issue involves introducing a new terminal type which is likely to have moderate impact on existing functionality without being critical or trivial.
qwen2.5:14b,A,8175,Shell ASSERT if PlatformLang is not supported in UnicodeCollation2 (Bugzilla Bug 2184),shellpkg,high,medium,0.85,Similar to other shellpkg issues that have high priority due to assertion failures.
qwen2.5:14b,A,8174,BaseTools:  Remove unnecessary the operation of renaming a file. (Bugzilla Bug 2183),basetools,low,low,0.85,The issue involves removing unnecessary file operations which is a minor code cleanup and does not impact functionality or security.
qwen2.5:14b,A,8172,Add NULL CryptoLib instance (Bugzilla Bug 2181),cryptopkg,medium,medium,0.8,Similar to other issues in cryptopkg without a clear indication of severity beyond standard development concerns.
qwen2.5:14b,A,9800,GenFw always zeros the timestamp (Bugzilla Bug 2180),basetools,low,low,0.8,The issue does not indicate a critical failure or security vulnerability and is similar to other low priority issues in the same package.
qwen2.5:14b,A,8171,Thunk16 related APIs can be removed from BaseLib (Bugzilla Bug 2179),mdepkg,low,medium,0.8,Similar to other BaseLib API removal issues which are typically low priority.
qwen2.5:14b,A,8170,Remove the workaround definition in SecurityPkg/Tcg/Tcg2Config/Tcg2ConfigNvData.h (Bugzilla Bug 2178),securitypkg,low,high,0.8,No specific severity indicators and similar issues in the same package are of lower priority.
qwen2.5:14b,A,9799,DnsDxe vulnerable to cache poisoning from predictable UDP (Bugzilla Bug 2177),networkpkg,high,low,0.9,"The issue involves a security vulnerability related to DNS cache poisoning, similar in severity to other high-priority network security bugs."
qwen2.5:14b,A,9798,IScsiDhcp6ExtractRootPath() out of bound Read (Bugzilla Bug 2176),networkpkg,high,low,0.9,Similar to other high priority issues in networkpkg related to buffer overflows and security vulnerabilities.
qwen2.5:14b,A,9797,Mtftp4FillOptions can lead to memory corruption (Bugzilla Bug 2175),networkpkg,high,low,0.85,Memory corruption issues typically have high severity due to potential security risks.
qwen2.5:14b,A,8169,Ip6ProcessRouterAdvertise DoS through infinite loop (Bugzilla Bug 2174),networkpkg,high,low,0.9,The bug involves a DoS through infinite loop which is critical and similar to other high priority security issues.
qwen2.5:14b,A,9796,IScsiOnR2TRcvd Integer Overflow (Bugzilla Bug 2173),networkpkg,high,low,0.85,The issue involves an integer overflow which is a critical security vulnerability.
qwen2.5:14b,A,9795,TcpDxe vulnerable to sequence number prediction attacks (Bugzilla Bug 2172),networkpkg,high,low,0.85,The bug involves a security vulnerability that could be exploited for sequence number prediction attacks.
qwen2.5:14b,A,9794,IScsiReceivePdu integer overflow may lead to memory corruption (Bugzilla Bug 2171),networkpkg,high,low,0.9,"The issue involves potential memory corruption due to integer overflow in IScsiReceivePdu, similar to other high priority issues related to security vulnerabilities."
qwen2.5:14b,A,9793,iSCSI secrets saved as plaintext UEFI variable (Bugzilla Bug 2170),networkpkg,high,medium,0.85,Similar to other security-related issues in networkpkg that have high priority.
qwen2.5:14b,A,8168,Out of bound read in Tcg2MeasureGptTable() and TcgMeasureGptTable() (Bugzilla Bug 2168),securitypkg,high,low,0.9,Similar to other security vulnerabilities involving out-of-bound reads.
qwen2.5:14b,A,8167,GetEfiGlobalVariable2() return value not checked (Bugzilla Bug 2167),mdemodulepkg,high,medium,0.85,"The issue involves a critical function return value not being checked, similar to other high priority issues related to unchecked function returns."
qwen2.5:14b,A,8166,BaseTools: build clean fail (Bugzilla Bug 2166),basetools,high,low,0.85,Similar to other BaseTools issues that impact build processes and have high priority.
qwen2.5:14b,A,9792,Need a dependency evaluation tool (Bugzilla Bug 2161),basetools,medium,low,0.8,Similar to other BaseTools issues without a high severity label.
qwen2.5:14b,A,8165,OS complains memory < 1MB changes across S3 (Bugzilla Bug 2158),ueficpupkg,high,high,0.85,Similar to other high priority issues in ueficpupkg related to memory and S3 state.
qwen2.5:14b,A,8164,Basetool: The default variable value would be generated incorrect (Bugzilla Bug 2157),basetools,medium,low,0.85,Similar to other basetools issues that are classified as medium priority.
qwen2.5:14b,A,8163,UefiCpuPkg/SecCore: support only EFI_PEI_CORE_FV_LOCATION_PPI in PpiList (Bugzilla Bug 2153),ueficpupkg,medium,low,0.8,Similar to other issues in UefiCpuPkg with no explicit severity indicators.
qwen2.5:14b,A,9791,build with -Y EXECUTION_ORDER fails to create execution order prediction report (Bugzilla Bug 2152),basetools,low,low,0.8,The issue does not indicate a critical failure or security concern and is related to tool functionality rather than firmware or unit test issues.
qwen2.5:14b,A,8162,Enable Unified API for UEFI drivers utilizing HASH/RSA Authentication Mechanism (Bugzilla Bug 2151),cryptopkg,medium,low,0.8,The issue involves enabling an API for UEFI drivers and does not indicate critical security or build issues.
qwen2.5:14b,A,8161,#AC split lock caused by exception handler (Bugzilla Bug 2150),ueficpupkg,high,low,0.85,Similar to other high priority issues in ueficpupkg related to critical system behavior.
qwen2.5:14b,A,9790,Ecc fails on python3 with antlr3 (Bugzilla Bug 2148),basetools,medium,low,0.8,Similar to other BaseTools issues but lacks severity indicators like 'can't be built' or 'warnings are set to error'.
qwen2.5:14b,A,8160,AutoGen need generate same AutoGen.h and AutoGen.c for same module across different OS (Bugzilla Bug 2147),basetools,high,medium,0.85,"The issue involves AutoGen generating consistent output across different OS, which is critical for cross-platform compatibility and reliability."
qwen2.5:14b,A,8159,Library Class Header file is not specified correctly in Package.dec file (Bugzilla Bug 2146),mdepkg,medium,high,0.8,Similar to other issues in mdepkg but lacks severity indicators like system crashes or resource leaks.
qwen2.5:14b,A,8158,Remove gEfiFormBrowserExProtocolGuid protocol guid (Bugzilla Bug 2145),mdemodulepkg,low,high,0.8,The issue is about removing a protocol guid which seems to be a minor cleanup task without reported critical impact.
qwen2.5:14b,A,8157,Update FILE GUID to avoid the duplicated module GUIDs (Bugzilla Bug 2144),mdepkg,low,high,0.85,"The issue is about updating GUIDs to avoid duplicates, which is a maintenance task rather than a critical bug or performance issue."
qwen2.5:14b,A,8156,ECC tool will report error and hang when scan code in AdvancedFeaturePkg.dec (Bugzilla Bug 2142),basetools,medium,high,0.8,Similar to other BaseTools issues that are classified as medium priority.
qwen2.5:14b,A,9789,ArmSoftFloatLib: compiler error on VS2019 (Bugzilla Bug 2140),armpkg,high,medium,0.85,Compiler errors on major toolchains like VS2019 are typically high priority issues.
qwen2.5:14b,A,8155,"MdePkg/DxeHstiLib: An issue was observed on Dell Poweredge R740, where the Dell PERC H740P controller UEFI driver returned InfoTypesBuffer = NULL, InfoTypesBufferCount = 0 and caused an FreePool assert. (Bugzilla Bug 2138)",mdepkg,high,low,0.85,"The issue involves a critical assertion failure in a UEFI driver, similar to other high-priority issues related to hardware driver failures."
qwen2.5:14b,A,8154,Basetool: Changing source file does not trigger rebuild (Bugzilla Bug 2137),basetools,low,high,0.8,The issue is about build system behavior and does not indicate critical runtime failures or security vulnerabilities.
qwen2.5:14b,A,8153,Save AllSecPpiList after SecPlatformMain function. (Bugzilla Bug 2136),ueficpupkg,medium,low,0.8,Similar to other firmware issues in ueficpupkg with medium priority.
qwen2.5:14b,A,8152,Missing mws import statement in FvImageSection.py (Bugzilla Bug 2135),basetools,low,medium,0.8,Similar to other minor tooling issues in BaseTools.
qwen2.5:14b,A,8151,MdeModulePkg applications do not build for !x86 (Bugzilla Bug 2134),mdemodulepkg,medium,high,0.85,Similar to other build-related issues in mdemodulepkg package.
qwen2.5:14b,A,9788,BaseTools: The dsc file name is incorrect in log message if that file is a included dsc (Bugzilla Bug 2133),basetools,low,low,0.85,Similar to other BaseTools issues that do not impact core functionality or stability.
qwen2.5:14b,A,8150,Incorrect entropy computation (Bugzilla Bug 2131),-,high,low,0.85,The issue involves incorrect entropy computation which can have severe security implications.
qwen2.5:14b,A,8149,IPv4 PXE Boot: ProxyRequests sent although IP and Bootfile in DHCP Offer (Bugzilla Bug 2130),networkpkg,medium,medium,0.85,Similar to other networkpkg issues with medium priority.
qwen2.5:14b,A,8148,"[DxeImageVerificationLib] DxeImageVerificationHandler() is not handling correctly for policy ""DENY_EXECUTE_ON_SECURITY_VIOLATION"" (Bugzilla Bug 2129)",securitypkg,high,high,0.85,The bug involves incorrect handling of security policies which could lead to vulnerabilities.
qwen2.5:14b,A,9787,Wrap OpenSSL SM4 algorithm into BaseCryptLib (Bugzilla Bug 2128),cryptopkg,medium,low,0.8,Similar to other BaseCryptLib related issues which are generally medium priority.
qwen2.5:14b,A,9786,Wrap OpenSSL SM2 algorithm into BaseCryptLib (Bugzilla Bug 2127),cryptopkg,high,low,0.85,The issue involves integrating a specific cryptographic algorithm into BaseCryptLib which is critical for security and could have high impact if not handled correctly.
qwen2.5:14b,A,8147,[IGNORE] find a way for preventing Bugzilla from wrapping code snippets (Bugzilla Bug 2125),-,low,low,0.9,The issue is about improving Bugzilla's code display and does not impact functionality or security.
qwen2.5:14b,A,8145,Implement SmmAccess in IntelSiliconPkg (Bugzilla Bug 2121),intelsiliconpkg,medium,low,0.8,No severity indicators in the title or description.
qwen2.5:14b,A,9783,SetupBrowserDxe/Ifrparse.c DestroyFormSet: FormSet->Link is not removed from linked list (Bugzilla Bug 2119),mdemodulepkg,medium,low,0.8,Similar to other mdemodulepkg issues with medium priority.
qwen2.5:14b,A,8144,NVMe driver uses wrong queue size when NVMe device doesn't support size of driver queue (Bugzilla Bug 2118),mdemodulepkg,high,low,0.85,The issue involves a driver using incorrect queue size which can lead to system instability or failure.
qwen2.5:14b,A,8143,"BaseTools will report ""unresolved external symbol _ModuleEntryPoint"" while the actual reason is a missing lib instance in DSC. (Bugzilla Bug 2112)",basetools,high,low,0.9,"The issue involves BaseTools reporting an error due to a missing library instance in DSC, similar to other high-priority issues related to BaseTools and build failures."
qwen2.5:14b,A,8142,Need move tempfile.NamedTemporaryFile() block operation outside of FileLock (Bugzilla Bug 2106),basetools,low,low,0.85,The issue is related to Python file operations and does not indicate critical build or security issues like those in high priority examples.
qwen2.5:14b,A,8141,Fix regression in EmulatorPkg WinHost when image is loaded more than one or unloaded (Bugzilla Bug 2105),emulatorpkg,medium,low,0.85,Similar to other EmulatorPkg issues with medium priority.
qwen2.5:14b,A,8140,Exiting a shell application does not correctly unload the DLL under EmulatorPkg causing stability issues (Bugzilla Bug 2104),emulatorpkg,high,high,0.85,The issue impacts stability and is related to a specific package (EmulatorPkg) with similar severity issues in other packages.
qwen2.5:14b,A,8139,CopyFileOnChange() and SaveFileOnChange() should support Long FilePath in windows (Bugzilla Bug 2103),basetools,medium,high,0.85,Similar to other issues in basetools package without a clear indication of high severity impact.
qwen2.5:14b,A,8138,BaseTools: pre-process the input string for regular expression findall function (Bugzilla Bug 2102),basetools,medium,low,0.85,Similar to other BaseTools issues with medium priority.
qwen2.5:14b,A,8137,BaseTools: remove unnecessary the checking for file existing (Bugzilla Bug 2101),basetools,low,low,0.8,The issue involves removing unnecessary file existence checks which is a minor optimization and does not impact functionality or security.
qwen2.5:14b,A,8135,BaseTools: The error message for missing library instance is incorrect (Bugzilla Bug 2099),basetools,medium,high,0.8,Similar to other BaseTools issues but lacks severity indicators like build failures or critical errors.
qwen2.5:14b,A,9781,IPV6 PXE Failure on 3 Layer network (Bugzilla Bug 2097),networkpkg,medium,low,0.8,Similar to other networkpkg issues with medium priority.
qwen2.5:14b,A,10651,Apply new TimerLib instances from CpuTimerLib to use CPUID Lead 0x15 XTAL clock frequency to calculate TSC (Bugzilla Bug 2096),ueficpupkg,medium,low,0.8,Similar to other issues in UefiCpuPkg with moderate impact.
qwen2.5:14b,A,8134,Potential memory leak in HMAC Sha256 flow (Bugzilla Bug 2095),cryptopkg,high,low,0.85,Potential memory leaks are critical security issues that can lead to vulnerabilities.
qwen2.5:14b,A,9780,PrePiLib: incorrect population of FV2 HOB FvName field (Bugzilla Bug 2094),embeddedpkg,medium,low,0.85,Similar to other issues in embeddedpkg with medium priority.
qwen2.5:14b,A,8133,'PlatformAutoGen' object has no attribute 'DataPile' in BuildReport (Bugzilla Bug 2093),basetools,low,low,0.8,Similar to other BaseTools issues that do not indicate critical system failure or performance degradation.
qwen2.5:14b,A,8132,BaseTools: Incremental build genmake failed on python3 (Bugzilla Bug 2090),basetools,medium,low,0.85,Similar to other BaseTools issues with incremental build problems.
qwen2.5:14b,A,9778,Wild & dangling pointers in the acpiview ACPI table parsers (Bugzilla Bug 2089),shellpkg,high,low,0.9,Similar to other high priority issues in shellpkg related to parser vulnerabilities.
qwen2.5:14b,A,8131,BaseTools: Incorrect Module UniqueName generated if there are more than one instance for the same module (Bugzilla Bug 2088),basetools,high,low,0.85,Similar to other high priority issues in basetools related to module generation and naming.
qwen2.5:14b,A,8130,ECC reports an false positive error (Bugzilla Bug 2087),basetools,low,low,0.8,Similar to other BaseTools issues that are typically low priority.
qwen2.5:14b,A,8128,Process_files.pl needs to be updated to add missing header files in generated inf files (Bugzilla Bug 2085),cryptopkg,medium,low,0.8,Similar to other issues in basetools and mdepkg that are medium priority due to updating scripts and files.
qwen2.5:14b,A,8127,BaseTools: ECC failed with ModuleNotFoundError (Bugzilla Bug 2081),basetools,high,low,0.85,Similar to other BaseTools issues that caused build failures or severe errors.
qwen2.5:14b,A,8126,BaseTools: Fixed issue on IgnoreAutoGen build option (Bugzilla Bug 2080),basetools,low,low,0.85,The issue is about fixing a build option and does not indicate severe consequences or critical failures.
qwen2.5:14b,A,8125,AutoGen file saving and copying report IOError occasionally if work with multi-process (Bugzilla Bug 2079),basetools,high,medium,0.85,"The issue involves IOError in a critical tool component (AutoGen), similar to other high priority issues related to BaseTools."
qwen2.5:14b,A,8124,BaseTools: Incorrect incremental build behavior (Bugzilla Bug 2078),basetools,medium,high,0.85,Similar to other incremental build issues in BaseTools package.
qwen2.5:14b,A,8123,LzmaCompress need support switches to set compression mode and dictionary size (Bugzilla Bug 2077),basetools,medium,medium,0.8,Similar to other BaseTools issues but lacks severity indicators like crashes or high performance impacts.
qwen2.5:14b,A,9776,The UEFI Shell editor will Assert  with in Emulator for Windows (Bugzilla Bug 2076),emulatorpkg,medium,low,0.8,Similar to other tool-related issues in emulatorpkg with medium priority.
qwen2.5:14b,A,9775,gUefiCpuPkgTokenSpaceGuid.PcdCpuApTargetCstate definition is unclear. (Bugzilla Bug 2075),ueficpupkg,medium,medium,0.85,Similar to other Pcd related issues in ueficpupkg which are typically medium priority.
qwen2.5:14b,A,9774,"BaseTool: With --hash build option, build can't resume after build break in make phase. (Bugzilla Bug 2072)",basetools,high,low,0.85,The issue affects build resumption with --hash option which is critical for continuous integration and reliability.
qwen2.5:14b,A,9771,Calls to EFI_PCI_IO_PROTOCOL.Map should always unmap on errors (Bugzilla Bug 2069),mdemodulepkg,medium,low,0.8,Similar to other issues in mdemodulepkg with medium priority.
qwen2.5:14b,A,8118,GetVariable not returning attributes on EFI_BUFFER_TOO_SMALL (Bugzilla Bug 2062),mdemodulepkg,medium,medium,0.85,Similar to other mdemodulepkg issues with medium priority.
qwen2.5:14b,A,8117,"UefiCpuPkg: remove useless ""ConsoleLogLock"" from RegisterCpuFeaturesLib and PiSmmCpuDxeSmm (Bugzilla Bug 2060)",ueficpupkg,low,low,0.8,The issue involves removing a useless lock which is likely to be a minor code cleanup without significant security or functionality impact.
qwen2.5:14b,A,8116,Failure caused by python tool occurs when building ShellPkg (Bugzilla Bug 2058),basetools,medium,medium,0.8,"The issue is related to a python tool failure during build process, similar in nature to other build-related issues classified as medium priority."
qwen2.5:14b,A,8115,Ecc needs to handle another copyright format (Bugzilla Bug 2057),basetools,low,medium,0.8,The issue is about handling a different copyright format which does not impact functionality or performance.
qwen2.5:14b,A,8114,VS20xx IA32 builds of EmulatorPkg can not boot (Bugzilla Bug 2056),emulatorpkg,medium,low,0.7,No specific severity indicators; similar to other build issues in different packages.
qwen2.5:14b,A,8113,Remove use of UNIX_SEC_BUILD and WIN_SEC_BUILD defines in EmulatorPkg DSC file (Bugzilla Bug 2055),emulatorpkg,low,low,0.8,The issue is about removing obsolete defines in a DSC file and does not indicate any critical functionality or stability issues.
qwen2.5:14b,A,9769,OpenSSL reuses pointers across SetVirtualAdressMap() (Bugzilla Bug 2053),cryptopkg,high,medium,0.85,"The issue involves a security concern with OpenSSL, which is critical and similar to other high-priority issues in the basetools package related to toolchain setup and error handling."
qwen2.5:14b,A,8111,A parameter needs description in comments (Bugzilla Bug 2052),ueficpupkg,low,medium,0.85,The bug is about missing parameter description in comments which is a documentation issue and not likely to cause functional problems.
qwen2.5:14b,A,8110,A pointer is not safe when dereferenced in DebugCommunicationLibUsb3Dxe.c (Bugzilla Bug 2051),sourceleveldebugpkg,high,medium,0.85,"The issue involves a pointer safety problem which can lead to system instability or crashes, similar in severity to other high-priority issues involving unsafe dereferencing."
qwen2.5:14b,A,9768,MdeModulePkg/Logo Outdated (Bugzilla Bug 2050),mdemodulepkg,low,medium,0.8,The issue is about an outdated logo and does not impact functionality or performance.
qwen2.5:14b,A,8109,Pointer Response in ShellPkg needs to be checked (Bugzilla Bug 2049),shellpkg,medium,medium,0.8,Similar to other issues in shellpkg without a clear indication of severity beyond routine checking.
qwen2.5:14b,A,8107,BaseTools: Build raise exception if there is libraryclass missing in dsc file and --pcd build option is used (Bugzilla Bug 2047),basetools,high,low,0.9,Similar to Bug 1443 which also deals with library class issues in DSC files and has high priority.
qwen2.5:14b,A,8106,EmulatorPkg builds fail with XCODE5 toolchain tag for IA32 and X64 (Bugzilla Bug 2046),emulatorpkg,high,low,0.85,Similar to other EmulatorPkg build issues that affect specific toolchains and architectures.
qwen2.5:14b,A,8105,EmulatorPkg build fails VS2015x86 if VS2017 is also installed (Bugzilla Bug 2045),emulatorpkg,high,low,0.85,Similar to other build failure issues in emulatorpkg which are high priority.
qwen2.5:14b,A,8104,PatchCheck .py is producing false positives in patch evaluation (Bugzilla Bug 2044),basetools,low,low,0.8,Similar to other tooling issues in basetools that do not impact core functionality or security.
qwen2.5:14b,A,9766,Need a way to inform consumers the side effect of using PEI memory pool services (Bugzilla Bug 2042),mdemodulepkg,medium,medium,0.8,Similar to other mdemodulepkg issues without specific severity indicators.
qwen2.5:14b,A,8103,Improve FSP Python scripts to support 3.x. (Bugzilla Bug 2041),intelfsp2pkg,low,low,0.8,The issue is about improving Python scripts which does not directly impact functionality or security.
qwen2.5:14b,A,8102,IA32_FEATURE_CONTROL stays unlocked in S3 after a warm reset (Bugzilla Bug 2040),ueficpupkg,medium,high,0.8,Similar to other issues in ueficpupkg with medium priority.
qwen2.5:14b,A,9765,BaseTools: build will fail if running Edksetup.bat under VS2015 developer command and the VS2017 are also installed (Bugzilla Bug 2039),basetools,high,medium,0.85,Similar to other BaseTools issues that cause build failures and affect multiple versions of Visual Studio.
qwen2.5:14b,A,8101,GenFds multithread generate wrong SectionAlign option for GenFfs command in makefile (Bugzilla Bug 2038),basetools,medium,medium,0.8,Similar to other build-related issues in BaseTools package.
qwen2.5:14b,A,8100,Fix warning: Module MetaFile [Sources] is missing local header! (Bugzilla Bug 2036),mdepkg,low,medium,0.8,The issue is about fixing a warning in module metadata and does not impact functionality or performance.
qwen2.5:14b,A,9764,BaseTools/FMMT: Cannot handle nested FV when deleting PEIMs. (Bugzilla Bug 2034),basetools,medium,medium,0.85,Similar to other BaseTools issues that are classified as medium priority.
qwen2.5:14b,A,8099,Comments need to be improved in UefiCpuPkg/Cpuid.c (Bugzilla Bug 2033),ueficpupkg,low,medium,0.85,The issue is about improving comments which does not impact functionality or security.
qwen2.5:14b,A,8098,Ping6OnEchoReplyReceived crash (Bugzilla Bug 2032),shellpkg,high,low,0.85,Crash issues typically indicate high severity as they can lead to system instability or security vulnerabilities.
qwen2.5:14b,A,8097,ARP packet receive crash (Bugzilla Bug 2031),mdemodulepkg,high,medium,0.9,Similar to other high priority issues in mdemodulepkg related to crashes and stability.
qwen2.5:14b,A,8096,tools_def.txt contains hard-coded path to mtoc (*_XCODE5_*_MTOC_PATH) (Bugzilla Bug 2030),basetools,medium,medium,0.8,Similar to other BaseTools issues but lacks severity indicators like crashes or security vulnerabilities.
qwen2.5:14b,A,9763,CryptoPkg Broken on MSVC after upgrade to 1.1.1b (Bugzilla Bug 2029),cryptopkg,high,low,0.85,"The issue involves a critical package (CryptoPkg) breaking after an upgrade, affecting multiple users and targets."
qwen2.5:14b,A,8095,Comparisons in CapsuleOnDisk.c should be improved (Bugzilla Bug 2028),mdemodulepkg,medium,medium,0.85,Similar to other issues in mdemodulepkg with medium priority.
qwen2.5:14b,A,8094,Comparisons in CryptPkcs7VerifyEku.c should be improved (Bugzilla Bug 2027),cryptopkg,medium,medium,0.85,Similar to other cryptopkg issues that are medium priority.
qwen2.5:14b,A,8093,Strings are missing in SecurityPkg.uni (Bugzilla Bug 2026),securitypkg,medium,low,0.8,Similar to other issues in securitypkg with medium priority.
qwen2.5:14b,A,8092,"Should add build option ""-fno-omit-frame-pointer"" in SecMain.inf (Bugzilla Bug 2024)",ovmfpkg,medium,medium,0.8,Similar to other build configuration issues in OvmfPkg that have been classified as medium priority.
qwen2.5:14b,A,8091,Move MmAccess & MmControl PPI from MdeModulePkg to MdePkg (Bugzilla Bug 2023),mdepkg,medium,medium,0.85,Similar to other MdePkg related issues with medium priority.
qwen2.5:14b,A,8090,Change from 01.org bug emails to Groups.io (Bugzilla Bug 2021),-,low,medium,0.9,This is an administrative change request unrelated to code or functionality issues.
qwen2.5:14b,A,8089,EFI_SMRAM_HOB_DESCRIPTOR_BLOCK isn't defined in MdePkg though it's in PI spec 1.5 (Bugzilla Bug 2020),mdepkg,medium,medium,0.8,Similar to other issues in MdePkg that are typically medium priority due to specification discrepancies.
qwen2.5:14b,A,8088,"Change ""EDK II Trunk"" in Bugzilla's `Release(s) the issue is observed` to ""EDK II Master"" (Bugzilla Bug 2019)",-,low,medium,0.8,The issue is about updating a label in Bugzilla and does not impact code or functionality directly.
qwen2.5:14b,A,8087,IntelFsp2Pkg: PeiService pointer not reset to 0 in SecMain (Bugzilla Bug 2018),intelfsp2pkg,medium,low,0.85,Similar to other issues in intelfsp2pkg and mdepkg with medium priority.
qwen2.5:14b,A,8086,Added arch output to build report (Bugzilla Bug 2016),basetools,low,medium,0.85,The issue is about adding output to build reports which does not indicate a critical bug or security flaw.
qwen2.5:14b,A,8085,Updata the output encoding of the Popen  function (Bugzilla Bug 2015),basetools,low,medium,0.8,Similar to other issues in basetools package that do not indicate critical system failures or severe bugs.
qwen2.5:14b,A,8084,Add extra debugging to improve error identification. (Bugzilla Bug 2014),basetools,medium,medium,0.8,Similar to other BaseTools issues that are classified as medium priority.
qwen2.5:14b,A,8083,"replace the chinese quotation mark with  unicode "" (Bugzilla Bug 2013)",basetools,low,medium,0.85,Similar to other text formatting or localization issues in BaseTools.
qwen2.5:14b,A,8082,UefiDebugLibStdErr library lacks destructor to close event (Bugzilla Bug 2012),mdepkg,medium,medium,0.8,"The issue is related to a missing destructor in a library, which could lead to resource leaks but does not immediately suggest critical system failure or severe performance degradation."
qwen2.5:14b,A,9762,"Help content for ""comp"" Shell command is incorect (Bugzilla Bug 2011)",shellpkg,low,medium,0.85,Similar to other shellpkg issues related to help content accuracy.
qwen2.5:14b,A,8080,[MdePkg/PciExpress21.h]: The existing PCI industry standard registers are not up to date as per PCIe Base Specification 4.0 (Bugzilla Bug 2007),mdepkg,medium,high,0.8,The issue is about updating standard registers which is important but not critical like a build failure or memory leak.
qwen2.5:14b,A,9761,Introduce new library SecurityLockAuditLib to provide a consistant debug log message of security event (Bugzilla Bug 2006),mdemodulepkg,medium,low,0.8,Similar to other library introduction issues in mdemodulepkg without clear severity indicators.
qwen2.5:14b,A,9760,GUID override doesn't work in Apriori section (Bugzilla Bug 2005),basetools,medium,medium,0.8,Similar to other BaseTools issues that impact build processes but do not cause immediate system failures or security vulnerabilities.
qwen2.5:14b,A,8079,Basetools: misuse of lstrip (Bugzilla Bug 2003),basetools,low,low,0.85,Similar to other Basetools issues that are low priority.
qwen2.5:14b,A,9758,SMM pointer leak in SmmVariableGetStatistics() (Bugzilla Bug 2002),mdemodulepkg,high,medium,0.85,Involves SMM pointer leak which can lead to serious security vulnerabilities.
qwen2.5:14b,A,8078,Integer truncation issues in S3BootScript[Save]*() API (Bugzilla Bug 2001),mdemodulepkg,high,medium,0.85,The issue involves integer truncation which can lead to serious bugs and is similar in severity to other high priority issues in mdemodulepkg.
qwen2.5:14b,A,9757,PE loader should zero out dest buffer on allocation (Bugzilla Bug 1999),mdemodulepkg,high,low,0.85,Similar to other high priority issues in mdemodulepkg related to memory handling and security.
qwen2.5:14b,A,8077,CoreLoadPeImage() allows fixed mappings (Bugzilla Bug 1998),mdemodulepkg,high,low,0.85,Similar to other high priority issues in mdemodulepkg related to core functionality and potential security implications.
qwen2.5:14b,A,8076,CoreLoadImageCommon() security violation (Bugzilla Bug 1997),mdemodulepkg,high,low,0.9,"The issue involves a security violation in CoreLoadImageCommon(), similar to other high priority security issues."
qwen2.5:14b,A,8075,Wifi manager exposes sensitive material to HostOS (Bugzilla Bug 1996),mdemodulepkg,high,medium,0.85,Sensitive material exposure is a critical security vulnerability.
qwen2.5:14b,A,8074,"Error corner cases in Hii Os Runtime support, where Host OS could trigger use after free (Bugzilla Bug 1995)",mdemodulepkg,high,medium,0.85,Similar to other high priority issues in mdemodulepkg related to runtime support and potential memory corruption.
qwen2.5:14b,A,8073,Integer overflows in PeCoffLoaderRelocateImage (Bugzilla Bug 1993),mdepkg,high,medium,0.9,The issue involves integer overflows which can lead to serious security vulnerabilities and crashes.
qwen2.5:14b,A,8072,All LoadImage() callers should handle EFI_SECURITY_VIOLATION explicitly (Bugzilla Bug 1992),shellpkg,high,low,0.85,The issue involves security violations which are typically high priority.
qwen2.5:14b,A,8071,Double EFI_PCI_ROOT_BRIDGE_IO_PROTOCOL_UNMAP in SdMmcCreateTrb (Bugzilla Bug 1989),mdemodulepkg,medium,medium,0.8,Similar to other mdemodulepkg issues with medium priority.
qwen2.5:14b,A,9756,BaseTools: Remove gDatabasePath global variable (Bugzilla Bug 1987),basetools,high,medium,0.85,Similar to other BaseTools issues with high priority.
qwen2.5:14b,A,8070,"Basetools: Create "".cache"" folder as early as possible (Bugzilla Bug 1986)",basetools,low,low,0.8,The issue is about improving tool behavior rather than fixing a critical bug or performance issue.
qwen2.5:14b,A,9755,edksetup.bat/edksetup.sh Reconfig option should reset EDK_TOOLS_PATH/PYTHONPATH (Bugzilla Bug 1985),-,medium,medium,0.8,The issue is related to setup scripts and does not indicate critical functionality or security impact similar to other high priority issues.
qwen2.5:14b,A,8069,UefiCpuPkg RegisterCpuFeaturesLib: cautious to debug print on AP (Bugzilla Bug 1984),ueficpupkg,medium,medium,0.8,Similar to other issues in UefiCpuPkg and MdeModulePkg with medium priority.
qwen2.5:14b,A,8068,Performed Microcode copy from flash on both PEI and DXE (Bugzilla Bug 1982),ueficpupkg,high,high,0.85,Similar to other high priority issues in ueficpupkg related to microcode and CPU initialization.
qwen2.5:14b,A,8067,OvmfPkg/EnrollDefaultKeys: clean up Base64Decode() retval handling (Bugzilla Bug 1981),ovmfpkg,low,low,0.8,The bug involves cleanup of Base64Decode() retval handling which is likely a minor code quality improvement rather than a critical functionality or security issue.
qwen2.5:14b,A,8066,BaseLib/Base64Decode(): move variable declarations from nested block scope to function block scope (Bugzilla Bug 1980),mdepkg,low,low,0.85,The issue is about code refactoring and does not indicate any security or critical functionality issues.
qwen2.5:14b,A,9754,Add a pcd PcdBootManagerInBootOrder to control whether BootManger is in BootOrder variable (Bugzilla Bug 1979),mdemodulepkg,medium,low,0.8,"The issue involves adding a PCD to control BootManager in BootOrder variable, which is a configuration change rather than a critical bug or performance issue."
qwen2.5:14b,A,8065,DxeMain: Fix for missing MAT update when code uses  AllocateAddress after ReadyToBoot. (Bugzilla Bug 1978),mdemodulepkg,medium,medium,0.8,Similar to other issues in mdemodulepkg that are generally medium priority.
qwen2.5:14b,A,8064,build returns exit code 0 when Postbuild process fails (Bugzilla Bug 1977),basetools,medium,high,0.8,Similar to other build process issues in BaseTools package.
qwen2.5:14b,A,8063,SnpDxe: ExitBootServices notification function uses UNDI functions (Bugzilla Bug 1974),networkpkg,medium,medium,0.85,Similar to other networkpkg issues but lacks indicators of high severity like build failures or critical functionality impacts.
qwen2.5:14b,A,8062,CpuFeaturesPei driver enter deadloop if package level MSR used (Bugzilla Bug 1973),ueficpupkg,medium,low,0.85,Similar to other issues in ueficpupkg that are medium priority due to potential runtime issues.
qwen2.5:14b,A,8061,UefiCpuPkg RegisterCpuFeaturesLib should not use PcdCpuFeaturesSetting for AP code (Bugzilla Bug 1972),ueficpupkg,medium,medium,0.8,"No specific severity indicators, similar to other medium priority issues in different packages."
qwen2.5:14b,A,8060,EDK generates PE32 instead of PE32+ (Bugzilla Bug 1971),-,medium,medium,0.8,Similar to other tool-related issues with medium priority.
qwen2.5:14b,A,8059,Acpiview shell command does not build for IA32 (Bugzilla Bug 1970),shellpkg,medium,low,0.85,Similar to other shellpkg issues that are medium priority.
qwen2.5:14b,A,8058,Handle NULL Data Pointer Properly in ReportStatusCodeRouterRuntimeDxe at TPL Less Than TPL_HIGH (Bugzilla Bug 1969),mdemodulepkg,high,medium,0.85,Similar to other high priority issues in mdemodulepkg related to handling NULL pointers and runtime errors.
qwen2.5:14b,A,8057,UefiCpuPkg: ASSERT in RegisterCpuFeaturesLib (Bugzilla Bug 1968),ueficpupkg,high,low,0.85,ASSERT failures typically indicate severe issues that can cause system crashes or instability.
qwen2.5:14b,A,8056,"BaseLib.h linked list macros should define ""delete safe iterator loop"" instead of having EFI_LIST_FOR_EACH_SAFE defined numerous places in edk2 code (Bugzilla Bug 1967)",mdepkg,medium,medium,0.8,"The issue is about improving code consistency and safety in BaseLib.h macros, which impacts multiple places but does not directly cause a critical failure or security vulnerability."
qwen2.5:14b,A,8055,InsertNewGuidNameMapping() overflowing ReallocatePool if called a 3rd time. (Bugzilla Bug 1965),shellpkg,medium,medium,0.85,Similar to other issues in shellpkg with medium priority.
qwen2.5:14b,A,8054,TypeFileByHandle underflows buffer if 1st char is \r or \n (Bugzilla Bug 1964),shellpkg,medium,medium,0.8,Similar to other issues in shellpkg with medium priority due to buffer handling problems.
qwen2.5:14b,A,8053,Typos in BaseTools\Source\C\FMMT and BfmLib (Bugzilla Bug 1963),basetools,low,low,0.9,Typographical errors in source code are generally minor issues that do not impact functionality or security.
qwen2.5:14b,A,9751,Apply new ModuleType HOST_APPLICATION into EmulatorPkg (Bugzilla Bug 1962),emulatorpkg,medium,medium,0.8,Similar to other EmulatorPkg issues with medium priority.
qwen2.5:14b,A,8052,CpuCommonFeaturesLib Ppin.c Enhance the code to disable and lock (Bugzilla Bug 1961),ueficpupkg,medium,medium,0.85,Similar to other issues in ueficpupkg package that are medium priority.
qwen2.5:14b,A,9750,Basetool FMMT module build fails with gcc 7.4.0 (Bugzilla Bug 1960),basetools,medium,medium,0.85,Similar to other build failure issues in basetools package which are typically medium priority.
qwen2.5:14b,A,8051,"BaseLib.h linked list macros should define ""delete safe iterator loop"" instead of having EFI_LIST_FOR_EACH_SAFE defined numerous places in edk2 code (Bugzilla Bug 1959)",mdepkg,medium,medium,0.85,"The issue is about improving code consistency and safety in BaseLib.h macros, which impacts multiple places but does not introduce a critical security or stability risk."
qwen2.5:14b,A,8050,Build cache cannot generate the offset file for hii/vfr module (Bugzilla Bug 1958),basetools,high,high,0.85,Similar to other high priority build issues in BaseTools package.
qwen2.5:14b,A,8048,pci command for gen 4 devices displays incorrect info (Bugzilla Bug 1955),shellpkg,medium,medium,0.8,Similar to other shellpkg issues with medium priority.
qwen2.5:14b,A,8047,[EmulatorPkg] Remove unused module MiscSubClassPlatformDxe (Bugzilla Bug 1953),emulatorpkg,low,low,0.85,The issue involves removing an unused module which is a maintenance task and not likely to cause critical system issues.
qwen2.5:14b,A,8046,Build cache should not use [self.Arch][self.Name] info as key to identify module (Bugzilla Bug 1951),basetools,high,low,0.8,The issue involves a critical flaw in build cache identification which could lead to incorrect builds and is similar in severity to other high priority issues in BaseTools.
qwen2.5:14b,A,8045,File MdeModulePkg/Include/Protocol/Dpc.h should be placed in NetworkPkg (Bugzilla Bug 1949),mdemodulepkg,medium,medium,0.8,Similar to other package-specific issues without critical failure or security implications.
qwen2.5:14b,A,8044,Use unique data structure signatures in MdeModulePkg PiSmmCore module (Bugzilla Bug 1948),mdemodulepkg,low,low,0.8,"No specific severity indicators, similar to other low priority issues in mdemodulepkg."
qwen2.5:14b,A,8043,SCT 2.7 test -DevicePathToTextProcotolTest\ConvertDeviceNodeToText_Coverage -- FAILURE (Bugzilla Bug 1947),mdepkg,high,low,0.85,The issue involves a test failure in BaseTools which is similar to other high priority issues related to build and test failures.
qwen2.5:14b,A,8041,"Scripts\FormatDosFiles.py  ""--exclude"" cannot use absolute paths (Bugzilla Bug 1944)",basetools,low,medium,0.8,Similar to other formatting/script issues in BaseTools package.
qwen2.5:14b,A,8039,drivers command issue (Bugzilla Bug 1941),shellpkg,medium,medium,0.85,Similar to other shellpkg issues with medium priority.
qwen2.5:14b,A,8038,ACPI DATA being measured after table patch (Bugzilla Bug 1940),securitypkg,high,medium,0.85,"The issue involves security concerns related to measuring ACPI DATA after table patching, similar in severity to other high-priority security issues."
qwen2.5:14b,A,9748,"After performing PXE boot to Grub, exit to setup. Not able to perform PXE boot again (Bugzilla Bug 1938)",networkpkg,medium,low,0.8,Similar to other networkpkg issues but lacks high severity indicators like memory leaks or build failures.
qwen2.5:14b,A,8036,Add pointer check for the new allocate pool in CapsulePei/UefiCapsule.c (Bugzilla Bug 1935),mdemodulepkg,low,low,0.8,The issue involves adding a pointer check which is likely to prevent bugs but does not indicate critical system failure or severe performance impact.
qwen2.5:14b,A,8035,MicrocodeDetect: Incorrect checksum before verify the microcode's header (Bugzilla Bug 1934),ueficpupkg,high,low,0.85,Similar to other high priority issues in ueficpupkg related to microcode and security.
qwen2.5:14b,A,9746,Windows debug build is not reproducible even in the same path workspace (Bugzilla Bug 1933),basetools,high,high,0.85,The issue involves unreproducibility in Windows debug builds which can lead to significant debugging and development challenges.
qwen2.5:14b,A,8034,BaseTool: Separate current CreateAsBuiltInf function into two (Bugzilla Bug 1932),basetools,low,low,0.8,The issue involves refactoring a function and does not indicate any security or critical build failures.
qwen2.5:14b,A,9745,[PciBus] SRIOV device may reserve additional one bus (Bugzilla Bug 1931),mdemodulepkg,medium,medium,0.8,Similar to other mdemodulepkg issues with medium priority.
qwen2.5:14b,A,8033,"Running edksetup.sh will make an error because ""bc"" is not installed on Linux (Bugzilla Bug 1929)",basetools,low,medium,0.8,Similar to other tool-related issues in basetools package but does not impact build or critical functionality.
qwen2.5:14b,A,8030,Problems using HTTPS boot due to TlsInitialize failed. (Bugzilla Bug 1926),cryptopkg,high,low,0.85,The issue involves a critical boot process failure related to TLS initialization.
qwen2.5:14b,A,8029,Build cache need more comprehensive info to explain why cache miss (Bugzilla Bug 1925),basetools,high,medium,0.85,Similar to other high priority issues in basetools related to build cache problems.
qwen2.5:14b,A,8027,GenFds multi-thread build fails if enable the build cache (Bugzilla Bug 1923),basetools,high,high,0.85,Similar to other high priority issues in basetools package related to build failures and toolchain problems.
qwen2.5:14b,A,8026,SMBIOS Type 4 Processor Voltage information can be various to reflect processor current voltage when Bit 7 is set (Bugzilla Bug 1922),mdemodulepkg,medium,medium,0.8,Similar to other mdemodulepkg issues that are classified as medium priority.
qwen2.5:14b,A,8025,Build tool need to detect the change of NASM_PREFIX environment variable (Bugzilla Bug 1921),basetools,low,low,0.8,Similar to other low priority issues in basetools package related to build tool improvements.
qwen2.5:14b,A,8024,Platform exception when callback function was destroyed by unconnected controller in setup browser. (Bugzilla Bug 1920),mdemodulepkg,medium,medium,0.8,Similar to other issues in mdemodulepkg without a clear indication of high severity impact.
qwen2.5:14b,A,8023,Remove DxeDeferImageLoadLib form SecurityPkg (Bugzilla Bug 1919),securitypkg,low,low,0.8,The issue is about removing a library and does not indicate any critical system failure or security risk.
qwen2.5:14b,A,9744,Feature request: Provide interface to copy memory contents above 4GB area in PEI phase. (Bugzilla Bug 1918),mdepkg,medium,low,0.8,The issue is a feature request and does not indicate critical failure or security concern like high priority bugs.
qwen2.5:14b,A,8022,HTTPS TLS causes unhandled exception due to corruption of SetSessionData pointer (Bugzilla Bug 1917),networkpkg,high,low,0.85,"The bug involves an unhandled exception due to corruption of a pointer in HTTPS TLS, which can lead to serious security vulnerabilities and system instability."
qwen2.5:14b,A,8021,Build cache cannot store .efi and .pdb files in second incremental build (Bugzilla Bug 1915),basetools,medium,low,0.8,Similar to other build-related issues in BaseTools package.
qwen2.5:14b,A,8020,NULL pointer dereference in AuthenticodeVerify() (Bugzilla Bug 1914),securitypkg,high,high,0.9,Similar to other security vulnerabilities in the same package that cause crashes or undefined behavior.
qwen2.5:14b,A,9743,HttpDxe: calling Response() after end of stream causes assert in HttpResponseWorker (Bugzilla Bug 1912),networkpkg,high,medium,0.85,"The bug involves an assert failure in critical code path, similar to other high priority issues involving core functionality."
qwen2.5:14b,A,8018,BaseTools doesn't throw an error when a FixAtBuildPcd is used but people forgot to declare the pcd name on inf (Bugzilla Bug 1908),basetools,medium,medium,0.85,Similar to other BaseTools issues that are medium priority due to potential build configuration errors.
qwen2.5:14b,A,9742,Add a Pcd and variable to control gRT->CapsuleUpdate and QueryCapsuleCapabilities (Bugzilla Bug 1907),mdemodulepkg,medium,low,0.8,"The issue involves adding a Pcd and variable for control, similar to other medium priority issues in mdemodulepkg."
qwen2.5:14b,A,8017,Return a null in ShellPromptForResponse (Bugzilla Bug 1906),shellpkg,medium,low,0.85,Similar to other Shellpkg issues with medium priority.
qwen2.5:14b,A,8015,Add missing instances to SourceLevelDebugPkg.dsc for build only (Bugzilla Bug 1903),sourceleveldebugpkg,low,low,0.85,The issue is about adding missing instances for build only and does not indicate any critical failure or security risk.
qwen2.5:14b,A,8014,Add missing instances to SecurityPkg.dsc for build only (Bugzilla Bug 1902),securitypkg,low,low,0.85,The bug is related to adding missing instances for build purposes only and does not indicate a critical runtime or security flaw.
qwen2.5:14b,A,8013,Set the returned buffer to null while fail to create HOB in PeiAllocatePool (Bugzilla Bug 1901),mdemodulepkg,medium,medium,0.8,Similar to other MdeModulePkg issues that are classified as medium priority.
qwen2.5:14b,A,8012,Add missing instances to CryptoPkg.dsc (Bugzilla Bug 1900),cryptopkg,low,low,0.8,"The issue involves adding missing instances to a DSC file, which is likely a configuration or documentation update rather than a critical bug."
qwen2.5:14b,A,8010,"remove BUFSIZ from ""CrtLibSupport.h"" at the next OpenSSL rebase (Bugzilla Bug 1897)",cryptopkg,low,low,0.8,The issue is about removing a macro from a header file and does not indicate any critical runtime or security issues.
qwen2.5:14b,A,8008,Build cache cannot store cache for the same library modules in different arch together (Bugzilla Bug 1895),basetools,medium,low,0.8,Similar to other build-related issues in basetools package without explicit severity indicators.
qwen2.5:14b,A,8007,Basetool need CopyFileOnChange function to avoid cache file writing race in multi-thread build (Bugzilla Bug 1894),basetools,high,low,0.85,Similar to other high priority issues in basetools related to build cache and file writing race conditions.
qwen2.5:14b,A,8006,Base64Decode does not follow its specification (Bugzilla Bug 1891),mdepkg,medium,medium,0.8,Similar to other issues in mdepkg with medium priority.
qwen2.5:14b,A,8004,Remove unused Edk2\BuildNotes2.txt (Bugzilla Bug 1889),-,low,medium,0.8,The issue is about removing an unused file which typically has minimal impact.
qwen2.5:14b,A,9741,Add and adjust the performance code (Bugzilla Bug 1888),-,medium,low,0.7,"The issue does not specify a package or severity level, and lacks details to classify it as high priority."
qwen2.5:14b,A,9740,DnsDxe uses only the first DNS server (Bugzilla Bug 1886),networkpkg,medium,low,0.85,Similar to other networkpkg issues that do not explicitly indicate critical security or performance impacts.
qwen2.5:14b,A,8003,Enabling HeapGuard NULL pointer detection doesn't reserve page 0 (Bugzilla Bug 1885),mdemodulepkg,high,low,0.85,"The issue involves a critical system component (HeapGuard) and affects memory management, similar to other high-priority issues in mdemodulepkg."
qwen2.5:14b,A,8002,obsolete network feature test macros (build flags) in OvmfPkg/README (Bugzilla Bug 1884),ovmfpkg,low,low,0.85,The issue is about obsolete build flags in documentation and does not indicate a critical system failure or security risk.
qwen2.5:14b,A,7999,Update process_files.pl in OpensslLib to exclude err_all.c (Bugzilla Bug 1881),cryptopkg,low,low,0.8,"The bug is about updating a script to exclude a file, which seems to be a maintenance task rather than a critical security or functionality issue."
qwen2.5:14b,A,7998,QemuVideoDxe driver has a bug that it shouldn’t assume that system is running in VGA alias mode. (Bugzilla Bug 1880),ovmfpkg,medium,medium,0.8,Similar to other issues in ovmfpkg that have been classified as medium priority.
qwen2.5:14b,A,7996,VS2017 build failure in module linked against OpensslLibCrypto (Bugzilla Bug 1878),cryptopkg,medium,low,0.8,Similar to other build failure issues in different packages which are generally medium priority.
qwen2.5:14b,A,7995,Commit 7cea4d71a8a8 regresses CPU speed display (from SMBIOS) in MdeModulePkg/UiApp (Bugzilla Bug 1877),mdemodulepkg,medium,high,0.85,The issue affects UI functionality but does not indicate a critical security or stability problem.
qwen2.5:14b,A,9739,Add a PCD to skip Hdd password prompt (Bugzilla Bug 1876),securitypkg,medium,low,0.8,Similar to other security-related issues in the same package that are typically medium priority.
qwen2.5:14b,A,7993,FSP related Python build script error log enhancement (Bugzilla Bug 1872),basetools,low,high,0.8,"The issue is about enhancing error logs in a build script, which typically does not impact functionality or security critically."
qwen2.5:14b,A,7992,"OpensslLib should use proper entropy sources, not the timestamp counter (Bugzilla Bug 1871)",cryptopkg,high,high,0.9,The issue involves OpenSSLLib entropy sources which is critical for security and similar to other high priority issues in cryptopkg.
qwen2.5:14b,A,7991,Build Cache need output notification message if module cache miss & cache hit happen (Bugzilla Bug 1868),basetools,medium,low,0.85,Similar to other build-related issues in BaseTools package.
qwen2.5:14b,A,7990,Build cache cannot store the cache files for library package (Bugzilla Bug 1867),basetools,medium,medium,0.8,Similar to other build-related issues in basetools package which are typically medium priority.
qwen2.5:14b,A,7989,IpSecDxe.efi and IKEv2 (Bugzilla Bug 1866),-,medium,low,0.7,The issue does not specify a package and lacks details on severity compared to existing examples.
qwen2.5:14b,A,7988,[AhciPei] Hard disk device cannot be found in non-S3 boot path for some AHCI controller capabilities (Bugzilla Bug 1862),mdemodulepkg,medium,low,0.85,Similar to other issues in mdemodulepkg with medium priority.
qwen2.5:14b,A,7987,Wrap OpenSSL SM3 algorithm into BaseCryptLib (Bugzilla Bug 1861),cryptopkg,medium,medium,0.8,Similar to other cryptographic library issues but lacks high severity indicators like build failures or security vulnerabilities.
qwen2.5:14b,A,7986,placing the q35 PCIEXBAR above the 32-bit MMIO aperture causes QEMU to generate an invalid ACPI \_SB.PCI0._CRS object (Bugzilla Bug 1859),ovmfpkg,medium,low,0.8,Similar to other hardware configuration issues that affect functionality but do not cause system crashes or severe build failures.
qwen2.5:14b,A,7985,Clean up some unused parameters and change some incorrect parameter defaults (Bugzilla Bug 1858),basetools,low,medium,0.85,"The issue involves cleaning up unused parameters and correcting defaults, which is a maintenance task rather than a critical bug or security flaw."
qwen2.5:14b,A,7984,Add instances to MdeModulePkg.dsc [Components] section for build (Bugzilla Bug 1857),mdemodulepkg,low,low,0.8,The issue is about adding instances to a build configuration file and does not indicate critical functionality or performance issues.
qwen2.5:14b,A,7983,SmmLockBoxPeiLib only support IA32 and X64 (Bugzilla Bug 1856),mdemodulepkg,medium,low,0.8,Similar to other mdemodulepkg issues with medium priority.
qwen2.5:14b,A,7982,Buffer overflow in modules AcpiPlatform (Bugzilla Bug 1854),vlv2tbltdevicepkg,high,medium,0.9,Buffer overflow is a critical security vulnerability that can lead to system crashes or code execution.
qwen2.5:14b,A,7981,Optimize the code of CapsulePei driver for easier maintain (Bugzilla Bug 1853),mdemodulepkg,medium,low,0.8,"The issue is about code optimization and maintainability, which typically falls under medium priority unless it directly impacts functionality or security."
qwen2.5:14b,A,7979,Add new script to detect unused items in package dec file (Bugzilla Bug 1850),basetools,medium,high,0.8,"The issue involves adding a new script for detecting unused items, which is likely to improve code quality but does not indicate critical severity like security flaws or build failures."
qwen2.5:14b,A,9738,Add FCE tool into edk2 BaseTools (Bugzilla Bug 1848),basetools,medium,high,0.8,"The issue involves adding a new tool to BaseTools, which is similar in nature to other BaseTools issues but does not indicate critical failure or security vulnerability."
qwen2.5:14b,A,7978,Add FMMT tool into edk2 BaseTools (Bugzilla Bug 1847),basetools,medium,high,0.8,Similar to other BaseTools issues with no clear indication of severity beyond standard tool integration.
qwen2.5:14b,A,7975,[OvmfPkg] Update modules in OvmfPkg to drop their dependencies on IntelFramework[Module]Pkg (Bugzilla Bug 1843),ovmfpkg,medium,low,0.85,Similar to other OvmfPkg issues that are medium priority.
qwen2.5:14b,A,7974,[OvmfPkg] Drop the consume of the ISA stack in PcAtChipsetPkg/IntelFrameworkModulePkg (Bugzilla Bug 1842),ovmfpkg,low,low,0.8,The issue is about dropping consumption of ISA stack which seems to be a cleanup or optimization task rather than a critical bug affecting stability or functionality.
qwen2.5:14b,A,9737,Error when build BaseTools (Bugzilla Bug 1841),basetools,high,high,0.85,The issue involves a build error in BaseTools which is similar to other high priority issues related to build failures and toolchain setup problems.
qwen2.5:14b,A,7973,[CapsuleApp] Enhance Capsule-On-Disk related functions (Bugzilla Bug 1840),mdemodulepkg,medium,medium,0.8,Similar to other issues in mdemodulepkg without explicit severity indicators.
qwen2.5:14b,A,7972,OVMF found EFI executable on USB Attached SCSI device but fail to boot (Bugzilla Bug 1838),ovmfpkg,medium,medium,0.8,Similar to other build or boot failure issues in ovmfpkg with medium priority.
qwen2.5:14b,A,7970,Add tools/scripts to automate setup of git environment for EDK II dev process (Bugzilla Bug 1836),basetools,medium,medium,0.8,"The issue is about adding tools/scripts for git environment setup, which does not directly impact firmware functionality or build processes critically."
qwen2.5:14b,A,7969,"""edksetup.bat ReBuild"" fail on ""echo."" of Makefile on Windows (NMAKE : fatal error U1045: spawn failed : Permission denied) (Bugzilla Bug 1835)",-,medium,medium,0.8,Similar to other BaseTools issues but lacks severity indicators like performance or security issues.
qwen2.5:14b,A,7967,The python 3 version CParser in Ecc and Eot tools work incorrectly (Bugzilla Bug 1833),basetools,high,medium,0.85,The issue affects a critical tool (CParser in Ecc and Eot tools) and involves incorrect functionality with Python 3 version.
qwen2.5:14b,A,9736,CpuCommonFeaturesLib MachineCheck.c Make sure the CPU generation check is correct (Bugzilla Bug 1831),ueficpupkg,medium,medium,0.8,Similar to other UEFCPU issues with medium priority.
qwen2.5:14b,A,9735,CpuCommonFeaturesLib FeatureControl.c Make sure the CPU generation check is correct (Bugzilla Bug 1830),ueficpupkg,medium,medium,0.8,Similar to other issues in UefiCpuPkg that are medium priority due to correctness concerns without critical system impact.
qwen2.5:14b,A,7965,CpuCommonFeaturesLib MachineCheck.c There will be ASSERT if LMCE is supported (Bugzilla Bug 1829),ueficpupkg,high,low,0.85,"The issue involves an ASSERT which can cause system instability, similar to other high priority issues in the same package."
qwen2.5:14b,A,9734,"EmulatorPkg: Create postbuild script to make ""build run"" work (Bugzilla Bug 1828)",emulatorpkg,low,medium,0.8,The issue is about creating a postbuild script which seems to be an enhancement rather than a critical bug or security flaw.
qwen2.5:14b,A,9733,UEFIPayloadPkg: coreboot on QEMU with UEFIPayload leads to assertion (Bugzilla Bug 1827),uefipayloadpkg,high,high,0.85,"The issue involves an assertion failure on QEMU with UEFIPayload, similar to other high-priority firmware issues."
qwen2.5:14b,A,7964,Use AsciiStrnCpyS to replace AsciiStrCpyS while copy a truncate string (Bugzilla Bug 1826),intelframeworkmodulepkg,medium,low,0.85,Similar to other issues in intelframeworkmodulepkg with medium priority.
qwen2.5:14b,A,9732,source code about disabling the DMAR of IOMMU in IntelSiliconPkg (Bugzilla Bug 1823),intelsiliconpkg,medium,medium,0.8,Similar to other issues in intelsiliconpkg with medium priority.
qwen2.5:14b,A,7963,OpensslLib: Missing local header files in [Sources] section of .INFs (Bugzilla Bug 1821),cryptopkg,medium,medium,0.8,Similar to other issues in cryptopkg that are typically classified as medium priority.
qwen2.5:14b,A,7961,Possible heap corruption with LzmaUefiDecompressGetInfo (Bugzilla Bug 1816),intelframeworkmodulepkg,high,medium,0.85,Heap corruption issues typically indicate severe reliability and security concerns.
qwen2.5:14b,A,7960,outdated mailing list address in BaseTools error messages (Bugzilla Bug 1815),basetools,low,high,0.85,The issue is about outdated mailing list addresses in error messages which does not impact functionality or security.
qwen2.5:14b,A,7959,"""unusual"" QEMU guest RAM sizes cause ASSERT()s to fail in OvmfPkg/PlatformPei (Bugzilla Bug 1814)",ovmfpkg,high,low,0.85,"The issue involves ASSERT() failures in a critical package (OvmfPkg), similar to other high-priority issues affecting core functionality."
qwen2.5:14b,A,7957,Remove Nt32Pkg (Bugzilla Bug 1812),nt32pkg,low,low,0.8,The issue is about removing a package which does not indicate critical functionality or security impact.
qwen2.5:14b,A,7956,[OVMF] Duplicate the required CSM components from IntelFramework[Module]Pkg into OvmfPkg (Bugzilla Bug 1811),ovmfpkg,high,low,0.85,"The issue is labeled as a blocker for another bug and involves duplicating critical components, indicating high severity."
qwen2.5:14b,A,7955,CpuCommonFeaturesLib ClockModulation.c reduce writing MSR_IA32_CLOCK_MODULATION times (Bugzilla Bug 1810),ueficpupkg,medium,medium,0.8,Similar to other issues in UEFI CPU package that do not explicitly state high severity but involve optimization and minor functionality improvements.
qwen2.5:14b,A,7954,"CpuCommonFeaturesLib ProcTrace.c could disable TraceEn at the beginning of ProcTraceInitialize(), but not the end (Bugzilla Bug 1809)",ueficpupkg,medium,medium,0.85,Similar to other CpuCommonFeaturesLib issues in ueficpupkg with medium priority.
qwen2.5:14b,A,7953,CpuCommonFeaturesLib ProcTrace.c has bug about register table write for RTIT_OUTPUT_BASE and RTIT_OUTPUT_MASK_PTRS (Bugzilla Bug 1808),ueficpupkg,medium,medium,0.8,Similar to other issues in ueficpupkg with moderate severity.
qwen2.5:14b,A,7952,Error LibGdtoa unresolved external symbol __fpclassifyd while build SampleCApp on Visual Studio 2017 (Bugzilla Bug 1807),stdlib,medium,high,0.8,The issue involves a build error in Visual Studio which is similar to other tool-related issues typically classified as medium priority.
qwen2.5:14b,A,7951,Different platform caches might overlay each other inside Binary Cache database if they use same platform name (Bugzilla Bug 1806),basetools,medium,low,0.8,Similar to other BaseTools issues with medium priority due to potential cache collision but no indication of critical failure or security breach.
qwen2.5:14b,A,7950,Remove IPF code in BaseCryptLib not used any more (Bugzilla Bug 1805),cryptopkg,low,low,0.85,The issue is about removing unused code which typically has low risk and impact.
qwen2.5:14b,A,7949,BaseTools: Add a checking for Sources section in INF file (Bugzilla Bug 1804),basetools,high,medium,0.85,"The issue involves adding a critical check for INF file integrity, similar to other high priority issues in basetools package."
qwen2.5:14b,A,7948,Binary EFI in INF's do not respect TARGET distinction (Bugzilla Bug 1803),basetools,medium,high,0.8,Similar to other BaseTools issues but lacks high severity indicators like crashes or security vulnerabilities.
qwen2.5:14b,A,9730,Add PCD to skip password prompt in device unlocked status (Bugzilla Bug 1801),securitypkg,low,low,0.8,"The issue involves adding a PCD to skip password prompt in unlocked status, which is likely a feature request rather than a critical bug or performance issue."
qwen2.5:14b,A,7947,Extend the binary cache to support library cache (Bugzilla Bug 1797),basetools,medium,low,0.85,Similar to other issues in basetools package without a clear indication of high severity impact.
qwen2.5:14b,A,7946,PciBusDxe: duplicate node insertion for every PPB device in the system (Bugzilla Bug 1796),mdemodulepkg,medium,medium,0.8,Similar to other MdeModulePkg issues that are medium priority.
qwen2.5:14b,A,7945,ECC reports 16 errors on version a642e2 (Bugzilla Bug 1795),mdemodulepkg,high,medium,0.85,ECC reports multiple errors which typically indicate a severe issue.
qwen2.5:14b,A,7944,Move OptionRomPkg into new Drivers directory edk2-platforms repo (Bugzilla Bug 1793),optionrompkg,low,low,0.85,The issue is about moving a package directory which seems to be an organizational change rather than a critical bug or security issue.
qwen2.5:14b,A,7943,Deprecate HmacXxxGetContextSize in BaseCryptLib (Bugzilla Bug 1792),cryptopkg,medium,medium,0.8,Similar to other BaseCryptLib issues but lacks high severity indicators like crashes or performance degradation.
qwen2.5:14b,A,9729,"Basetools: Clean up the support for "".C"" files (Bugzilla Bug 1790)",basetools,low,low,0.8,The issue is about cleaning up support for .C files which seems to be a maintenance task rather than a critical bug or performance issue.
qwen2.5:14b,A,7942,BaseTools: Read size is not checked and it may cause dead loop (Bugzilla Bug 1789),basetools,high,high,0.9,Similar to other BaseTools issues that cause build failures or potential dead loops.
qwen2.5:14b,A,7941,BaseTools: Library hashing fix and optimization for --hash feature (Bugzilla Bug 1788),basetools,medium,medium,0.85,Similar to other BaseTools issues with moderate impact.
qwen2.5:14b,A,7940,BaseTools: Include headers not mentioned in inf are not hashed (Bugzilla Bug 1787),basetools,medium,medium,0.85,Similar to other BaseTools issues that are typically medium priority.
qwen2.5:14b,A,7939,BaseTool: Module size and Build Time Stamp are missing in build report (Bugzilla Bug 1786),basetools,medium,low,0.85,Similar to other BaseTool issues that affect build reports but do not indicate critical system crashes or severe performance impacts.
qwen2.5:14b,A,7938,Issue in SecurityPkg AuthVariableLib to remove the variable at certdb (Bugzilla Bug 1783),securitypkg,medium,high,0.8,Similar to other issues in SecurityPkg that are typically medium priority.
qwen2.5:14b,A,7937,BlockSid command should been send at EndOfDxe (Bugzilla Bug 1782),securitypkg,medium,low,0.85,Similar to other security-related issues in the same package but lacks high severity indicators like memory vulnerabilities or system hangs.
qwen2.5:14b,A,9727,BaseTools: Reduce the duplication compression code in BaseTools (Bugzilla Bug 1779),basetools,medium,medium,0.8,"The issue is about code optimization and reduction of duplication in BaseTools, similar to other medium priority issues related to improving existing tools without critical impact."
qwen2.5:14b,A,7935,ECC need to handle lower case 'static' at the beginning of functions (Bugzilla Bug 1778),basetools,medium,medium,0.8,Similar to other issues in basetools package without a clear indication of high severity.
qwen2.5:14b,A,7934,Remove BootInRecoveryMode PPI DEPEX from PEI storage stack (Bugzilla Bug 1777),mdemodulepkg,medium,medium,0.85,Similar to other mdemodulepkg issues with medium priority.
qwen2.5:14b,A,7933,Build break if C file suffixes of named .C Under certain circumstances. (Bugzilla Bug 1773),basetools,medium,high,0.85,Similar to other build-related issues in basetools with medium priority.
qwen2.5:14b,A,9726,Indicate two Guids gCapsuleArmedResetGuid and gCapsuleUpdateCompleteResetGuid for capsule update (Bugzilla Bug 1772),mdemodulepkg,medium,medium,0.85,Similar to other mdemodulepkg issues with medium priority.
qwen2.5:14b,A,7932,ECC reports 2 errors in MdeModulePkg (Bugzilla Bug 1771),mdemodulepkg,high,low,0.85,The issue involves ECC errors which are typically critical and severe.
qwen2.5:14b,A,7931,FDF FFS Rule doesn't support GUID value format (Bugzilla Bug 1768),basetools,medium,medium,0.8,Similar to other BaseTools issues but lacks high severity indicators like build failures or critical security updates.
qwen2.5:14b,A,7930,Replace use of 'STATIC' with 'static' (Bugzilla Bug 1767),shellpkg,low,medium,0.85,Similar to other code style and formatting issues in the same package.
qwen2.5:14b,A,7929,BaseTools doesn't support correct RAW FFS FILE generation (Bugzilla Bug 1765),basetools,high,high,0.85,Similar to other BaseTools issues with high priority due to build and generation problems.
qwen2.5:14b,A,7928,Basetools: Enable GCC flags to prevent compiler from optimizing out security checks (Bugzilla Bug 1764),basetools,high,low,0.85,"The issue involves security checks and compiler optimization, which are critical for preventing vulnerabilities."
qwen2.5:14b,A,9724,Optimize the performance of intel vt-d invalidation (Bugzilla Bug 1763),intelsiliconpkg,high,low,0.8,"The issue involves optimizing performance of a critical feature (intel vt-d invalidation), similar to other high priority performance issues."
qwen2.5:14b,A,7927,Error message is inappropriate  for conf case (Bugzilla Bug 1762),basetools,low,low,0.8,Similar to other basetools issues with low priority.
qwen2.5:14b,A,7926,UEFI SCT reports 5 failures in ConsoleSupportTest\SerialIOProtocolTest on Emulator. (Bugzilla Bug 1761),emulatorpkg,medium,medium,0.8,The issue involves test failures in a specific package but does not indicate critical security or build issues.
qwen2.5:14b,A,9723,System hangs or stops abnormally when running UEFI SCT MediaAccessTest on Emulator. (Bugzilla Bug 1760),emulatorpkg,high,medium,0.85,"The system hangs or stops abnormally during a critical test, indicating high severity similar to other high-priority issues in EmulatorPkg."
qwen2.5:14b,A,9722,Emulator stopped working twice when running UEFI SCT RuntimeServicesTest\MiscRuntimeServicesTest on it (Bugzilla Bug 1759),emulatorpkg,medium,medium,0.8,"The bug involves an emulator stopping during a specific test case, which is disruptive but does not indicate critical system failure or security vulnerability."
qwen2.5:14b,A,7925,UEFI SCT reports 16 failures in RuntimeServicesTest\TimeServicesTest on Emulator. (Bugzilla Bug 1758),emulatorpkg,medium,medium,0.8,The issue involves test failures in a specific package but does not indicate critical system failure or security vulnerability.
qwen2.5:14b,A,9721,UEFI SCT reports 12 failures in BootServicesTest\MiscBootServicesTest on Emulator. (Bugzilla Bug 1757),emulatorpkg,medium,medium,0.8,Similar to other test failure issues that are typically medium priority unless they affect critical functionality or have high impact.
qwen2.5:14b,A,9720,Emulator doesn't support Network functionality. (Bugzilla Bug 1756),emulatorpkg,medium,medium,0.8,Similar to other functionality issues in different packages.
qwen2.5:14b,A,9719,Remove legacy CSM definition in MdePkg (Bugzilla Bug 1754),shellpkg,medium,medium,0.8,Similar to other issues in shellpkg without a clear indication of high severity.
qwen2.5:14b,A,7924,Add warning message for Secure Erase (Bugzilla Bug 1753),securitypkg,low,low,0.8,The bug involves adding a warning message which is less critical than functional or performance issues.
qwen2.5:14b,A,7923,"When assign value size > PCD array size in dsc, returned value is not right. (Bugzilla Bug 1752)",basetools,high,medium,0.85,Similar to other build break and tooling issues in BaseTools package.
qwen2.5:14b,A,7922,ECC report errors on account of analyze special characters (Bugzilla Bug 1751),basetools,medium,medium,0.8,Similar to other ECC report issues in basetools package which are typically medium priority.
qwen2.5:14b,A,7921,"Remove tool chain RVCT, RVCTLINUX, RVCTCYGWIN and CLANG35 (Bugzilla Bug 1750)",basetools,high,medium,0.85,The issue involves removing outdated toolchains which could impact build processes and compatibility.
qwen2.5:14b,A,7920,The order of file Guid.xref will change after increment build (Bugzilla Bug 1749),basetools,low,high,0.8,Similar to other build-related issues in BaseTools that have been classified as low priority.
qwen2.5:14b,A,9718,[UdfDxe] Typo in function ResolveSymlink() (Bugzilla Bug 1746),mdemodulepkg,low,low,0.8,Typographical errors are generally less severe than functional or performance issues.
qwen2.5:14b,A,9717,[UdfDxe] Bug exists for function MangleFileName() to handle file path like '\..\path' (Bugzilla Bug 1745),mdemodulepkg,medium,low,0.8,Similar to other issues in mdemodulepkg with medium priority.
qwen2.5:14b,A,7918,"Unlimited FV Recursion, round 2 (Bugzilla Bug 1743)",mdemodulepkg,high,low,0.85,Involves potential security risk of unlimited recursion similar to other high priority issues.
qwen2.5:14b,A,7917,Binary Cache should update the recovered file’s creation and modification times to the current time (Bugzilla Bug 1742),basetools,medium,low,0.85,Similar to other issues in basetools package without a clearly higher or lower severity indication.
qwen2.5:14b,A,7916,ECC reports 4 errors in NetworkPkg (Bugzilla Bug 1741),networkpkg,high,high,0.85,ECC reports multiple errors which could indicate serious issues in the codebase.
qwen2.5:14b,A,7915,decrease the namespace collisions (Bugzilla Bug 1740),mdepkg,medium,low,0.8,Similar to other issues in mdepkg package without a clear indication of severity beyond namespace management.
qwen2.5:14b,A,7914,Ensure that PYTHONHASHSEED workaround is available in all ENV scripts. (Bugzilla Bug 1739),basetools,medium,high,0.8,Similar to other issues in basetools package without a clear indication of high severity.
qwen2.5:14b,A,9716,Unordered datatypes should be replaced with ordered datatypes where consistency is required. (Bugzilla Bug 1738),basetools,medium,medium,0.85,Similar to other coding style and tool enhancement issues in BaseTools package.
qwen2.5:14b,A,7913,"[BaseTools-make] Customization within build_rule.txt before ""$(CC)"" for compiling command is not supported (Bugzilla Bug 1737)",basetools,medium,low,0.8,Similar to other BaseTools issues that are medium priority.
qwen2.5:14b,A,7912,ECC reports 1 error in CryptoPkg (Bugzilla Bug 1736),cryptopkg,high,medium,0.85,ECC reports an error which typically indicates a critical failure or security vulnerability.
qwen2.5:14b,A,7911,Remove unused BaseTools\Source\Python\UPT\Dll (Bugzilla Bug 1735),basetools,low,high,0.85,The issue involves removing unused code which is typically a low priority task.
qwen2.5:14b,A,7910,Bin Cache database should be read only for --binary-source usage (Bugzilla Bug 1732),basetools,low,low,0.8,The issue is about making the bin cache database read-only and does not indicate severe consequences like crashes or security vulnerabilities.
qwen2.5:14b,A,7909,ECC reports 1 error in UefiCpuPkg (Bugzilla Bug 1731),ueficpupkg,high,medium,0.85,"The issue involves ECC reports and has a duplicate bug, indicating potential severity similar to other high-priority issues in the same package."
qwen2.5:14b,A,7908,ECC report 1 error in IntelFsp2WrapperPkg (Bugzilla Bug 1730),intelfsp2wrapperpkg,high,medium,0.85,"The issue involves an ECC report error in a specific package, similar to other high priority issues related to toolchain and build problems."
qwen2.5:14b,A,7907,Build fails on some build machine after the commit 05217d210e8da37b47d0be58ec363f7af2fa1c18 (Bugzilla Bug 1729),basetools,high,high,0.85,Build failures after specific commits are typically high priority as they affect multiple build machines and can block development progress.
qwen2.5:14b,A,7906,Report ASSERT if reenter setup page on Emulator (Bugzilla Bug 1728),emulatorpkg,medium,low,0.8,Similar to other issues in mdemodulepkg and emulatorpkg with medium priority.
qwen2.5:14b,A,7905,GenFw doesn't work correctly when convert ELF image to EFI image with -e PEIM -z option both (Bugzilla Bug 1727),basetools,medium,medium,0.85,Similar to other issues in basetools package with medium priority.
qwen2.5:14b,A,7904,Enhance Bin Cache database to support save the cache for multiple platforms with multiple tool-chains and targets (Bugzilla Bug 1726),basetools,high,medium,0.85,"The issue involves enhancing a critical feature (Bin Cache database) for multiple platforms and tool-chains, which aligns with high priority issues in BaseTools package."
qwen2.5:14b,A,7903,Bin Cache wrongly cache hit for CLANG38 build with the GCC5 build cache result (Bugzilla Bug 1725),basetools,high,medium,0.85,Similar to other build cache and toolchain issues in basetools package that affect multiple compiler builds.
qwen2.5:14b,A,9715,Provide the way to enable VS w4701 and w4703 warning (Bugzilla Bug 1724),basetools,low,medium,0.8,The issue is about enabling compiler warnings which typically do not impact functionality or security directly.
qwen2.5:14b,A,7902,Build cache of binary files fails on MinPlatform Kabylake windows build (Bugzilla Bug 1723),basetools,medium,medium,0.8,Similar to other build cache issues in BaseTools with medium priority.
qwen2.5:14b,A,7901,Share code for BaseUefiDecompressLib in MdePkg and BaseUefiTianoCustomDecompressLib in MdeModulePkg (Bugzilla Bug 1722),mdepkg,medium,medium,0.8,Similar to other code sharing and refactoring issues in mdepkg.
qwen2.5:14b,A,7900,Remove framework pkgs dependency from EmulatorPkg (Bugzilla Bug 1721),emulatorpkg,medium,high,0.8,Similar to other EmulatorPkg issues that do not have a high severity label.
qwen2.5:14b,A,7899,Remove framework pkgs dependency from BeagleBoardPkg and EmbeddedPkg (Bugzilla Bug 1720),beagleboardpkg,medium,high,0.8,The issue involves removing dependencies which is a structural change but not necessarily critical or urgent.
qwen2.5:14b,A,7898,Quark: Remove IntelFrameworkPkg/IntelFrameworkModulePkg dependencies (Bugzilla Bug 1719),quarkplatformpkg,medium,high,0.8,Similar to other dependency removal issues which are typically medium priority.
qwen2.5:14b,A,7897,update ConvertFceToStructurePcd.py with the char order PCD name. (Bugzilla Bug 1718),basetools,low,medium,0.85,The issue is about updating a script and does not indicate critical functionality or security concerns.
qwen2.5:14b,A,7896,IntelFsp2WrapperPkg: Perform post FSP-S process. (Bugzilla Bug 1716),intelfsp2wrapperpkg,medium,low,0.8,Similar to other issues in the same package without a clear indication of severity.
qwen2.5:14b,A,9714,HTTP redirections not handled properly (Bugzilla Bug 1715),networkpkg,medium,high,0.8,Similar to other network-related issues that are typically medium priority.
qwen2.5:14b,A,7895,HTTPS boot is impossible on aarch64 (Bugzilla Bug 1714),armvirtpkg,medium,low,0.8,Similar to other issues in armvirtpkg with medium priority.
qwen2.5:14b,A,7894,UefiCpuPkg: Coverity scan flags multiple issues in edk2-stable201903 (Bugzilla Bug 1713),ueficpupkg,high,low,0.9,Similar issues in the same package flagged by Coverity scan are typically high priority.
qwen2.5:14b,A,7893,ShellPkg: Coverity scan flags multiple issues in edk2-stable201903 (Bugzilla Bug 1712),shellpkg,medium,low,0.85,Similar to other ShellPkg issues that have been classified as medium priority.
qwen2.5:14b,A,7892,PcAtChipsetPkg: Coverity scan flags multiple issues in edk2-stable201903 (Bugzilla Bug 1711),pcatchipsetpkg,medium,low,0.8,Similar to other issues in the same package that are classified as medium priority.
qwen2.5:14b,A,7891,NetworkPkg: Coverity scan flags multiple issues in edk2-stable201903 (Bugzilla Bug 1709),networkpkg,high,low,0.85,Similar to other high priority issues related to Coverity scan flags in NetworkPkg.
qwen2.5:14b,A,7890,MdePkg: Coverity scan flags multiple issues in edk2-stable201903 (Bugzilla Bug 1708),mdepkg,high,low,0.9,"The issue involves Coverity scan flags multiple issues in a critical package (MdePkg), similar to other high-priority issues reported for MdeModulePkg and Basetools."
qwen2.5:14b,A,7889,MdeModulePkg: Coverity scan flags multiple issues in edk2-stable201903 (Bugzilla Bug 1707),mdemodulepkg,medium,low,0.8,Similar to other tool-related issues in BaseTools and MdeModulePkg with medium priority.
qwen2.5:14b,A,7888,IntelFspPkg: Coverity scan flags multiple issues in edk2-stable201903 (Bugzilla Bug 1706),intelfsppkg,medium,medium,0.85,Similar to other Coverity scan issues in different packages which are typically medium priority.
qwen2.5:14b,A,7887,IntelFsp2Pkg: Coverity scan flags multiple issues in edk2-stable201903 (Bugzilla Bug 1705),intelfsp2pkg,medium,low,0.8,Similar to other issues in the same package that are medium priority.
qwen2.5:14b,A,7886,FatPkg: Coverity scan flags multiple issues in edk2-stable201903 (Bugzilla Bug 1703),fatpkg,medium,low,0.85,Similar to other Coverity scan issues which are typically medium priority unless there is specific evidence of high severity impact.
qwen2.5:14b,A,7885,CryptoPkg: Coverity scan flags multiple issues in edk2-stable201903 (Bugzilla Bug 1702),cryptopkg,high,low,0.85,Similar to other high priority issues related to Coverity scan flags in critical packages like CryptoPkg.
qwen2.5:14b,A,7884,BaseTools: Coverity scan flags multiple issues in edk2-stable201903 (Bugzilla Bug 1701),basetools,high,low,0.85,Similar to other high priority issues related to Coverity scan flags in BaseTools package.
qwen2.5:14b,A,7883,ArmPlatformPkg: Coverity scan flags multiple issues in edk2-stable201903 (Bugzilla Bug 1700),armplatformpkg,high,medium,0.85,"The issue involves multiple Coverity scan flags in a stable branch, indicating potential severe issues."
qwen2.5:14b,A,7882,AppPkg: Coverity scan flags multiple issues in edk2-stable201903 (Bugzilla Bug 1699),apppkg,medium,high,0.8,Similar to other issues in AppPkg that have been classified as medium priority.
qwen2.5:14b,A,7881,Remove NetworkPkg/IpSecDxe (Bugzilla Bug 1697),networkpkg,medium,high,0.8,Similar to other package-specific removal requests without critical impact.
qwen2.5:14b,A,7880,Nmake may report AutoGen.h file can't be found on Windows OS (Bugzilla Bug 1696),basetools,medium,high,0.85,Similar to other build tool issues in basetools package.
qwen2.5:14b,A,7879,Add PCD to Enabled/Disabled IPv4/IPv6 PXE Support in NetworkPkg (Bugzilla Bug 1695),networkpkg,medium,medium,0.8,The issue involves adding PCDs for PXE support which is a feature enhancement rather than a critical bug or system crash.
qwen2.5:14b,A,7878,Update edksetup.bat to support the different VS tool chain setup (Bugzilla Bug 1693),-,low,high,0.8,"The issue is about updating a script for toolchain setup, which typically has less impact compared to build or runtime errors."
qwen2.5:14b,A,7877,BaseTools: Hash false success with back to back builds (Bugzilla Bug 1692),basetools,high,medium,0.85,"The issue involves false success in hash verification during back-to-back builds, which can lead to security vulnerabilities similar to other high priority issues in BaseTools."
qwen2.5:14b,A,7876,New OvmfXen platform with Xen PVH support (Bugzilla Bug 1689),ovmfpkg,medium,medium,0.8,The issue is about adding platform support which does not seem to be a critical bug or security flaw.
qwen2.5:14b,A,7874,Add multiple console with multi monitor support to EmulatorPkg as Nt32Pkg has (Bugzilla Bug 1687),emulatorpkg,medium,medium,0.8,Similar to other EmulatorPkg issues that do not have high severity labels.
qwen2.5:14b,A,7873,Emulator CPU frequency information displays 0.00 GHZ (Bugzilla Bug 1686),emulatorpkg,low,medium,0.8,Similar to other display or informational issues in emulatorpkg that do not impact core functionality.
qwen2.5:14b,A,9713,HTTP STATUS code design is untenable. (Bugzilla Bug 1685),networkpkg,medium,high,0.8,Similar to other networkpkg issues with medium priority.
qwen2.5:14b,A,7872,Move BaseUefiTianoCustomDecompressLib from IntelFrameworkModulePkg to MdeModulePkg (Bugzilla Bug 1683),mdemodulepkg,low,low,0.8,The issue is about moving a library between packages without indicating any critical impact or severe consequences.
qwen2.5:14b,A,7870,BaseTools: Fix corner-cases of --hash feature (Bugzilla Bug 1680),basetools,medium,medium,0.8,Similar to other BaseTools issues that are medium priority.
qwen2.5:14b,A,7869,CpuCommonFeaturesLib Aesni.c Remove CPU generations check (Bugzilla Bug 1679),ueficpupkg,medium,high,0.8,Similar to other issues in ueficpupkg with medium priority.
qwen2.5:14b,A,7868,Add a pcd to control the PlatformRecovery behavior (Bugzilla Bug 1678),mdemodulepkg,medium,low,0.85,Similar to other mdemodulepkg issues with medium priority.
qwen2.5:14b,A,7867,Update the debug code to support UINT64 print in CapsulePei (Bugzilla Bug 1677),mdemodulepkg,medium,low,0.8,Similar to other mdemodulepkg issues that do not explicitly indicate high severity.
qwen2.5:14b,A,9712,Add two event immediately before and after with ReadyToBoot (Bugzilla Bug 1676),mdemodulepkg,low,low,0.8,The issue does not indicate any critical failure or performance degradation.
qwen2.5:14b,A,7866,Remove ShellBinPkg from edk2/master (Bugzilla Bug 1675),shellbinpkg,low,low,0.8,The issue is about removing a package which does not indicate critical system failure or security vulnerability.
qwen2.5:14b,A,9711,Http Reconfigure Fails (Bugzilla Bug 1674),networkpkg,medium,medium,0.85,Similar to other networkpkg issues with medium priority.
qwen2.5:14b,A,9710,Remove the additional copy action from DEBUG dir to OUTPUT dir (Bugzilla Bug 1673),basetools,low,low,0.85,The bug involves a minor build process improvement without functional impact.
qwen2.5:14b,A,7865,Enable multiple thread for MSVC compiler (Bugzilla Bug 1672),basetools,low,low,0.85,Similar to other build and toolchain issues in basetools package but does not indicate critical failure or security impact.
qwen2.5:14b,A,7864,BaseTools: Python exception when compiling BaseTools in Chinese OS. (Bugzilla Bug 1670),basetools,high,low,0.85,"The issue involves a Python exception during compilation in BaseTools, similar to other high-priority build failure issues."
qwen2.5:14b,A,9709,Network stack malfunction with removable NIC's (Bugzilla Bug 1669),networkpkg,high,medium,0.85,"The issue involves a network stack malfunction which can lead to severe system instability and data loss, similar in critical nature to other high-priority issues."
qwen2.5:14b,A,9708,CpuDxe depends on undefined behavior to enable interrupts. (Bugzilla Bug 1668),ueficpupkg,high,medium,0.85,"The issue involves undefined behavior in a critical component (CpuDxe), similar to other high-priority issues affecting core functionality."
qwen2.5:14b,A,7863,Remove tools chain with ASL tool (Bugzilla Bug 1667),basetools,medium,low,0.8,Similar to other BaseTools issues without a clear indication of severity beyond typical toolchain concerns.
qwen2.5:14b,A,7862,Remove ICC tool chain from tools_def.txt (Bugzilla Bug 1666),basetools,low,high,0.85,"The issue is about removing a tool chain from configuration files, which seems to have minimal impact compared to other high priority issues involving crashes or severe functionality problems."
qwen2.5:14b,A,7861,Build fail when the structure pcd has member of flexible size array (Bugzilla Bug 1665),basetools,medium,medium,0.8,Similar to other build failure issues in BaseTools package which are typically medium priority.
qwen2.5:14b,A,7860,"""Plarform"" typo in user-visible string (Bugzilla Bug 1664)",apppkg,low,medium,0.85,Typographical errors in user-visible strings are generally less severe than functional or security issues.
qwen2.5:14b,A,7859,EDK_TOOLS_PATH instead of BASE_TOOLS_PATH (Bugzilla Bug 1663),basetools,low,medium,0.8,The issue is about environment variable naming and does not impact functionality or security.
qwen2.5:14b,A,7858,Copy BaseUefiTianoCustomDecompressLib instance from IntelFrameworkModulePkg to MdeModulePkg (Bugzilla Bug 1662),mdemodulepkg,low,low,0.8,The issue involves copying a library instance and does not indicate critical functionality or severe impact.
qwen2.5:14b,A,7857,[MdeModulePkg DSC] Listing library SmmLockBoxPeiLib.inf under [LibraryClasses.common.PEIM] may not be proper (Bugzilla Bug 1660),mdemodulepkg,medium,low,0.8,Similar to other MdeModulePkg issues that are medium priority due to potential improper library usage.
qwen2.5:14b,A,7856,"Incorrect line ending in ArmPkg, ArmVirtPkg, and ArmPlatformPkg generate PatchCheck.py errors (Bugzilla Bug 1659)",armplatformpkg,low,low,0.85,The bug primarily affects build tools and does not indicate a security or performance critical issue.
qwen2.5:14b,A,7855,Fix files with incorrect line endings in CorebootModulePkg to pass PatchCheck.py (Bugzilla Bug 1658),corebootmodulepkg,low,low,0.85,Similar to other low priority issues related to fixing file formatting and passing checks.
qwen2.5:14b,A,7854,Add .sh extension to EmulatorPkg/Unix/GdbRun for compatibility with PatchCheck.py (Bugzilla Bug 1657),emulatorpkg,low,low,0.85,The issue is about adding a file extension for compatibility and does not impact functionality or security.
qwen2.5:14b,A,7853,Update PatchCheck.py for change to BSD+Patent License with SPDX identifiers (Bugzilla Bug 1655),basetools,low,low,0.85,The issue is about updating a script for license changes and does not impact functionality or security.
qwen2.5:14b,A,7852,Add SPDX identifier for files covered by MIT license in OvmfPkg (Bugzilla Bug 1654),ovmfpkg,low,low,0.85,The issue is about adding SPDX identifiers for license compliance and does not impact functionality or security.
qwen2.5:14b,A,7851,Remove create-release.py script from OvmfPkg (Bugzilla Bug 1653),ovmfpkg,medium,low,0.8,Similar to other OvmfPkg issues without a clear indication of severity beyond routine maintenance.
qwen2.5:14b,A,7850,HII DB lock may be leaked on error return (Bugzilla Bug 1652),mdemodulepkg,high,high,0.85,Similar to other high priority issues in mdemodulepkg related to memory management and error handling.
qwen2.5:14b,A,7849,"Restart the emulator, the boot order will sometimes restore the default (Bugzilla Bug 1650)",emulatorpkg,medium,medium,0.8,Similar to other functional issues reported in different packages with medium priority.
qwen2.5:14b,A,7848,Need to boot into UEFI Internal Shell directly when run the emulator (Bugzilla Bug 1649),emulatorpkg,medium,medium,0.7,No specific severity indicators; similar to other issues without high priority flags but also not trivial.
qwen2.5:14b,A,7847,BaseTools: Fix private includes when module scope FILE_GUID override is used (Bugzilla Bug 1648),basetools,medium,high,0.85,Similar to other BaseTools issues that are classified as medium priority.
qwen2.5:14b,A,7846,Add MicrocodeFlashAccessLibNull.inf to IntelSiliconPkg.dsc for build test only (Bugzilla Bug 1647),intelsiliconpkg,low,low,0.85,"The issue is about adding a specific .inf file for build test purposes only, which does not impact functionality or performance."
qwen2.5:14b,A,7845,Add IdeControllerDxe.inf to PcAtChipsetPkg.dsc for build test only (Bugzilla Bug 1646),pcatchipsetpkg,low,low,0.8,The issue is about adding an .inf file for build test only and does not impact functionality or security.
qwen2.5:14b,A,9707,CpuCommonFeaturesLib ExecuteDisable.c Make sure NXE bit programmed at correct scope (Bugzilla Bug 1644),ueficpupkg,high,medium,0.85,Similar to other high priority issues in ueficpupkg related to CPU features and security.
qwen2.5:14b,A,9706,Refine comments for FERR feature (Bugzilla Bug 1643),ueficpupkg,low,medium,0.85,The issue is about refining comments for a feature and does not indicate any critical bugs or performance issues.
qwen2.5:14b,A,7844,RegisterCpuFeaturesLib.h CPU_FEATURE_THREE_STRICK_COUNTER should be CPU_FEATURE_THREE_STRIKE_COUNTER (Bugzilla Bug 1642),ueficpupkg,low,medium,0.85,Similarity to other low priority issues in ueficpupkg package involving minor spelling or typographical errors.
qwen2.5:14b,A,7843,Trim will trig exception when the input asl file is UTF8 format (Bugzilla Bug 1641),basetools,low,high,0.8,Similar to other issues in basetools package that are generally low priority.
qwen2.5:14b,A,9705,CpuCommonFeaturesLib the implementation for MonitorMwaitSupport is incorrect (Bugzilla Bug 1640),ueficpupkg,medium,medium,0.8,Similar to other issues in ueficpupkg with medium priority.
qwen2.5:14b,A,9704,"Applications, including Windows pre-OS applications, cannot address the problem where simple text output is not readable on 3K display (Bugzilla Bug 1639)",mdemodulepkg,medium,high,0.85,Similar to other mdemodulepkg issues with medium priority.
qwen2.5:14b,A,7842,Introduce a PCD for firmware device default image type ID (Bugzilla Bug 1638),fmpdevicepkg,medium,medium,0.8,No specific severity indicators; similar to other issues in fmpdevicepkg without high priority flags.
qwen2.5:14b,A,9703,UnicodeDecodeError: 'ascii' codec can't decode byte (Bugzilla Bug 1637),basetools,high,medium,0.85,The error involves a UnicodeDecodeError which can cause significant issues in tool functionality and reliability.
qwen2.5:14b,A,9702,ISCSI Attempt Order Missing when Attempt Order Page Visited and Commit without any changes (Bugzilla Bug 1636),networkpkg,medium,high,0.8,Similar to other networkpkg issues with medium priority.
qwen2.5:14b,A,7841,SdMmcPciHcDxe driver fails to detect SD card on OVMF platform with SD card enabled (Bugzilla Bug 1632),mdemodulepkg,high,medium,0.85,Similar to other high priority issues in mdemodulepkg related to driver failures and platform compatibility.
qwen2.5:14b,A,7840,[UefiBootManangerLib] Add error handling logic in BmExpandMediaDevicePath() for media device being removed (Bugzilla Bug 1631),mdemodulepkg,medium,low,0.85,Similar to other issues in mdemodulepkg with moderate severity.
qwen2.5:14b,A,9701,"After adding Max attempts, the last visited attempt details displayed as Max attempt (Bugzilla Bug 1630)",networkpkg,medium,high,0.8,Similar to other networkpkg issues with medium priority.
qwen2.5:14b,A,7839,"CpuCommonFeaturesLib C1e.c ""MSR_FEATURE_CONFIG"" should be ""MSR_NEHALEM_POWER_CTL"" in comment (Bugzilla Bug 1629)",ueficpupkg,low,medium,0.85,The issue is a documentation correction and does not impact functionality or performance.
qwen2.5:14b,A,7838,GraphicsOutputDxe driver picked incorrect PCI BAR as framebuffer address. (Bugzilla Bug 1628),mdemodulepkg,high,low,0.85,Similar to other high priority issues in mdemodulepkg related to driver and hardware interaction problems.
qwen2.5:14b,A,7837,Delete the obsolete file FrameworkDatabase.template from BaseTools/Conf (Bugzilla Bug 1627),basetools,low,medium,0.85,The issue is about deleting an obsolete file which does not impact functionality or performance.
qwen2.5:14b,A,7836,Basetool: Do Make cleanall command under Basetools/Source/C folder failed (Bugzilla Bug 1622),basetools,medium,medium,0.85,Similar to other basetools issues that are classified as medium priority.
qwen2.5:14b,A,7835,CpuCommonFeaturesLib Aesni.c uses BIT0 and BIT1 reversedly (Bugzilla Bug 1621),ueficpupkg,low,low,0.8,Similar to other code quality issues in low priority examples.
qwen2.5:14b,A,7834,Support disabling include path check (Bugzilla Bug 1620),basetools,medium,medium,0.85,Similar to other BaseTools issues without high severity indicators.
qwen2.5:14b,A,7833,CLANG Build issues with CLANG version 8.0.0.0 (trunk 339469) (Bugzilla Bug 1619),stdlib,high,high,0.85,Build issues with specific compiler versions often indicate critical compatibility problems.
qwen2.5:14b,A,9700,CLANG Build issues with CLANG version 8.0.0.0 (trunk 339469) (Bugzilla Bug 1618),stdlib,high,high,0.85,The issue involves build problems with a specific version of CLANG which can cause significant disruptions in development and testing processes.
qwen2.5:14b,A,7831,Remove framework pkgs dependency from Coreboot*Pkgs (Bugzilla Bug 1616),corebootpayloadpkg,medium,high,0.8,Similar to other dependency and build issues in different packages.
qwen2.5:14b,A,7830,license and copyright are missing in some files in Basetool (Bugzilla Bug 1615),basetools,low,low,0.85,Similar to other documentation or minor compliance issues in basetools package.
qwen2.5:14b,A,7829,BootGuard TOCTOU vulnerability (Bugzilla Bug 1614),mdemodulepkg,high,medium,0.9,The issue involves a BootGuard TOCTOU vulnerability which is likely to be critical.
qwen2.5:14b,A,9699,CpuDxe driver is hard coded to only run if it is loaded under 4 GB (Bugzilla Bug 1613),ueficpupkg,medium,medium,0.85,Similar to other firmware issues in ueficpupkg with medium priority.
qwen2.5:14b,A,7828,Duplicated BSD licenses are found in some files in EDKII repo (Bugzilla Bug 1612),securitypkg,low,low,0.85,The issue is related to license duplication which typically does not impact functionality or security.
qwen2.5:14b,A,7827,Password stored in HII database is not cleared after memory free (Bugzilla Bug 1611),mdemodulepkg,high,high,0.85,Similar to other high priority issues in MdeModulePkg related to memory management and security.
qwen2.5:14b,A,7826,Ip4AccpetFrame crash (Bugzilla Bug 1610),networkpkg,high,high,0.85,The crash in a network driver component is likely to cause significant system instability.
qwen2.5:14b,A,9698,IsX509CertInDbx() fails open in case of dbx signature check (Bugzilla Bug 1609),securitypkg,high,high,0.85,"The issue involves a security package and failure in signature check, which can have severe implications for system integrity."
qwen2.5:14b,A,7825,DxeImageVerificationHandler() fails open in case of dbx signature check (Bugzilla Bug 1608),securitypkg,high,high,0.9,"The issue involves a security package and failure in signature verification, which is critical."
qwen2.5:14b,A,7824,parallelism / dependency tracking inside (not between) modules is broken (Bugzilla Bug 1607),basetools,high,medium,0.85,"The issue affects internal module functionality and has been updated recently, indicating ongoing importance."
qwen2.5:14b,A,9697,ASL compiler settings do not promote warnings to errors (Bugzilla Bug 1602),basetools,medium,high,0.85,Similar to other issues in basetools package that are classified as medium priority due to build and tooling concerns.
qwen2.5:14b,A,9696,"DSC section handling for ""!include"" directive doesn't match DSC spec. (Bugzilla Bug 1601)",basetools,medium,medium,0.85,Similar to other DSC spec issues in basetools package.
qwen2.5:14b,A,7820,The prompt and help information are missing in MdePkg/UefiPkg/SecurityPkg.uni (Bugzilla Bug 1600),mdepkg,low,low,0.8,The issue pertains to missing prompt and help information in .uni files which is likely less critical than build failures or conformance issues.
qwen2.5:14b,A,7819,To better manage the runtime resource allocation in HiiDataBase after ReadyToBoot (Bugzilla Bug 1597),mdemodulepkg,medium,low,0.85,Similar to other mdemodulepkg issues with medium priority.
qwen2.5:14b,A,7818,Remove .S assembly code for IA32 and X64 arch (Bugzilla Bug 1594),mdepkg,medium,high,0.8,Similar to other assembly code related issues in MdePkg with medium priority.
qwen2.5:14b,A,7817,"PiSmmCpuDxeSmm: For every SMI occurrence, save and restore CR2 register only when SMM on-demand paging support is enabled (Bugzilla Bug 1593)",ueficpupkg,high,low,0.85,The issue involves SMM on-demand paging support which is critical for system stability and performance.
qwen2.5:14b,A,7816,Add S3 control flag to control S3 related functionality in PiSmmCore driver (Bugzilla Bug 1590),mdemodulepkg,medium,low,0.8,Similar to other mdemodulepkg issues with moderate impact.
qwen2.5:14b,A,9695,Standalone MM build of authenticated variable stack (Bugzilla Bug 1589),mdepkg,high,medium,0.8,The issue involves building an authenticated variable stack in standalone MM which is critical for secure boot processes.
qwen2.5:14b,A,7815,CpuFeaturePei/Dxe may skip programming package level MSR (Bugzilla Bug 1584),ueficpupkg,medium,high,0.8,Similar to other issues in ueficpupkg with medium priority.
qwen2.5:14b,A,7813,EdkSetup enhancement (Bugzilla Bug 1582),basetools,medium,medium,0.8,Similar to other enhancement requests in basetools package.
qwen2.5:14b,A,7812,[Basetools] Spaces in Python path are not handled (Bugzilla Bug 1579),basetools,medium,medium,0.85,Similar to other Basetools issues with medium priority due to handling path issues.
qwen2.5:14b,A,7811,System Crash occasionally in WiFi Connection Manager (Bugzilla Bug 1577),networkpkg,high,high,0.85,The issue involves a system crash which is typically considered severe.
qwen2.5:14b,A,7810,SMM driver hang in DEBUG exception at accessing memory beyond 4G (Bugzilla Bug 1576),ueficpupkg,high,high,0.85,The issue involves a SMM driver hang in DEBUG exception which is critical and similar to other high priority issues related to system stability.
qwen2.5:14b,A,7809,SnpDxe assumes Io/MemIo bar indices (Bugzilla Bug 1563),mdemodulepkg,medium,medium,0.85,Similar to other issues in mdemodulepkg with medium priority.
qwen2.5:14b,A,7808,"SnpDxe ExitBootServices handler should run at TPL_CALLBACK, not TPL_NOTIFY (Bugzilla Bug 1562)",mdemodulepkg,high,medium,0.85,Similar to other high priority issues in mdemodulepkg related to critical boot services handling.
qwen2.5:14b,A,7807,BaseTools build hard codes ./SecMain for 'run' target (Bugzilla Bug 1561),basetools,medium,high,0.85,Similar to other BaseTools issues that are medium priority due to build process concerns.
qwen2.5:14b,A,7806,Remove IPF code in MdePkg (Bugzilla Bug 1560),mdepkg,low,high,0.85,Similar to other cleanup tasks in MdePkg without critical impact.
qwen2.5:14b,A,9694,"Handful of ""uninitialized local var"" errors on VS2017. (Bugzilla Bug 1559)",mdemodulepkg,low,medium,0.8,Similar to other low priority issues in mdemodulepkg related to minor compiler warnings.
qwen2.5:14b,A,9693,PRI and SCN macros aren't availabe after including inttypes.h (Bugzilla Bug 1558),stdlib,low,low,0.85,"The issue is related to missing macros after including a header file, which typically does not impact core functionality or security."
qwen2.5:14b,A,9692,Add new API to check suffix for DER/PEM-encoded certificate (Bugzilla Bug 1556),mdemodulepkg,medium,medium,0.8,Similar to other issues in mdemodulepkg with medium priority.
qwen2.5:14b,A,9691,FileExplorerLib doesn't Support UEFI_DRIVER (Bugzilla Bug 1555),mdemodulepkg,medium,medium,0.8,Similar to other mdemodulepkg issues that are medium priority.
qwen2.5:14b,A,7805,"Ecc tool can't parse configure file and exception list by symbol ""-c"" and ""-e"" with Python3.7 (Bugzilla Bug 1554)",basetools,medium,medium,0.85,Similar to other issues in basetools package without clear indication of severity beyond typical tooling bugs.
qwen2.5:14b,A,7804,Add libraries to enable USB3 for debug (Bugzilla Bug 1553),-,medium,medium,0.7,"No specific severity indicators provided, similar to other medium priority issues involving library additions for debug purposes."
qwen2.5:14b,A,7803,Add new library to provide cmos related actions (Bugzilla Bug 1552),-,medium,medium,0.7,"No specific severity indicators provided, similar to other medium priority issues without critical impact."
qwen2.5:14b,A,7802,Add new driver to export log info for ACPI code (Bugzilla Bug 1551),-,medium,medium,0.7,"The issue does not specify a package or severity level, but it involves adding a new driver which is typically a medium priority task."
qwen2.5:14b,A,7801,Introduce DebugPpi to save the image size with the debug message (Bugzilla Bug 1549),mdemodulepkg,medium,high,0.8,Similar to other issues in mdemodulepkg package without a clear indication of high severity impact.
qwen2.5:14b,A,9690,[BaseTools] Short source file name in PE image (Bugzilla Bug 1548),basetools,medium,medium,0.8,Similar to other BaseTools issues without a clear indication of high severity.
qwen2.5:14b,A,7799,Add new driver to provide user authentication before enter setup page (Bugzilla Bug 1545),securitypkg,high,medium,0.8,"The issue involves adding a critical security feature for user authentication before accessing setup pages, similar to other high-priority security enhancements."
qwen2.5:14b,A,7798,The BaseTool causes build failure for a module with type as BASE or USER_DEFINED (Bugzilla Bug 1544),basetools,medium,medium,0.8,Similar to other build failure issues in basetools package which are typically medium priority.
qwen2.5:14b,A,7797,Cpuid application handles leaf 0x1F wrongly (Bugzilla Bug 1543),mdemodulepkg,medium,high,0.8,Similar to other mdemodulepkg issues with medium priority.
qwen2.5:14b,A,7796,Add shell application to dump bios image (Bugzilla Bug 1542),mdemodulepkg,medium,medium,0.8,The issue involves adding a shell application which is not as critical as fixing crashes or performance issues.
qwen2.5:14b,A,7795,Add new shell application to dump dynamic PCD settings (Bugzilla Bug 1541),mdemodulepkg,medium,medium,0.8,The issue involves adding a new shell application which is not critical but adds functionality.
qwen2.5:14b,A,7794,Header changes don’t result in incremental rebuild (Bugzilla Bug 1540),basetools,medium,high,0.8,Similar to other build-related issues in BaseTools package.
qwen2.5:14b,A,7793,EFI_RETURN_STATUS_EXTENDED_DATA is incorrectly filled in EfiBootManagerBoot() (Bugzilla Bug 1539),mdemodulepkg,medium,low,0.8,Similar to other mdemodulepkg issues without a clear indication of high severity.
qwen2.5:14b,A,7792,MemTest86 report error if multiple mode is enabled. (Bugzilla Bug 1538),ueficpupkg,high,low,0.85,"The issue affects MemTest86 functionality and has been reported to cause errors in a specific mode, similar to other high-priority issues affecting core functionalities or causing critical failures."
qwen2.5:14b,A,7791,Update Sdhci to use memory accesses that match the requested size (Bugzilla Bug 1537),mdemodulepkg,medium,low,0.85,Similar to other mdemodulepkg issues with medium priority.
qwen2.5:14b,A,7790,[BDS] Some issues with new API EfiBootManagerGetNextFullDevicePath (Bugzilla Bug 1536),mdemodulepkg,medium,high,0.85,Similar to other issues in mdemodulepkg with medium priority.
qwen2.5:14b,A,7789,Build fail when Hii Pcd is a Structure PCD (Bugzilla Bug 1535),basetools,medium,medium,0.85,Similar to other build-related issues in basetools package with medium priority.
qwen2.5:14b,A,7788,AppPkg build error (StdLib\Include\sys/EfiCdefs.h(342): error C2220: warning treated as error) (Bugzilla Bug 1534),apppkg,medium,medium,0.8,The error described is specific to a build process and does not indicate a critical system failure or security vulnerability.
qwen2.5:14b,A,7787,UefiCpuPkg/SecCore: Wrong Debug Information for SecCore (Bugzilla Bug 1533),ueficpupkg,medium,low,0.8,Similar to other UefiCpuPkg issues with moderate severity.
qwen2.5:14b,A,7786,UINT64 shouldn't be used as the base type for a struct bit field. (Bugzilla Bug 1532),mdepkg,medium,medium,0.85,Similar to other issues in mdepkg with medium priority.
qwen2.5:14b,A,7784,"Should do index check for shell command ""-delay"" (Bugzilla Bug 1528)",shellpkg,medium,medium,0.85,Similar to other shellpkg issues with index checks and command handling.
qwen2.5:14b,A,7783,Operands in a bitwise operation have different size in Baselib/String.c (Bugzilla Bug 1527),mdepkg,medium,medium,0.8,Similar to other issues in MdePkg with bitwise operation errors.
qwen2.5:14b,A,7779,ECC fails to detect function header comments issue (Bugzilla Bug 1523),basetools,high,medium,0.85,The issue is related to ECC tool failing to detect function header comments which could impact code quality and maintainability.
qwen2.5:14b,A,7778,ECC fails to run after python3 migration. (Bugzilla Bug 1522),basetools,high,high,0.85,"The issue involves a critical failure after python3 migration, similar to other high-priority issues in BaseTools package."
qwen2.5:14b,A,7777,Add CET feature support in SMM (Bugzilla Bug 1521),ueficpupkg,medium,low,0.85,Similar to other issues in ueficpupkg package with medium priority.
qwen2.5:14b,A,7776,BaseTools supports to the driver combination. (Bugzilla Bug 1520),basetools,medium,high,0.8,Similar to other BaseTools issues with medium priority.
qwen2.5:14b,A,9689,IPv6 PXE and HTTP Boot can use the same IAID in the DHCP request as Ip6Config when using the same interface (Bugzilla Bug 1519),networkpkg,high,medium,0.85,Similar to other high priority issues in networkpkg related to DHCP and booting problems.
qwen2.5:14b,A,9688,DHCPv6 IAID generated by PXE and HTTP Boot are not consistent across restarts (Bugzilla Bug 1518),networkpkg,medium,medium,0.85,Similar to other networkpkg issues with medium priority.
qwen2.5:14b,A,7775,Fix Edk2 UefiLib usage of VA_START in undefined way (Bugzilla Bug 1517),mdepkg,medium,low,0.85,Similar to other issues in mdepkg with medium priority due to undefined usage of macro.
qwen2.5:14b,A,7773,Unknown fatal error when generating build report (Bugzilla Bug 1513),basetools,high,low,0.85,"The issue involves a fatal error during build report generation, similar to other high-priority BaseTools issues."
qwen2.5:14b,A,7771,SecurityPkg: TcgConfig fix to allow enabling TPM 1.2 device from disabled state. (Bugzilla Bug 1511),securitypkg,medium,low,0.8,Similar to other SecurityPkg issues with moderate impact.
qwen2.5:14b,A,7770,Possible overflow the Nodesize variable (Bugzilla Bug 1510),stdlib,high,high,0.85,The issue involves a potential overflow vulnerability which is typically classified as high severity.
qwen2.5:14b,A,7769,BaseTool build failure in Ubuntu18 after support python3 (Bugzilla Bug 1509),basetools,medium,high,0.85,Similar to other BaseTools issues that are medium priority due to build failures.
qwen2.5:14b,A,7768,[Vlv2TbltDevicePkg] LIBRARY_CLASS is not correct within Vlv2TbltDevicePkg\Library\I2CLibPei (Bugzilla Bug 1507),vlv2tbltdevicepkg,medium,medium,0.85,Similar to other issues in Vlv2TbltDevicePkg with medium priority.
qwen2.5:14b,A,7767,Update strings on Opal SETUP page (Bugzilla Bug 1506),securitypkg,low,low,0.8,The issue is related to updating strings on a setup page and does not indicate any critical functionality or security issues.
qwen2.5:14b,A,7766,[Pci] System may hang when devices behind PPB contain option ROM but don't require 32bit MMIO (Bugzilla Bug 1505),mdemodulepkg,high,high,0.85,The issue involves system hang which is a critical problem.
qwen2.5:14b,A,7765,Fail to run UPT (Bugzilla Bug 1504),basetools,high,medium,0.85,"The issue involves failing to run UPT which is critical for build and test processes, similar in severity to other high-priority issues in BaseTools."
qwen2.5:14b,A,7764,Add NULL pointer check in Opal driver (Bugzilla Bug 1503),securitypkg,high,low,0.85,Similar to other security-related issues that have been classified as high priority due to potential for buffer overflows or NULL pointer dereferences.
qwen2.5:14b,A,7763,Need to remove CMOS locations used in EDK2 drivers. (Bugzilla Bug 1502),-,high,low,0.8,The issue involves removing CMOS locations used in EDK2 drivers which could be critical for system stability and security.
qwen2.5:14b,A,9686,Potential conflict between LoadFileOnFv2::InstallFileLoadProtocol() and DxeCore::CoreLoadImageCommon() (Bugzilla Bug 1501),mdemodulepkg,medium,medium,0.85,Similar to other mdemodulepkg issues with medium priority.
qwen2.5:14b,A,7762,[Microcode Update] some error message enhancement (Bugzilla Bug 1500),intelsiliconpkg,medium,low,0.8,No specific severity indicators; similar to other enhancement requests.
qwen2.5:14b,A,7760,Error in DisplaySysEventLogData in EventLogInfo.c (Bugzilla Bug 1498),shellpkg,medium,medium,0.8,Similar to other issues in shellpkg with medium priority.
qwen2.5:14b,A,7759,Add specific sanity check for device path of type MEDIA_FILEPATH_DP (Bugzilla Bug 1497),mdepkg,medium,low,0.8,Similar to other issues in mdepkg with medium priority.
qwen2.5:14b,A,7758,Move 8259/8254 components from IntelFrameworkPkg/PcAtChipsetPkg to OvmfPkg (Bugzilla Bug 1496),pcatchipsetpkg,medium,medium,0.8,The issue involves moving components between packages without clear indication of severity or critical functionality impact.
qwen2.5:14b,A,7757,Change OvmfPkg to stop using ISA drivers in framework pkg (Bugzilla Bug 1495),ovmfpkg,medium,medium,0.8,Similar to other framework package issues that do not specify critical impact.
qwen2.5:14b,A,9685,HTTPDxe Driver Error Handling (Bugzilla Bug 1494),networkpkg,medium,high,0.85,"Similar to other networkpkg issues with error handling, no specific indication of high severity."
qwen2.5:14b,A,7756,CryptoPkg/RuntimeCryptLib: Pkcs7GetAttachedContent() is for boot time but will be built into runtime as well. (Bugzilla Bug 1493),cryptopkg,medium,low,0.85,Similar to other issues in CryptoPkg that do not have a high severity label.
qwen2.5:14b,A,7755,Open Source Wi-Fi Connection Manager for UEFI Wi-Fi connections (Bugzilla Bug 1492),networkpkg,medium,medium,0.8,Similar to other networkpkg issues with medium priority.
qwen2.5:14b,A,7754,VS tool chain build failure in ShellPkg\Library\UefiShellAcpiViewCommandLib\Parsers\Pptt\PpttParser.c (Bugzilla Bug 1491),shellpkg,medium,low,0.8,Similar to other build failure issues that are typically medium priority.
qwen2.5:14b,A,9684,IP Mode strings as per Industry Standard (Bugzilla Bug 1490),networkpkg,medium,medium,0.8,"The issue is related to standardizing IP mode strings in networkpkg, which impacts firmware but does not indicate critical failure or security risk."
qwen2.5:14b,A,9683,Events not closed on error paths (Bugzilla Bug 1488),networkpkg,high,medium,0.85,"The issue involves network events not being closed on error paths which can lead to resource leaks and instability, similar in severity to other high priority issues in NetworkPkg."
qwen2.5:14b,A,7753,tftp command always returns 0xE status (not found) (Bugzilla Bug 1487),shellpkg,medium,low,0.8,Similar to other issues in shellpkg with medium priority.
qwen2.5:14b,A,7752,Update TCG spec support info into SecurityPkg (Bugzilla Bug 1486),securitypkg,medium,medium,0.8,The issue involves updating support information which is likely to be a maintenance task rather than fixing a critical bug or security vulnerability.
qwen2.5:14b,A,7750,Add a PCD to skip Opal password prompt (Bugzilla Bug 1484),securitypkg,medium,low,0.8,Similar to other security-related issues in the same package but lacks high severity indicators like build failures or critical functionality impacts.
qwen2.5:14b,A,7748,Enhance CapsuleApp to support Capsule-on-Disk feature. (Bugzilla Bug 1482),mdemodulepkg,medium,medium,0.8,Similar to other MdeModulePkg issues that are medium priority.
qwen2.5:14b,A,7747,[MtrrLib] might wrongly set cache setting to UC for memory below 1MB (Bugzilla Bug 1481),ueficpupkg,low,high,0.8,The issue is related to a potential incorrect setting for memory below 1MB and does not indicate severe consequences or critical system failures.
qwen2.5:14b,A,7746,ECC report some coding style issue in MdeModulePkg (Bugzilla Bug 1479),mdemodulepkg,low,medium,0.85,Coding style issues typically do not impact functionality or stability.
qwen2.5:14b,A,7745,ECC report some coding style issue in MdePkg (Bugzilla Bug 1478),mdepkg,medium,medium,0.85,Similar to other coding style issues reported in MdePkg.
qwen2.5:14b,A,7744,ECC tool report a coding style issue in IntelFsp2Pkg\Include\Ppi\FspmArchConfigPpi.h (Bugzilla Bug 1477),intelfsp2pkg,low,low,0.85,Coding style issues typically have a low impact on functionality and security compared to other types of bugs.
qwen2.5:14b,A,7743,VS EBC and XCODE build failure in MdeModulePkg FaultTolerantWriteDxe related modules (Bugzilla Bug 1476),mdemodulepkg,high,medium,0.85,Similar to other build failure issues in mdemodulepkg which are high priority.
qwen2.5:14b,A,7742,Deprecate driver PropertiesTableAttributesDxe in MdeModulePkg (Bugzilla Bug 1475),mdemodulepkg,low,medium,0.8,The issue is about deprecating a driver and does not indicate any critical security or functionality impact.
qwen2.5:14b,A,7741,[UfsBlockIoPei] Implementation of the Block IO (2) PPI services does not handle parameter 'DeviceIndex' properly (Bugzilla Bug 1474),mdemodulepkg,medium,low,0.8,Similar to other issues in mdemodulepkg with medium priority.
qwen2.5:14b,A,7740,Build fail when enable FixedAtBuild (VOID*) PCD use in the [DEPEX] section of INF files (Bugzilla Bug 1473),basetools,high,medium,0.85,Similar to other high priority issues in basetools related to build failures and PCD usage.
qwen2.5:14b,A,7739,BaseTools: Build report generation fail when structure Pcd enabled (Bugzilla Bug 1472),basetools,medium,medium,0.85,Similar to other BaseTools issues with medium priority.
qwen2.5:14b,A,7737,Enable GPT support for recovery feature (Bugzilla Bug 1470),fatpkg,medium,high,0.8,Similar to other feature implementation requests without critical severity indicators.
qwen2.5:14b,A,7736,[Network] Remove the unnecessary NULL pointer check after retrieving the value from list Entry. (Bugzilla Bug 1469),networkpkg,low,low,0.85,The bug involves a simple NULL pointer check removal and does not indicate severe security or performance issues.
qwen2.5:14b,A,7735,Move BeagleBoardPkg and Omap35xxPkg from edk2 to edk2-platforms repo (Bugzilla Bug 1467),beagleboardpkg,medium,low,0.8,The issue involves moving packages between repositories and does not indicate critical functionality or security impact.
qwen2.5:14b,A,7734,BaseTools should support empty value for DynamicHii type PCD in DSC (Bugzilla Bug 1466),basetools,medium,high,0.8,Similar to other BaseTools issues with moderate impact.
qwen2.5:14b,A,7733,Remove PcdFrameworkCompatibilitySupport and related code (Bugzilla Bug 1464),mdemodulepkg,medium,low,0.8,Similar to other mdemodulepkg issues but lacks high severity indicators like security vulnerabilities or critical build failures.
qwen2.5:14b,A,9681,Exception with HeapGuard active and using FvSimpleFileSystemDxe (Bugzilla Bug 1463),shellpkg,high,medium,0.85,"The issue involves a critical exception with HeapGuard active, similar to other high-priority issues in shellpkg related to core functionality."
qwen2.5:14b,A,7732,[ResetSystemRuntimeDxe] doesn't call EnterS3WithImmediateWake() in warm reset path (Bugzilla Bug 1462),mdemodulepkg,medium,medium,0.8,Similar to other mdemodulepkg issues but lacks severity indicators like build breaks or high impact security concerns.
qwen2.5:14b,A,7731,[ResetSystemLib] Add a library instance that can be linked against Runtime driver (Bugzilla Bug 1461),mdemodulepkg,medium,medium,0.85,Similar to other MdeModulePkg issues with medium priority.
qwen2.5:14b,A,7730,[ResetSystemLib] Adds a new API ResetSystem() (Bugzilla Bug 1460),mdemodulepkg,medium,medium,0.8,The issue involves adding a new API which is not inherently critical but could introduce bugs or compatibility issues.
qwen2.5:14b,A,7729,[ResetUtilityLib] Add ResetSystemWithSubtype API. (Bugzilla Bug 1458),mdemodulepkg,medium,medium,0.85,Similar to other issues in MdeModulePkg with medium priority.
qwen2.5:14b,A,7727,[NetLib] The possible NULL pointer dereference issue for the usage of NET_LIST_FOR_EACH & NET_LIST_FOR_EACH_SAFE (Bugzilla Bug 1456),networkpkg,high,low,0.85,Potential NULL pointer dereference is a critical security vulnerability similar to other high priority issues.
qwen2.5:14b,A,7726,Move SmiEntry.nasm into SmmCpuFeaturesLib as this is CPU and CPU features specific. (Bugzilla Bug 1455),ueficpupkg,medium,medium,0.8,Similar to other issues in ueficpupkg package without a clear indication of high severity.
qwen2.5:14b,A,7725,Update IGD_OPREGION_MBOX3 structure with two additional members as per latest Opregion spec (Bugzilla Bug 1454),intelsiliconpkg,medium,medium,0.8,The update to a structure based on a spec change does not indicate critical failure or security risk.
qwen2.5:14b,A,9679,Lack of examine the FAT table in FAT driver causes a BIOS hang when calling fs->OpenVolume() (Bugzilla Bug 1452),fatpkg,high,high,0.85,The bug involves a BIOS hang which is a critical system failure similar to other high priority issues.
qwen2.5:14b,A,7724,ARM Page Table Generation Math is Buggy (Bugzilla Bug 1451),armpkg,high,high,0.85,The bug involves ARM page table generation math which is critical and likely to cause system instability if incorrect.
qwen2.5:14b,A,7723,build tool crashes when --genfds-multi-thread is used (Bugzilla Bug 1450),basetools,high,high,0.85,The build tool crashing is a critical issue similar to other high priority bugs in basetools package.
qwen2.5:14b,A,7722,Module Override Ability in DSC (Bugzilla Bug 1449),basetools,medium,high,0.85,Similar to other basetools issues that do not explicitly indicate critical memory or security issues.
qwen2.5:14b,A,7721,IpV6 NV data out of date causes Driver Binding Start to fail (Bugzilla Bug 1448),networkpkg,medium,high,0.85,Similar to other networkpkg issues with medium priority.
qwen2.5:14b,A,7720,gEfiIp6ServiceBindingProtocolGuid not uninstalled on error path of Driver Binding Start (Bugzilla Bug 1447),networkpkg,medium,high,0.85,Similar to other networkpkg issues with medium priority.
qwen2.5:14b,A,7719,UEFI Drivers use UEFILib Protocol Un/Installation Abstraction (Bugzilla Bug 1444),-,medium,medium,0.8,Similar to other driver-related issues impacting functionality but not explicitly critical or widespread.
qwen2.5:14b,A,9677,Need library class check when parsing DSC file (Bugzilla Bug 1443),basetools,medium,high,0.85,Similar to other issues in basetools package that do not have high severity.
qwen2.5:14b,A,7718,migrate FTW and variable drivers to new MM foundation (Bugzilla Bug 1442),mdepkg,medium,medium,0.8,"No specific severity indicators, similar to other migration tasks without high priority flags."
qwen2.5:14b,A,7717,[SdMmcPciHcDxe] Update the comments in files to reflect the spec compliance status for the driver (Bugzilla Bug 1441),mdemodulepkg,low,low,0.85,"The issue is about updating comments to reflect spec compliance status, which does not impact functionality or security."
qwen2.5:14b,A,7713,BaseTools StructurePcd doesn't generate the correct line number in PcdValueInit.c (Bugzilla Bug 1435),basetools,low,high,0.8,"The issue is related to BaseTools and affects line number generation in PcdValueInit.c, which seems less critical than other high priority issues involving memory corruption or security vulnerabilities."
qwen2.5:14b,A,9676,UnicodeDecodeError when reading Japanese characters in NmakeSubdirs.py (Bugzilla Bug 1434),basetools,medium,low,0.8,Similar to other BaseTools issues but lacks critical system impact indicators.
qwen2.5:14b,A,7712,Tftp shell command hangs after download large file. (Bugzilla Bug 1433),shellpkg,medium,low,0.85,Similar to other shellpkg issues that do not indicate critical security or stability impacts.
qwen2.5:14b,A,7711,XhciPei: Hang within UsbHcFreeMemPool (Bugzilla Bug 1432),mdemodulepkg,high,low,0.85,Similar to other high priority issues in mdemodulepkg related to USB and memory management.
qwen2.5:14b,A,7710,OPAL BlockSID setting disabled on boot (Bugzilla Bug 1431),securitypkg,high,low,0.85,"The issue involves disabling a critical security feature (OPAL BlockSID) on boot, which could lead to significant vulnerabilities."
qwen2.5:14b,A,7709,Incorrect Flags used in S3Resume.c (Bugzilla Bug 1430),ueficpupkg,medium,medium,0.8,Similar to other issues in ueficpupkg with medium priority.
qwen2.5:14b,A,7708,Provide library functions that abstract driver model protocols uninstallation. (Bugzilla Bug 1429),mdepkg,medium,high,0.8,Similar to other mdepkg issues with medium priority.
qwen2.5:14b,A,7707,Fix IScsiDxe Cleanup Sequence (Bugzilla Bug 1428),networkpkg,medium,high,0.85,Similar to other networkpkg issues with medium priority.
qwen2.5:14b,A,7706,Need to remove code under SecurityPkg\UserIdentification\ (Bugzilla Bug 1427),securitypkg,low,medium,0.8,The issue is about removing code and does not indicate a critical bug or security flaw.
qwen2.5:14b,A,7705,Add more check for API PeCoffLoaderRelocateImageForRuntime in BasePeCoffLib (Bugzilla Bug 1426),mdepkg,medium,low,0.8,Similar to other issues in mdepkg package without a clearly higher severity indication.
qwen2.5:14b,A,7704,VS2015 IA32 NOOPT build failure in SdMmcPciHcDxe (Bugzilla Bug 1425),mdemodulepkg,medium,low,0.85,Similar to other build failure issues in mdemodulepkg package.
qwen2.5:14b,A,7702,Edk2 Coding style check tool (ECC) report an error in MdeModulePkg\Bus\Pci\NonDiscoverablePciDeviceDxe\NonDiscoverablePciDeviceIo.c (Bugzilla Bug 1422),mdemodulepkg,low,medium,0.85,The issue is related to coding style and does not impact functionality or security.
qwen2.5:14b,A,7701,Incorrect warning message for Opal admin revert action when user select to keep user data (Bugzilla Bug 1421),securitypkg,medium,low,0.8,Similar to other securitypkg issues with medium priority.
qwen2.5:14b,A,7700,"UDK2018 compile failure after I define ""OPENSSL_CPUID_OBJ"" in CryptoPkg\Library\Include\opensslconf.h. (Bugzilla Bug 1420)",cryptopkg,medium,low,0.85,Similar to other compile failure issues in different packages which are typically medium priority.
qwen2.5:14b,A,9675,Remove Timeout logic in AcquireSpinLock function (Bugzilla Bug 1419),mdepkg,low,medium,0.8,Similar to other low priority issues in MdeModulePkg without critical security or performance impacts.
qwen2.5:14b,A,7699,multiple targets no longer get built correctly (Bugzilla Bug 1418),basetools,medium,high,0.85,Similar to other BaseTools issues with medium priority.
qwen2.5:14b,A,7698,use abstraction for speculation barriers instead of X86 specific load fence (Bugzilla Bug 1417),mdepkg,medium,medium,0.85,Similar to other issues in mdepkg with medium priority due to architectural optimization concerns.
qwen2.5:14b,A,7697,UefiDebugLibDebugPortProtocol is not runtime safe (Bugzilla Bug 1416),mdepkg,high,medium,0.85,The bug involves a critical runtime safety issue in UefiDebugLibDebugPortProtocol.
qwen2.5:14b,A,7696,VfrCompile: Integer overflow warning should probably be an error (Bugzilla Bug 1415),basetools,medium,medium,0.8,Similar to other basetools issues that are medium priority.
qwen2.5:14b,A,7694,ConSplitter should not perform TextOut SetMode during device add flow if the required mode is already set (Bugzilla Bug 1412),mdemodulepkg,medium,medium,0.85,Similar to other issues in MdeModulePkg with medium priority.
qwen2.5:14b,A,7693,CpuFeaturesPei driver boot failure (Bugzilla Bug 1411),ueficpupkg,medium,high,0.8,Similar to other issues in ueficpupkg without a clear indication of severity beyond boot failure.
qwen2.5:14b,A,7692,BaseTools should not generate C structure array initial value if the value is not specified with CODE style (Bugzilla Bug 1410),basetools,medium,high,0.85,Similar to other BaseTools issues with unspecified priority and impact.
qwen2.5:14b,A,7690,Add report status code calls to failed NVME operations so that the system can process issues (Bugzilla Bug 1408),mdemodulepkg,medium,medium,0.8,"The issue involves adding report status code calls for NVME operations, which is a functional enhancement rather than a critical bug or security flaw."
qwen2.5:14b,A,7689,The metadata files are parsed multiple times in a build (Bugzilla Bug 1406),basetools,medium,medium,0.8,Similar to other parsing and build-related issues in basetools package.
qwen2.5:14b,A,7688,[MdeModulePkg] Remove PcdPeiCoreMaxXXX PCDs (Bugzilla Bug 1405),mdemodulepkg,low,low,0.8,The issue is about removing PCDs which seems to be a cleanup or optimization task rather than fixing a critical bug.
qwen2.5:14b,A,9672,Add Cpu2 protocol to abstract the necessary methods to have a safe idle loop.  Also propose changes to WaitForEvent (Bugzilla Bug 1400),mdemodulepkg,medium,medium,0.8,"The bug involves proposing protocol changes and WaitForEvent modifications, which is significant but not as critical as build failures or major tool support issues."
qwen2.5:14b,A,7684,An unused function in ShellPkg/UefiShellDebug1CommandsLib (Bugzilla Bug 1399),shellpkg,low,low,0.85,The issue involves an unused function which is less critical than buffer overflows or debug log failures.
qwen2.5:14b,A,7683,Log Extended data to report status code when a boot option fails (Bugzilla Bug 1398),mdemodulepkg,high,medium,0.85,"The issue involves logging extended data for status codes when a boot option fails, which is critical for debugging and maintaining system stability."
qwen2.5:14b,A,7680,[PCI] System may get hang when there is no option rom (Bugzilla Bug 1394),mdemodulepkg,medium,high,0.85,Similar to other mdemodulepkg issues with medium priority.
qwen2.5:14b,A,7679,[OpenSSL] Update version to 1.1.0j (Bugzilla Bug 1393),cryptopkg,low,medium,0.8,The issue is about updating a version and does not indicate any critical bugs or performance issues.
qwen2.5:14b,A,7678,IntelFsp2Pkg: Create a function to retrieve boot loader stack address (Bugzilla Bug 1391),intelfsp2pkg,medium,medium,0.8,The issue involves creating a function for retrieving boot loader stack address which is important but does not indicate critical failure or severe impact like some high priority issues.
qwen2.5:14b,A,7677,BaseTools C Array doesn't work as the expectation (Bugzilla Bug 1390),basetools,low,high,0.8,Similar to other BaseTools issues that have been classified as low priority due to being specific implementation details rather than critical bugs.
qwen2.5:14b,A,9670,Many duplicate definitions of default HII_VENDOR_DEVICE_PATH (Bugzilla Bug 1388),intelframeworkmodulepkg,high,medium,0.85,"The issue involves duplicate definitions which can lead to build or runtime errors, similar to other high priority issues related to code integrity and correctness."
qwen2.5:14b,A,7676,[BaseTool] Build failed when there are DynamicHii structured PCD. (Bugzilla Bug 1387),basetools,high,medium,0.85,Similar to other BaseTools issues that cause build failures and are classified as high priority.
qwen2.5:14b,A,7675,[BaseTool] Build failed when there are duplicate structure pcd field value assignment in dsc (Bugzilla Bug 1386),basetools,high,medium,0.85,Similar to other high priority issues in basetools package related to build failures.
qwen2.5:14b,A,7674,[BaseTool] PcdNvStoreDefaultValueBuffer Vpd offset is incorrect (Bugzilla Bug 1385),basetools,high,medium,0.85,The issue involves a critical offset error in BaseTools which could lead to serious data corruption or system instability.
qwen2.5:14b,A,9669,TAB_STAR should not be used for mathematical multiply (Bugzilla Bug 1384),basetools,low,low,0.85,The issue is about code style and does not impact functionality or performance.
qwen2.5:14b,A,7673,Enable parallel compiling in files level inside module internal for Edk2 multi-threaded build (Bugzilla Bug 1383),basetools,medium,medium,0.8,The issue is about improving build efficiency rather than fixing a critical bug or security flaw.
qwen2.5:14b,A,9668,Edk2 multi-threaded build cannot compile reasonable number modules in parallel (Bugzilla Bug 1382),basetools,medium,high,0.85,Similar to other build-related issues in BaseTools package.
qwen2.5:14b,A,7672,IntelFsp2Pkg: Add FspmArchConfigPpi to support Dispatch mode (Bugzilla Bug 1381),intelfsp2pkg,medium,medium,0.8,No severity indicators in the title or description suggest high priority.
qwen2.5:14b,A,7671,Double carriage return inserted from Trim.py on Python3 Branch (Bugzilla Bug 1379),basetools,medium,medium,0.8,Similar to other BaseTools issues but lacks severity indicators like crashes or high performance impact.
qwen2.5:14b,A,7670,Remove unused tool chain configuration in tools_def.template (Bugzilla Bug 1377),basetools,low,medium,0.8,Similar to other unused code removal issues which are typically low priority.
qwen2.5:14b,A,7669,[PciBus] Certain device Option ROM may not be able to read out (Bugzilla Bug 1376),mdemodulepkg,medium,low,0.8,Similar to other mdemodulepkg issues with medium priority.
qwen2.5:14b,A,7668,Simplify CPU feature initialization PCDs (Bugzilla Bug 1375),ueficpupkg,medium,medium,0.8,Similar to other issues in ueficpupkg package without a clear indication of severity beyond routine improvement.
qwen2.5:14b,A,7667,Move MinnowMax and Quark platform to edk2-platforms repo (Bugzilla Bug 1374),quarkplatformpkg,low,medium,0.8,The issue is about moving platforms to a different repository and does not involve any critical bugs or security vulnerabilities.
qwen2.5:14b,A,7666,Replace BSD 2-Clause License with BSD + Patent License with SPDX-License-Identifier (Bugzilla Bug 1373),shellpkg,low,medium,0.85,The issue is about license replacement and does not impact functionality or performance.
qwen2.5:14b,A,7665,IsDevicePathValid needs better input parameter checking (Bugzilla Bug 1372),mdepkg,medium,medium,0.85,Similar to other issues in mdepkg with medium priority.
qwen2.5:14b,A,9665,DebugLib add feature to dump a block of memory with formatting options (Bugzilla Bug 1371),mdepkg,medium,medium,0.8,The issue involves adding a feature to DebugLib which is not critical but enhances functionality and debugging capabilities.
qwen2.5:14b,A,7663,Promote CharToUpper and AsciiToUpper to public functions in baselib (Bugzilla Bug 1369),mdepkg,medium,medium,0.8,Similar to other baselib issues that do not specify critical impact.
qwen2.5:14b,A,7662,spelling error for define in UefiTcgPlatform.h (Bugzilla Bug 1368),mdepkg,low,medium,0.9,The issue is a minor spelling error which does not impact functionality or security.
qwen2.5:14b,A,7661,BaseTools can't parse the error message from XCODE compiler when enable StrucutrePcd (Bugzilla Bug 1367),basetools,high,high,0.85,"The issue involves BaseTools not parsing error messages correctly from XCODE compiler when a specific feature is enabled, which could lead to build failures or incorrect builds."
qwen2.5:14b,A,7660,Remove usage of deprecated macros CPU_FEATURE_BEFORE and CPU_FEATURE_AFTER (Bugzilla Bug 1366),ueficpupkg,medium,medium,0.85,Similar to other issues in ueficpupkg package that are medium priority.
qwen2.5:14b,A,9664,Build Report adds the library constructor order information (Bugzilla Bug 1365),basetools,medium,medium,0.8,Similar to other basetools issues with moderate impact.
qwen2.5:14b,A,7659,Add Release.txt in Edk2 root directory (Bugzilla Bug 1364),-,low,medium,0.8,The issue is about adding a file in the root directory which does not impact functionality or performance.
qwen2.5:14b,A,7658,PcdVpdBaseAddress64's PROMPT and HELP string are missing in the MdeModulePkg.uni file (Bugzilla Bug 1363),mdemodulepkg,low,low,0.85,Similar issues in mdemodulepkg with missing strings have been classified as low priority.
qwen2.5:14b,A,9663,[Patch] BaseTools: Compiler switches selection should not depend on host OS (Bugzilla Bug 1362),basetools,high,medium,0.85,"The issue involves a regression in BaseTools and affects compiler switches selection, which is critical for build processes."
qwen2.5:14b,A,7657,The CCFlag generated in PcdValueinit makefile is incorrect (Bugzilla Bug 1361),basetools,medium,medium,0.85,Similar to other BaseTools issues with medium priority.
qwen2.5:14b,A,9662,TcgSmm and Tcg2Smm assert when AcpiTable protocol doesn't exist (Bugzilla Bug 1360),securitypkg,high,medium,0.85,The issue involves an assert failure in security-related components which is critical.
qwen2.5:14b,A,7655,Invalid line ending are detected in IntelFsp2WrapperPkg (Bugzilla Bug 1358),intelfsp2wrapperpkg,low,low,0.85,Similar to other formatting or linting issues in different packages that are typically low priority.
qwen2.5:14b,A,7654,MdeModulePkg: Support Dynamic 64bit PcdVpdBaseAddress (Bugzilla Bug 1356),mdemodulepkg,medium,medium,0.85,Similar to other MdeModulePkg issues without high severity indicators.
qwen2.5:14b,A,7653,OvmfPkg with XCODE5 tool chain can't boot to shell (Bugzilla Bug 1355),ovmfpkg,high,low,0.85,Similar to other high priority issues in ovmfpkg related to booting problems.
qwen2.5:14b,A,7652,Remove IntelFrameworkModulePkg/Universal/Acpi/AcpiS3SaveDxe (Bugzilla Bug 1354),intelframeworkmodulepkg,medium,medium,0.8,"The issue involves removing a module and has updates from multiple contributors, indicating moderate complexity but no critical severity indicators like NULL pointer dereference or high impact build failures."
qwen2.5:14b,A,7651,IntelFsp2WrapperPkg: Fix line ending format issue (Bugzilla Bug 1352),intelfsp2wrapperpkg,low,low,0.85,The issue is about fixing line ending format which is a minor formatting concern.
qwen2.5:14b,A,7650,IntelFsp2WrapperPkg: Fix constant 'if' statements issue (Bugzilla Bug 1351),intelfsp2wrapperpkg,low,low,0.8,The issue is related to fixing constant 'if' statements which seems less critical compared to other issues affecting functionality or performance.
qwen2.5:14b,A,9661,Remove unused tool logic in BaseTools\C\Python (Bugzilla Bug 1350),basetools,low,medium,0.8,The issue involves removing unused logic which is generally a low-risk task.
qwen2.5:14b,A,7649,Remove IPF specific BaseTools\Source\C\GenVtf (Bugzilla Bug 1349),basetools,low,medium,0.85,The bug is specific to IPF and does not impact a wide range of platforms or functionality.
qwen2.5:14b,A,7648,Remove IntelFrameworkModulePkg/Universal/Acpi/AcpiSupportDxe (Bugzilla Bug 1348),intelframeworkmodulepkg,medium,medium,0.8,Similar to other module removal issues with moderate impact.
qwen2.5:14b,A,7647,Remove IntelFrameworkModulePkg\Universal\(SectionExtractionDxe|FirmwareVolume\UpdateDriverDxe) (Bugzilla Bug 1347),intelframeworkmodulepkg,medium,medium,0.8,Similar to other issues in the same package with no specific indicators of higher severity.
qwen2.5:14b,A,7646,Remove IntelFrameworkModulePkg/Universal/FirmwareVolume/UpdateDriverDxe (Bugzilla Bug 1346),intelframeworkmodulepkg,low,medium,0.8,The issue is about removing a module which does not indicate critical functionality or security impact.
qwen2.5:14b,A,7645,Remove IntelFrameworkModulePkg/Universal/LegacyRegionDxe (Bugzilla Bug 1345),intelframeworkmodulepkg,medium,medium,0.85,Similar to other issues in intelframeworkmodulepkg with medium priority.
qwen2.5:14b,A,7644,Remove IntelFrameworkModulePkg/Universal/CpuIoDxe (Bugzilla Bug 1344),intelframeworkmodulepkg,low,medium,0.8,The issue is about removing a module which does not indicate critical functionality or security impact.
qwen2.5:14b,A,7642,Remove IntelFrameworkModulePkg/Library/DxeCapsuleLib (Bugzilla Bug 1342),intelframeworkmodulepkg,medium,medium,0.8,Similar to other issues in intelframeworkmodulepkg with medium priority.
qwen2.5:14b,A,7641,[UfsPassThruDxe] Buffer for REQUEST SENSE command needs to be roundup from 18-bytes to 20-bytes (Bugzilla Bug 1341),mdemodulepkg,medium,low,0.8,Similar to other issues in mdemodulepkg with medium priority.
qwen2.5:14b,A,7640,Remove IntelFrameworkModulePkg/Library/LzmaCustomDecompressLib (Bugzilla Bug 1340),intelframeworkmodulepkg,low,medium,0.8,The issue is about removing a library which does not indicate critical functionality or security impact.
qwen2.5:14b,A,7639,Remove IntelFrameworkModulePkg/Pci/IdeBusDxe (Bugzilla Bug 1339),intelframeworkmodulepkg,medium,medium,0.8,Similar to other removal requests which are typically medium priority.
qwen2.5:14b,A,7638,Update CPUID definition to follow latest SDM (Bugzilla Bug 1338),ueficpupkg,medium,low,0.85,The issue involves updating CPUID definitions which is a technical enhancement but does not indicate critical system failure or severe performance impact.
qwen2.5:14b,A,7637,[MdePkg]Check input Ptrs in GetSectionFromAnyFvByFileType (Bugzilla Bug 1337),mdepkg,medium,low,0.8,Similar to other issues in MdePkg that do not have a high severity label.
qwen2.5:14b,A,7636,[MdePkg]Check Length parameter before using in DevPathToTextUsbWWID (Bugzilla Bug 1336),mdepkg,medium,low,0.85,Similar to other MdePkg issues with medium priority focusing on code quality and correctness.
qwen2.5:14b,A,9660,Non-stop mode of heap guard doesn't work as expected if source level debug is also enabled (Bugzilla Bug 1333),ueficpupkg,high,medium,0.85,The issue affects a critical feature (heap guard) and has been reported to not work as expected in combination with source level debug.
qwen2.5:14b,A,9659,Default value of PcdCpuKnownGoodStackSize is not big enough for debug agent (Bugzilla Bug 1332),ueficpupkg,high,medium,0.85,"The issue involves a default value that is not adequate for debug agent functionality, which could lead to critical failures during debugging sessions."
qwen2.5:14b,A,9658,TR register might have invalid descriptor after GDT table is updated (Bugzilla Bug 1331),ueficpupkg,medium,medium,0.8,Similar to other issues in ueficpupkg without a clear indication of high severity impact.
qwen2.5:14b,A,7635,PcdDynamic gets an invalid token (Bugzilla Bug 1330),basetools,high,high,0.85,"The issue involves a critical problem with PcdDynamic token validity, similar to other high-priority issues in basetools package."
qwen2.5:14b,A,9657,Improve performance of UEFI Decompression code (Bugzilla Bug 1329),basetools,medium,high,0.8,Improvement request for performance does not indicate critical failure or severe bug.
qwen2.5:14b,A,9656,BaseTools redundant check in BuildOptionPcd (Bugzilla Bug 1328),basetools,low,medium,0.8,The issue is about a redundant check in BaseTools which does not impact functionality or security.
qwen2.5:14b,A,9655,BaseTools gFdfParser redundant assignment (Bugzilla Bug 1327),basetools,medium,medium,0.85,Similar to other BaseTools issues with moderate severity.
qwen2.5:14b,A,7634,Memory between 1MB and 4GB disappears (Bugzilla Bug 1326),duetpkg,high,low,0.85,Memory disappearance is a critical system-level issue similar to other high-priority memory and configuration bugs.
qwen2.5:14b,A,7633,Build fails if file extension exist in path before the end (Bugzilla Bug 1325),basetools,medium,medium,0.85,Similar to other build failure issues in basetools package which are typically medium priority.
qwen2.5:14b,A,7632,tftp download using 65464 block size doesn't always succeed (Bugzilla Bug 1324),networkpkg,high,medium,0.85,Similar to other high priority networkpkg issues with complex environment failures.
qwen2.5:14b,A,7631,[Variable]Merge EmuVariable and Real variable driver (Bugzilla Bug 1323),mdemodulepkg,medium,medium,0.8,Similar to other mdemodulepkg issues with medium priority.
qwen2.5:14b,A,7630,Remove DuetPkg (Bugzilla Bug 1322),duetpkg,low,low,0.8,The issue is about removing a package which does not indicate critical system malfunction or security risk.
qwen2.5:14b,A,9654,Remove SecurityPkg\TpmCommonLib (Bugzilla Bug 1321),securitypkg,medium,low,0.8,Similar to other dependency removal issues with moderate impact.
qwen2.5:14b,A,7629,revert OvmfPkg patches unjustifiedly pushed past the edk2-201811 Soft Feature Freeze (Bugzilla Bug 1319),ovmfpkg,high,medium,0.85,"The issue involves reverting patches past a feature freeze, which can have significant implications for stability and compatibility."
qwen2.5:14b,A,7628,Remove ReportStatusCode libraries/modules and DataHub in IntelFrameworkModulePkg (Bugzilla Bug 1318),intelframeworkmodulepkg,medium,low,0.8,The issue involves removing libraries and modules which is a significant change but not necessarily critical or trivial.
qwen2.5:14b,A,7627,TianoCompress doesn't decompress some image (Bugzilla Bug 1317),basetools,high,high,0.85,Similar to other high priority issues in basetools package related to compression/decompression problems.
qwen2.5:14b,A,7626,Remove VgaMiniPortDxe and VgaClassDxe in IntelFrameworkModulePkg (Bugzilla Bug 1316),intelframeworkmodulepkg,low,low,0.8,The issue involves removing modules which is less critical than bugs causing crashes or severe performance issues.
qwen2.5:14b,A,7625,Remove IntelFrameworkModulePkg\Bus\Isa\* (Bugzilla Bug 1315),intelframeworkmodulepkg,low,low,0.85,The removal of files does not indicate a critical bug or performance issue.
qwen2.5:14b,A,7624,Remove IntelFrameworkModulePkg/Bds (Bugzilla Bug 1314),intelframeworkmodulepkg,low,low,0.8,The issue is about removing a module package which seems less critical than issues related to build failures or runtime errors.
qwen2.5:14b,A,9653,Combine the set register table code in RegisterCpuFeaturesLib and PiSmmCpuDxeSmm driver (Bugzilla Bug 1313),ueficpupkg,medium,low,0.85,Similar to other issues in ueficpupkg package without a clear indication of severity beyond routine code improvement.
qwen2.5:14b,A,7623,incorrect check for DisplayOnly text format in when convert device path to text for AcpiEx (Bugzilla Bug 1312),mdepkg,low,low,0.8,Similar to other issues in MdeModulePkg with low priority.
qwen2.5:14b,A,7622,Mixed scope specifiers cause incorrect feature sorting result at PACKAGE/CORE level. (Bugzilla Bug 1311),ueficpupkg,medium,medium,0.8,Similar to other firmware issues in UefiCpuPkg with medium priority.
qwen2.5:14b,A,7621,[Shell] 1 possible null ptr deference issue in UefiShellLib (Bugzilla Bug 1310),shellpkg,high,low,0.85,Similar to other high priority issues in shellpkg related to null pointer dereferences and memory management.
qwen2.5:14b,A,7620,TransferBuffer bug 1142 in NvmExpressPassthru.c may be a security concern. (Bugzilla Bug 1309),mdemodulepkg,high,low,0.85,The issue involves a potential security concern related to TransferBuffer in NvmExpressPassthru.c.
qwen2.5:14b,A,7618,[CpuSmm] Allow access-out when static paging is disabled. (Bugzilla Bug 1307),ueficpupkg,high,medium,0.85,"The issue involves CPU SMM and affects paging functionality, which is critical for system stability and security."
qwen2.5:14b,A,7617,Remove useless NULL pointer check in MdeModulePkg\Universal\DisplayEngine (Bugzilla Bug 1306),mdemodulepkg,medium,low,0.85,Similar to other MdeModulePkg issues that are medium priority.
qwen2.5:14b,A,7616,"Disabling ""Lock Feature Control Register""  in HII has no effect after reset. (Bugzilla Bug 1305)",ueficpupkg,high,low,0.85,Similar to other high priority issues in ueficpupkg related to feature control and reset behavior.
qwen2.5:14b,A,7615,Remove PcdIdentifyMappingPageTablePtr in MdeModulePkg (Bugzilla Bug 1304),mdemodulepkg,medium,low,0.85,Similar to other issues in mdemodulepkg with medium priority.
qwen2.5:14b,A,7614,XCODE Ovmf Boot to shell fail (Bugzilla Bug 1303),mdepkg,medium,high,0.75,Similar to other issues in mdepkg without a clear indication of severity beyond initial reporting.
qwen2.5:14b,A,7612,BaseTools: Enable Hash build by default (Bugzilla Bug 1301),basetools,medium,medium,0.8,Similar to other BaseTools issues but lacks severity indicators like 'build failure' or 'race condition'.
qwen2.5:14b,A,7611,IntelFsp2WrapperPkg: Support FSP Dispatch mode (Bugzilla Bug 1300),intelfsp2wrapperpkg,low,low,0.8,No specific severity indicators and similar issues in the same package are low priority.
qwen2.5:14b,A,7610,Remove S3Lib and RecoveryLib (Bugzilla Bug 1299),intelframeworkmodulepkg,low,low,0.8,The issue is about removing libraries which does not imply critical functionality or security impact.
qwen2.5:14b,A,7609,PcdShellFile reference can be removed from platform DSC file (Bugzilla Bug 1298),emulatorpkg,low,medium,0.8,The issue is about removing a reference in a DSC file which seems to be more of a maintenance task than a critical bug.
qwen2.5:14b,A,7608,BaseTools ConvertFceToStructurePcd script should report the warning message when the found file is not .h (Bugzilla Bug 1297),basetools,medium,medium,0.85,Similar to other BaseTools issues with medium priority.
qwen2.5:14b,A,7607,Unable to launch EmulatorPkg under X64 windows environment (Bugzilla Bug 1296),emulatorpkg,medium,high,0.8,Similar to other build environment issues but lacks critical system failure or security impact.
qwen2.5:14b,A,7606,Guard page setup before cpu driver loaded keep ineffective afterwards (Bugzilla Bug 1295),mdemodulepkg,high,low,0.85,Similar to other high priority issues in mdemodulepkg related to CPU and driver functionality.
qwen2.5:14b,A,7605,ARM_GICD_IROUTER icorrect writes for SPIs on GICv3 (Bugzilla Bug 1294),armpkg,medium,low,0.8,Similar to other ARM package issues without a clearly higher severity indication.
qwen2.5:14b,A,7604,Move network related components from MdeModulePkg to NetworkPkg (Bugzilla Bug 1293),mdemodulepkg,medium,low,0.8,The issue involves moving components between packages which is a significant change but not necessarily critical or urgent like some high priority issues.
qwen2.5:14b,A,7602,Remove UnixPkg from edk2/master (Bugzilla Bug 1291),unixpkg,low,low,0.8,The issue is about removing a package and does not indicate critical functionality or performance impact.
qwen2.5:14b,A,7601,[TlsDxe] Failed to process multiple TLS records. (Bugzilla Bug 1290),networkpkg,high,low,0.85,The issue involves TLS processing failure which can impact security and reliability of network communications.
qwen2.5:14b,A,7600,[BaseTool] Suggestions for improving building performance (Bugzilla Bug 1288),basetools,medium,medium,0.8,Improving build performance is important but not as critical as security or stability issues.
qwen2.5:14b,A,7599,"doesn't like L""\\"" in dec file (Bugzilla Bug 1287)",basetools,medium,high,0.8,Similar to other build and tool issues in basetools package.
qwen2.5:14b,A,7598,Potential NULL pointer access issue in Gcd.c (Bugzilla Bug 1286),mdemodulepkg,high,low,0.85,Potential NULL pointer access is a critical bug that can lead to system crashes or security vulnerabilities.
qwen2.5:14b,A,7597,VS2015 IA32 NOOPT build failure in UefiCpuPkg. (Bugzilla Bug 1285),ueficpupkg,medium,low,0.8,Similar to other build failure issues in ueficpupkg with medium priority.
qwen2.5:14b,A,7596,1 coding style issue in MdeModulePkg\Core\Dxe\Mem\HeapGuard.c (Bugzilla Bug 1284),mdemodulepkg,low,medium,0.85,The issue is related to coding style and does not impact functionality or security.
qwen2.5:14b,A,7595,GCC build failure in UefiCpuPkg\Library\RegisterCpuFeaturesLib (Bugzilla Bug 1283),ueficpupkg,medium,low,0.85,Similar to other build failure issues in different packages that are generally medium priority.
qwen2.5:14b,A,7594,System might hang at SMM AP if SMM heap guard is enabled (Bugzilla Bug 1281),ueficpupkg,high,low,0.85,The system hang issue is critical and similar to other high priority issues involving system stability problems.
qwen2.5:14b,A,7593,IntelFsp2Pkg: Fixed potentially NULL pointer accessing (Bugzilla Bug 1280),intelfsp2pkg,medium,low,0.85,Similar to other issues in intelfsp2pkg with medium priority.
qwen2.5:14b,A,7592,[UdfDxe] Additional checks are needed for ResolveSymlink() (Bugzilla Bug 1279),mdemodulepkg,medium,low,0.85,Similar to other issues in mdemodulepkg that are typically medium priority.
qwen2.5:14b,A,7591,Delete IPv4 only TCP/iSCSI/PXE drivers in MdeModulePkg (Bugzilla Bug 1278),networkpkg,medium,low,0.85,Similar to other networkpkg issues without high severity indicators.
qwen2.5:14b,A,7590,IA32 build failure in DxeCore/HeapGuard.c (Bugzilla Bug 1277),mdemodulepkg,high,low,0.85,Previous issues in mdemodulepkg with compilation failures have been classified as high priority due to their impact on build stability.
qwen2.5:14b,A,7589,IntelFsp2Pkg GCC49/XCODE build failure (Bugzilla Bug 1276),intelfsp2pkg,medium,low,0.85,Similar to other build failure issues in intelfsp2pkg with medium priority.
qwen2.5:14b,A,7588,CryptoPkg/RuntimeCryptLib: Potential integer overflow issue in RuntimeMemAllocation implementation (Bugzilla Bug 1275),cryptopkg,high,medium,0.85,Potential integer overflow is a critical security vulnerability similar to other high priority issues in CryptoPkg.
qwen2.5:14b,A,7587,XhciDxe/EhciDxe: remove unnecessary Map/Unmap for AsyncInterruptTransfer (Bugzilla Bug 1274),mdemodulepkg,low,low,0.8,The issue is about removing unnecessary functions which does not impact stability or functionality critically.
qwen2.5:14b,A,7586,VTdDxe: Report status code for VTd error (Bugzilla Bug 1273),intelsiliconpkg,medium,low,0.8,Similar to other issues in intelsiliconpkg with moderate severity.
qwen2.5:14b,A,7585,VTdDxe: Add option to force no early IOMMU access attribute request (Bugzilla Bug 1272),intelsiliconpkg,medium,low,0.8,"No specific severity indicators, similar to other medium priority issues in intelsiliconpkg."
qwen2.5:14b,A,7584,Improve the CPU MP MSR programming performance (Bugzilla Bug 1271),ueficpupkg,high,low,0.85,Improving CPU MP MSR programming performance is critical for system efficiency and aligns with other high-priority issues in UEFI CPU package.
qwen2.5:14b,A,7583,[USB] Fails to write file on USB key always (Bugzilla Bug 1270),mdemodulepkg,medium,low,0.8,Similar to other MdeModulePkg issues with moderate severity.
qwen2.5:14b,A,9652,"Running EFI Shell script file which has CLS command in it creates overlap of output messages problem, if we press Page Up button after the execution of script (Bugzilla Bug 1269)",shellbinpkg,medium,low,0.8,Similar to other issues in ShellBinPkg that affect user experience but do not cause critical failures.
qwen2.5:14b,A,9651,[SmmIpl] doesn't need to reset SMRAM to UC (Bugzilla Bug 1268),mdemodulepkg,high,medium,0.85,Similar to other high priority issues in mdemodulepkg related to SmmIpl functionality.
qwen2.5:14b,A,7582,Xhci: Handle value 5 in Port Speed field of PORTSC (Bugzilla Bug 1267),mdemodulepkg,medium,low,0.85,Similar to other mdemodulepkg issues with medium priority.
qwen2.5:14b,A,7581,Check Table against NULL in ScanTableInSDT (Bugzilla Bug 1266),mdepkg,medium,low,0.85,Similar to other issues in mdepkg with medium priority.
qwen2.5:14b,A,7580,IntelFsp2Pkg: FSP should not override IDT (Bugzilla Bug 1265),intelfsp2pkg,high,low,0.85,"The issue involves a critical component (FSP) overriding system structures (IDT), which could lead to severe stability and security issues."
qwen2.5:14b,A,7579,BaseTools: use Dynamic Structure Pcd in the FDF file cause crash issue (Bugzilla Bug 1264),basetools,medium,medium,0.8,Similar to other BaseTools issues that are generally medium priority.
qwen2.5:14b,A,9650,DxeCapsuleLibFmp/DxeRuntimeCapsuleLib is not runtime safe (Bugzilla Bug 1263),mdemodulepkg,high,high,0.85,"The issue involves a runtime safety concern in critical libraries, similar to other high-priority issues related to library and module stability."
qwen2.5:14b,A,7578,AsciiStrToUnicodeStr/AsciiStrToUnicodeStrS convert EASCII to Unicode incorrectly (Bugzilla Bug 1262),mdepkg,medium,high,0.85,Similar to other MdePkg issues with moderate severity.
qwen2.5:14b,A,9649,MigratePeiServicesTablePointer() allocates IDT on 4-byte aligned address (Bugzilla Bug 1261),mdepkg,medium,medium,0.85,Similar to other issues in mdepkg that are classified as medium priority.
qwen2.5:14b,A,7577,[NvmExpressDxe] There is an assumption for NvmExpressPassThru() on Create I/O Completion/Submission Queue commands (Bugzilla Bug 1260),mdemodulepkg,medium,low,0.8,Similar to other issues in mdemodulepkg with medium priority.
qwen2.5:14b,A,7576,[NvmExpressDxe] NvmExpressPassThru() needs to always copy the content of completion queue entry to the PassThru packect (Bugzilla Bug 1259),mdemodulepkg,medium,low,0.85,Similar to other mdemodulepkg issues with medium priority.
qwen2.5:14b,A,9648,[iSCSI] Processor got divide by zero exception in ScsiDisk driver (Bugzilla Bug 1258),mdemodulepkg,high,medium,0.85,The issue involves a divide by zero exception which can cause system instability or crashes.
qwen2.5:14b,A,7575,Remove the step to freeze python tool as windows exe (Bugzilla Bug 1257),basetools,low,medium,0.85,The issue is about removing a step in the build process and does not indicate critical functionality or security impact.
qwen2.5:14b,A,7574,"BaseTools: use Pcd in the expression, with --pcd option it report build failure (Bugzilla Bug 1256)",basetools,medium,high,0.85,Similar to other BaseTools issues but lacks high severity indicators like parsing or security concerns.
qwen2.5:14b,A,7573,[UdfDxe] Possible memory use-after-free in function ReadFile() (Bugzilla Bug 1255),mdemodulepkg,high,low,0.85,The issue involves a potential use-after-free memory error which is typically considered critical.
qwen2.5:14b,A,7572,[UdfDxe] Additional check is needed within GetPdFromLongAd() (Bugzilla Bug 1254),mdemodulepkg,low,low,0.8,The bug is related to a specific function check and does not indicate severe system impact or security vulnerability like other high priority issues.
qwen2.5:14b,A,7571,[UdfDxe] Typo in SetFileInfo() (Bugzilla Bug 1253),intelfsppkg,low,low,0.85,Typo issues are generally less severe than other types of bugs.
qwen2.5:14b,A,7570,[UdfDxe] UdfSetPosition() behaviour is incorrect when handling 'Position' equals to 0xFFFFFFFFFFFFFFFF (Bugzilla Bug 1252),mdepkg,medium,low,0.85,Similar to other functional issues within MdePkg that are typically classified as medium priority.
qwen2.5:14b,A,7569,[IpSecDxe] Failed to create the Child SA during parsing SA Payload. (Bugzilla Bug 1251),networkpkg,medium,low,0.85,Similar to other networkpkg issues with medium priority.
qwen2.5:14b,A,7568,Need to validate the data from HW device (Bugzilla Bug 1250),mdemodulepkg,medium,low,0.75,Similar to other validation and data integrity issues in mdemodulepkg.
qwen2.5:14b,A,7567,[UdfDxe] Need to refine dead codes in module MdeModulePkg\Universal\Disk\UdfDxe (Bugzilla Bug 1249),mdemodulepkg,low,low,0.85,The bug involves refining dead codes which is less critical than other issues in the same package.
qwen2.5:14b,A,7566,[UdfDxe] Use error handling logic instead of asserts for error status/values are returned (Bugzilla Bug 1248),mdemodulepkg,medium,low,0.8,Similar to other mdemodulepkg issues without a clear indication of high severity.
qwen2.5:14b,A,7565,[UdfDxe] Use error handling logic instead of asserts for memory allocation failure (Bugzilla Bug 1247),mdemodulepkg,medium,low,0.85,Similar to other issues in mdemodulepkg that are not classified as high priority.
qwen2.5:14b,A,9647,[UefiSpec.h] Removable media UEFI Image file name definition for x64 is incorrect in case-sensitive manner (Bugzilla Bug 1246),mdepkg,medium,low,0.8,Similar to other issues in mdepkg with no clear indication of severity beyond typical package concerns.
qwen2.5:14b,A,7564,ASSERT PcdSetNvStoreDefaultId set in PcdDxe (Bugzilla Bug 1245),mdemodulepkg,medium,low,0.8,Similar to other mdemodulepkg issues without explicit severity indicators.
qwen2.5:14b,A,7563,BaseTools: Missing the .depex file info in increment build generate Asbuilt inf file. (Bugzilla Bug 1244),basetools,medium,medium,0.85,Similar to other BaseTools issues with incremental build problems.
qwen2.5:14b,A,7562,UefiDevicePathLib miss to the cases that some optional parameter is not specified for Sata/Usbxx/AcpiExp device path (Bugzilla Bug 1243),mdepkg,medium,low,0.8,Similar to other issues in mdepkg with medium priority.
qwen2.5:14b,A,9646,CpuExceptionHandlerLib hides frame that took interrupt/exception from stack backtrace. (Bugzilla Bug 1242),ueficpupkg,medium,high,0.8,Similar to other issues in ueficpupkg with medium priority due to impact on debugging but not critical system failure.
qwen2.5:14b,A,7561,IntelFsp2Pkg: Support FSP Dispatch mode (Bugzilla Bug 1241),intelfsp2pkg,medium,high,0.85,Similar to other issues in intelfsp2pkg package with medium priority.
qwen2.5:14b,A,9644,There're chances that PEI stack guard will be compromised during S3 resume (Bugzilla Bug 1238),ueficpupkg,high,medium,0.85,"The issue involves potential compromise of PEI stack guard during S3 resume, which is a critical security concern similar to other high priority issues in UEFI Core Boot."
qwen2.5:14b,A,7559,Occasional #GP occurred if PEI stack guard is enbabled (Bugzilla Bug 1237),ueficpupkg,high,high,0.85,Similar to other high priority issues in ueficpupkg related to stack and memory corruption.
qwen2.5:14b,A,7558,[dmem]should not by default dump 512 bytes starting from SystemTable (gST) (Bugzilla Bug 1236),shellpkg,low,high,0.85,The issue is related to default behavior of dmem and does not indicate critical performance or security issues like those in high priority bugs.
qwen2.5:14b,A,7557,The update operation of HiiDatabase should be atomic (Bugzilla Bug 1235),mdemodulepkg,high,low,0.85,Similar to other high priority issues in mdemodulepkg related to database operations and concurrency.
qwen2.5:14b,A,7556,LzmaEnc.c fails to compile (Bugzilla Bug 1234),basetools,high,low,0.85,Compilation failure issues are typically high priority as they prevent build and development progress.
qwen2.5:14b,A,7555,[SdMmcPciHcDxe] Allow host controllers with spec. version higher than 3.0 recognizable by the driver (Bugzilla Bug 1233),mdemodulepkg,medium,high,0.85,Similar to other mdemodulepkg issues with medium priority.
qwen2.5:14b,A,7554,System S3 resume hang if system enable stack guard feature in PEI phase. (Bugzilla Bug 1232),ueficpupkg,high,low,0.85,"The issue involves a system hang during S3 resume, which is a critical failure indicating high severity."
qwen2.5:14b,A,7553,GenCfgOpt.py: support PCD input by command line (Bugzilla Bug 1231),intelfsp2pkg,low,low,0.8,"The issue is about adding command line support for PCD input in a script, which does not impact firmware functionality or performance critically."
qwen2.5:14b,A,7552,Correct comments to align with the input parameter. (Bugzilla Bug 1230),shellpkg,low,low,0.8,The issue is about correcting comments which does not impact functionality or security.
qwen2.5:14b,A,7551,Use VENDOR_DEVICE_PATH structure for Debug Port device path (Bugzilla Bug 1229),mdepkg,medium,medium,0.85,Similar to other mdepkg issues with medium priority.
qwen2.5:14b,A,7550,Current code miss to display PciRoot/PcieRoot text for ACPI Expanded Device Path (Bugzilla Bug 1228),mdepkg,medium,low,0.8,Similar to other MdePkg issues with medium priority.
qwen2.5:14b,A,7549,Correct the string order of ACPI Expanded Device Path (Bugzilla Bug 1227),mdepkg,low,low,0.85,The issue involves correcting string order in ACPI Expanded Device Path without indicating severe consequences or critical functionality impact.
qwen2.5:14b,A,7548,The check for using AcpiExp text format for ACPI Expanded Device Path doesn't follow UEFI Spec (Bugzilla Bug 1226),mdepkg,medium,low,0.85,Similar to other issues in mdepkg with medium priority due to specification adherence concerns.
qwen2.5:14b,A,7547,Convert UTF8 vendor device path to text incorrectly (Bugzilla Bug 1225),mdepkg,medium,low,0.85,Similar to other issues in mdepkg with medium priority.
qwen2.5:14b,A,7546,Covert IFR binary to EFI_IFR_CHECKBOX structure incorrectly in HiiDatabase (Bugzilla Bug 1224),mdemodulepkg,medium,low,0.85,Similar to other mdemodulepkg issues with medium priority.
qwen2.5:14b,A,9643,PcdShellSupportOldProtocols doesn't seem to be working (Bugzilla Bug 1223),shellpkg,medium,low,0.8,Similar to other issues in shellpkg with moderate severity.
qwen2.5:14b,A,7545,TianoCore Bugzilla instance: make the home page title more specific (Bugzilla Bug 1222),-,low,medium,0.9,The issue is about improving the home page title of Bugzilla and does not affect any core functionality or security.
qwen2.5:14b,A,7544,ShellOpenFileByName declared in ShellLib has wrong parameter name FilePath (Bugzilla Bug 1221),shellpkg,low,medium,0.85,Similar to other low priority issues in shellpkg related to API naming or documentation.
qwen2.5:14b,A,7543,Pkcs7GetCertificatesList in BaseCryptLib will cause NULL pointer dereference implicitly. (Bugzilla Bug 1220),cryptopkg,high,high,0.85,The bug involves a NULL pointer dereference which can lead to system crashes or security vulnerabilities.
qwen2.5:14b,A,7542,Tool build fail with vs2015 win7 64bit (Bugzilla Bug 1219),basetools,high,high,0.85,Build failure issues typically have high priority due to their impact on development and testing processes.
qwen2.5:14b,A,7541,GCC48/GCC49 build failure in mdemodulepkg\universal\regularexpressiondxe (Bugzilla Bug 1218),mdemodulepkg,medium,high,0.85,Similar to other build failure issues in mdemodulepkg with medium priority.
qwen2.5:14b,A,7540,Potentially uninitialized local variable 'Mtftp4Token' used in TFTP shell command. (Bugzilla Bug 1217),shellpkg,high,low,0.85,"The issue involves a potentially uninitialized local variable in critical shell command code, similar to other high-priority issues related to potential runtime errors and security vulnerabilities."
qwen2.5:14b,A,7539,iSCSI device node present LUN is incorrect (Bugzilla Bug 1216),mdepkg,medium,low,0.8,Similar to other issues in mdepkg with medium priority.
qwen2.5:14b,A,7538,IA32 build of Nt32Pkg boot failure (Bugzilla Bug 1215),emulatorpkg,medium,low,0.8,Similar to other build failure issues in different packages which are typically medium priority.
qwen2.5:14b,A,7537,Comment typo 'end' should be 'start' in GetStartPointer (Bugzilla Bug 1214),mdemodulepkg,low,low,0.9,The issue is a simple typo correction with no functional impact.
qwen2.5:14b,A,7536,Support MSR definitions include in SDM 2018-05 version (Bugzilla Bug 1213),ueficpupkg,medium,low,0.8,No specific severity indicators; similar to other issues in ueficpupkg without high priority markers.
qwen2.5:14b,A,7535,GenCfgOpt.py: remove tailing space from output file (Bugzilla Bug 1212),intelfsp2pkg,low,low,0.85,The bug involves a minor formatting issue in an output file without security or performance implications.
qwen2.5:14b,A,7534,GenCfgOpt.py: Support UPD offset auto assignment (Bugzilla Bug 1211),intelfsp2pkg,low,low,0.8,The issue is related to script support and does not indicate critical system failure or severe performance impact.
qwen2.5:14b,A,7533,GenCfgOpt.py: support FixedAtBuild PCD (Bugzilla Bug 1210),intelfsp2pkg,low,low,0.8,"The issue is about adding support for FixedAtBuild PCD in a script, which does not indicate critical system failure or performance degradation."
qwen2.5:14b,A,7532,VS2012 build failure in mdemodulepkg\universal\regularexpressiondxe\oniguruma\regparse.c (Bugzilla Bug 1209),mdemodulepkg,medium,medium,0.8,Similar to other build failure issues in mdemodulepkg with medium priority.
qwen2.5:14b,A,7531,"fix the operand list bugs in ""BaseSynchronizationLib/*/GccInline.c"" (Bugzilla Bug 1208)",mdepkg,medium,medium,0.85,Similar to other issues in mdepkg with medium priority.
qwen2.5:14b,A,7530,commit 17634d026f96 regressed the GCC variant of InternalSyncIncrement() / InternalSyncDecrement() (Bugzilla Bug 1207),mdepkg,medium,low,0.85,Similar to other issues in mdepkg with medium priority.
qwen2.5:14b,A,7529,MdeModulePkg: XhciDxe: Exceptions occurring after executing XhcSetHsee function (Bugzilla Bug 1206),mdemodulepkg,high,high,0.85,"The issue involves exceptions occurring in a critical driver function, similar to other high-priority issues affecting core functionality."
qwen2.5:14b,A,7528,Add the usage/difference clarification in INF file against the overlapped network drivers (TCP/ISCSI/PXE) (Bugzilla Bug 1205),mdemodulepkg,medium,low,0.8,"The issue involves clarification and documentation of driver usage, which is less critical than runtime panics or security vulnerabilities."
qwen2.5:14b,A,7527,HTTPBoot might cause memory access overflow in AsciiStrStr (Bugzilla Bug 1204),networkpkg,medium,medium,0.85,Similar to other networkpkg issues with memory access concerns.
qwen2.5:14b,A,7526,A GUID required is missing in SecCore INF (Bugzilla Bug 1203),ueficpupkg,medium,low,0.85,Similar to other issues in ueficpupkg with medium priority.
qwen2.5:14b,A,9642,BaseTools: Enable LTO option in XCODE5 tool chain (Bugzilla Bug 1202),basetools,medium,high,0.8,Similar to other BaseTools issues but lacks severity indicators like crashes or significant build reproducibility problems.
qwen2.5:14b,A,7525,Update Brotli to the latest version 1.0.5 (Bugzilla Bug 1201),mdemodulepkg,medium,high,0.7,No specific severity indicators; similar to other package updates without critical impact.
qwen2.5:14b,A,7524,RegularExpressionDxe: Update Oniguruma to 6.9.0 (Bugzilla Bug 1200),mdemodulepkg,medium,high,0.8,The issue involves updating a dependency which is typically of medium severity unless it causes critical issues or security vulnerabilities.
qwen2.5:14b,A,9641,Font of EFI Text services (SIMPLE_TEXT_OUTPUT_INTERFACE) is tiny on hidpi screens (Bugzilla Bug 1199),mdemodulepkg,medium,medium,0.8,Similar to other issues in mdemodulepkg that are not explicitly marked as high priority.
qwen2.5:14b,A,7523,Interlocked[De|In]crement return value is not MP safe (Bugzilla Bug 1197),mdepkg,medium,low,0.8,Similar to other issues in mdepkg with medium priority.
qwen2.5:14b,A,7522,[PciHostBridgeDxe] forbids to access PMEM MMIO sometimes (Bugzilla Bug 1196),mdemodulepkg,high,low,0.85,Similar to other high priority issues in mdemodulepkg related to access restrictions and potential crashes.
qwen2.5:14b,A,7521,Insert LoadFence() for suspicious 'Bounds Check Bypass' issues within SMI handlers (Bugzilla Bug 1194),mdemodulepkg,high,low,0.85,Similar to other security-related issues in mdemodulepkg with high priority.
qwen2.5:14b,A,7520,[MdePkg-BaseLib] Add a new LoadFence() API to implement LFENCE functionality (Bugzilla Bug 1193),mdepkg,medium,low,0.85,Similar to other MdePkg issues that do not specify critical impact but involve API additions.
qwen2.5:14b,A,9640,IntelUndiPkg in edk2-staging does not use the PCI I/O protocols for DMA correctly (Bugzilla Bug 1192),-,medium,low,0.8,The issue does not specify a critical failure or security vulnerability but indicates incorrect usage of protocols which could impact functionality.
qwen2.5:14b,A,7519,PiSmmCpuDxe issue on SmiHandler execution (Bugzilla Bug 1191),ueficpupkg,high,high,0.85,"The issue involves a critical component (PiSmmCpuDxe) and concerns SmiHandler execution, which is likely to have significant impact on system stability."
qwen2.5:14b,A,7518,Request to remove IntelFrameworkPkg\Library (Bugzilla Bug 1190),intelframeworkpkg,medium,medium,0.85,Similar to other issues in intelframeworkpkg without a clear indication of severity beyond typical bug reporting.
qwen2.5:14b,A,7517,Add missing lib and GUID reference in FrameworkUefiLib.inf (Bugzilla Bug 1189),intelframeworkpkg,low,low,0.8,The bug involves missing references which is likely to cause build or linking issues but not critical system failures.
qwen2.5:14b,A,7516,MTRR Lib change causes error in Windows event log *Compat bug (Bugzilla Bug 1187),ueficpupkg,medium,low,0.8,Similar to other issues in ueficpupkg with medium priority.
qwen2.5:14b,A,7515,[CpuMpPei] Some static code checkers complain address of a local variable being returned function GetStackBase() (Bugzilla Bug 1186),ueficpupkg,medium,medium,0.8,Similar to other static code checker issues that are typically medium priority.
qwen2.5:14b,A,7514,SdMmcPciHcDxe: Timeout in SdMmcHcReset (Bugzilla Bug 1185),mdemodulepkg,medium,medium,0.8,Similar to other MdeModulePkg issues that are typically medium priority.
qwen2.5:14b,A,7513,An unused header file is linked in PciSegmentLib.h (Bugzilla Bug 1184),mdepkg,low,low,0.85,Similar to other low priority issues related to unused or unnecessary files.
qwen2.5:14b,A,7512,An unused header file is linked in PciLib.c (Bugzilla Bug 1183),mdepkg,low,low,0.8,"The issue involves an unused header file in a source code file, which is likely to have minimal impact on functionality or performance."
qwen2.5:14b,A,7511,SdMmcPciHcDxe: SdMmcHcCardDetect called for all types of slots during init (Bugzilla Bug 1182),mdemodulepkg,medium,medium,0.85,Similar to other mdemodulepkg issues with medium priority.
qwen2.5:14b,A,7510,BaseTools needs to check whether FV image is valid (Bugzilla Bug 1181),basetools,high,high,0.85,Similar to other high priority issues in basetools package related to image validation and integrity checks.
qwen2.5:14b,A,7509,There are trailing white spaces issues in MdeModulePkg\Universal\Network\Ip4Dxe\Ip4Impl.c (Bugzilla Bug 1180),mdemodulepkg,low,low,0.9,Trailing white spaces are typically considered minor formatting issues.
qwen2.5:14b,A,7508,error: all paths through this function will call itself when build standard C project (Bugzilla Bug 1179),stdlib,high,medium,0.85,"The error described is a recursive function call on all paths, which can lead to stack overflow and crashes."
qwen2.5:14b,A,9639,PciBusDxe: PCI-Express bug with dynamic PcdPciExpressBaseAddress (Bugzilla Bug 1178),mdemodulepkg,medium,medium,0.8,Similar to other MdeModulePkg issues with dynamic Pcd configuration problems.
qwen2.5:14b,A,7507,A INF path is missing in MdePkg DSC. (Bugzilla Bug 1177),mdepkg,low,medium,0.8,Similar to other INF path issues in MdePkg which are typically low priority.
qwen2.5:14b,A,7506,Add a INF path in MdePkg DSC (Bugzilla Bug 1176),mdepkg,low,low,0.85,The issue is about adding an INF path in DSC which seems to be a minor configuration or documentation change.
qwen2.5:14b,A,7505,UDF partition show No file system info in Bios Setup (Bugzilla Bug 1175),mdemodulepkg,medium,medium,0.8,Similar to other MdeModulePkg issues that are medium priority.
qwen2.5:14b,A,7504,Cannot boot from UEFI  USB disk in Boot Manager . (Bugzilla Bug 1174),mdemodulepkg,high,medium,0.85,Similar to other boot-related issues in mdemodulepkg with high priority.
qwen2.5:14b,A,7503,USB disk with UDF 2.50 file system cannot be mapped in UEFI Shell. (Bugzilla Bug 1173),mdemodulepkg,medium,medium,0.8,Similar to other firmware issues in MdeModulePkg with medium priority.
qwen2.5:14b,A,7502,Wrong comments in DEC of MdePkg (Bugzilla Bug 1172),mdepkg,low,low,0.85,Similar to other documentation or comment issues in MdePkg which are typically low priority.
qwen2.5:14b,A,9638,"Strange behavior of ""for"" indexvar (Bugzilla Bug 1171)",shellpkg,low,medium,0.8,Similar to other shellpkg issues without critical impact.
qwen2.5:14b,A,7501,BaseTools: regression issue that display an empty PCD not used section in the report (Bugzilla Bug 1170),basetools,medium,medium,0.85,Similar to other BaseTools issues that affect build reports but do not cause critical failures.
qwen2.5:14b,A,7500,IntelVTdDxe: Optimize function scan when function 0 is not existing in ScanPciBus() (Bugzilla Bug 1169),intelsiliconpkg,low,low,0.8,Optimization issues typically have a low impact on system stability or functionality.
qwen2.5:14b,A,7499,XhciDxe: Set HSEE Bit if SERR# Enable Bit is set (Bugzilla Bug 1167),mdemodulepkg,low,low,0.8,The issue is specific to a module and does not indicate widespread impact or severe consequences.
qwen2.5:14b,A,7498,VS2012 build failure in cpumppei\cpupaging.c (Bugzilla Bug 1166),ueficpupkg,medium,high,0.8,Similar to other build failure issues which are typically medium priority unless they block critical development work.
qwen2.5:14b,A,7497,No assert if HOB gEfiAcpiVariableGuid is missing with PcdAcpiS3Enable set to TRUE (Bugzilla Bug 1165),ueficpupkg,medium,medium,0.85,Similar to other firmware issues in UefiCpuPkg with moderate severity.
qwen2.5:14b,A,7496,[UefiCpuPkg/CpuDxe] unsafe bit-wise operation (Bugzilla Bug 1164),ueficpupkg,medium,low,0.85,Similar to other issues in ueficpupkg with bitwise operations and medium priority.
qwen2.5:14b,A,7495,Remove inline X86 assembly code in C code files. (Bugzilla Bug 1163),mdepkg,medium,medium,0.8,Similar to other issues in mdepkg without a specific severity indicator.
qwen2.5:14b,A,7494,Coding style issues in UefiCpuPkg\Library\CpuExceptionHandlerLib\PeiCpuException.c (Bugzilla Bug 1161),ueficpupkg,low,low,0.85,Coding style issues typically do not impact functionality or security as much as other types of bugs.
qwen2.5:14b,A,7493,Coding style issues in UefiCpuPkg\CpuDxe\CpuDxe.h (Bugzilla Bug 1160),ueficpupkg,low,low,0.85,Coding style issues typically do not impact functionality or security.
qwen2.5:14b,A,7492,Invalid line ending character in SecurityPkg (Bugzilla Bug 1159),securitypkg,low,low,0.85,Similar to other formatting or typo issues in BaseTools and SecurityPkg.
qwen2.5:14b,A,7491,Trailing white space issue in ShellPkg\Library\UefiShellNetwork1CommandsLib\Ifconfig.c (Bugzilla Bug 1158),shellpkg,low,low,0.9,"The issue is about trailing white space in code, which typically does not affect functionality or performance."
qwen2.5:14b,A,7490,FAT will double allocate clusters on long writes when the disk is full (Bugzilla Bug 1157),fatpkg,medium,medium,0.8,Similar to other firmware issues in MdeModulePkg and related packages with medium priority.
qwen2.5:14b,A,7489,NonDiscoverablePciDeviceDxe causes system crash running UEFI SCT suite (Bugzilla Bug 1156),mdemodulepkg,high,medium,0.85,"The issue causes a system crash during UEFI SCT suite execution, similar to other high-priority issues in MdeModulePkg that affect stability and testing."
qwen2.5:14b,A,7488,Lack of validation in CoherentDmaLib causes UEFI SCT test to fail (Bugzilla Bug 1155),embeddedpkg,high,low,0.85,"The issue involves a failure in UEFI SCT tests due to lack of validation, similar to other high priority issues related to test failures and critical functionality."
qwen2.5:14b,A,7487,CoherentDmaLib has a typo in DmaAlignedBuffer (Bugzilla Bug 1154),embeddedpkg,low,low,0.8,Typographical errors are generally less severe than functional or security issues.
qwen2.5:14b,A,7486,Just display the second table when specify two ACPITable type. (Bugzilla Bug 1153),shellpkg,low,medium,0.8,The bug does not impact critical functionality or build processes.
qwen2.5:14b,A,7485,System crash when EXCLUSIVE open of PXE child (LoadFile) handle (Bugzilla Bug 1152),networkpkg,high,high,0.85,The issue involves a system crash which is severe and similar to other high priority issues in the networkpkg package.
qwen2.5:14b,A,7484,Need to update the help information of ACPIVIEW (Bugzilla Bug 1151),shellpkg,medium,low,0.85,Similar to other Shellpkg issues with medium priority.
qwen2.5:14b,A,7483,No disable method for ACPI Table consistency checking and verbose data displaying (Bugzilla Bug 1150),shellpkg,medium,low,0.8,Similar to other issues in shellpkg that do not have a high severity priority.
qwen2.5:14b,A,7482,No strict parameters checkers for acpiview (Bugzilla Bug 1149),shellpkg,low,low,0.85,Similar to other shellpkg issues without critical build or security impacts.
qwen2.5:14b,A,9636,Thrown Unknown Interrupt Controller Structure error when dump ACPI Tables (Bugzilla Bug 1148),shellpkg,high,medium,0.85,Similar to other high priority issues in shellpkg related to script errors and compatibility problems.
qwen2.5:14b,A,9635,No disable method for ACPI Table consistency checking and verbose data displaying (Bugzilla Bug 1147),shellpkg,low,medium,0.8,The issue is about missing functionality without security or critical system impact.
qwen2.5:14b,A,7481,Need to update the help information of ACPIVIEW (Bugzilla Bug 1146),shellpkg,low,medium,0.85,The issue is about updating help information which does not impact functionality or security.
qwen2.5:14b,A,7480,Fail to run PatchCheck.py with Python3 (Bugzilla Bug 1145),basetools,medium,low,0.8,Similar to other build tool issues but does not indicate a critical failure or security vulnerability.
qwen2.5:14b,A,7479,Remove trailing white space in MdeModulePkg (Bugzilla Bug 1144),mdemodulepkg,low,low,0.85,Similar to other code cleanup tasks without reported bugs or severe issues.
qwen2.5:14b,A,7478,Sync the direct route entry setting in Ip4Dxe (Bugzilla Bug 1143),mdemodulepkg,medium,low,0.8,Similar to other MDModulePkg issues with medium priority.
qwen2.5:14b,A,7477,[NvmExpressDxe] Fix the incorrect check for 'TransferBuffer' and 'TransferLength' within NvmExpressPassThru() (Bugzilla Bug 1142),mdemodulepkg,high,low,0.85,Similar to other high priority issues in mdemodulepkg related to NvmExpressDxe.
qwen2.5:14b,A,7476,OVMF fails to boot systemrescuecd / gentoo livecd and many other live cds (Bugzilla Bug 1141),ovmfpkg,high,medium,0.85,The issue affects booting of multiple live CDs and is similar to other high priority issues affecting firmware functionality.
qwen2.5:14b,A,7475,[EmulatorPkg] README could have the Win Host build instructions (Bugzilla Bug 1139),emulatorpkg,low,low,0.8,The issue is about improving documentation and does not impact functionality or performance.
qwen2.5:14b,A,7474,[EmulatorPkg] Win host cannot be built with VS2015 (Bugzilla Bug 1138),emulatorpkg,medium,low,0.8,Similar to other build issues affecting specific environments and toolchains.
qwen2.5:14b,A,7473,Unlimited FV Recursion (Bugzilla Bug 1137),mdemodulepkg,high,low,0.85,The issue involves FV recursion which could lead to system instability or crashes similar to other high priority issues in mdemodulepkg.
qwen2.5:14b,A,7472,SMI Confused Deputy SmramSaveState.c (Bugzilla Bug 1136),ueficpupkg,high,medium,0.85,Similar to other security-related issues in ueficpupkg with high priority.
qwen2.5:14b,A,7471,Stack Overflow on Corrupted BMP (Bugzilla Bug 1135),mdemodulepkg,high,medium,0.85,Similar to other high priority issues in mdemodulepkg related to security and stability.
qwen2.5:14b,A,7470,Buffer Overflow in BlockIo service for RAM disk (Bugzilla Bug 1134),mdemodulepkg,high,medium,0.9,Buffer overflow issues typically indicate high severity due to potential for exploitation.
qwen2.5:14b,A,7469,Opal BlockSid Setting Disabled after S3 (Bugzilla Bug 1133),securitypkg,high,medium,0.85,The bug affects Opal BlockSid functionality which is critical for security and matches similar high priority security issues in the same package.
qwen2.5:14b,A,9634,Update MinnowMax to not use EdkCompatibilityPkg (Bugzilla Bug 1132),vlv2tbltdevicepkg,medium,high,0.8,Similar to other package-specific updates and refactorings.
qwen2.5:14b,A,7468,[Core] Handle multiple FV images in one FV file (Bugzilla Bug 1131),mdemodulepkg,medium,low,0.8,Similar to other MdeModulePkg issues without explicit severity indicators.
qwen2.5:14b,A,7467,Usb devices fail to start again after reconnect -r in shell on OVMF (Bugzilla Bug 1130),ovmfpkg,medium,low,0.85,Similar to other issues in ovmfpkg with medium priority.
qwen2.5:14b,A,7466,Usb devices fail to start again after reconnect -r in shell on OVMF (Bugzilla Bug 1129),mdemodulepkg,medium,low,0.8,Similar to other issues in mdemodulepkg with medium priority due to impact on device functionality.
qwen2.5:14b,A,7465,There's still code executed on AP trying to access PEI services (Bugzilla Bug 1128),ueficpupkg,high,low,0.85,Similar to other high priority issues in ueficpupkg related to PEI services and AP execution.
qwen2.5:14b,A,7464,Too many debug message if heap guard feature is enabled (Bugzilla Bug 1127),ueficpupkg,medium,low,0.85,Similar to other issues in ueficpupkg with medium priority due to impact on debug output rather than core functionality.
qwen2.5:14b,A,9633,Incorrectly attempting to rebase a FV with mixed PEI/Dxe modules forcing FileAlign and Align linker options to be same (Bugzilla Bug 1124),basetools,high,high,0.85,"The issue involves a significant problem with FV rebasing and linker options alignment, similar to other high-priority issues in BaseTools package."
qwen2.5:14b,A,9632,StdLib package build with VS2017 Socket.c warning: declaration of 'errno' hides global declaration (Bugzilla Bug 1123),stdlib,low,medium,0.85,Similar to other build warning issues in different packages which are typically low priority.
qwen2.5:14b,A,9631,"[BaseTools] ""build run"" doesn't have capability to launch customized executable file (Bugzilla Bug 1122)",basetools,medium,medium,0.85,Similar to other BaseTools issues without a high severity label.
qwen2.5:14b,A,7461,"[EmulatorPkg]IoThunk->Close() is called too early, may causing hang/assertion (Bugzilla Bug 1121)",emulatorpkg,high,low,0.85,The issue involves potential hangs and assertions which are severe problems in emulator packages.
qwen2.5:14b,A,7460,[EmulatorPkg] Switch from IntelFrameworkModulePkg/Bds to MdeModulePkg/Bds (Bugzilla Bug 1120),emulatorpkg,medium,low,0.8,Similar to other module switch and dependency issues which are typically medium priority.
qwen2.5:14b,A,7459,[EmulatorPkg] AutoScanPei reports the wrong CPU address size (Bugzilla Bug 1119),emulatorpkg,medium,low,0.8,Similar to other issues in EmulatorPkg with medium priority.
qwen2.5:14b,A,7458,[EmulatorPkg] SimpleTextInEx and GOP SCT conformance test failure (Bugzilla Bug 1118),emulatorpkg,medium,low,0.8,Similar to other conformance test issues which are typically medium priority.
qwen2.5:14b,A,7457,[EmulatorPkg] SimpleFileSystem.Close() asserts on CR (Bugzilla Bug 1117),emulatorpkg,high,low,0.85,"The issue involves an assertion failure in a core function of EmulatorPkg, similar to other high priority issues involving critical failures or security concerns."
qwen2.5:14b,A,7456,Inconsistent Pcd's when enabling Nx related functionality (Bugzilla Bug 1116),mdemodulepkg,medium,high,0.8,Similar to other mdemodulepkg issues without a clear indication of high severity.
qwen2.5:14b,A,7455,Setup Browser has off by 2 buffer overflows (Bugzilla Bug 1115),mdemodulepkg,high,high,0.9,Similar to other high priority buffer overflow issues in mdemodulepkg.
qwen2.5:14b,A,7454,Allocate pool used in debug path (Bugzilla Bug 1114),mdemodulepkg,medium,high,0.8,Similar to other mdemodulepkg issues without high severity indicators.
qwen2.5:14b,A,7453,Harden the Usb mass storage driver to prevent system hang by wrong hardware info (Bugzilla Bug 1113),mdemodulepkg,medium,high,0.8,Similar to other issues in mdemodulepkg that are classified as medium priority.
qwen2.5:14b,A,7451,"BaseTools:  FDF parser extend ""!include"", ""!if"", etc to not case-sensitive (Bugzilla Bug 1111)",basetools,low,medium,0.85,Similar to other BaseTools issues that do not indicate critical functionality or severe bugs.
qwen2.5:14b,A,7450,[Pci] Restrict one VGA per HostBridge not Segment (Bugzilla Bug 1109),mdemodulepkg,medium,high,0.85,Similar to other mdemodulepkg issues with medium priority.
qwen2.5:14b,A,7449,Remove EdkShellBinPkg from edk2/master (Bugzilla Bug 1108),edkshellbinpkg,low,medium,0.8,The issue is about removing a package which does not indicate critical functionality or severe bug.
qwen2.5:14b,A,7448,Remove EdkShellPkg from edk2/master (Bugzilla Bug 1107),edkshellpkg,low,medium,0.8,The issue is about removing a package which does not directly impact functionality or security like other high priority issues.
qwen2.5:14b,A,7447,Remove UnixPkg from edk2/master (Bugzilla Bug 1106),unixpkg,low,low,0.85,The issue is about removing a package and does not indicate critical functionality or security impact.
qwen2.5:14b,A,7446,Remove FatBinPkg from edk2/master (Bugzilla Bug 1105),fatbinpkg,medium,medium,0.85,Similar to other removal requests which are typically medium priority unless critical issues are mentioned.
qwen2.5:14b,A,7445,remove EDK build support from BaseTools (Bugzilla Bug 1104),basetools,medium,medium,0.85,Similar to other BaseTools issues that are classified as medium priority due to build support changes.
qwen2.5:14b,A,7444,delete EdkCompatibilityPkg from edk2/master (Bugzilla Bug 1103),edkcompatibilitypkg,high,medium,0.85,The issue involves deleting a package from master which could have significant implications and dependencies.
qwen2.5:14b,A,7443,Empty HTTP header causes OVMF VM to lock-up (Bugzilla Bug 1102),mdemodulepkg,high,low,0.85,The issue affects OVMF VM stability and has been assigned to a specific developer with multiple CC contacts indicating its severity.
qwen2.5:14b,A,7442,Remove duplicated SataControllerDxe driver from CorebootPayloadPkg (Bugzilla Bug 1101),uefipayloadpkg,low,low,0.8,"The issue involves removing a duplicated driver, which is likely to be a maintenance task rather than a critical bug affecting functionality or security."
qwen2.5:14b,A,7441,SmmCorePerformanceLib miss to list DxeServicesLib in [LibraryClasses] section of INF file (Bugzilla Bug 1100),mdemodulepkg,medium,low,0.8,Similar to other issues in mdemodulepkg that are classified as medium priority.
qwen2.5:14b,A,7439,SMM FreePages accept non-SMRAM page (Bugzilla Bug 1098),mdemodulepkg,high,low,0.85,The issue involves SMM FreePages accepting non-SMRAM pages which could lead to serious security vulnerabilities.
qwen2.5:14b,A,9630,TCG startup locality information is incorrect (Bugzilla Bug 1097),mdepkg,high,medium,0.85,The issue involves incorrect TCG startup locality information which could have significant security implications.
qwen2.5:14b,A,7436,[UefiCpuPkg-SMM] Add Return Stack Buffer stuffing logic before returning from SMM (Bugzilla Bug 1093),ueficpupkg,high,low,0.85,"The issue is related to SMM security and involves a blocker for another critical bug (#1091), indicating high severity."
qwen2.5:14b,A,7435,"commit 241f914975d5 changed the file mode bits of ""PiSmmCpuDxeSmm.c"" from 100644 to 100755 (Bugzilla Bug 1092)",ueficpupkg,low,medium,0.85,The issue is related to file mode changes which typically do not impact functionality or security.
qwen2.5:14b,A,7434,merge StuffRsb.inc copies into one (Bugzilla Bug 1091),ueficpupkg,low,high,0.8,The issue involves merging file copies which is a maintenance task rather than a critical bug or build failure.
qwen2.5:14b,A,7433,Enroll TLS cert more than once cause attributes failure (Bugzilla Bug 1090),networkpkg,medium,low,0.85,Similar to other networkpkg issues with medium priority.
qwen2.5:14b,A,7432,[OpenSSL] Update version to upcoming 1.1.1 (Bugzilla Bug 1089),cryptopkg,high,high,0.85,"The issue involves updating a critical security library (OpenSSL) to a new version, which typically carries high priority due to potential security implications."
qwen2.5:14b,A,7431,"Support ""fake Capsule header"" in gRT->QueryCapsuleCpapbilities() with DxeCapsuleLibFmp library instance (Bugzilla Bug 1088)",mdemodulepkg,high,high,0.85,The issue involves modifying critical functionality related to capsule headers and capabilities in DxeCapsuleLibFmp library instance.
qwen2.5:14b,A,7430,CPER definitions missing for ARM (Bugzilla Bug 1087),mdepkg,high,low,0.85,Similar to other high priority issues in mdepkg related to critical definitions and compatibility.
qwen2.5:14b,A,9629,System Brick due to uefi MemoryTypeInformation var changes (Bugzilla Bug 1086),-,high,high,0.85,The system brick issue is severe and similar to other high priority issues involving critical failures.
qwen2.5:14b,A,7429,[BaseTools-build_rule]: Add $(INC)-like support when compiling .nasm files (Bugzilla Bug 1085),basetools,medium,medium,0.8,Similar to other BaseTools issues without high severity indicators.
qwen2.5:14b,A,7428,SmmLockBoxRestore doesn't report buffer length (Bugzilla Bug 1082),mdemodulepkg,medium,medium,0.85,Similar to other issues in mdemodulepkg with medium priority.
qwen2.5:14b,A,7427,Incorrect debug statement in TcgStorageCoreLib.h (Bugzilla Bug 1081),securitypkg,low,low,0.85,Similar to other issues in securitypkg that are typically low priority due to being minor debug statement errors.
qwen2.5:14b,A,7426,[Shell] Input redirection should make sure 0xFFFE is in the beginning of the input source (Bugzilla Bug 1080),shellpkg,medium,medium,0.85,Similar to other shellpkg issues with medium priority.
qwen2.5:14b,A,7425,Access Denied in EmulatorPkg when running applications from EFI shell (Bugzilla Bug 1079),emulatorpkg,medium,low,0.8,Similar to other emulatorpkg issues with access or permission problems.
qwen2.5:14b,A,9628,DebugAssert on 'ls' command (Bugzilla Bug 1078),emulatorpkg,medium,low,0.85,Similar to other emulatorpkg issues with moderate severity.
qwen2.5:14b,A,9627,PcdDxeNxMemoryProtectionPolicy should reserve bits for Code type memory (Bugzilla Bug 1077),mdemodulepkg,medium,medium,0.8,Similar to other issues in mdemodulepkg but lacks high severity indicators like build breaks or critical protocol failures.
qwen2.5:14b,A,9626,X64 build of EmulatorPkg - No symbol table is loaded. (Bugzilla Bug 1076),emulatorpkg,medium,low,0.8,"Similar to other build issues but lacks severity indicators like 'fails' or 'crashes', suggesting it may be a nuisance rather than a critical failure."
qwen2.5:14b,A,7424,[regression] SecurityPkg commit f15cb995bb38 breaks TPM2_ENABLE in OvmfPkg (Bugzilla Bug 1075),securitypkg,high,low,0.85,The issue affects a critical package (SecurityPkg) and involves breaking changes in OvmfPkg related to TPM2_ENABLE.
qwen2.5:14b,A,7423,don't distinguish EFI_FILE_MODE_CREATE in EfiOpenFileByDevicePath() / OpenMode (Bugzilla Bug 1074),mdepkg,medium,low,0.8,Similar to other issues in mdepkg with medium priority.
qwen2.5:14b,A,7422,Add PKCS7 test key inc files (Bugzilla Bug 1073),basetools,low,low,0.85,The issue involves adding test key files which is likely a minor enhancement rather than a critical bug or security flaw.
qwen2.5:14b,A,7421,Need to check EDK II source and resolve all CppCheck issues. (Bugzilla Bug 1071),-,medium,low,0.8,"The issue does not specify a package and is about resolving CppCheck issues across EDK II source, which is likely to impact multiple components but may not be as critical as high priority bugs."
qwen2.5:14b,A,7420,commit f15cb995bb38 adds unchecked PcdSet8S() calls to SecurityPkg/Library/Tpm2DeviceLibDTpm (Bugzilla Bug 1070),securitypkg,medium,medium,0.8,The issue involves adding unchecked PcdSet8S() calls which is less severe than build failures or firmware issues.
qwen2.5:14b,A,7419,"BaseTools: BinToPcd: When use python 3.6.4 to run BinToPCD.py with -i -o, output file has nothing. (Bugzilla Bug 1069)",basetools,high,low,0.9,Similar to other high priority issues in basetools related to BinToPCD functionality and output problems.
qwen2.5:14b,A,7418,ECC tool crash because 'NoneType' object (Bugzilla Bug 1068),basetools,medium,high,0.85,Similar to other issues in basetools package without a clear indication of high severity.
qwen2.5:14b,A,7417,Dead code and inf redundant definitions in SignedCapsulePkg (Bugzilla Bug 1067),signedcapsulepkg,medium,medium,0.8,Similar to other issues in SignedCapsulePkg with medium priority.
qwen2.5:14b,A,7416,Dead code and inf redundant definitions in ShellPkg (Bugzilla Bug 1066),shellpkg,low,medium,0.85,Similar to other low priority issues involving dead code and redundant definitions.
qwen2.5:14b,A,7415,Dead code and inf redundant definitions in SecurityPkg (Bugzilla Bug 1065),securitypkg,medium,medium,0.85,Similar to other issues involving code cleanup and redundant definitions in firmware packages.
qwen2.5:14b,A,7414,Dead code and inf redundant definitions in NetworkPkg (Bugzilla Bug 1064),networkpkg,medium,medium,0.85,Similar to other issues in networkpkg that are classified as medium priority due to code cleanup and redundancy.
qwen2.5:14b,A,7413,Dead code and inf redundant definitions in IntelFrameworkModuleAll (Bugzilla Bug 1063),intelframeworkmodulepkg,low,medium,0.85,The issue involves dead code and redundant definitions which are typically less critical than security vulnerabilities or major functionality issues.
qwen2.5:14b,A,7412,Dead code and inf redundant definitions in MdeModulePkg (Bugzilla Bug 1062),mdemodulepkg,low,medium,0.8,The issue involves dead code and redundant definitions which are less critical than assertion errors or build failures.
qwen2.5:14b,A,7411,"GenerateCapsule: when the tool is not exist or the cert file is incorrect, decode still success (Bugzilla Bug 1061)",basetools,high,medium,0.85,"The issue involves a security concern where incorrect certificates or missing tools do not prevent successful capsule decoding, similar to other high-priority issues related to tool safety and integrity."
qwen2.5:14b,A,7410,Performance measurements with PerformancePkg on all platforms (Bugzilla Bug 1060),performancepkg,medium,high,0.8,Similar to other issues in PerformancePkg with moderate impact on performance measurements.
qwen2.5:14b,A,7409,Clang build fail in SmmRuntimeDxeReportStatusCodeLibFramework module (Bugzilla Bug 1059),intelframeworkmodulepkg,medium,medium,0.8,Similar to other build failure issues that are typically medium priority.
qwen2.5:14b,A,9625,"Clang 3.9 has no option ""-Wno-error=maybe-uninitialized"". Breaks OpenSslLib build. (Bugzilla Bug 1058)",basetools,high,medium,0.9,Similar to other build break issues in basetools package.
qwen2.5:14b,A,7408,FvSimpleFileSystem driver leaks memory on read (Bugzilla Bug 1057),mdemodulepkg,high,medium,0.85,Memory leaks are critical issues that can lead to system instability and crashes.
qwen2.5:14b,A,7407,Redundant info is defined in SmmCommunicationBufferDxe module INF (Bugzilla Bug 1056),mdemodulepkg,low,medium,0.85,The bug involves redundant information in an INF file and does not impact functionality or security.
qwen2.5:14b,A,7406,Redundant info is defined in SmiHandlerProfileInfo module INF (Bugzilla Bug 1055),mdemodulepkg,low,medium,0.85,Similar to other redundant info issues in mdemodulepkg which are typically low priority.
qwen2.5:14b,A,7405,Redundant info is defined in EbcDebugger module INF (Bugzilla Bug 1054),mdemodulepkg,low,medium,0.85,The issue involves redundant information in an INF file which is likely to cause minor inconvenience or confusion but not critical system failure.
qwen2.5:14b,A,7404,Redundant info is defined in CapsuleApp module INF (Bugzilla Bug 1053),mdemodulepkg,low,medium,0.85,The issue involves redundant information in an INF file which is less critical than bugs causing hangs or crashes.
qwen2.5:14b,A,7403,Redundant info is defined in EsrtDxe module INF (Bugzilla Bug 1052),mdemodulepkg,low,medium,0.85,The issue is about redundant information in an INF file and does not impact functionality or performance.
qwen2.5:14b,A,7402,Redundant info is defined in FirmwarePerformanceDxe module INF (Bugzilla Bug 1051),mdemodulepkg,low,medium,0.85,The issue involves redundant information in module INF which is less severe than other issues affecting functionality or causing crashes.
qwen2.5:14b,A,7401,"GenerateCapsule: encode by Openssl tool, but some of the cert file's content is incorrect, it report traceback error (Bugzilla Bug 1050)",basetools,high,high,0.9,Similar to other high priority issues in basetools related to capsule generation and OpenSSL tool integration.
qwen2.5:14b,A,7400,Redundant info is defined in MdeModulePkg AcpiPlatformDxe module INF (Bugzilla Bug 1049),mdemodulepkg,low,medium,0.8,The issue involves redundant information in an INF file and does not indicate critical functionality or security impact.
qwen2.5:14b,A,7399,"GenerateCapsule: use an empty file to do decode, it report traceback error (Bugzilla Bug 1048)",basetools,high,high,0.85,Similar to other BaseTools issues that report critical errors during tool execution.
qwen2.5:14b,A,7398,Redundant info is defined in ResetSystemRuntimeDxe module INF (Bugzilla Bug 1047),mdemodulepkg,low,medium,0.85,The issue is about redundant info in an INF file and does not indicate a critical runtime or security problem like other high priority issues.
qwen2.5:14b,A,7397,"GenerateCapsule: When encode by signtool, some cases report traceback error (Bugzilla Bug 1046)",basetools,high,high,0.85,"The issue involves a traceback error during capsule encoding with signtool, which could severely impact build processes and reliability."
qwen2.5:14b,A,7396,Redundant info is defined in I2cHostDxe module INF (Bugzilla Bug 1045),mdemodulepkg,low,medium,0.85,The issue involves redundant information in an INF file which is less severe than other issues affecting functionality or security.
qwen2.5:14b,A,7395,Redundant info is defined in UfsPciHcDxe module INF (Bugzilla Bug 1044),mdemodulepkg,low,medium,0.85,Similar to other low priority issues in mdemodulepkg package involving redundant or unnecessary definitions.
qwen2.5:14b,A,7394,Redundant info are defined in UefiCpuPkg SecCore module INF (Bugzilla Bug 1043),ueficpupkg,low,medium,0.85,The issue involves redundant information in an INF file which is likely to cause minor confusion or inefficiency but not critical system failure.
qwen2.5:14b,A,7393,"BaseTools: BinToPcd: When use python 27 to run BinToPCD, it will raise an error but it is successful when use python 36. (Bugzilla Bug 1042)",basetools,medium,high,0.85,Similar to other BaseTools issues that are medium priority due to build tool compatibility concerns.
qwen2.5:14b,A,9624,"PiSmmCpuDxeSmm fails to set NX on address space outside SMRAM, and leaves EfiRuntimeServicesCode as writable memory. (Bugzilla Bug 1041)",ueficpupkg,high,high,0.9,Similar to other high priority issues in ueficpupkg related to SMM and memory protection.
qwen2.5:14b,A,7392,PcdFmpDeviceSystemResetRequired could be removed (Bugzilla Bug 1040),-,medium,medium,0.8,The issue does not specify a package and is similar to other Pcd-related issues which are typically medium priority.
qwen2.5:14b,A,7391,[UefiCpuPkg/CpuDxe] Ambiguous usage of  PAGE_TABLE_LIB_PAGING_CONTEXT in CpuPageTable.c (Bugzilla Bug 1039),ueficpupkg,medium,medium,0.85,Similar to other issues in ueficpupkg with ambiguous usage and context problems.
qwen2.5:14b,A,7390,Redundant Protocol is defined in Tcg2Dxe module INF (Bugzilla Bug 1038),securitypkg,medium,medium,0.85,Similar to other redundant definition issues in securitypkg with medium priority.
qwen2.5:14b,A,7389,Redundant GUID and protocol are defined in SecureBootConfigDxe module INF (Bugzilla Bug 1037),securitypkg,low,medium,0.8,Redundant definitions in INF files are generally less critical than other security-related issues.
qwen2.5:14b,A,7388,Redundant GUID is defined in IScsiDxe module INF (Bugzilla Bug 1036),networkpkg,low,medium,0.85,The issue is about redundant GUID definition which seems to be a minor code quality problem without immediate impact on functionality or security.
qwen2.5:14b,A,7387,Redundant GUID is defined in AtaBusDxe module INF (Bugzilla Bug 1035),mdemodulepkg,medium,medium,0.85,Similar to other redundant GUID issues in mdemodulepkg which are typically medium priority.
qwen2.5:14b,A,7386,Redundant Protocol is defined in XenPvBlkDxe module INF (Bugzilla Bug 1034),ovmfpkg,low,low,0.8,The bug involves redundant protocol definition which is less critical than memory corruption or crashes.
qwen2.5:14b,A,7385,Redundant Protocol is defined in DxeMain module INF (Bugzilla Bug 1033),mdemodulepkg,medium,medium,0.85,Similar to other issues in mdemodulepkg with medium priority.
qwen2.5:14b,A,7384,Redundant PPI is defined in S3Resume2Pei module INF (Bugzilla Bug 1032),ueficpupkg,low,medium,0.8,The issue involves a redundant PPI definition which is likely to cause minimal impact compared to other high priority issues related to functionality or security.
qwen2.5:14b,A,7383,GenerateCapsule: document to describe current's limitation (Bugzilla Bug 1031),basetools,low,medium,0.8,The issue is about documenting limitations and does not indicate any critical bugs or performance issues.
qwen2.5:14b,A,7382,GenerateCapsule: Enhance to not generate capsule file when PopulateSystemTable flag is set (Bugzilla Bug 1030),basetools,medium,high,0.85,Similar to other BaseTools issues without a clear indication of high severity.
qwen2.5:14b,A,7381,GenerateCapsule: Update help of --fw-version/--lsv that this is Required for encode operations. (Bugzilla Bug 1029),basetools,low,high,0.8,The issue is about updating help documentation which typically has a lower severity impact compared to other issues in the same package.
qwen2.5:14b,A,7380,"GenerateCapsule: use a capsule file that be signed, but without Payload header to dump, the dump-info is not correct (Bugzilla Bug 1028)",basetools,medium,high,0.8,Similar to other BaseTools issues that affect functionality but do not indicate critical failure or security risk.
qwen2.5:14b,A,7379,GenerateCapsule: --debug option doesn't print out debug info (Bugzilla Bug 1027),basetools,low,high,0.8,The issue is about a missing debug option in a tool and does not impact core functionality or security.
qwen2.5:14b,A,7378,"GenerateCapsule: when --fw-version or --lsv value exceed its max value, the error message is not clear (Bugzilla Bug 1026)",basetools,low,high,0.8,The issue is about unclear error messages which impacts user experience but not critical system functionality.
qwen2.5:14b,A,7377,"GenerateCapsule:--dump-info co-work with -o option, the output file is not correct (Bugzilla Bug 1025)",basetools,low,high,0.8,The issue is related to a tool's output file correctness and does not indicate critical system failure or security vulnerability.
qwen2.5:14b,A,7376,GenerateCapsule: the CertType in the dump info is incorrect (Bugzilla Bug 1024),basetools,high,high,0.85,"The issue affects BaseTools and impacts correctness of CertType in dump info, similar to other high priority issues affecting BaseTools."
qwen2.5:14b,A,7375,GenerateCapsule: decode capsule file report following verification failure (Bugzilla Bug 1023),basetools,high,high,0.85,Similar to other high priority issues in basetools package related to build failures and verification problems.
qwen2.5:14b,A,7374,"GenerateCapsule:MonotonicCount value exceed its max value, then report Traceback error (Bugzilla Bug 1022)",basetools,high,high,0.85,Similar to other high priority issues in basetools package related to tool crashes or errors.
qwen2.5:14b,A,7373,GenerateCapsule: No error report when capoemflag exceed its max value (Bugzilla Bug 1021),basetools,low,high,0.8,The issue is related to a missing error report in a tool and does not indicate a critical system failure or security vulnerability like other high priority issues.
qwen2.5:14b,A,7372,uCode checksum validation logic for extended table is wrong. (Bugzilla Bug 1020),ueficpupkg,high,high,0.85,The issue involves uCode checksum validation logic which is critical for security and reliability.
qwen2.5:14b,A,7371,Redundant library class are defined in TlsDxe module INF (Bugzilla Bug 1018),networkpkg,low,medium,0.8,Similar to other low priority issues in networkpkg with minor code quality concerns.
qwen2.5:14b,A,7370,Redundant library class are defined in PiSmmCore module INF (Bugzilla Bug 1017),mdemodulepkg,low,medium,0.85,The issue involves redundant definitions which are likely to cause minor build or maintenance issues but not critical security or functionality problems.
qwen2.5:14b,A,7369,Redundant library class is defined in PiSmmCpuDxeSmm module INF (Bugzilla Bug 1016),ueficpupkg,low,medium,0.85,Similar to other redundant definition issues which are typically low priority.
qwen2.5:14b,A,7368,GenerateCapsule: No Payload Header in the no signing capsule file (Bugzilla Bug 1015),basetools,high,low,0.9,Similar to other GenerateCapsule issues in basetools with high priority.
qwen2.5:14b,A,7367,Redundant library class are defined in AcpiPlatformDxe module INF (Bugzilla Bug 1014),ovmfpkg,low,low,0.8,The issue is about redundant library class definitions which are likely to cause minor build issues or warnings rather than critical failures.
qwen2.5:14b,A,7366,Redundant library class are defined in CpuDxe module INF (Bugzilla Bug 1013),ueficpupkg,low,medium,0.8,The issue involves redundant library classes which is less severe than other technical issues affecting build processes or toolchain functionality.
qwen2.5:14b,A,7365,Redundant library class is defined in S3SaveStateDxe module INF (Bugzilla Bug 1012),mdemodulepkg,low,medium,0.85,The issue is about a redundant library class definition which is likely to cause minor build warnings or issues but not critical system failures.
qwen2.5:14b,A,7364,Redundant library class is defined in PciBusDxe module INF (Bugzilla Bug 1011),mdemodulepkg,low,medium,0.85,The issue is about redundant library class definition which seems less critical compared to functional or security issues.
qwen2.5:14b,A,7363,Intel SA 00159 problems (Bugzilla Bug 1010),mdepkg,high,low,0.85,The issue is related to a security problem (Intel SA 00159) which typically warrants high priority.
qwen2.5:14b,A,7359,Need to update LZMA module to LZMA SDK latest version 18.05. (Bugzilla Bug 1006),basetools,medium,high,0.8,Similar to other BaseTools issues but lacks severity indicators like build failures or race conditions.
qwen2.5:14b,A,9623,Driver calling ConnectController() on a hot plug (usb) device doesn't call driver binding protocol stop() method on plugged out device (Bugzilla Bug 1005),corebootmodulepkg,medium,high,0.8,Similar to other firmware issues impacting specific targets and requiring protocol handling.
qwen2.5:14b,A,7358,Declaration of __builtin_return_address() breaks compilation with clang 7 (Bugzilla Bug 1004),mdepkg,medium,medium,0.8,Similar to other issues in mdepkg with medium priority due to compatibility concerns.
qwen2.5:14b,A,7357,Secure boot: Assert when setting key file located in FAT formatted eMMC/SD/USB (Bugzilla Bug 1003),securitypkg,high,low,0.9,The issue involves a critical assertion failure in secure boot functionality.
qwen2.5:14b,A,7356,Adding AsmReadEsp() / AsmReadRsp() (Bugzilla Bug 1002),mdepkg,low,low,0.8,The issue involves adding assembly functions which is a minor code addition without reported critical bugs or performance impacts.
qwen2.5:14b,A,7355,Renaming Directory Fat32 Loses Directory (Bugzilla Bug 1001),fatbinpkg,medium,high,0.85,Similar to other medium priority issues in fatbinpkg related to FAT32 functionality.
qwen2.5:14b,A,9622,FwVol.c compilation error for VS2017 AARCH64 build (Bugzilla Bug 1000),embeddedpkg,medium,high,0.8,Similar to other compilation issues that are typically medium priority.
qwen2.5:14b,A,7354,BaseTools/GenFw/Elf64Convert.c: converting R_X86_64_32S to EFI_IMAGE_REL_BASED_HIGHLOW is wrong and should be discontinued (Bugzilla Bug 999),basetools,high,low,0.85,"The issue involves incorrect conversion in a critical tool component (GenFw/Elf64Convert.c), similar to other high-priority issues affecting BaseTools functionality."
qwen2.5:14b,A,7353,using of goto in .nsh script within for loop causes script abort if goto label is inside the loop (Bugzilla Bug 998),shellpkg,medium,high,0.8,Similar to other issues in shellpkg with medium priority.
qwen2.5:14b,A,7352,TimeBaseLib.c compilation errors for VS2017 AARCH64 build (Bugzilla Bug 997),embeddedpkg,high,high,0.85,Compilation errors for a specific architecture and build environment are likely to cause significant issues in firmware development.
qwen2.5:14b,A,7351,MdeModulePkg UsbKbDxe: Notification function registered by RegisterKeystrokeNotify() will be called twice when a specified keystroke will occur. (Bugzilla Bug 996),mdemodulepkg,high,medium,0.85,"The bug involves a critical behavior of being called twice unexpectedly, similar to other high priority issues in MdeModulePkg."
qwen2.5:14b,A,7350,Error doesn't make sense (Bugzilla Bug 995),basetools,medium,medium,0.8,"The issue is related to BaseTools and involves an error message that doesn't make sense, similar in nature but less severe than other high priority issues involving critical build errors or toolchain compatibility."
qwen2.5:14b,A,7349,BaseTools : ElfConvert Tool update the VerboseMsg to same with the comment (Bugzilla Bug 994),basetools,low,medium,0.8,"The issue is about updating verbose messages in a tool, which typically does not impact functionality or security."
qwen2.5:14b,A,7348,AP shouldn't call PEI services (Bugzilla Bug 993),ueficpupkg,high,medium,0.85,Similar to Bug 2418 in package ueficpupkg with high priority due to critical nature of PEI service calls.
qwen2.5:14b,A,7347,generate ProcessLibraryConstructorList() declaration in AutoGen.h for SEC modules (Bugzilla Bug 991),basetools,medium,medium,0.8,Similar to other BaseTools issues without a high severity label.
qwen2.5:14b,A,7346,"OvmfPkg, ArmVirtPkg should use the central declaration of ProcessLibraryConstructorList() for SEC modules (Bugzilla Bug 990)",armvirtpkg,medium,low,0.8,"The issue involves code refactoring and centralization of a function declaration, which is less critical than security or performance issues."
qwen2.5:14b,A,9621,Evaluation of undefined macros in dsc files should result in empty string (Bugzilla Bug 989),basetools,medium,medium,0.8,Similar to other issues in basetools package without a clear indication of severity beyond typical compilation or configuration problems.
qwen2.5:14b,A,9620,CoreValidateHandle performance (Bugzilla Bug 988),mdemodulepkg,medium,high,0.8,Similar to other mdemodulepkg issues without a clear indication of high severity.
qwen2.5:14b,A,7345,Incorrect code generation in Thunk16.S with clang (Bugzilla Bug 987),mdepkg,medium,medium,0.8,Similar to other issues in mdepkg with medium priority due to unclear severity without specific details.
qwen2.5:14b,A,7344,UefiShellAcpiViewCommandLib fails to build under VS2017. Part 3. (Bugzilla Bug 986),shellpkg,high,high,0.85,Previous similar build failure issues in other packages were classified as high priority.
qwen2.5:14b,A,7343,UefiShellAcpiViewCommandLib fails to build under VS2017. Part 2. (Bugzilla Bug 985),shellpkg,medium,high,0.85,Similar to other build failure issues in shellpkg that are typically medium priority.
qwen2.5:14b,A,7342,UefiShellAcpiViewCommandLib fails to build under VS2017. (Bugzilla Bug 984),shellpkg,high,high,0.85,Similar to other build failure issues in shellpkg that are classified as high priority.
qwen2.5:14b,A,7341,WebServer.efi does not work when built on Linux (Bugzilla Bug 983),stdlib,high,low,0.85,"The issue affects a critical component (WebServer.efi) and is related to cross-platform build compatibility, which are high priority concerns."
qwen2.5:14b,A,7340,Commit d1de487 adds a Print to the display (Bugzilla Bug 982),mdemodulepkg,low,high,0.8,The bug involves a minor change in logging output without apparent functional impact.
qwen2.5:14b,A,7339,[ECC] cannot recognize binary number like 0b01 (Bugzilla Bug 981),basetools,medium,low,0.85,Similar to other BaseTools issues that are medium priority due to impacting tool functionality but not causing immediate system crashes or severe reproducibility issues.
qwen2.5:14b,A,7338,Adjust the debug message print level of the BlockIo services in NvmExpressDxe (Bugzilla Bug 980),mdemodulepkg,low,low,0.8,The issue is about adjusting debug message print levels which typically does not impact functionality or security.
qwen2.5:14b,A,7336,Capsule generation tools to add some check for capsule flag option (Bugzilla Bug 977),basetools,medium,high,0.8,Similar to other BaseTools issues without a clear indication of high severity.
qwen2.5:14b,A,7335,Capsule generation tools need to support generate no signature capsule file (Bugzilla Bug 976),basetools,medium,high,0.85,Similar to other tool-related issues in BaseTools package.
qwen2.5:14b,A,7334,"Can not output # when typing 'Shift + 3"" in Shell command ""edit"" (Bugzilla Bug 975)",shellpkg,low,low,0.85,Similar to other input/output issues in shellpkg with low severity.
qwen2.5:14b,A,7333,BaseTools: BinToPcd: Enhance BinToPCD's help message about offset (Bugzilla Bug 974),basetools,low,high,0.85,The bug is about enhancing help message clarity rather than fixing a critical or performance-related issue.
qwen2.5:14b,A,7332,Buffer Overflow in UsbBusDxe during UsbHubInit(). (Bugzilla Bug 973),mdemodulepkg,high,high,0.9,Buffer overflow vulnerabilities typically indicate high severity due to potential for code execution or system crashes.
qwen2.5:14b,A,9617,"For case-insensitive file systems, edk2 UPT\Xml folder collides with the Python xml moudle (Bugzilla Bug 971)",basetools,medium,low,0.85,Similar to other issues in basetools package without a clear indication of severity beyond typical functionality problems.
qwen2.5:14b,A,7331,#pragma visibility hidden in MdePkg/Include/X64/ProcessorBind.h is misconceived (Bugzilla Bug 970),mdepkg,medium,low,0.8,Similar to other issues in mdepkg with medium priority.
qwen2.5:14b,A,7329,ISCSI Targets not seen in SLES and ESX when Aborted ISCSI attempts published in IBFT (Bugzilla Bug 968),networkpkg,high,low,0.85,"The issue involves network connectivity problems with ISCSI targets not being seen in SLES and ESX when aborted attempts are published in IBFT, similar to other high priority issues in NetworkPkg related to critical networking failures."
qwen2.5:14b,A,7326,BaseTools: BinToPcd: Enhance BinToPcd to check VOID* PCDs must be 8-byte aligned if the value is a byte array (Bugzilla Bug 965),basetools,medium,high,0.85,Similar to other BinToPcd issues in basetools package but lacks severity indicators like NULL pointer access or high impact security concerns.
qwen2.5:14b,A,7325,"BaseTools: BinToPcd: When -t HII and no variableguid, no variablename, error message is not fully. (Bugzilla Bug 963)",basetools,low,medium,0.8,Similar to other BaseTools issues with minor error messages.
qwen2.5:14b,A,7324,"BaseTools: BinToPcd: There is one typo ""PcdToBin"" in verbose message (Bugzilla Bug 962)",basetools,low,high,0.85,Typographical error in verbose message is minor and does not impact functionality or security.
qwen2.5:14b,A,9616,SmmIPl can close SMRAM after PiSmmCpu finish rebase. (Bugzilla Bug 961),mdemodulepkg,medium,high,0.8,Similar to other mdemodulepkg issues with medium priority.
qwen2.5:14b,A,7323,server certificate with invalid domain name (CN) accepted in HTTPS-over-IPv6 boot (Bugzilla Bug 960),cryptopkg,high,high,0.85,"The issue involves security vulnerabilities related to server certificate validation in HTTPS-over-IPv6 boot, similar to other high-priority security issues."
qwen2.5:14b,A,7322,CpuS3DataDxe / DxeRegisterCpuFeaturesLib dependency (Bugzilla Bug 959),ueficpupkg,low,medium,0.8,Similar to other dependency issues in ueficpupkg which are typically low priority.
qwen2.5:14b,A,7321,Cannot build most platforms for x64 on Windows (Bugzilla Bug 958),mdepkg,high,high,0.85,Similar to other build failure issues with high priority.
qwen2.5:14b,A,7319,HTTP Boot Image Validation compliance with RFC2616 (Bugzilla Bug 956),networkpkg,high,medium,0.85,"The issue involves compliance with a standard (RFC2616) for HTTP boot image validation, which is critical for network security and functionality."
qwen2.5:14b,A,7318,please consider globally discarding or globally stripping the .eh_frame section of ELF binaries (Bugzilla Bug 955),basetools,low,medium,0.8,The issue is about ELF binary optimization and does not indicate critical system failure or security vulnerability.
qwen2.5:14b,A,9615,Break build if same [LibraryClasses] name is used in more than one dependent package (Bugzilla Bug 954),basetools,medium,high,0.85,Similar to other build-related issues in basetools package with medium priority.
qwen2.5:14b,A,7317,VfrCompile.exe crashes on both Windows 7 & 10 PCs (Bugzilla Bug 953),basetools,high,high,0.85,Crashing of a critical tool like VfrCompile.exe indicates a severe issue that impacts development and testing processes.
qwen2.5:14b,A,7316,Incorrect ComponentName protocol in SD modules (Bugzilla Bug 952),mdemodulepkg,medium,high,0.8,Similar to other mdemodulepkg issues with medium priority.
qwen2.5:14b,A,7315,BaseTools: build should report error when PCD type in component section is not same with Pcd section (Bugzilla Bug 951),basetools,high,high,0.85,Similar to other BaseTools issues with high priority due to build errors and compatibility concerns.
qwen2.5:14b,A,7314,BaseTools: the size in autogen is incorrect when module override pcd value use byte array format (Bugzilla Bug 950),basetools,high,high,0.9,Similar to other BaseTools issues with high priority due to build and tooling problems.
qwen2.5:14b,A,7313,Issue with qemu 2.12.0 running (at last) windows 10 guests (Bugzilla Bug 949),ovmfpkg,medium,low,0.8,Similar to other tool-related issues in ovmfpkg with medium priority.
qwen2.5:14b,A,7312,PciBusDxe: PCI BAR programming fails when bus address is required (Bugzilla Bug 948),mdemodulepkg,medium,high,0.8,Similar to other mdemodulepkg issues with no explicit severity indicators.
qwen2.5:14b,A,7311,Unable to have the PCI resources in ascending order (Bugzilla Bug 947),mdemodulepkg,medium,low,0.8,Similar to other mdemodulepkg issues with medium priority.
qwen2.5:14b,A,7310,Allocation type EfiGcdAllocateMaxAddressSearchBottomUp does not work (Bugzilla Bug 946),mdemodulepkg,medium,low,0.85,Similar to other mdemodulepkg issues with medium priority.
qwen2.5:14b,A,7308,Functional Issues within BaseBmpSupportLib (Bugzilla Bug 944),mdemodulepkg,medium,high,0.8,Similar to other mdemodulepkg issues with medium priority.
qwen2.5:14b,A,9614,Usage of HiiSetBrowserData in the FORM_OPEN callback (Bugzilla Bug 943),securitypkg,medium,medium,0.8,"The issue involves a specific usage of HiiSetBrowserData in a callback function, which is likely to impact functionality but does not indicate critical failure or severe security risk."
qwen2.5:14b,A,7307,function always return the same value (Bugzilla Bug 942),basetools,medium,medium,0.8,"The bug is related to a function always returning the same value, which indicates a logic flaw but does not necessarily imply high severity without more context."
qwen2.5:14b,A,7306,Build fails for platforms using hierarchical dsc (Bugzilla Bug 941),basetools,high,high,0.85,Build failures are critical issues that can severely impact development and testing processes.
qwen2.5:14b,A,7305,default DevicePathLib class resolution in ArmVirtPkg is wasteful (Bugzilla Bug 940),armvirtpkg,medium,low,0.8,Similar to other firmware issues in MdeModulePkg and ArmVirtPkg with medium priority.
qwen2.5:14b,A,7304,[PCI] PciScanBus should not set temp subordinary bus number to 0xFF (Bugzilla Bug 939),mdemodulepkg,medium,low,0.8,Similar to other MdeModulePkg issues with medium priority.
qwen2.5:14b,A,7303,PXE booting with a /31 causes PXE-E09 Could not allocate I/O buffers errors (Bugzilla Bug 938),-,medium,low,0.8,The issue involves PXE booting errors but does not indicate a critical system failure or security vulnerability.
qwen2.5:14b,A,7302,Error path in NvmExpress returns EFI_SUCCESS (Bugzilla Bug 937),mdemodulepkg,high,high,0.85,The similar issues in mdemodulepkg package are mostly high priority due to critical functionality impacts.
qwen2.5:14b,A,9613,GenFds has invalid class constructor (Bugzilla Bug 936),basetools,high,medium,0.85,The issue involves a class constructor problem in GenFds tool which is similar to other high priority issues related to critical tool functionality.
qwen2.5:14b,A,7300,[IncompatiblePciDevice] returns resource descriptor with wrong length (Bugzilla Bug 934),mdemodulepkg,medium,low,0.8,Similar to other issues in mdemodulepkg with medium priority.
qwen2.5:14b,A,7299,Use EfiBootServicesData for ESRT table (Bugzilla Bug 933),mdemodulepkg,medium,high,0.8,Similar to other mdemodulepkg issues with medium priority.
qwen2.5:14b,A,7297,EFI_ACPI_SDT_PROTOCOL interface has wrong field offset because of missing packing suppress definition (Bugzilla Bug 930),mdepkg,high,high,0.85,The issue affects a critical protocol interface and could lead to incorrect data handling due to missing packing suppress definition.
qwen2.5:14b,A,7296,"please update TlsCipherMappingTable in ""TlsLib/TlsConfig.c"" to the ciphers included in ""OpensslLib/OpensslLib.inf"" (Bugzilla Bug 929)",cryptopkg,medium,medium,0.8,The issue involves updating a configuration table which is likely to impact functionality but does not indicate critical failure or security vulnerability.
qwen2.5:14b,A,7295,Never install multiple FMP Protocols for same FW device in SystemFirmwareUpdateDxe (Bugzilla Bug 928),signedcapsulepkg,medium,low,0.8,Similar to other issues in signedcapsulepkg with medium priority.
qwen2.5:14b,A,7294,[OpenSSL] Update version to 1.1.0h or 1.0.2o to include fix for CVE-2018-0739 issue (Bugzilla Bug 927),cryptopkg,high,medium,0.85,"The issue involves updating OpenSSL to fix a security vulnerability (CVE-2018-0739), which is critical and similar in severity to other high-priority security updates."
qwen2.5:14b,A,7293,BlockMmioToBlockIoDxe Stop() use the wrong protocol address to get the private data (Bugzilla Bug 926),ovmfpkg,low,medium,0.8,The bug involves a protocol address error but does not indicate severe consequences or widespread impact similar to other high priority issues.
qwen2.5:14b,A,7292,Shell tftp app causes assertion and a memory leak if a file cannot be opened after download succeeded (Bugzilla Bug 925),shellpkg,high,high,0.85,The issue involves assertion and memory leak which are severe problems indicating high priority.
qwen2.5:14b,A,7291,BaseTools function doesn't match name/comment (Bugzilla Bug 924),basetools,low,low,0.85,"The issue is about a mismatch between function name and comment in BaseTools, which typically indicates a documentation or naming inconsistency rather than a critical bug."
qwen2.5:14b,A,7290,Deprecated function X509_NAME_get_text_by_NID used. (Bugzilla Bug 923),cryptopkg,medium,high,0.85,Similar to other deprecated function issues in different packages which are typically medium priority.
qwen2.5:14b,A,7288,octal print convert to hex string (Bugzilla Bug 921),basetools,medium,medium,0.85,Similar to other basetools issues with medium priority.
qwen2.5:14b,A,7287,Customized Secure Boot (Audit Mode/Deployed Mode) source (Bugzilla Bug 920),securitypkg,medium,low,0.8,Similar to other security-related issues in the same package with medium priority.
qwen2.5:14b,A,7286,Failed to use the EXCLUSIVE attribute with the combination of SNP + NIC (Bugzilla Bug 919),networkpkg,high,low,0.85,Similar to other high priority networkpkg issues involving TLS and session initialization.
qwen2.5:14b,A,7285,[BaseLib] Different implementation of AsmFlushCacheLine() between Ia32 and X64 (Bugzilla Bug 918),mdepkg,medium,low,0.8,Similar to other implementation differences between architectures without critical security or stability impacts.
qwen2.5:14b,A,7284,TerminalDxe TerminalDriverBindingStart() function not return against at the invalid controller handle and hang in release image (Bugzilla Bug 917),mdemodulepkg,medium,medium,0.85,Similar to other issues in mdemodulepkg with medium priority.
qwen2.5:14b,A,7283,AtaAtapiPassThru module start() use the buffer which is not allocated in its error handling code (Bugzilla Bug 916),mdemodulepkg,high,medium,0.85,"The issue involves a buffer that is not allocated in error handling code, which can lead to serious memory corruption or crashes."
qwen2.5:14b,A,9612,DEPEX not inherited from binary libraries (Bugzilla Bug 914),basetools,high,medium,0.85,"The issue is related to BaseTools and impacts DEPEX inheritance from binary libraries, similar in severity to other high-priority BaseTools issues."
qwen2.5:14b,A,7282,BaseTools: An empty FDF file cause build crash (Bugzilla Bug 912),basetools,high,medium,0.85,The issue involves a build crash which is similar to other high priority issues related to BaseTools.
qwen2.5:14b,A,7281,Fix Vlv2TbltDevicePkg build issues (Bugzilla Bug 911),vlv2tbltdevicepkg,medium,low,0.8,Similar to other build fix issues which are typically medium priority.
qwen2.5:14b,A,9611,ValueExpressionEx.__call__ API cannot handle if RealValue == False (Bugzilla Bug 910),basetools,medium,medium,0.85,Similar to other issues in basetools package with medium priority.
qwen2.5:14b,A,7280,HttpDxe: missing EFI_SIGNATURE_LIST.SignatureType check in TlsConfigCertificate() (Bugzilla Bug 909),networkpkg,high,medium,0.85,Similar to other high priority issues in NetworkPkg related to security and correctness.
qwen2.5:14b,A,7279,Remove DxeTcg2PhysicalPresenceLibNull from Vlv2TbltDevicePkg (Bugzilla Bug 908),vlv2tbltdevicepkg,low,low,0.8,The issue is about removing a library dependency which seems to be a maintenance task rather than a critical bug affecting functionality or performance.
qwen2.5:14b,A,7278,Update CapsuleApp to place UX capsule bitmap in lower part of display centered horizontally (Bugzilla Bug 907),mdemodulepkg,low,low,0.8,The issue is about updating a capsule app's display layout and does not indicate any security or critical functionality issues.
qwen2.5:14b,A,7277,CapsuleApp generates ASSERT() on FreePool() when passing in multiple capsules (Bugzilla Bug 905),mdemodulepkg,high,low,0.85,"The issue involves an ASSERT() failure in a critical application (CapsuleApp), similar to other high-priority issues related to firmware and tool failures."
qwen2.5:14b,A,7276,PCD Dxe driver asserts if no dynamic PCDs (Bugzilla Bug 904),basetools,medium,high,0.85,Similar to other issues in basetools package with medium priority.
qwen2.5:14b,A,7275,"BaseTools: For VOID* FixedAtBuild and PatchableInModule, the size should be the size of the highest priority value setting (Bugzilla Bug 902)",basetools,high,high,0.85,Similar to other high priority issues in basetools package related to PCD handling and build-time configurations.
qwen2.5:14b,A,7274,BaseTools: PCD Default Type should use module scoped <Pcd…> if PCD is not listed in any platform scope [Pcd…] section (Bugzilla Bug 901),basetools,medium,high,0.8,Similar to other BaseTools issues with no specific severity indicators.
qwen2.5:14b,A,7273,BaseTools: Support !include for PCD statements in module scoped <Pcd…> sections (Bugzilla Bug 900),basetools,medium,high,0.85,Similar to other BaseTools issues that do not explicitly indicate high severity.
qwen2.5:14b,A,7272,BaseTools: VOID* PatchableInModule PCD used from lib and module with module scoped value different lengths than platform scoped value (Bugzilla Bug 899),basetools,high,high,0.85,"The issue involves a critical problem with PCD usage in BaseTools affecting both libraries and modules, similar to other high-priority build failure issues."
qwen2.5:14b,A,7271,BaseTools: • VOID* FixedAtBuild PCD used from lib and module with module scoped value different lengths than platform scoped value (Bugzilla Bug 898),basetools,high,high,0.9,Similar to other high priority issues in basetools related to PCD and build inconsistencies.
qwen2.5:14b,A,7270,UEFI SCT_GOP_BLT_Conf test hang with DEBUG Build OVMF (Bugzilla Bug 897),ovmfpkg,medium,low,0.85,Similar to other OVMFPKG issues that are medium priority.
qwen2.5:14b,A,7269,PosixLike wrappers for Python utilities overwrite the PYTHONPATH variable (Bugzilla Bug 896),basetools,medium,medium,0.85,Similar to other issues in basetools package without a clear indication of high severity impact.
qwen2.5:14b,A,7268,Issues in HttpDxe when there is huge data request send (Bugzilla Bug 895),networkpkg,high,high,0.85,The issue involves HttpDxe with huge data requests and has multiple contributors indicating potential severe performance or stability issues.
qwen2.5:14b,A,9610,TcpToSendAck: scheduled a delayed ACK for TCB 7CE9B918 (Bugzilla Bug 894),networkpkg,medium,medium,0.8,"No specific severity indicators in the description, similar to other network issues without high priority labels."
qwen2.5:14b,A,9609,Cannot change the current filesystem to fs0: (Bugzilla Bug 888),shellpkg,medium,medium,0.85,Similar to other shellpkg issues with medium priority.
qwen2.5:14b,A,7265,[BaseTools]auto-build C tool binaries when they are out-of-dated from build.py (Bugzilla Bug 887),basetools,medium,high,0.85,Similar to other BaseTools issues that do not explicitly indicate high severity.
qwen2.5:14b,A,7263,[NullMemoryTest] CompatibleRangeTest is badly implemented (Bugzilla Bug 885),mdemodulepkg,medium,low,0.8,Similar to other implementation issues in mdemodulepkg.
qwen2.5:14b,A,7262,Undefined behavior of a 16-bit integer overflow after multiply operation in Dhcp6Utility.c (Bugzilla Bug 883),networkpkg,medium,high,0.85,Similar to other networkpkg issues with medium priority.
qwen2.5:14b,A,7261,Update NASM sources for XCODE toolchains (Bugzilla Bug 881),intelframeworkmodulepkg,medium,low,0.8,Similar to other BaseTools and NASM related issues which are generally medium priority.
qwen2.5:14b,A,7260,BaseTools: OFFSET_OF() should work for LABEL()s that appear after the OFFSET_OF() in the PCD value. (Bugzilla Bug 880),basetools,medium,medium,0.85,Similar to other BaseTools issues that do not explicitly state high severity but involve tool functionality.
qwen2.5:14b,A,7259,Support for HttpMethodDelete (Bugzilla Bug 879),networkpkg,medium,high,0.8,Similar to other networkpkg issues that do not specify critical severity.
qwen2.5:14b,A,7257,Semicolons after #define for GUIDs in MdeModulePkg/Include/Guid/RecoveryDevice.h can cause compile errors (Bugzilla Bug 877),mdemodulepkg,low,medium,0.85,Similar to other low priority issues in MdeModulePkg related to compile errors.
qwen2.5:14b,A,7255,ConverToCpuArchAttributes function change has new behavior after 14dde9e903bb9a719ebb8f3381da72b19509bc36 for attribute of 0 (Bugzilla Bug 874),mdemodulepkg,medium,low,0.8,Similar to other issues in mdemodulepkg with medium priority.
qwen2.5:14b,A,7254,Update DxeCapsuleLibFmp to use FMP Protocols instead of ESRT Table in nested capsule check (Bugzilla Bug 873),mdemodulepkg,high,low,0.85,Similar to other high priority issues in mdemodulepkg related to capsule handling and FMP protocols.
qwen2.5:14b,A,9608,EFIAPI calling convention definition for x86 (Bugzilla Bug 870),mdepkg,medium,low,0.8,Similar to other MdePkg issues that do not explicitly indicate high severity but involve API definitions.
qwen2.5:14b,A,7252,INF parser automatically includes Base.h in every driver/library AutoGen.h file. (Bugzilla Bug 867),basetools,medium,low,0.85,Similar to other BaseTools issues with moderate impact.
qwen2.5:14b,A,7251,PiSmmCpuDxeSmm: replace DB-encoded instructions in NASM sources (Bugzilla Bug 866),ueficpupkg,high,medium,0.85,The issue involves modifying critical NASM sources in PiSmmCpuDxeSmm module which is likely to have high impact on system security and stability.
qwen2.5:14b,A,7250,Logic error in FV parsing (Bugzilla Bug 864),intelframeworkmodulepkg,high,low,0.85,The issue involves a logic error in FV parsing which could lead to significant build or runtime failures.
qwen2.5:14b,A,7249,ShutdownTpmOnReset() function in Tcg2Dxe.c only handles TPM_SU_CLEAR shutdowns. (Bugzilla Bug 863),securitypkg,high,low,0.85,"The issue involves a critical security function in Tcg2Dxe.c that only partially handles TPM shutdowns, similar to other high-priority security issues."
qwen2.5:14b,A,7248,[PCI] Install PciEnumerationComplete after PciIo (Bugzilla Bug 862),mdemodulepkg,medium,low,0.85,Similar to other mdemodulepkg issues without specific severity indicators.
qwen2.5:14b,A,7247,AsciiPrint() in HttpBootDxe Corrupting the Setup screen (Bugzilla Bug 860),networkpkg,medium,low,0.8,Similar to other networkpkg issues that do not have a high priority.
qwen2.5:14b,A,7245,Pre compiled UEFI Shell binary scripting redirection flag not working (Bugzilla Bug 857),shellbinpkg,medium,low,0.8,Similar to other issues with redirection or scripting problems in shellpkg.
qwen2.5:14b,A,9607,[BaseTools] skips to build CommonLib in Win10 (Bugzilla Bug 855),basetools,medium,medium,0.8,Similar to other BaseTools issues that are classified as medium priority.
qwen2.5:14b,A,7244,SetVisualStudio.bat does not work if Visual Studio is installed anywhere else (Bugzilla Bug 854),basetools,low,medium,0.85,Similar to other basetools issues that do not impact core functionality or security.
qwen2.5:14b,A,7243,Input parameter check in EfiPxeBcMtftp() is incorrect (Bugzilla Bug 853),networkpkg,medium,low,0.85,Similar to other networkpkg issues with medium priority.
qwen2.5:14b,A,7242,[OvmfPkg] ASSERT error in TftpDynamicCommand (Bugzilla Bug 852),ovmfpkg,high,low,0.85,The issue involves an ASSERT error which typically indicates a critical failure in the code.
qwen2.5:14b,A,9606,Conflicting SPI Flash ID0s and Unavailable relatively generic SpiCommon.c/... files and opaque blocking errors (Bugzilla Bug 851),vlv2tbltdevicepkg,high,low,0.85,The issue involves SPI Flash ID conflicts and opaque blocking errors which can severely impact build processes and functionality.
qwen2.5:14b,A,7241,Use Nasm as preferred assembly sources for XCODE5 (Bugzilla Bug 850),basetools,low,high,0.8,Similar to other tool-related issues in basetools package without critical impact.
qwen2.5:14b,A,7240,Enable XCODE5 tool chain for UefiCpuPkg with nasm source code (Bugzilla Bug 849),mdemodulepkg,low,high,0.7,"The issue is about enabling a specific toolchain for source code, which does not impact security or critical functionality like other high priority issues."
qwen2.5:14b,A,7239,"StartupThisAP() does not work compiled with GCC 7.2, but works with Visual Studio 2010 (Bugzilla Bug 848)",-,medium,low,0.8,The issue involves compiler-specific behavior but does not indicate a critical security or performance impact.
qwen2.5:14b,A,7238,FrameBufferBltLib ignores GOP's PixelsPerScanLine field (Bugzilla Bug 846),mdemodulepkg,medium,high,0.8,Similar to other firmware issues in MdeModulePkg with medium priority.
qwen2.5:14b,A,7237,Not always reflecting current Shift or Toggle state when calling ReadKeyStroke() (Bugzilla Bug 844),mdemodulepkg,medium,high,0.85,Similar to other mdemodulepkg issues with medium priority.
qwen2.5:14b,A,9603,Need to remove unnecessary return statements in void functions of EDKII. (Bugzilla Bug 843),mdepkg,low,low,0.8,The bug involves removing unnecessary return statements in void functions which is a minor code quality improvement.
qwen2.5:14b,A,7236,[PCI] PciExpressLib.h should include PciExpress21.h (Bugzilla Bug 842),mdepkg,low,low,0.85,The issue is about header file inclusion which does not impact core functionality or performance.
qwen2.5:14b,A,9602,Memory space entry (of type EfiGcdMemoryTypeSystemMemory) is not removed after calling FreeMemorySpace and RemoveMemorySpace (Bugzilla Bug 841),mdemodulepkg,medium,medium,0.85,Similar to other issues in mdemodulepkg with medium priority.
qwen2.5:14b,A,7233,BaseTools: Complier error on VS2012 (Bugzilla Bug 837),basetools,high,high,0.85,Similar to other BaseTools issues with compiler errors and high priority.
qwen2.5:14b,A,7232,BaseTools: compiler error  on VS2010 (Bugzilla Bug 836),basetools,high,high,0.85,The issue involves a compiler error on VS2010 which is similar to other high priority issues related to build errors and toolchain compatibility.
qwen2.5:14b,A,7231,BaseTools: loop initial declarations error when comiple BaseTools on GCC48/GCC49 (Bugzilla Bug 835),basetools,medium,high,0.85,Similar to other BaseTools compilation issues with GCC versions.
qwen2.5:14b,A,7230,NetworkPkg/UefiPxeBcDxe: EfiPxeLoadFile() parameters consumed before validity checks (Bugzilla Bug 833),networkpkg,medium,low,0.85,Similar to other networkpkg issues with medium priority.
qwen2.5:14b,A,7228,QuarkPlatformPkg build break from commit: BaseTools: Support PCD flexible values format (Bugzilla Bug 831),basetools,medium,high,0.85,Similar to other BaseTools issues that affect builds but do not indicate critical security or performance impacts.
qwen2.5:14b,A,7227,CorebootPayloadPkgIa32X64.dsc does not build for VS2015 because FD/FV is not large enough (Bugzilla Bug 830),corebootpayloadpkg,high,low,0.85,Build failure issues typically impact multiple targets and are critical for development.
qwen2.5:14b,A,7226,StdLib package does not build with VS2015 tool chains because __STDC_HOSTED__ is already defined (Bugzilla Bug 829),stdlib,medium,high,0.8,Similar to other build issues affecting specific toolchains.
qwen2.5:14b,A,7225,[MdeModulePkg][UDF] Potential buffer overflow on stack/heap within PartitionDxe\Udf.c & UdfDxe (Bugzilla Bug 828),mdemodulepkg,high,low,0.9,Potential buffer overflow is a critical security vulnerability similar to other high priority issues in mdemodulepkg.
qwen2.5:14b,A,7224,VarCheckPcdLib: A logic flaw in alignment of mVarCheckPcdBin (Bugzilla Bug 827),mdemodulepkg,high,medium,0.85,The bug involves a logic flaw in alignment which can lead to serious issues similar to other high priority bugs in mdemodulepkg.
qwen2.5:14b,A,7223,Release version BIOS may show the corrupted debug message (Bugzilla Bug 826),ueficpupkg,low,medium,0.8,"The issue is related to debug messages in a release version BIOS, which typically does not impact functionality or performance."
qwen2.5:14b,A,7222,ArmMmuLib ASSERT if DEBUG_CODE_BEGIN is turned off (Bugzilla Bug 825),armpkg,medium,low,0.85,Similar to other issues in armpkg with moderate severity.
qwen2.5:14b,A,7221,"Duet stuck after printing ""WELCOME TO EFI WORLD"" (Bugzilla Bug 824)",duetpkg,medium,low,0.8,Similar to other boot-related issues that affect system startup but do not have a high impact on security or critical functionality.
qwen2.5:14b,A,7220,"IScsi Connection fails when Target info set via DHCP, If DnsMode is set as TRUE (Bugzilla Bug 823)",networkpkg,medium,low,0.8,Similar to other networkpkg issues with medium priority.
qwen2.5:14b,A,7219,Remove restriction that PcdPei/Dxe could only link NULL PcdLib BasePcdLibNull (Bugzilla Bug 822),basetools,medium,low,0.85,Similar to other build and tooling issues in BaseTools package.
qwen2.5:14b,A,7218,[OpensslLib] Upgrade OpenSSL version in CryptoPkg to the latest 1.1.0g (Bugzilla Bug 821),cryptopkg,medium,high,0.8,No specific severity indicators; similar to other issues without high priority flags.
qwen2.5:14b,A,7217,Need remove Test App from SecurityPkg (Bugzilla Bug 820),securitypkg,low,medium,0.8,The issue is about removing a test app and does not indicate critical functionality or security impact.
qwen2.5:14b,A,7216,Need remove Test App from CryptoPkg (Bugzilla Bug 819),cryptopkg,low,medium,0.8,The issue is about removing a test app and does not indicate any critical security or functionality impact.
qwen2.5:14b,A,7215,CVfrDLGLexer::errstd wrong signature (Bugzilla Bug 818),basetools,medium,medium,0.85,Similar to other BaseTools issues that are classified as medium priority.
qwen2.5:14b,A,7214,UefiPxeBcDxe/IcmpErrorListenHandler: received ICMP data may not be recycled (Bugzilla Bug 817),mdemodulepkg,medium,low,0.85,Similar to other MDK module package issues with medium priority.
qwen2.5:14b,A,7213,PE/COFF loader code contains ancient workaround for ELILO/Itanium (Bugzilla Bug 816),mdepkg,low,medium,0.8,The issue involves an ancient workaround and does not indicate critical failure or security risk.
qwen2.5:14b,A,7212,Fix build break in NetworkPkg/HttpDxe driver when CHAR8 is unsigned (Bugzilla Bug 815),networkpkg,medium,high,0.85,Similar to other networkpkg issues with medium priority.
qwen2.5:14b,A,7211,Need to add/change the structures in Ipmi header files in MdePkg as per latest Ipmi spec. (Bugzilla Bug 814),mdepkg,medium,high,0.8,Similar to other issues that require updates or changes based on new specifications without indicating critical severity.
qwen2.5:14b,A,9601,"Confusion over ""relative to WORKSPACE"" vis ""relative to PACKAGES_PATH"" (Bugzilla Bug 813)",basetools,medium,medium,0.85,Similar to other basetools issues without high severity indicators.
qwen2.5:14b,A,7210,Ip4Dxe: potential memory leak for ICMP ehco reply (Bugzilla Bug 812),mdemodulepkg,medium,low,0.85,Similar to other memory leak issues in mdemodulepkg which are typically medium priority.
qwen2.5:14b,A,7209,Commit a8ab14d of DxeMain.c  in MdeModulePkg breaks ARM/AARCH64 builds (Bugzilla Bug 811),armpkg,high,high,0.85,The commit breaks ARM/AARCH64 builds which is a critical failure impacting multiple platforms.
qwen2.5:14b,A,7208,Nt32 does not build for X64 - unresolved externals (Bugzilla Bug 810),nt32pkg,high,low,0.85,Unresolved externals in a build process typically indicate critical issues that prevent compilation and are similar to other high priority build failures.
qwen2.5:14b,A,7207,DNS should check the received packet size before using (Bugzilla Bug 809),networkpkg,high,low,0.85,Similar to other high priority networkpkg issues involving packet handling and validation.
qwen2.5:14b,A,7206,Setting Timeout Value in Boot Manager Does Not Make an Effect (Bugzilla Bug 808),mdemodulepkg,medium,high,0.85,Similar to other mdemodulepkg issues with medium priority.
qwen2.5:14b,A,7205,GenSec.c in commit b37b108 broken (Bugzilla Bug 807),basetools,low,low,0.8,The issue is related to a specific commit in basetools and does not indicate widespread impact or critical functionality issues.
qwen2.5:14b,A,7204,MdeModulePkg/AtaAtapiPassThru: cancel pending DMA requests at ExitBootServices() (Bugzilla Bug 806),mdemodulepkg,medium,low,0.85,Similar to other MdeModulePkg issues with moderate severity.
qwen2.5:14b,A,7202,DHCP Process Starts Even there is NO Media Connected (Bugzilla Bug 804),networkpkg,high,medium,0.85,"The issue involves a critical failure in DHCP process behavior without media connection, similar to other high-priority network issues."
qwen2.5:14b,A,7195,"""Command.efi -?"" may not show manual sometimes (Bugzilla Bug 797)",shellpkg,medium,medium,0.85,Similar to other ShellPkg issues with medium priority.
qwen2.5:14b,A,7194,conflicting external definitions between DxeIplPeim and SecPeiDebugAgentLib (Bugzilla Bug 796),sourceleveldebugpkg,medium,high,0.8,Similar to other issues involving conflicting definitions or library conflicts without severe consequences.
qwen2.5:14b,A,7193,"[OVMF]: Windows 7 not booting using CODE/VARS, but boots when using unified binary (Bugzilla Bug 795)",ovmfpkg,high,low,0.85,The issue affects Windows 7 booting which is critical for compatibility testing and user experience.
qwen2.5:14b,A,7192,Shell Messages Scrolled Slowly (Bugzilla Bug 794),shellbinpkg,low,low,0.8,The issue is about shell messages scrolling slowly which does not impact functionality critically.
qwen2.5:14b,A,7191,The meaning of the ARCH environment variable is unclear during BaseTools build (Bugzilla Bug 793),basetools,low,high,0.8,"The issue is about clarifying an environment variable's meaning during build, which does not impact functionality or security directly."
qwen2.5:14b,A,7190,SCT test failures in GenericTest\EFICompliantTest (Bugzilla Bug 792),networkpkg,medium,high,0.8,Similar to other SCT test issues in networkpkg which are typically medium priority.
qwen2.5:14b,A,7189,MdeModulePkg/Universal/DisplayEngineDxe/Popup.c:689:22: error: equality comparison with extraneous parentheses (Bugzilla Bug 791),mdemodulepkg,low,medium,0.85,"The error described is a compiler warning about parentheses in an equality comparison, which typically does not cause system instability or severe functionality issues."
qwen2.5:14b,A,7188,"please evaluate ""-Wno-unused-const-variable"" for RELEASE builds with CLANG38 (Bugzilla Bug 790)",basetools,low,medium,0.8,The issue is about evaluating a compiler flag for RELEASE builds and does not indicate critical functionality or security issues.
qwen2.5:14b,A,7187,Bug in ls/dir Uefi Shell v2.1/V2.2 (Bugzilla Bug 789),shellpkg,medium,high,0.8,Similar to other shellpkg issues but lacks severity indicators like data abort or build breaks.
qwen2.5:14b,A,7186,Need to remove 16 bit alignment boundary checking in StrLen() of BaseLib. (Bugzilla Bug 788),mdepkg,low,low,0.8,The bug involves a minor optimization in BaseLib and does not impact critical functionality or performance.
qwen2.5:14b,A,7185,BaseTools: build report failure when single module build with GenC or GenMake option (Bugzilla Bug 787),basetools,low,medium,0.8,Similar to other BaseTools issues that are generally low priority.
qwen2.5:14b,A,7184,Race condition causes build failure when compiling BaseTools (Bugzilla Bug 786),basetools,high,high,0.85,Similar to other high priority issues in BaseTools related to build failures and race conditions.
qwen2.5:14b,A,7183,Please re-enable QEMU VGA support for ArmVirtQemu and ArmVirtQemuKernel (Bugzilla Bug 785),armvirtpkg,medium,low,0.8,"The issue involves re-enabling support for a specific feature in QEMU, which is likely to impact testing and development but may not be critical for all users or platforms."
qwen2.5:14b,A,7182,"Shell command ""comp"" returns wrong return code if compared files are different (Bugzilla Bug 784)",shellpkg,low,medium,0.8,"The bug involves a shell command returning incorrect return codes, which is less critical than issues affecting security or core functionality."
qwen2.5:14b,A,9600,undefined behavior of using default int type to present big left shift result (Bugzilla Bug 783),mdepkg,medium,medium,0.85,Similar to other issues in mdepkg with medium priority due to undefined behavior but without critical system impact.
qwen2.5:14b,A,7181,Enhance USB Mass Storage driver Request Sense information handling (Bugzilla Bug 782),mdemodulepkg,medium,low,0.8,Similar to other issues in mdemodulepkg without a clear indication of high severity.
qwen2.5:14b,A,9599,Execution of main.efi (AppPkg) - allocated memory pool (LoaderData) will not be freed (Bugzilla Bug 781),apppkg,medium,medium,0.8,Similar to other memory management issues but without clear indication of severe impact or widespread consequences.
qwen2.5:14b,A,7180,[BaseTools] BuildRuleFamily doesn't work on INF [Sources] section (Bugzilla Bug 780),basetools,medium,high,0.8,Similar to other BaseTools issues that affect build rules but do not block critical functionality.
qwen2.5:14b,A,7179,[Shell] The result of OpenVolume should be checked within EfiShellOpenRootByHandle() (Bugzilla Bug 779),shellpkg,low,low,0.8,"The bug is related to shellpkg and involves a check for OpenVolume result, which seems less critical compared to other high priority issues in similar packages."
qwen2.5:14b,A,7178,Guid.xref doesn't contain information from FILE statements in FDF file. (Bugzilla Bug 778),basetools,low,high,0.8,The issue is about missing information in a tool output file and does not impact core functionality or stability.
qwen2.5:14b,A,7177,Environment variables like CWD and LastError cannot be created using the set command (Bugzilla Bug 777),shellpkg,medium,medium,0.8,The issue affects shellpkg and impacts functionality but does not indicate a critical security or performance impact.
qwen2.5:14b,A,7176,AP in ApInHltLoop mode cannot be initialized with different configuration from BSP (Bugzilla Bug 776),ueficpupkg,medium,high,0.85,Similar to other issues in ueficpupkg with medium priority.
qwen2.5:14b,A,7174,CVfrStringDB::SetStringFileName will cause memory leak (Bugzilla Bug 771),basetools,high,high,0.85,Similar to other high priority issues in basetools related to memory management and leaks.
qwen2.5:14b,A,7173,Some core used MMIO is not reported as MMIO in GCD (Bugzilla Bug 770),pcatchipsetpkg,medium,low,0.8,Similar to other issues in pcatchipsetpkg with medium priority.
qwen2.5:14b,A,7172,Fix markdown formatting issues in QuarkPlatformPkg Readme.md (Bugzilla Bug 769),quarkplatformpkg,low,low,0.85,Formatting issues typically have minimal impact on functionality or performance.
qwen2.5:14b,A,7171,Clean up Quark boot mode handling including boot modes that should perform minimum connects (Bugzilla Bug 768),quarkplatformpkg,medium,medium,0.8,Similar to other firmware issues in quarkplatformpkg without a high severity flag.
qwen2.5:14b,A,7170,Add verification of Max LUN value from a USB Mass Storage device (Bugzilla Bug 767),mdemodulepkg,medium,low,0.8,Similar to other issues in mdemodulepkg with medium priority.
qwen2.5:14b,A,7169,Fix USB Mass Storage device detection in UsbMassStorageDxe (Bugzilla Bug 766),mdemodulepkg,medium,low,0.8,Similar to other MDK module package issues with medium priority.
qwen2.5:14b,A,7168,Remove extra calls to ConnectController() from StartImage() for UEFI Applications (Bugzilla Bug 765),mdemodulepkg,medium,low,0.85,Similar to other mdemodulepkg issues with medium priority.
qwen2.5:14b,A,7167,memory leak on VfrUtilityLib.cpp (Bugzilla Bug 764),basetools,high,high,0.85,"Memory leaks are critical issues that can lead to system instability and crashes, similar in severity to other high-priority bugs related to memory management."
qwen2.5:14b,A,9598,Update ApplyMemoryProtectionPolicy() to use GCD services instead of gCPU service (Bugzilla Bug 763),mdemodulepkg,high,medium,0.85,Similar to other high priority issues in mdemodulepkg related to memory protection and CPU services.
qwen2.5:14b,A,9597,Refine the codes discussed at https://lists.01.org/pipermail/edk2-devel/2017-November/017063.html (Bugzilla Bug 762),mdemodulepkg,medium,medium,0.8,The issue is related to code refinement and discussion without clear severity indicators.
qwen2.5:14b,A,7166,PCANSI terminal character mappings for TRIANGLE and ARROW glyphs are not correct (Bugzilla Bug 761),mdemodulepkg,low,low,0.85,Similar to other issues in mdemodulepkg that do not indicate critical system failures or security vulnerabilities.
qwen2.5:14b,A,9596,Issue building UDK2017 with DDK3790 or DDK7760 (Bugzilla Bug 760),mdemodulepkg,medium,high,0.8,Similar to other build-related issues in mdemodulepkg with medium priority.
qwen2.5:14b,A,7165,[Build] doesn't re-build UNI file (Bugzilla Bug 759),basetools,medium,medium,0.85,Similar to other build-related issues in basetools package with moderate impact.
qwen2.5:14b,A,7164,Clang38 build fails in shell UefiShellDebug1CommandsLib/HexEdit/MemImage.c (Bugzilla Bug 758),shellpkg,medium,high,0.85,Similar to other build failure issues in shellpkg with medium priority.
qwen2.5:14b,A,9595,Single-step doesn't work as expected in SMM exception handler if PcdCpuSmmProfileEnable is TRUE (Bugzilla Bug 757),ueficpupkg,high,medium,0.85,The bug involves unexpected behavior in SMM exception handler which is critical for system stability and security.
qwen2.5:14b,A,9594,SMM exception handler doesn't check condition of executing fxsave/fxrstor (Bugzilla Bug 756),ueficpupkg,high,high,0.85,The issue involves SMM exception handling which is critical and similar to other high priority issues in ueficpupkg.
qwen2.5:14b,A,7163,Stuck when building EmulatorPkg/Sec.inf (Bugzilla Bug 755),emulatorpkg,high,high,0.85,Build failure issues are typically high priority as they prevent development progress.
qwen2.5:14b,A,7162,ShellPkg/dh: PciRootBridgeIo dump output is corrupted. (Bugzilla Bug 754),shellpkg,low,medium,0.8,Similar to other issues in ShellPkg with low priority.
qwen2.5:14b,A,7161,UEFI memory map regression (runtime code entry splitting) introduced by c1cab54ce57c (Bugzilla Bug 753),ueficpupkg,high,low,0.85,The issue involves a regression in UEFI memory map which could have significant impact on system stability and security.
qwen2.5:14b,A,7160,[MdePkg/PciExpress21.h] typo in PCI_REG_PCIE_SLOT_CONTROL (Bugzilla Bug 752),mdepkg,low,low,0.85,Typo issues are generally less severe than functional or performance bugs.
qwen2.5:14b,A,7159,An untested memory might not be covered by the SMM page protection. (Bugzilla Bug 751),ueficpupkg,high,low,0.85,The issue involves potential memory protection vulnerabilities in SMM page protection.
qwen2.5:14b,A,7158,Qemu crash when run LUV variable testing in KVM mode with SMM enabled OVMF image (Bugzilla Bug 750),ovmfpkg,high,low,0.85,The issue involves a QEMU crash which is likely to be severe and impact testing environments significantly.
qwen2.5:14b,A,7157,Ovmf Non-Volatile Variables file cannot work after reconnect -r (Bugzilla Bug 749),ovmfpkg,high,low,0.85,Similar to other high priority issues in ovmfpkg related to variable handling and boot problems.
qwen2.5:14b,A,7155,measure temp SEC/PEI stack usage; grow temp SEC/PEI RAM (Bugzilla Bug 747),ovmfpkg,low,low,0.8,The issue is about measuring and growing stack usage which seems less critical than other high priority issues related to crashes or system bricks.
qwen2.5:14b,A,7154,System hangs if reconnect -r on OVMF with -machine q35 and -hda (Bugzilla Bug 746),ovmfpkg,medium,low,0.8,Similar to other firmware issues in MdeModulePkg and OvmfPkg with medium priority.
qwen2.5:14b,A,7153,ifconfig fails to get an IP address (Bugzilla Bug 745),mdemodulepkg,medium,medium,0.8,Similar to other network-related issues in mdemodulepkg that are typically medium priority.
qwen2.5:14b,A,7152,ASSERT in HttpInitMsgParser (Bugzilla Bug 744),networkpkg,high,medium,0.85,ASSERT errors typically indicate severe issues that can cause system crashes or instability.
qwen2.5:14b,A,7151,Target IP given in Attempt1 is taken as default for all other Attempts. (Bugzilla Bug 743),networkpkg,high,medium,0.85,The issue affects networkpkg and impacts variable handling similar to other high priority issues in this package.
qwen2.5:14b,A,7150,Memory Use-after-free happens when close ExitBootServiceEvent twice in IScsiMisc.c (Bugzilla Bug 742),networkpkg,high,medium,0.9,The bug involves a memory use-after-free error which is a critical security vulnerability.
qwen2.5:14b,A,7149,UefiLib.c Compilation failure under macOS High Sierra/Xcode9 (Bugzilla Bug 741),mdepkg,medium,high,0.8,Similar to other compilation issues in mdepkg that are typically medium priority.
qwen2.5:14b,A,7148,INIT_CAR_VALUE should be defined in a central location (Bugzilla Bug 740),mdemodulepkg,medium,high,0.8,The issue is about code organization and does not indicate a critical security or performance flaw.
qwen2.5:14b,A,7147,Disable Bus Master on all P2P bridges at ExitBootServices (Bugzilla Bug 739),mdemodulepkg,medium,high,0.85,Similar to other mdemodulepkg issues with medium priority.
qwen2.5:14b,A,7146,OVMF build failure (Bugzilla Bug 737),ovmfpkg,high,low,0.85,The issue involves a build failure in OvmfPkg which is critical and similar to other high priority build issues.
qwen2.5:14b,A,7145,OVMF platform boot hang with assert in MtrrLib on QEMU (Bugzilla Bug 735),ueficpupkg,high,low,0.85,Similar to other high priority issues in ueficpupkg related to boot hangs and asserts.
qwen2.5:14b,A,7144,"BaseTools: when use ""FV_EXT_ENTRY_TYPE"" as keyword, build tool report failure (Bugzilla Bug 734)",basetools,medium,low,0.8,Similar to other BaseTools issues that affect build processes but do not cause system instability or security risks.
qwen2.5:14b,A,7143,ConvertDevicePathToText() buffer overflow and return wrong string in Defer3rdPartyImageLoad.c (Bugzilla Bug 733),mdemodulepkg,high,medium,0.85,Buffer overflow is a critical security vulnerability.
qwen2.5:14b,A,7142,Display Initiator IP when DHCP enabled (Bugzilla Bug 732),networkpkg,medium,medium,0.8,Similar to other network-related issues without a high severity label.
qwen2.5:14b,A,7141,"Shell Command ""vol -n xxx"" assert on OVMF platform (Bugzilla Bug 731)",edkshellpkg,medium,low,0.8,Similar to other issues in edkshellpkg with medium priority.
qwen2.5:14b,A,7140,"ShellLib: InternalShellIsHexOrdecimalNumber should return FALSE if a string contains ""-"" only (Bugzilla Bug 730)",shellpkg,medium,medium,0.85,Similar to other ShellLib issues with moderate severity and no indication of critical impact.
qwen2.5:14b,A,9593,USB Enumeration (Bugzilla Bug 729),mdemodulepkg,medium,medium,0.8,Similar to other mdemodulepkg issues with moderate severity.
qwen2.5:14b,A,7139,OvmfPkg/PlatformPei: set PcdOptionRomImageVerificationPolicy to DENY_EXECUTE_ON_SECURITY_VIOLATION if SEV is active (Bugzilla Bug 728),ovmfpkg,high,low,0.85,Similar to other high priority issues in ovmfpkg related to security and build configuration.
qwen2.5:14b,A,7138,VariableSmm MorLockInit(): create MORLock only if / after MOR exists (Bugzilla Bug 727),mdemodulepkg,medium,low,0.85,Similar to other issues in mdemodulepkg with medium priority.
qwen2.5:14b,A,7137,"PcdGet64 function is used in multi threads code, system may in non-deterministic behavior when get dynamic PCD. (Bugzilla Bug 726)",ueficpupkg,high,medium,0.85,"The issue involves potential non-deterministic behavior in multi-threaded code accessing dynamic PCDs, similar to other high-priority concurrency issues."
qwen2.5:14b,A,7136,[UdfDxe] Cannot access the file system created by UdfDxe for a DVD (Bugzilla Bug 725),mdemodulepkg,medium,low,0.8,Similar to other firmware issues in MdeModulePkg but lacks severity indicators like security vulnerabilities or critical system failures.
qwen2.5:14b,A,7135,CpuDxe driver assert on IA32 platforms (Bugzilla Bug 724),ueficpupkg,high,medium,0.85,Similar to other high priority issues in ueficpupkg related to CPU and platform specific bugs.
qwen2.5:14b,A,7133,The DP command implementation is duplicated (Bugzilla Bug 721),shellpkg,medium,medium,0.85,Similar to other shellpkg issues without clear indicators of high severity.
qwen2.5:14b,A,7132,PciBusDxe: assertion failure with multiple paddings in the same PCI resource tree (Bugzilla Bug 720),mdemodulepkg,medium,medium,0.85,Similar to other mdemodulepkg issues with assertion failures and resource tree problems.
qwen2.5:14b,A,7131,SNP transmit error print is coming in success cases also (Bugzilla Bug 719),mdemodulepkg,medium,medium,0.8,Similar to other firmware issues in mdemodulepkg with medium priority.
qwen2.5:14b,A,7130,Redundant condition check in UefiPxeBcDxe (Bugzilla Bug 718),networkpkg,low,low,0.8,Similar to other low priority issues in networkpkg with redundant condition checks.
qwen2.5:14b,A,7129,CLANG38 build fails on DmpStore.c (Bugzilla Bug 716),shellpkg,medium,high,0.85,Similar to other build failure issues in shellpkg with medium priority.
qwen2.5:14b,A,7128,BdsEntry initialization deletes boot next too early (Bugzilla Bug 715),mdemodulepkg,medium,high,0.8,Similar to other mdemodulepkg issues with moderate severity.
qwen2.5:14b,A,9592,FvInfo PPI and FvInfo2 PPI report wrong information (Bugzilla Bug 712),mdemodulepkg,high,medium,0.85,"The issue involves incorrect information reporting in critical PPIs, similar to other high-priority issues affecting core functionality."
qwen2.5:14b,A,7127,NetbufTrim accesses invalid memory (Bugzilla Bug 711),mdemodulepkg,high,low,0.85,Similar to other high priority issues involving memory access problems.
qwen2.5:14b,A,7126,IPv6 support condition check for HTTP and ISCSI (Bugzilla Bug 710),networkpkg,medium,medium,0.85,Similar to other networkpkg issues with moderate severity.
qwen2.5:14b,A,7124,"[Partition] InstallUdfChildHandles() should create child BLK for the portion covered by LVD, not the entire media (Bugzilla Bug 707)",mdemodulepkg,medium,low,0.8,Similar to other mdemodulepkg issues with medium priority.
qwen2.5:14b,A,7122,Path string buffer left overflow in PathCleanUpDirectories() (Bugzilla Bug 705),mdepkg,high,medium,0.85,Similar to other high priority buffer overflow issues in mdepkg.
qwen2.5:14b,A,7121,"""Null-Pointer-Use"" undefined behavior in MdeModulePkg/Universal/Disk/UdfDxe/File.c (Bugzilla Bug 704)",mdemodulepkg,high,low,0.85,Similar to other high priority issues in mdemodulepkg related to undefined behavior and null pointer use.
qwen2.5:14b,A,7119,The undefined behavior about left shift a negative signed value in PrintLibInternal.c (Bugzilla Bug 702),mdepkg,high,medium,0.85,Similar to other undefined behavior issues in critical libraries which are typically high priority.
qwen2.5:14b,A,7117,"""unused-const-variable"" warning for DEBUG-oriented CONST variables breaks RELEASE builds with gcc-6+ (Bugzilla Bug 700)",basetools,medium,low,0.8,Similar to other issues in basetools package without a clear indication of severity beyond build warnings.
qwen2.5:14b,A,7116,undefined behavior of left shift of int 1 by 31 in AhciMode.c (Bugzilla Bug 699),mdemodulepkg,high,medium,0.85,Similar to other high priority issues in mdemodulepkg related to undefined behavior and potential security risks.
qwen2.5:14b,A,7115,The undefined behavior of left shift a negative signed value in DxeNetLib.c (Bugzilla Bug 698),mdemodulepkg,high,medium,0.85,Similar to other high priority issues related to undefined behavior and potential build breaks in mdemodulepkg.
qwen2.5:14b,A,7114,undefined behavior of left shift of int 1 by 31 (Bugzilla Bug 697),mdemodulepkg,medium,medium,0.85,Similar to other issues in mdemodulepkg with medium priority.
qwen2.5:14b,A,7113,Ip4Driver.c: error: passing argument 3 of ‘gBS->LocateProtocol’ from incompatible pointer type (Bugzilla Bug 696),mdemodulepkg,medium,low,0.8,Similar to other MdeModulePkg issues that are medium priority.
qwen2.5:14b,A,7112,The undefined behavior about left shift a negative signed value in Tpl.c (Bugzilla Bug 695),mdemodulepkg,high,medium,0.85,Similar to other high priority issues in MdeModulePkg related to undefined behavior and potential compiler warnings or errors.
qwen2.5:14b,A,7111,BdsDxe boot maintenance (Bugzilla Bug 694),intelframeworkmodulepkg,medium,low,0.8,Similar to other maintenance and update issues in the same package.
qwen2.5:14b,A,7110,BdsDxe bootoption handling (Bugzilla Bug 693),intelframeworkmodulepkg,medium,low,0.8,Similar to other issues in intelframeworkmodulepkg with medium priority.
qwen2.5:14b,A,7109,BaseTools: same region print twice in the build log (Bugzilla Bug 692),basetools,low,medium,0.8,The issue is about duplicate prints in build logs which is less severe than other compilation or runtime errors.
qwen2.5:14b,A,7108,AppPkg/Applications/Sockets/WebServer fails to build after commit e25352c207cc (Bugzilla Bug 691),ueficpupkg,medium,high,0.8,"The issue is related to build failure after a specific commit, similar to other medium priority issues in UEfiCpuPkg."
qwen2.5:14b,A,7107,Read BufferOverflow in EfiShellGetDevicePathFromFilePath (Bugzilla Bug 690),shellpkg,high,medium,0.9,Similar to another high priority buffer overflow issue in shellpkg.
qwen2.5:14b,A,7106,Build: -h help info need update (Bugzilla Bug 688),basetools,low,medium,0.8,The issue is about updating help info which typically does not impact functionality or stability.
qwen2.5:14b,A,7105,Improper bounds checking within Tianocompress and Ueficompress leads to heap and stack based overflow (Bugzilla Bug 686),basetools,high,low,0.9,"The bug involves improper bounds checking leading to heap and stack based overflow, which is a critical security vulnerability."
qwen2.5:14b,A,7104,[PCI] Add S3PciSegmentLib library class and instance (Bugzilla Bug 685),mdepkg,low,high,0.8,The issue is about adding a library class and instance which does not indicate critical functionality or security issues.
qwen2.5:14b,A,7103,[PCI] Add PciSegmentLib that supports multi-segment platforms. (Bugzilla Bug 684),mdepkg,medium,high,0.8,Similar to other MdePkg issues without a clear indication of severity beyond standard functionality enhancement.
qwen2.5:14b,A,7102,Incorrect handling of Ctrl+<Alpha-Key> key strokes by Edit and HexEdit commands (Bugzilla Bug 682),shellpkg,medium,low,0.85,Similar to other shellpkg issues with medium priority due to user interface interaction problems.
qwen2.5:14b,A,7101,HiiValidateSettings issue with string item (Bugzilla Bug 681),mdemodulepkg,medium,high,0.85,Similar to other mdemodulepkg issues with moderate severity.
qwen2.5:14b,A,7100,SecurityPkg package build excludes ARM/AARCH64 with no good reason (Bugzilla Bug 680),securitypkg,medium,high,0.8,"The issue does not indicate a critical security flaw or build failure, but rather an unnecessary exclusion in package builds."
qwen2.5:14b,A,7097,"StdLib build failures (AARCH64, NOOPT, GCC5, gcc-6.1.1) (Bugzilla Bug 677)",stdlib,high,medium,0.85,Build failures are typically high priority issues as they prevent further development and testing.
qwen2.5:14b,A,7096,Support LLVM39 and LLVM40 build with CLANG38 toolchain (Bugzilla Bug 676),basetools,high,medium,0.85,Previous issues related to build toolchain compatibility have been classified as high priority due to their impact on broad platform support and developer productivity.
qwen2.5:14b,A,7095,Bus Master Enable bit should not be set on P2P bridges by default. (Bugzilla Bug 675),mdemodulepkg,high,high,0.85,"The issue involves a critical configuration setting for P2P bridges that could impact system stability and security, similar to other high-priority issues in the mdemodulepkg package."
qwen2.5:14b,A,7094,Add CPUID check for MCA support before accessing MCA MSRs (Bugzilla Bug 674),ueficpupkg,medium,medium,0.8,Similar to other CPU-related issues in UefiCpuPkg that are typically medium priority.
qwen2.5:14b,A,7093,"Website have misconfigured HTTPS settings, misses HSTS, hsts preload, ... (Bugzilla Bug 672)",-,low,high,0.8,The issue pertains to website configuration and does not impact firmware or tool functionality directly.
qwen2.5:14b,A,7092,GCC5 linker with LTO enabled miscompiles function address reference in MpInitLib (Bugzilla Bug 671),basetools,high,medium,0.9,"The issue involves miscompilation by GCC5 linker with LTO enabled, which can lead to severe runtime errors."
qwen2.5:14b,A,7091,Add multi-arg support to PREBUILD/POSTBUILD in DSC file [Defines] section (Bugzilla Bug 670),basetools,low,high,0.85,The issue is about adding support for multi-arg in DSC file which seems to be a feature request rather than a critical bug or security vulnerability.
qwen2.5:14b,A,7090,PERF_CUM_DATA.MinDur for custom cumulative data is not initialized correctly (Bugzilla Bug 668),shellpkg,low,low,0.8,The issue is related to incorrect initialization of performance data which does not impact core functionality or stability.
qwen2.5:14b,A,7089,double free pages on LoadImage failure path. (Bugzilla Bug 667),mdemodulepkg,high,high,0.85,The issue involves a double free error which can lead to serious memory corruption and system instability.
qwen2.5:14b,A,7088,[BaseTools] EfiRom: Add multiple device id support (Bugzilla Bug 666),basetools,medium,medium,0.8,Similar to other BaseTools issues without high severity indicators.
qwen2.5:14b,A,7087,"PciSegmentLibConstructor line 94 ""Descriptors++;"" will fail if optional values are encountered (Bugzilla Bug 665)",mdepkg,medium,low,0.8,Similar to other issues in MdePkg with moderate severity involving code logic errors.
qwen2.5:14b,A,7086,[Shell] UnicodeCollation->StriColl() should be used to replace StrinCmp in UefiShellLevel2CommandsLib (Bugzilla Bug 664),shellpkg,medium,low,0.85,Similar to other issues in shellpkg that do not have high severity but require functional improvement.
qwen2.5:14b,A,7085,Xcode: Mtoc makes the PE/COFF DebugDirectory entry too big. Adjust the loops in PeCoffLoaderGetImageInfo() (Bugzilla Bug 663),mdepkg,high,high,0.85,"The issue involves Xcode and PE/COFF DebugDirectory entry size adjustment, similar to other high-priority issues related to build tools and debug information handling."
qwen2.5:14b,A,7084,"Installing compressed FVs/nested FVs before Tcg2Pei runs will cause unnecessary hashing, extending, and logging leading to slower boot (Bugzilla Bug 662)",securitypkg,high,high,0.85,"The issue affects boot performance and involves unnecessary hashing, extending, and logging which are critical security operations."
qwen2.5:14b,A,7082,EFI_SYSTEM_CONTEXT_AARCH64 declaration interferes with Windows declarations (Bugzilla Bug 660),mdepkg,medium,medium,0.8,Similar to other issues in mdepkg with medium priority.
qwen2.5:14b,A,7081,"Shell command ""edit"" cause system reset if text mode column is bigger than 200. (Bugzilla Bug 659)",shellpkg,medium,medium,0.85,Similar to other shellpkg issues that cause system instability but not critical security or performance impacts.
qwen2.5:14b,A,7080,Segmentation fault: 11 when build AppPkg (Bugzilla Bug 658),apppkg,high,low,0.85,Build failure leading to segmentation fault is typically a critical issue.
qwen2.5:14b,A,7079,CentOS 7 QEMU/KVM hang immediately when attempting to boot EDK2.GIT UEFI VMs. (Bugzilla Bug 657),ovmfpkg,high,low,0.85,"The issue involves a critical system hang during boot on a specific platform, similar to other high-priority issues affecting core functionality."
qwen2.5:14b,A,7078,PciBusDxe: please honor Bus Number padding requests for non-root hotplug controllers as well (Bugzilla Bug 656),mdemodulepkg,medium,medium,0.8,Similar to other issues in mdemodulepkg with moderate severity.
qwen2.5:14b,A,7077,"[Shell] Support dumping detailed information of PartitionInfo protocol in ""dh"" command (Bugzilla Bug 655)",shellpkg,medium,medium,0.85,Similar to other shellpkg issues with medium priority.
qwen2.5:14b,A,7076,Read BufferOverflow in EfiShellGetFilePathFromDevicePath() (Bugzilla Bug 654),shellpkg,high,medium,0.85,Buffer overflow issues typically indicate high severity due to potential security vulnerabilities.
qwen2.5:14b,A,7075,Incorrect description of Timeout parameter in XhciReg.h (Bugzilla Bug 653),mdemodulepkg,low,low,0.85,The issue is about incorrect description in a header file and does not impact functionality or performance.
qwen2.5:14b,A,7074,BaseTools: build report failure when Pcd set in FDF file and used as PatchableInModule type in module (Bugzilla Bug 652),basetools,medium,medium,0.85,Similar to other BaseTools issues with build report failures and PCD related problems.
qwen2.5:14b,A,7073,[PciBus] may hang when GetResourcePadding() doesn't put BUS descriptor in very beginning. (Bugzilla Bug 651),mdemodulepkg,medium,medium,0.85,Similar to other issues in mdemodulepkg with medium priority.
qwen2.5:14b,A,7072,MdeModulePkg MemoryTest drivers should consider EfiGcdMemoryTypeMoreReliable type (Bugzilla Bug 650),mdemodulepkg,medium,medium,0.8,Similar to other mdemodulepkg issues without a clear indication of high severity.
qwen2.5:14b,A,9589,BaseTools: [Binaries] section doesn't support to use Target to filter the files (Bugzilla Bug 649),basetools,medium,low,0.8,Similar to other BaseTools issues that are classified as medium priority.
qwen2.5:14b,A,7071,"[Shell] ""dmpstore"" should replace known variable vendor GUID with string in non-SFO mode (Bugzilla Bug 648)",shellpkg,medium,medium,0.85,Similar to other issues in shellpkg with moderate severity.
qwen2.5:14b,A,7070,"[SHell] Align ""dh"" output to EDK Shell ""dh"" (Bugzilla Bug 647)",shellpkg,medium,medium,0.8,Similar to other Shell package issues that are medium priority.
qwen2.5:14b,A,7069,"[Shell] ""drivers"" should show ""IMAGE NAME"" instead of ""IMAGE PATH"" in non-SFO mode (Bugzilla Bug 646)",shellpkg,medium,medium,0.85,Similar to other shellpkg issues with medium priority.
qwen2.5:14b,A,7068,"If BABBLE_ERROR occurs during XhcExecTransfer, the EP is halted and must be recovered (Bugzilla Bug 644)",mdemodulepkg,high,high,0.85,Similar to other high priority issues in mdemodulepkg related to USB/XHCI functionality and potential system instability.
qwen2.5:14b,A,7067,Add Readme.md to root of edk2 repository (Bugzilla Bug 643),-,low,low,0.8,The issue is about adding a Readme.md file which is generally considered a documentation task and not critical to functionality or security.
qwen2.5:14b,A,7066,Add License.txt to root and remove duplicate License.txt files in individual packages (Bugzilla Bug 642),shellpkg,low,low,0.8,The issue is about file organization and license management which typically does not impact functionality or performance.
qwen2.5:14b,A,7065,[BaseTools] Remove /Gw option from VS2013 & VS2015 tool chain NOOPT target (Bugzilla Bug 641),basetools,low,high,0.85,The issue is about removing an option from a build target and does not indicate critical functionality or security impact.
qwen2.5:14b,A,7064,Use after free in PciBus DeRegisterPciDevice() function (Bugzilla Bug 640),mdemodulepkg,high,low,0.9,Similar to other high priority issues involving memory corruption in MdeModulePkg.
qwen2.5:14b,A,7063,Use after free in CoreOpenProtocol and CoreCloseProtocol (Bugzilla Bug 639),mdemodulepkg,high,low,0.9,Similar to other high priority issues in mdemodulepkg related to protocol handling.
qwen2.5:14b,A,7062,Use after free in DisconnectAll() (Bugzilla Bug 638),mdemodulepkg,high,low,0.9,Similar to other high priority issues in mdemodulepkg related to memory management vulnerabilities.
qwen2.5:14b,A,7061,Handle use after free in CoreDisconnectController() (Bugzilla Bug 637),mdemodulepkg,high,low,0.85,Similar to other high priority issues in mdemodulepkg related to memory management and stability.
qwen2.5:14b,A,7060,PXE IPv6 Boot Option missing from Boot Manager after few operations (Bugzilla Bug 636),networkpkg,medium,medium,0.85,Similar to other networkpkg issues with medium priority.
qwen2.5:14b,A,7059,Xcode 9 Beta fails BaseTools tests (Bugzilla Bug 635),basetools,high,low,0.9,Similar to other high priority issues related to toolchain compatibility and test failures.
qwen2.5:14b,A,7058,Clang38 build fails with -Wheader-guard warning on AmdSevIoMmu.h (Bugzilla Bug 634),ovmfpkg,low,low,0.8,The warning is specific to a build configuration and does not indicate a critical failure or security vulnerability.
qwen2.5:14b,A,7057,Using break-before-make when updating translation table entries (Bugzilla Bug 633),armpkg,medium,low,0.8,Similar to other issues in armpkg with medium priority.
qwen2.5:14b,A,7056,Update edk2 repository to Tiano Contribution Agreement 1.1 (Bugzilla Bug 629),shellpkg,low,low,0.8,The issue is about updating a repository agreement and does not impact functionality or security directly.
qwen2.5:14b,A,7055,Update PatchCheck.py to support Tiano Contribution Agreement 1.1 (Bugzilla Bug 628),basetools,low,low,0.85,"The issue is about updating a script to support a new agreement version, which does not impact functionality or performance."
qwen2.5:14b,A,7054,PREBUILD and POSTBUILD in DSC [Defines] section fails if Python script is used (Bugzilla Bug 627),basetools,medium,low,0.85,Similar to other tool-related issues in basetools package.
qwen2.5:14b,A,7053,UEFI AARCH64 code must not use X18 register (Bugzilla Bug 625),armpkg,high,high,0.85,The issue involves a critical register usage violation in UEFI AARCH64 code which could lead to system instability or failure.
qwen2.5:14b,A,7052,"memory protection crash in PiSmmCpuDxeSmm, Ia32 build with RAM above 4GB (Bugzilla Bug 624)",ueficpupkg,high,high,0.85,The issue involves a memory protection crash which is critical and similar to other high priority issues in the same package.
qwen2.5:14b,A,7050,map -r or -u don't work with CDROM (Bugzilla Bug 622),shellpkg,medium,medium,0.85,Similar to other shellpkg issues with medium priority.
qwen2.5:14b,A,7049,[S3SaveStateDxe] doesn't follow PI spec when handling opcode like EFI_BOOT_SCRIPT_PCI_CONFIG2_WRITE_OPCODE (Bugzilla Bug 621),mdemodulepkg,medium,high,0.8,Similar to other mdemodulepkg issues with medium priority.
qwen2.5:14b,A,7048,[BDS] Support to display meaningful description form SD/EMMC boot devices (Bugzilla Bug 620),mdemodulepkg,medium,high,0.8,Similar to other issues in mdemodulepkg with moderate impact.
qwen2.5:14b,A,7047,Retire Nt32 version of ResetSystemDxe and implement a Nt32 version of ResetSystemLib (Bugzilla Bug 619),nt32pkg,medium,low,0.8,No specific severity indicators; similar issues are often medium priority.
qwen2.5:14b,A,9588,Add flash update support in recovery boot path (Bugzilla Bug 618),signedcapsulepkg,medium,medium,0.8,"No specific severity indicators, similar to other issues in signedcapsulepkg without high priority flags."
qwen2.5:14b,A,7046,BaseTools: Update edksetup.bat to expose Rebuild and ForceRebuild option (Bugzilla Bug 616),basetools,low,high,0.85,"The issue is about updating a script to expose new options, which does not impact functionality or security."
qwen2.5:14b,A,7045,GenFv: invalid (Section-Alignment == File-Alignment) requirement for UEFI_DRIVER modules (Bugzilla Bug 615),basetools,medium,low,0.8,Similar to other basetools issues without high severity indicators.
qwen2.5:14b,A,7044,error debug link in BuildGatherList of CapsuleApp.c (Bugzilla Bug 614),mdemodulepkg,low,medium,0.8,The issue is related to a debug link error which typically does not cause system instability or severe functionality issues.
qwen2.5:14b,A,7043,OvmfPkg: E1000_ENABLE: update PROEFI download location & filenames in README and OvmfPkg*.fdf (Bugzilla Bug 613),ovmfpkg,low,low,0.85,"The issue is about updating download locations and filenames in documentation, which does not impact functionality or security."
qwen2.5:14b,A,7042,Cannot change current working dir on EFI Shell 1.x with chdir() (Bugzilla Bug 612),stdlib,medium,low,0.85,Similar to other issues in stdlib package with medium priority.
qwen2.5:14b,A,7040,dblk ignores BlockIo buffer alignment requirement (Bugzilla Bug 610),shellpkg,low,medium,0.8,The issue is related to shellpkg and does not indicate severe consequences like crashes or security vulnerabilities.
qwen2.5:14b,A,9587,[OVMF] Packets may lost if the i82557b network device selected with UndiRuntimeDxe driver (Bugzilla Bug 609),optionrompkg,medium,medium,0.8,Similar to other issues in optionrompkg with no explicit severity markers.
qwen2.5:14b,A,7039,[IntelSiliconPkg] Add package DSC file for IntelSiliconPkg (Bugzilla Bug 608),-,low,low,0.8,The issue is about adding a package DSC file which seems to be an organizational or documentation task rather than a performance or functionality critical bug.
qwen2.5:14b,A,7038,DEBUG print in AllocatePage causes lock ASSERT (Bugzilla Bug 606),mdemodulepkg,high,high,0.85,DEBUG print causing lock ASSERT is similar to other high priority issues involving critical firmware failures.
qwen2.5:14b,A,7037,Crypto package (Bugzilla Bug 605),cryptopkg,medium,high,0.8,"No specific severity indicators provided, similar to other issues labeled as medium."
qwen2.5:14b,A,7036,Access NULL pointer (Bugzilla Bug 604),pcatchipsetpkg,high,low,0.85,"The issue involves accessing a NULL pointer which can lead to undefined behavior and crashes, similar in severity to other high priority issues involving null pointer dereferences."
qwen2.5:14b,A,7034,PI SCT  SmmBase2 protocol test error (Bugzilla Bug 602),-,medium,low,0.7,"The issue does not specify a package and is related to protocol testing, which is less critical than build or tool issues."
qwen2.5:14b,A,7033,Use-after-free error in InstallConfigurationTable() (Bugzilla Bug 601),mdemodulepkg,high,low,0.9,Similar to other critical issues in mdemodulepkg related to memory management and stability.
qwen2.5:14b,A,7032,GenFw Clear unused DEBUG entry in PE image generated by VS tool chain (Bugzilla Bug 600),basetools,medium,medium,0.85,Similar to other issues in basetools package with medium priority.
qwen2.5:14b,A,7031,BaseTools: enhance error message for not supported arch build (Bugzilla Bug 599),basetools,medium,medium,0.85,Similar to other BaseTools issues with moderate impact.
qwen2.5:14b,A,7030,Missing BaseLib in IntrinsicLib.inf (Bugzilla Bug 596),cryptopkg,low,high,0.8,The issue is about missing dependency in library module inf file which does not indicate critical runtime or security impact.
qwen2.5:14b,A,7029,[BaseTools] build : stacktrace when trying to use toolchain profile unsupported by target architecture (Bugzilla Bug 595),basetools,medium,low,0.85,Similar to other BaseTools build issues that are typically medium priority.
qwen2.5:14b,A,7027,SmmLockBoxDxeLib uses stack for COMM buffer (Bugzilla Bug 593),mdemodulepkg,high,medium,0.85,"The issue involves a security concern with stack usage for COMM buffer in SmmLockBoxDxeLib, similar to other high priority issues related to memory and buffer handling."
qwen2.5:14b,A,7026,"BootMaintenanceManager ""Console Standard Error Device Select"" menu Nt32Pkg and OvmfPkg Not Saved in UiApp.inf (Bugzilla Bug 592)",mdemodulepkg,medium,medium,0.8,Similar to other mdemodulepkg issues without high severity indicators.
qwen2.5:14b,A,9586,mSmmFeatureControlSupported check in UefiCpuPkg is not enough. (Bugzilla Bug 591),ueficpupkg,high,medium,0.85,Similar issues in ueficpupkg package are often classified as high priority due to critical nature of CPU features and security.
qwen2.5:14b,A,7025,_ReturnAddress() declaration (Bugzilla Bug 590),mdepkg,low,medium,0.8,The issue is about a function declaration and does not indicate critical system failure or performance impact.
qwen2.5:14b,A,7024,alias command does not return lasterror status when it fails to delete an alias (Bugzilla Bug 589),shellpkg,low,medium,0.85,"The bug is related to a command not returning an error status, which is less critical than security or performance issues."
qwen2.5:14b,A,7023,parse command does not work when reading from StdIn input (Bugzilla Bug 588),shellpkg,high,high,0.85,Similar to other high priority issues in shellpkg related to command functionality and input handling.
qwen2.5:14b,A,7022,Useless Status check in SmmIoLibInternalEndOfDxeNotify() of SmmIoLib.c (Bugzilla Bug 587),mdepkg,low,low,0.8,The bug involves a useless status check which is likely to have minimal impact on functionality or security.
qwen2.5:14b,A,7021,OID check in Time based AuthVariable code is not valid (Bugzilla Bug 586),securitypkg,high,high,0.85,"The issue involves a security-related problem with Time based AuthVariable code, similar to other high-priority security issues."
qwen2.5:14b,A,7020,Add /Gw to CC_FLAGS for VS 2013 and higher tool chains (Bugzilla Bug 583),basetools,low,high,0.85,The issue is about adding a compiler flag for toolchains and does not impact firmware or critical functionality.
qwen2.5:14b,A,7019,Use /WHOLEARCHIVE in MSFT family DLINK_FLAGS to improve detection of multiple defined symbols (Bugzilla Bug 582),basetools,high,high,0.85,The issue involves improving detection of multiple defined symbols which can lead to serious build failures or runtime issues.
qwen2.5:14b,A,7018,Add --wholearchive to GCC family DLINK_FLAGS to improve detection of multiply defined symbols (Bugzilla Bug 581),basetools,high,high,0.85,The issue involves improving detection of multiply defined symbols which can lead to severe linker errors or runtime issues.
qwen2.5:14b,A,7017,[XHCI] host controller driver doesn't clean the IntTransfer when cancelling the Async Int Transfer (Bugzilla Bug 580),mdemodulepkg,medium,low,0.8,Similar to other issues in mdemodulepkg with medium priority.
qwen2.5:14b,A,7016,MAX_PATH is too short for VfrCompile (Bugzilla Bug 579),basetools,high,medium,0.85,Similar to other BaseTools issues that affect tool functionality and reliability.
qwen2.5:14b,A,9585,Exception handler count is hard-coded and repeated in a number of places. (Bugzilla Bug 578),ueficpupkg,medium,medium,0.8,The issue involves repeated hard-coded values but does not indicate a critical failure or security risk.
qwen2.5:14b,A,7015,SmmIsBufferOutsideSmmValid() should not ASSERT. (Bugzilla Bug 577),mdepkg,medium,medium,0.8,Similar to other issues in mdepkg with medium priority.
qwen2.5:14b,A,7014,shell readme is out of date (Bugzilla Bug 576),edkshellpkg,low,medium,0.8,The issue is about an outdated readme file which does not impact functionality or performance.
qwen2.5:14b,A,7013,[UefiCpuPkg] Support X2APIC enable in after MP service is ready (Bugzilla Bug 575),ueficpupkg,medium,low,0.8,Similar to other issues in ueficpupkg without a clear indication of high severity.
qwen2.5:14b,A,7012,HTTPBoot server setup in Home Environment (Bugzilla Bug 574),networkpkg,medium,low,0.8,Similar to other NetworkPkg issues but lacks severity indicators like build failures or critical bugs.
qwen2.5:14b,A,7011,Fix XCODE5 build issue in SourceLevelDebugPkg when building OVMF with -D SOURCE_DEBUG_ENABLE (Bugzilla Bug 573),sourceleveldebugpkg,medium,low,0.8,Similar to other build issues in different packages that are typically medium priority.
qwen2.5:14b,A,7010,Fix XCODE5 build issues with MdeModulePkg builds (Bugzilla Bug 572),mdemodulepkg,low,low,0.8,Similar to other build-related issues in mdemodulepkg which are typically low priority.
qwen2.5:14b,A,7009,"Pressing ESC from ""PXE windows Boot manager"" causes ASSERT (Bugzilla Bug 571)",networkpkg,high,high,0.85,Similar to other networkpkg issues that cause ASSERT or boot failures.
qwen2.5:14b,A,7008,Use PdbStringOffset to get PDB info in MemoryProfileInfo (Bugzilla Bug 570),mdemodulepkg,low,low,0.85,The issue is related to getting PDB info and does not indicate critical system failure or security vulnerability.
qwen2.5:14b,A,7007,Current SMI handler profile handles no PDB case incorrectly (Bugzilla Bug 569),mdemodulepkg,low,low,0.8,The issue is related to handling of PDB cases in SMI handler profile which does not seem to impact core functionality or stability.
qwen2.5:14b,A,7006,Update SMI handler profile data structure to use fixed data type and be natural aligned (Bugzilla Bug 568),mdemodulepkg,medium,low,0.85,Similar to other mdemodulepkg issues with medium priority.
qwen2.5:14b,A,7005,String read buffer overflow in BasePrintLibSPrintMarker() (Bugzilla Bug 567),mdepkg,high,low,0.85,Buffer overflow issues typically indicate high severity due to potential security vulnerabilities.
qwen2.5:14b,A,7004,String buffer read overflow in InternalShellPrintWorker() (Bugzilla Bug 566),shellpkg,high,low,0.9,Similar to other buffer overflow issues in shellpkg which are classified as high priority.
qwen2.5:14b,A,7003,Fix X64 XCODE5/NASM compatibility issue in UefiCpuPkg MpInitLib (Bugzilla Bug 565),ueficpupkg,medium,low,0.8,Similar to other issues in ueficpupkg that do not explicitly state high severity.
qwen2.5:14b,A,9584,XCODE tool chain not compatible with 4KB aligned PE/COFF sections (Bugzilla Bug 564),basetools,high,high,0.85,Similar to other high priority issues in basetools package related to toolchain compatibility and alignment problems.
qwen2.5:14b,A,7000,Add -D NO_MSABI_VAARGS define to CC_FLAGS for X64 XCODE5 builds (Bugzilla Bug 561),basetools,low,low,0.8,The issue is about adding a define to build flags and does not indicate critical functionality or security impact.
qwen2.5:14b,A,6999,Use FINIT instead of define bytes in X64 specific BaseUefiCpuLib InitializeFpu.nasm file (Bugzilla Bug 560),ueficpupkg,low,medium,0.8,The issue is about improving code clarity and maintainability without indicating any critical security or functionality impact.
qwen2.5:14b,A,6998,Add XCODE specific [BuildOptions] to prevent OVMF build breaks (Bugzilla Bug 559),ovmfpkg,medium,low,0.8,Similar to other build configuration issues in ovmfpkg.
qwen2.5:14b,A,6997,Update .gitignore for macOS to ignore .DS_Store files (Bugzilla Bug 558),-,low,low,0.85,The issue is about updating .gitignore which typically does not impact functionality or stability.
qwen2.5:14b,A,6996,Use .rodata instead of .rdata in BaseUefiCpuLib NASM files to address XCODE5 build failures (Bugzilla Bug 556),ueficpupkg,medium,medium,0.85,Similar to other NASM file issues in UEfiCpuPkg that have been classified as medium priority.
qwen2.5:14b,A,6995,Add missing JMP instruction in IA32 version of SmiEntry.S in PiSmmCpuDxeSmm (Bugzilla Bug 555),ueficpupkg,high,medium,0.85,Similar to other high priority issues in ueficpupkg related to CPU and SMM functionality.
qwen2.5:14b,A,6994,Return an error instead if ASSERT() from LogoDxe if HII Image Package is not found (Bugzilla Bug 554),mdemodulepkg,low,medium,0.8,The issue is about improving error handling in a module and does not impact core functionality or security.
qwen2.5:14b,A,6993,Remove left shift of negative value from PcAtChipsetPkg SerialIoLib for XCODE5 compatibility (Bugzilla Bug 553),pcatchipsetpkg,low,medium,0.8,The issue is about compatibility with XCODE5 and does not indicate severe performance or functionality impact.
qwen2.5:14b,A,6992,Variable return size issue in BmCollectKeyOptions() (Bugzilla Bug 547),mdemodulepkg,medium,medium,0.85,Similar to other issues in mdemodulepkg with variable handling problems.
qwen2.5:14b,A,6986,consume FIT table for Microcode udpate (Bugzilla Bug 540),ueficpupkg,medium,medium,0.8,No specific severity indicators; similar to other issues in ueficpupkg without high priority flags.
qwen2.5:14b,A,9581,[BaseTools] GenFw : a heap corruption detected at GenFw.c:2691 (Bugzilla Bug 539),basetools,high,low,0.85,Heap corruption is a severe memory safety issue similar to other high priority bugs in BaseTools.
qwen2.5:14b,A,6985,[BaseTools] Split : a segmentation fault in GetSplitValue () at Split.c:106 (Bugzilla Bug 538),basetools,high,low,0.85,The issue involves a segmentation fault which is typically a critical error indicating high severity.
qwen2.5:14b,A,6984,[BaseTools] GenSec : a segmentation fault in main () at GenSec.c:1123 (Bugzilla Bug 537),basetools,high,low,0.85,The issue involves a segmentation fault in BaseTools which is critical and similar to other high priority issues related to BaseTools.
qwen2.5:14b,A,6983,[BaseTools] GenFfs : a segmentation fault from vsprintf()/vfprintf() (Bugzilla Bug 536),basetools,high,low,0.85,The issue involves a segmentation fault which is typically a severe problem leading to crashes or undefined behavior.
qwen2.5:14b,A,6982,[BaseTools] GenCrc32: a buffer overflow in CalculateCrc32 () at Crc32.c:313 (Bugzilla Bug 535),basetools,high,low,0.9,Buffer overflow vulnerabilities are typically high severity due to potential for exploitation.
qwen2.5:14b,A,6981,[BaseTools] EfiRom :  a segmentation fault from vsprintf()/vfprintf() (Bugzilla Bug 534),basetools,high,low,0.85,The issue involves a segmentation fault which is typically severe and impacts BaseTools similar to other high priority issues in this package.
qwen2.5:14b,A,6980,[BaseTools] EfiLdrImage : a segmentation fault from vfprintf() (Bugzilla Bug 533),basetools,high,low,0.85,The issue involves a segmentation fault which is typically a critical error leading to high priority.
qwen2.5:14b,A,6979,[BaseTools] VfrCompile :  a segmentation fault in CVfrCompiler::GenRecordListFile() at VfrCompiler.cpp:929 (Bugzilla Bug 532),basetools,high,low,0.85,The issue involves a segmentation fault in BaseTools which is similar to other high priority issues related to critical failures in tools.
qwen2.5:14b,A,6978,Memory leak in SmiHandlerProfile related code (Bugzilla Bug 530),mdemodulepkg,high,low,0.85,Memory leaks are typically high priority due to potential stability and security issues.
qwen2.5:14b,A,6977,Inconsistent usage of LineWidth for options cause incorrect  UI display of some menu (Bugzilla Bug 529),mdemodulepkg,medium,low,0.8,Similar to other UI display issues in mdemodulepkg which are typically medium priority.
qwen2.5:14b,A,6975,[MtrrLib] wronlgy reports OutOfResource when the actual required MTRR number is less than HW capacity (Bugzilla Bug 526),ueficpupkg,medium,low,0.8,Similar to other issues in ueficpupkg with medium priority.
qwen2.5:14b,A,6974,"SMBIOS installed as configuration table, instead of using SmbiosDxe protocol (Bugzilla Bug 525)",corebootmodulepkg,medium,low,0.8,Similar to other issues in MdeModulePkg with medium priority due to protocol misuse.
qwen2.5:14b,A,6973,error: device tree must be supplied (Bugzilla Bug 524),armvirtpkg,high,low,0.85,The error message indicates a critical requirement for device tree which is essential for ARM virtualization firmware.
qwen2.5:14b,A,6972,[BaseTools] GenFw: A segmentation fault caused by dereferencing invalid pointer in ElfConvert.c::CoffAddFixupEntry() (Bugzilla Bug 516),-,high,low,0.9,"The issue involves a segmentation fault in BaseTools, similar to other high priority issues related to critical bugs in core tools."
qwen2.5:14b,A,6971,[BaseTools] GenFw: A segmentation fault caused by memcpy in Elf32Convert.c::WriteSections32() (Bugzilla Bug 515),basetools,high,low,0.9,The issue involves a segmentation fault which is typically a severe error indicating high priority.
qwen2.5:14b,A,6970,ASSERT in DxeServicesLib:InternalGetSectionFromFv (Bugzilla Bug 514),mdepkg,high,medium,0.85,ASSERT errors typically indicate critical failures that can crash systems or cause data corruption.
qwen2.5:14b,A,6968,[PiSmmCpuDxeSmm] gSmst->SmmStartupThisAp failed in ConfigSmmCodeAccessCheck() if PcdCpuHotPlugSupport is TRUE (Bugzilla Bug 512),ueficpupkg,high,low,0.85,The issue involves a critical failure in SmmStartupThisAp which is related to CPU hot plug support and could impact system stability.
qwen2.5:14b,A,6967,Recent change to UefiCpuPkg/CpuDxe causes assert in CbSupportDxe (Bugzilla Bug 511),corebootmodulepkg,high,low,0.85,"The issue involves an assert failure in a core component, similar to other high priority issues affecting core modules."
qwen2.5:14b,A,6966,Interval for iscoh endpoint context in XHCI (Bugzilla Bug 510),mdemodulepkg,medium,medium,0.8,Similar to other mdemodulepkg issues with medium priority.
qwen2.5:14b,A,6965,[MpInitLib] Set AP state after X2APIC mode enabled (Bugzilla Bug 505),ueficpupkg,high,low,0.8,The issue involves critical processor initialization and state management after enabling X2APIC mode.
qwen2.5:14b,A,6964,[PeCoffGetEntryPointLib] Fix spelling issue (Bugzilla Bug 503),mdepkg,low,low,0.9,The issue is about fixing a spelling mistake which does not impact functionality or security.
qwen2.5:14b,A,6963,build.py: [patch] typo in function name (LanuchPostbuild => LaunchPostbuild) (Bugzilla Bug 502),basetools,low,high,0.9,Typo correction in function name is a minor issue with low impact.
qwen2.5:14b,A,6962,Can not build AppPkg when set toolchain to XCODE5 (Bugzilla Bug 501),mdepkg,medium,medium,0.8,Similar to other build failure issues in different packages with medium priority.
qwen2.5:14b,A,6961,[UefiCpuPkg/CpuMpPei] Borrow the space below 1MB for AP reset vector (Bugzilla Bug 500),ueficpupkg,medium,low,0.8,Similar to other issues in ueficpupkg without a clear indication of high severity.
qwen2.5:14b,A,6960,Incorrect RemoveEntryList causes exception in the Transmit error path for Ip4Dxe (Bugzilla Bug 499),mdemodulepkg,high,medium,0.85,Similar to other high priority issues in mdemodulepkg related to network and transmit errors.
qwen2.5:14b,A,6959,build.py: hardcoded /bin/bash for PreBuild/PostBuild scripts is not good (Bugzilla Bug 498),basetools,medium,high,0.8,Similar to other build script issues in basetools package.
qwen2.5:14b,A,6958,[MpInitLib] programming virtual wired mode on BSP (Bugzilla Bug 496),ueficpupkg,medium,medium,0.85,Similar to other issues in ueficpupkg with medium priority.
qwen2.5:14b,A,6957,BaseTools: VolInfo --hash option report failure when the OPENSSL_PATH has space characters (Bugzilla Bug 495),basetools,medium,medium,0.8,Similar to other BaseTools issues but lacks high severity indicators like crashes or security vulnerabilities.
qwen2.5:14b,A,6956,Error Status value may be overridden by error handling in UfsHcDriverBindingStart (Bugzilla Bug 494),mdemodulepkg,medium,medium,0.85,Similar to other issues in mdemodulepkg with medium priority due to potential error handling issues but no explicit high severity indicators.
qwen2.5:14b,A,6955,"""PCI"" command doesn't show the PCIE extended configuration content (Bugzilla Bug 493)",shellpkg,medium,low,0.8,Similar to other shellpkg issues that are medium priority.
qwen2.5:14b,A,6954,TerminalDxe occupies too much volatile variable storage for ConInDev/ConOutDev/ErrOutDev (Bugzilla Bug 492),mdemodulepkg,low,low,0.85,The issue is about optimizing storage usage which does not directly impact security or critical functionality.
qwen2.5:14b,A,6953,move generic function - OpalIsValidMmioSpace from OPAL driver to library (Bugzilla Bug 491),securitypkg,medium,medium,0.85,Similar to other issues in securitypkg with medium priority.
qwen2.5:14b,A,6952,SUT hangs after performing a warm boot. (Bugzilla Bug 489),networkpkg,high,medium,0.85,The issue involves system hang after warm boot which is a critical failure indicating high severity.
qwen2.5:14b,A,6951,Shell MEMMAP cannot print OemType or OsType memory information (Bugzilla Bug 488),shellpkg,low,medium,0.8,The issue is about a missing feature in Shell MEMMAP command and does not indicate critical system failure or security vulnerability.
qwen2.5:14b,A,6950,UndiRuntimeDxe module fails in Linux due to incorrect ABI/calling convention (Bugzilla Bug 487),optionrompkg,medium,medium,0.8,Similar to other issues in optionrompkg with medium priority.
qwen2.5:14b,A,6949,TcpDxe: TCP deadlock after recovering from ZeroWindow (Bugzilla Bug 486),mdemodulepkg,high,low,0.85,Similar to other high priority issues in mdemodulepkg related to network stack deadlocks.
qwen2.5:14b,A,6948,Potential recursive loop in BmExpandUsbDevicePath (Bugzilla Bug 475),mdemodulepkg,medium,medium,0.85,Similar to other issues in mdemodulepkg with moderate severity.
qwen2.5:14b,A,6947,DxeCore DEBUG message to print GUID value with GUID data type (Bugzilla Bug 474),mdemodulepkg,low,high,0.8,The issue is about improving debug message formatting and does not impact functionality or performance.
qwen2.5:14b,A,6946,"BaseTools: the file of ""MODULE_UNI_FILE"" is not copy into OUTPUT dir (Bugzilla Bug 473)",basetools,medium,medium,0.8,Similar to other BaseTools issues but lacks high severity indicators like build failures or critical warnings.
qwen2.5:14b,A,6945,ConsistMapping confuses StrLen and StrSize (Bugzilla Bug 470),shellpkg,medium,medium,0.85,Similar to other issues in shellpkg with medium priority.
qwen2.5:14b,A,6944,UEFI PXE boot does not support a DHCP proxy (Bugzilla Bug 469),networkpkg,medium,medium,0.8,Similar to other networkpkg issues with medium priority.
qwen2.5:14b,A,6943,Add the multiple line support in PCD data (Bugzilla Bug 468),basetools,medium,low,0.85,Similar to other basetools issues with moderate impact.
qwen2.5:14b,A,6942,BaseTools regression issue on the increment build (Bugzilla Bug 467),basetools,medium,high,0.85,Similar to other BaseTools issues with moderate impact and urgency.
qwen2.5:14b,A,6941,Add the option in CLANG38 tool chain to disable warning unknown-warning-option (Bugzilla Bug 466),basetools,medium,high,0.85,Similar to other BaseTools issues that are classified as medium priority.
qwen2.5:14b,A,6940,[BaseTools] Add --version option in Brotli and BrotliCompress (Bugzilla Bug 464),basetools,low,low,0.85,Similar to other BaseTools issues without critical impact or high severity.
qwen2.5:14b,A,6939,Python-2.7.2 build error with VS2013x86: The code page of marshal.c is wrong. (Bugzilla Bug 462),apppkg,medium,medium,0.8,Similar to other build error issues that are typically medium priority.
qwen2.5:14b,A,6938,Unnecessary parameter validation in ISCSI or Full parameter check would be better !! (Bugzilla Bug 460),networkpkg,medium,medium,0.8,The issue involves parameter validation which is important but not critical like memory issues or security vulnerabilities.
qwen2.5:14b,A,6937,Can not enter shell when booting to shell without pressing any key (Bugzilla Bug 459),shellpkg,high,medium,0.85,Similar to other shellpkg issues that affect booting and system behavior.
qwen2.5:14b,A,6936,PciHostBridgeLib.h has design limitation - cannot be used for Quark (Bugzilla Bug 458),mdemodulepkg,medium,medium,0.8,Similar to other design limitation issues in mdemodulepkg package.
qwen2.5:14b,A,6935,Documentation for VA_LIST in MdePkg/Include/Base.h inaccurate (Bugzilla Bug 457),mdepkg,low,low,0.8,Documentation inaccuracies typically have a low impact compared to build or runtime failures.
qwen2.5:14b,A,6934,[CryptoPkg] Remove the duplicated e_os2.h in CryptoPkg/Include/openssl (Bugzilla Bug 456),cryptopkg,low,medium,0.8,The bug involves removing a duplicated header file which is likely to be a minor issue compared to security or functionality bugs.
qwen2.5:14b,A,6933,[CryptoPkg] Remove extra warning suppression flag after some openssl sources were fixed. (Bugzilla Bug 455),cryptopkg,low,medium,0.8,"The bug involves removing warning suppression flags after source fixes, indicating a minor code cleanup rather than a critical functionality or security issue."
qwen2.5:14b,A,6932,VfrCompiler doesn't support IMAGE_TOKEN in image syntax (Bugzilla Bug 454),basetools,low,medium,0.8,Similar to other low priority issues in basetools package related to feature requests or minor syntax support.
qwen2.5:14b,A,6931,[UefiCpuPkg/MpInitLib] Should load microcode before sync MTRR on APs (Bugzilla Bug 453),ueficpupkg,low,low,0.8,"The issue is about improving microcode loading and MTRR synchronization on APs, which does not indicate a critical failure or security risk."
qwen2.5:14b,A,6928,BaseTools error message not friendly when SKUID_IDENTIFIER format is wrong in DSC (Bugzilla Bug 450),basetools,medium,medium,0.85,Similar to other BaseTools issues that are classified as medium priority due to build environment and user experience impact.
qwen2.5:14b,A,6926,VFRcompiler needs to update IMAGE_TOKEN (Bugzilla Bug 448),basetools,medium,high,0.85,Similar to other tool-related issues in basetools package with medium priority.
qwen2.5:14b,A,6925,i try run build.sh but always display error F001 (Bugzilla Bug 447),emulatorpkg,medium,low,0.7,The issue does not specify a critical error or security vulnerability but indicates a build failure which could impact development productivity.
qwen2.5:14b,A,6924,BaseTools: support  VfrCompiler  to use IMAGE_TOKEN  format (Bugzilla Bug 446),basetools,medium,medium,0.85,Similar to other BaseTools issues with no explicit severity indicators.
qwen2.5:14b,A,6923,SmiHandlerProfile has a memory leak when Unregistering handlers. (Bugzilla Bug 445),mdemodulepkg,high,medium,0.85,Memory leaks are typically considered critical issues that can lead to system instability or security vulnerabilities.
qwen2.5:14b,A,6921,MdeModulePkg: Remove unsupported PcdExpression usage in module INF to avoid confuse (Bugzilla Bug 442),mdemodulepkg,low,high,0.8,The issue is about removing unsupported usage in module INF which seems to be a maintenance task rather than a critical bug or security flaw.
qwen2.5:14b,A,6920,DevPathFromTextFilePath has off by one error in memory allocation (Bugzilla Bug 441),mdepkg,low,medium,0.8,The bug involves an off-by-one error in memory allocation which is generally less severe than other issues like build failures or security vulnerabilities.
qwen2.5:14b,A,6919,DevPathFromTextiSCSI makes bad assumptions in parsing protocol (Bugzilla Bug 440),mdepkg,medium,medium,0.8,Similar to other issues in mdepkg with medium priority.
qwen2.5:14b,A,6918,PXE IPv6 Boot Options are NOT created with external PCIe Broadcom LAN Controller (Bugzilla Bug 439),networkpkg,medium,medium,0.75,Similar to other network-related issues but lacks high severity indicators like crashes or memory leaks.
qwen2.5:14b,A,6917,[NT32] Request remove the condition of PcdMaxVariableSize for NT32 platform (Bugzilla Bug 438),nt32pkg,medium,medium,0.8,Similar to other issues in nt32pkg without a clear indication of high severity.
qwen2.5:14b,A,6916,[NetworkPkg/IScsiDxe] Need to fix the incorrect error handling in iSCSI DriverEntryPoint (Bugzilla Bug 437),networkpkg,medium,medium,0.85,Similar to other issues in networkpkg with incorrect error handling.
qwen2.5:14b,A,6915,Upgrade CryptoPkg to use the latest OpenSSL 1.1.0xx/latest stable release (Bugzilla Bug 436),cryptopkg,low,medium,0.8,The issue is about upgrading to a new version of OpenSSL and does not indicate any immediate critical impact or security vulnerability.
qwen2.5:14b,A,6914,A small check needed before calling NetIp4IsUnicast (Bugzilla Bug 435),networkpkg,medium,medium,0.8,Similar to other networkpkg issues with moderate severity.
qwen2.5:14b,A,6913,BaseTools: DynamicEx Pcd used in Lib cause build failure (Bugzilla Bug 434),basetools,medium,high,0.85,Similar to other BaseTools issues that impact build processes but do not specify critical system failures or security vulnerabilities.
qwen2.5:14b,A,6912,NVM Express handle TIMEOUT incorrectly (Bugzilla Bug 433),mdemodulepkg,high,medium,0.85,The issue involves incorrect handling of TIMEOUT in NVM Express which could lead to system instability or failure.
qwen2.5:14b,A,6911,UpdateHID() may debug print the _HID string without NULL terminator. (Bugzilla Bug 432),securitypkg,low,high,0.8,The bug involves potential debug print issues without a clear impact on security or functionality.
qwen2.5:14b,A,9577,DWG needs to document TPL restrictions for ReinstallProtocolInterface (Bugzilla Bug 431),mdemodulepkg,medium,medium,0.85,Similar to other mdemodulepkg issues with moderate severity.
qwen2.5:14b,A,6910,CoreInitializeMemoryAttributesTable uses TPL_CALLBACK - 1 (Bugzilla Bug 430),mdemodulepkg,medium,medium,0.85,Similar to other issues in mdemodulepkg with moderate severity.
qwen2.5:14b,A,6908,Abstract and refine UefiCpuPkg to be a generic package for all processor architectures. (Bugzilla Bug 428),ueficpupkg,medium,high,0.8,"The issue is about abstracting and refining a package, which seems to be an architectural improvement rather than a critical bug or security vulnerability."
qwen2.5:14b,A,6907,Ip4->Configure () accepts subnet 0.0.0.0 in certain conditions (Bugzilla Bug 427),networkpkg,medium,medium,0.8,Similar to other NetworkPkg issues with medium priority.
qwen2.5:14b,A,6906,Interface gets disabled on performing HTTP boot. (Bugzilla Bug 424),networkpkg,high,medium,0.85,Similar to other network issues that lead to critical failures like crashes or assertion errors.
qwen2.5:14b,A,6905,"Pkcs7Sign, Rsa2048Sha256Sign and Rsa2048Sha256GenerateKeys doesn't work in Linux OS (Bugzilla Bug 423)",basetools,high,high,0.85,The issue affects functionality in a specific OS and has been open for a significant time without resolution.
qwen2.5:14b,A,6904,Network HII configuration failure (Bugzilla Bug 422),mdepkg,medium,high,0.85,Similar to other MdePkg issues with medium priority.
qwen2.5:14b,A,6903,[UefiCpuPkg] Add Cpu Features driver (Bugzilla Bug 421),ueficpupkg,medium,low,0.8,The issue is about adding a driver which does not indicate critical severity like security vulnerabilities or build failures.
qwen2.5:14b,A,6902,Update PcdSetSku() to allow Sku value is changed only once (Bugzilla Bug 420),mdemodulepkg,low,high,0.8,"The issue is about updating a function to restrict SKU value changes, which seems less critical than other issues involving crashes or major functionality failures."
qwen2.5:14b,A,6901,UefiDevicePathLibConvertTextToDevicePath handles multiple devices in path wrong. (Bugzilla Bug 419),mdepkg,medium,medium,0.8,Similar to other issues in mdepkg with medium priority.
qwen2.5:14b,A,6900,Shell is not able to run a startup script from first  location if current directory is not set (Bugzilla Bug 418),shellpkg,medium,medium,0.85,Similar to other shellpkg issues with medium priority.
qwen2.5:14b,A,6899,"[BaseTools] VS2010/VS2012 build fails for GenFw, GenVtf & VolInfo tool source codes (Bugzilla Bug 417)",basetools,high,low,0.85,"The issue involves build failures for multiple BaseTools components, similar to other high priority issues in the basetools package."
qwen2.5:14b,A,6898,error: comparison between pointer and zero character constant (Bugzilla Bug 416),mdemodulepkg,medium,medium,0.8,Similar to other compiler warning issues in mdemodulepkg.
qwen2.5:14b,A,6897,AuthVariable Timestamp zeroing issue on APPEND_WRITE (Bugzilla Bug 415),mdemodulepkg,high,low,0.85,Similar to other high priority issues in MdeModulePkg related to variable and timestamp handling.
qwen2.5:14b,A,6896,Overflowed array index Used (Bugzilla Bug 414),networkpkg,high,medium,0.85,Similar to other high priority issues in networkpkg related to security vulnerabilities like array index overflow.
qwen2.5:14b,A,6895,Overflowed array index (Bugzilla Bug 413),networkpkg,high,high,0.85,Similar to other high priority issues in networkpkg related to buffer overflows and memory safety.
qwen2.5:14b,A,6894,Link DxeSmmPerformanceLib to make DP command generic (Bugzilla Bug 412),shellpkg,low,low,0.8,The issue is related to shellpkg and does not indicate critical failure or severe performance impact.
qwen2.5:14b,A,6893,[TlsAuthConfigDxe] Use StrToGuid in BaseLib (Bugzilla Bug 411),networkpkg,low,medium,0.8,The bug is related to library usage and does not indicate a critical system failure or security vulnerability.
qwen2.5:14b,A,6892,Build error with CLANG38: default argument promotion of `Iso639Language` (Bugzilla Bug 410),mdepkg,medium,medium,0.8,Similar to other build error issues in MDEPKG which are typically medium priority.
qwen2.5:14b,A,6891,NetLibAsciiStrToIp6 can't handle fields where some leading zeros are dropped (Bugzilla Bug 409),mdemodulepkg,medium,medium,0.85,Similar to other mdemodulepkg issues with medium priority.
qwen2.5:14b,A,6890,BaseTools VolInfo and GenVtf tool can't pass build with VS2013 (Bugzilla Bug 408),basetools,high,low,0.85,"The issue involves build failures with a specific toolset version, similar to other high-priority issues in basetools package."
qwen2.5:14b,A,6889,enhance Smm FreePool to catch buffer overflow. (Bugzilla Bug 407),mdemodulepkg,medium,medium,0.85,Similar to other issues in mdemodulepkg with moderate severity.
qwen2.5:14b,A,6888,[OpensslLib] Upgrade OpenSSL version in CryptoPkg to the latest 1.0.2k. (Bugzilla Bug 406),cryptopkg,medium,medium,0.8,Similar to other upgrade issues in CryptoPkg which are typically medium priority.
qwen2.5:14b,A,6887,PcAtChipsetPkg/IsaAcpiDxe: incorrect PCI command reg manipulation in Supported() and Stop() (Bugzilla Bug 405),pcatchipsetpkg,medium,low,0.8,Similar to other issues in PcAtChipsetPkg with medium priority.
qwen2.5:14b,A,6886,X64 build of EmulatorPkg crashes (Bugzilla Bug 403),emulatorpkg,high,high,0.85,"The issue involves a crash during X64 build of EmulatorPkg, similar to other high priority issues related to emulator crashes."
qwen2.5:14b,A,6885,Ip4Config2/Ip6Config: SetData() returns error when DNS IPs are same (Bugzilla Bug 402),networkpkg,medium,medium,0.85,Similar to other networkpkg issues with multiple CCs and no high severity indicators.
qwen2.5:14b,A,6884,VMs fail to boot (Bugzilla Bug 401),basetools,high,medium,0.85,The issue involves VM boot failures which can be critical and similar to other high priority issues in basetools package.
qwen2.5:14b,A,6883,[PiSmmCpuDxeSmm] SetCacheability() could be removed (Bugzilla Bug 400),ueficpupkg,low,low,0.8,The issue is about removing a function which seems to be more of a code cleanup than a critical bug affecting functionality or performance.
qwen2.5:14b,A,9576,Remove extra ZeroMem() calls in Tpm12CommandLib (Bugzilla Bug 399),securitypkg,low,medium,0.8,The bug involves removing redundant calls which is less critical than other issues affecting functionality or performance.
qwen2.5:14b,A,6881,Condition check while generating ClientId (Bugzilla Bug 393),networkpkg,low,medium,0.8,Similar to other networkpkg issues with low priority.
qwen2.5:14b,A,6880,LogoDxe driver should depend on gEfiHiiImageExProtocolGuid as well (Bugzilla Bug 392),mdemodulepkg,low,low,0.8,The issue is about adding a dependency in a driver and does not indicate critical functionality or security impact.
qwen2.5:14b,A,6879,UiApp could use APIs in EfiBootManagerLib to manipulate load options. (Bugzilla Bug 391),mdemodulepkg,low,medium,0.85,The issue involves API usage and does not indicate critical failures or security vulnerabilities.
qwen2.5:14b,A,6878,[CpuDxe] Local APIC memory mapped space should be reported (Bugzilla Bug 390),ueficpupkg,medium,low,0.8,Similar to other CPU-related issues in ueficpupkg that are typically medium priority.
qwen2.5:14b,A,6877,[ExceptionHandlerLib] .S does not work with GCC 5.4 (Bugzilla Bug 389),ueficpupkg,medium,low,0.8,Similar to other issues in ueficpupkg that do not explicitly state high severity.
qwen2.5:14b,A,6876,CapsuleApp  add –NR (no-reset) flag to skip reset according to user reset (Bugzilla Bug 388),mdemodulepkg,medium,medium,0.8,Similar to other mdemodulepkg issues without a clear indication of severity beyond standard functionality enhancement.
qwen2.5:14b,A,6875,GenFds fails to get the base address and size for FV image in FD region (Bugzilla Bug 387),basetools,high,high,0.85,Similar issues in BaseTools package often have high priority due to critical build failures or significant toolchain limitations.
qwen2.5:14b,A,6874,no PEI phase variable driver in OVMF platform (Bugzilla Bug 386),ovmfpkg,medium,medium,0.8,Similar to other OVMFPKG issues with medium priority.
qwen2.5:14b,A,6873,Delete boot option cause incorrect UI behavior (Bugzilla Bug 385),mdemodulepkg,medium,medium,0.85,Similar to other UI behavior issues in mdemodulepkg package.
qwen2.5:14b,A,6872,[PciBus] IA32 build failure with latest PciBusDxe (Bugzilla Bug 384),mdemodulepkg,medium,medium,0.8,Similar to other build failure issues in mdemodulepkg which are typically medium priority.
qwen2.5:14b,A,6871,Function comments in HiiImageEx.h contain many typos (Bugzilla Bug 383),mdepkg,low,medium,0.9,Similar to other documentation typo issues in mdepkg.
qwen2.5:14b,A,6870,[UefiCpuPkg] CpuDxe return hard code TimerPeriod value in CpuGetTimerValue() (Bugzilla Bug 382),ueficpupkg,medium,low,0.8,Similar to other issues in ueficpupkg without a high severity label.
qwen2.5:14b,A,6869,Current SecureConfigure driver cannot enroll the DBX.bin downloaded from uefi.org (Bugzilla Bug 381),securitypkg,high,medium,0.85,"The issue involves a critical security driver functionality that cannot handle DBX.bin from uefi.org, similar to other high-priority security issues."
qwen2.5:14b,A,6868,TCG2_PROTOCOL dependency is missing in Tcg2Smm (Bugzilla Bug 380),securitypkg,medium,medium,0.85,Similar to other dependency issues in securitypkg which are typically medium priority.
qwen2.5:14b,A,6867,ArmVirtQemu: low gRT->SetVariable() performance on aarch64/KVM (Bugzilla Bug 379),armvirtpkg,medium,low,0.8,Similar to other performance-related issues in different packages without a clear indication of critical severity.
qwen2.5:14b,A,6866,[MdePkg/BaseLib] APIs (Ascii)StrnLenS do not handle correctly when the input parameter 'MaxSize' is 0 (Bugzilla Bug 378),mdepkg,low,low,0.85,Similar to other MdePkg issues that have been classified as low priority due to their nature of handling edge cases.
qwen2.5:14b,A,6865,HardwareInterrupt protocol is incomplete (Bugzilla Bug 376),embeddedpkg,medium,low,0.8,Similar to other issues in embeddedpkg with medium priority.
qwen2.5:14b,A,6864,SCT Test fails if we add default values to few controls in IScsiConfigVfr.vfr (Bugzilla Bug 375),networkpkg,medium,high,0.85,Similar to other networkpkg issues with medium priority.
qwen2.5:14b,A,6863,ifconfig -l command not listing all the ethernet ports available (Bugzilla Bug 374),mdemodulepkg,medium,medium,0.8,Similar to other mdemodulepkg issues with medium priority.
qwen2.5:14b,A,6862,ARM Generic Watchdog driver's access functions use return values of incorrect type (Bugzilla Bug 372),armpkg,medium,high,0.85,Similar to other issues in armpkg with medium priority.
qwen2.5:14b,A,9574,The raw ramdisk created through EDKII RamDisk driver has no way to format as FAT format. (Bugzilla Bug 371),-,medium,medium,0.7,The issue does not specify a package and lacks details on severity or impact compared to existing examples.
qwen2.5:14b,A,6861,"SmmCore should not include SmramProfile symbols, if SmramProfile is disabled. (Bugzilla Bug 370)",mdemodulepkg,low,medium,0.8,Similar to other low priority issues in mdemodulepkg without critical security or performance impacts.
qwen2.5:14b,A,6860,BaseTools: Fail to parse the  VfrBin   in Linux map file (Bugzilla Bug 369),basetools,medium,medium,0.85,Similar to other BaseTools issues with medium priority.
qwen2.5:14b,A,6858,Version Check for capsule update seems error (Bugzilla Bug 367),signedcapsulepkg,medium,low,0.8,Similar to other issues with no clear indication of severity beyond typical medium priority bugs.
qwen2.5:14b,A,6857,[BDS] uses potential uninitialized variable when booting (Bugzilla Bug 366),mdemodulepkg,high,low,0.85,"The issue involves potential uninitialized variable use during booting, which is critical and similar to other high-priority issues in mdemodulepkg related to system stability."
qwen2.5:14b,A,6856,Signed GUIDED section may not be dispatched (Bugzilla Bug 365),mdemodulepkg,medium,high,0.8,Similar to other issues in mdemodulepkg with medium priority.
qwen2.5:14b,A,6855,AcpiLib.h is Missing ARM_GAS64() Macro Definition (Bugzilla Bug 364),embeddedpkg,medium,low,0.8,Similar to other firmware issues in MdeModulePkg and EmbeddedPkg with no specific severity indicators.
qwen2.5:14b,A,6854,Incorrect Name for ACPI IORT Table (Bugzilla Bug 363),mdepkg,medium,medium,0.8,Similar to other MdeModulePkg issues but lacks high severity indicators like CI failures or performance degradation.
qwen2.5:14b,A,6853,Can't POST data greater than 1.5MB to the server (Bugzilla Bug 362),mdemodulepkg,medium,medium,0.8,Similar to other mdemodulepkg issues without clear high severity indicators.
qwen2.5:14b,A,6852,ARM Generic Watchdog base addresses must be declared as UINT64 values (Bugzilla Bug 361),armpkg,low,high,0.8,The bug does not impact critical functionality and is related to data type declaration.
qwen2.5:14b,A,6851,[Patch] VfrUtility: error: ISO C++ forbids comparison between pointer and integer (Bugzilla Bug 360),basetools,low,high,0.85,The issue is related to a compiler warning and does not indicate a critical system failure or performance degradation.
qwen2.5:14b,A,6849,SetUnicodeMem in DisplayEngineDxe seems unsafe (Bugzilla Bug 358),mdemodulepkg,high,medium,0.85,"The issue involves potential safety concerns in a critical module (DisplayEngineDxe), similar to other high-priority issues related to security and stability."
qwen2.5:14b,A,6848,EMMC identification process may be dead loop if h/w doesn't set OCR reigster correctly (Bugzilla Bug 357),mdemodulepkg,high,low,0.85,The issue involves a potential dead loop in hardware interaction which can lead to system instability.
qwen2.5:14b,A,6847,[VideoThunk] contains bug in codes enabling the VGA mode (Bugzilla Bug 356),ovmfpkg,high,low,0.85,The bug involves a critical component (VideoThunk) and affects VGA mode enabling codes.
qwen2.5:14b,A,6846,Shell/pci: Keep dumping Multi-Function Virtual Channel Capability contents (Bugzilla Bug 355),shellpkg,low,low,0.8,The bug is related to dumping PCI capability contents and does not indicate critical system failure or security vulnerability.
qwen2.5:14b,A,6845,Pci command implementation should be better to use MdePkg PCI related definitions instead of locals (Bugzilla Bug 354),shellpkg,medium,low,0.85,Similar to other ShellPkg issues that do not specify critical impact.
qwen2.5:14b,A,6844,[BaseTools] Extend the macro usage in the FDF !inlcude statement (Bugzilla Bug 352),basetools,medium,high,0.8,Similar to other BaseTools issues that do not specify high severity but involve toolchain improvements.
qwen2.5:14b,A,6843,Add core support for SMBIOS spec 3.1.1 (Bugzilla Bug 349),shellpkg,medium,low,0.8,"The issue is related to adding core support for a new SMBIOS spec version, which does not indicate critical performance or security issues."
qwen2.5:14b,A,6842,Enhance BaseTools supports FixedAtBuild usage in VFR file (Bugzilla Bug 348),basetools,medium,high,0.8,Similar to other BaseTools issues with medium priority.
qwen2.5:14b,A,6841,[UefiCpuPkg] Support 64bit MMIO address in CPU Register Table (Bugzilla Bug 347),ueficpupkg,medium,low,0.8,Similar to other issues in ueficpupkg without a clear indication of severity beyond typical functionality enhancement or bug fix.
qwen2.5:14b,A,6840,Add missing decoding of SMBIOS spec 3.0.0 (Bugzilla Bug 345),shellpkg,low,low,0.85,Similar to other low priority issues in shellpkg without critical impact or high severity keywords.
qwen2.5:14b,A,6839,The decoding of SlotType AGP8X is missing. (Bugzilla Bug 344),shellpkg,low,low,0.85,Similar to other low priority issues in shellpkg without critical impact.
qwen2.5:14b,A,6838,Update DP to support GCC PDB path (Bugzilla Bug 343),shellpkg,low,medium,0.8,"The issue is related to updating DP for GCC PDB path support, which does not seem critical compared to other high priority issues in the same package."
qwen2.5:14b,A,6837,Highlight menu was shown incorrectly in file explorer page (Bugzilla Bug 342),mdemodulepkg,medium,low,0.8,Similar to other UI-related bugs in mdemodulepkg with medium priority.
qwen2.5:14b,A,6836,DxeCorePerformanceLib should only support to be linked with DxeCore (Bugzilla Bug 341),mdemodulepkg,low,low,0.8,The issue is about restricting a library's usage scope and does not indicate critical system failure or severe security risk.
qwen2.5:14b,A,6835,Add full core support for SMBIOS spec 3.1.0 (Bugzilla Bug 340),shellpkg,low,low,0.8,The issue is about adding support for a new SMBIOS spec version and does not indicate any critical failure or performance impact.
qwen2.5:14b,A,6834,FrameBufferBltLib could use less memory for FRAME_BUFFER_CONFIGURE buffer (Bugzilla Bug 339),mdemodulepkg,low,low,0.85,The issue involves optimizing memory usage but does not indicate critical failure or security risk.
qwen2.5:14b,A,6833,Update Tpm12CommandLib in SecurityPkg to consistently check returnCode field of response packets (Bugzilla Bug 338),securitypkg,medium,low,0.8,Similar to other SecurityPkg issues that are medium priority.
qwen2.5:14b,A,6832,Remove Physical Presence command check from QuarkPlatformPkg Tpm12DeviceLibAtmelI2c (Bugzilla Bug 337),quarkplatformpkg,low,low,0.85,The issue is related to removing a command check and does not indicate any critical security or performance impact.
qwen2.5:14b,A,6831,QuarkPlatformPkg Tpm12DeviceLibAtmelI2c SubmitCommand() does not return correct output buffer size (Bugzilla Bug 336),quarkplatformpkg,low,low,0.8,The issue does not indicate any critical security vulnerabilities or build failures.
qwen2.5:14b,A,6830,QuarkPlatformPkg Tpm12DeviceLibAtmelI2c does not build with GCC49 (Bugzilla Bug 335),quarkplatformpkg,medium,low,0.8,Similar to other build issues that impact specific compilers or platforms but not broadly across all targets.
qwen2.5:14b,A,6828,[PciBus] doesn't follow PI spec to handle ACPI descriptor returned from IncompatiblePciDevice.CheckDevice() (Bugzilla Bug 333),mdemodulepkg,medium,low,0.8,Similar to other mdemodulepkg issues without critical system impact or security vulnerabilities.
qwen2.5:14b,A,6827,Add double quotes back to UEFI SHell command line arguments that contain white space (Bugzilla Bug 332),shellpkg,medium,low,0.8,Similar to other shellpkg issues but lacks severity indicators like stability or compilation errors.
qwen2.5:14b,A,6826,Entering single backslash at shell prompt in Nt32 generates ASSERT() (Bugzilla Bug 331),nt32pkg,high,low,0.85,ASSERT() in firmware shell indicates critical failure.
qwen2.5:14b,A,6825,[BaseTools patch] Convert incomplete expressions with dangling while()'s into proper single statements (Bugzilla Bug 330),basetools,low,medium,0.8,The bug is related to BaseTools and involves code quality improvement rather than a critical failure or security issue.
qwen2.5:14b,A,6824,""">>v"" cannot append data to existing env variable created by "">v"" (Bugzilla Bug 329)",shellpkg,low,low,0.85,Similar to other shellpkg issues with low priority.
qwen2.5:14b,A,9573,[UiApp] cannot list terminal consoles in NT32 platform (Bugzilla Bug 328),mdemodulepkg,low,low,0.8,The issue is related to listing terminal consoles in a specific platform and does not indicate severe consequences or system crashes.
qwen2.5:14b,A,6823,"ifconfig -l says ""Failed to set address"" but assigns IP (Bugzilla Bug 327)",shellpkg,medium,medium,0.85,Similar to other shellpkg issues with medium priority.
qwen2.5:14b,A,6822,Some possible issues in BootManagerMenuApp when there is no boot option (Bugzilla Bug 326),mdemodulepkg,medium,medium,0.8,Similar to other issues in mdemodulepkg with no clear indication of severity beyond typical module bugs.
qwen2.5:14b,A,6821,[BDS] contains a bug that may cause OS fails to resume from S4 (Bugzilla Bug 325),mdemodulepkg,high,low,0.85,The issue is related to OS resume from S4 state failure which can be critical for system functionality.
qwen2.5:14b,A,6820,Enable add new file or folder for FileExplorerLib (Bugzilla Bug 324),mdemodulepkg,low,medium,0.85,Similar to other low priority issues in MdeModulePkg package.
qwen2.5:14b,A,6819,Remove the improper include LoadFileProtocol instances in FileExplorerLib (Bugzilla Bug 323),mdemodulepkg,low,medium,0.85,Similar to other low priority issues in mdemodulepkg related to code cleanup or minor protocol usage.
qwen2.5:14b,A,6818,The mixed Pcd display incorrectly in the build report (Bugzilla Bug 322),basetools,low,medium,0.8,The issue is related to incorrect display in build reports which does not impact functionality or security.
qwen2.5:14b,A,6817,Ip4Config2/Ip6Config setting invalid DNS server address cause ASSERT (Bugzilla Bug 321),networkpkg,high,high,0.85,"The issue involves an ASSERT in network configuration, similar to other high priority issues related to critical failures in network settings."
qwen2.5:14b,A,6816,Need correct the TPL of HTTP token Event in HttpBootDxe driver (Bugzilla Bug 320),networkpkg,medium,medium,0.8,Similar to other networkpkg issues with medium priority.
qwen2.5:14b,A,6815,"BaseTools: copy all of the ""Source"" INF’s [UserExtensions] sections into the Asbuilt inf (Bugzilla Bug 319)",basetools,medium,high,0.85,Similar to other BaseTools issues with medium priority.
qwen2.5:14b,A,9572,iBFT for IScsiDxe over IPv6 reports incorrect Flags and Origin (Bugzilla Bug 318),networkpkg,medium,medium,0.8,Similar to other networkpkg issues without explicit severity indicators.
qwen2.5:14b,A,6814,error C0DE/3000: Unknown fatal error when define syntax in DEC file (Bugzilla Bug 317),basetools,medium,high,0.8,Similar to other BaseTools issues that impact build processes but do not cause immediate compilation failures.
qwen2.5:14b,A,6813,Correct Guid and Protocol usage in UefiBootManagerLib.inf (Bugzilla Bug 316),mdemodulepkg,low,low,0.8,The issue involves correcting usage in an inf file and does not indicate critical runtime or build failures.
qwen2.5:14b,A,6812,ConPlatformUpdateGopCandidate() in ConPlatform driver assumes GOP hande is son of PCI handle (Bugzilla Bug 315),mdemodulepkg,medium,low,0.8,Similar to other mdemodulepkg issues with medium priority.
qwen2.5:14b,A,6811,BaseTools toolsetup.bat doesn't configure BASE_TOOLS_PATH when the binary tool directory doesn't exist (Bugzilla Bug 314),basetools,low,low,0.8,Similar to other BaseTools issues that are minor configuration problems.
qwen2.5:14b,A,6810,NT32Pkg uses ShellPkg source code instead of ShellBinPkg binary (Bugzilla Bug 313),nt32pkg,medium,medium,0.8,Similar to other issues in basetools and shellpkg with medium priority.
qwen2.5:14b,A,6809,TerminalDxe driver is implemented incorrectly in driver model perspective (Bugzilla Bug 312),mdemodulepkg,medium,low,0.8,Similar to other driver model issues in mdemodulepkg which are typically medium priority.
qwen2.5:14b,A,6808,Correct the comments of macros FixedPcdGetX and PatchPcdXXX (Bugzilla Bug 311),mdepkg,low,medium,0.85,The issue involves correcting comments and does not impact functionality or security.
qwen2.5:14b,A,6807,[Build] CLANG38 toolchain missing NOOPT target (Bugzilla Bug 310),basetools,low,high,0.8,The issue is related to a missing target in a specific toolchain and does not indicate critical failure or performance degradation.
qwen2.5:14b,A,6806,Problem with building PayloadPkg profile X64 + DEBUG (Bugzilla Bug 309),corebootpayloadpkg,low,low,0.8,The issue is related to building a specific profile and does not indicate critical system failures or performance degradation.
qwen2.5:14b,A,6805,[SourceLevelDebugPkg] Support AP function debugging in PEI phase (Bugzilla Bug 308),sourceleveldebugpkg,medium,medium,0.8,Similar to other issues in SourceLevelDebugPkg with moderate impact.
qwen2.5:14b,A,6804,Several APIs in MdeModulePkg PrintLib instance miss checking the return value for internal function DxePrintLibPrint2ProtocolVaListToBaseList() (Bugzilla Bug 307),mdemodulepkg,medium,low,0.85,Similar to other MdeModulePkg issues with internal function return value checks.
qwen2.5:14b,A,6802,Add S3BootScriptSavePiMemPoll() API to follow PI spec. (Bugzilla Bug 304),mdemodulepkg,low,low,0.8,The issue is about adding an API to follow a specification and does not indicate any critical failure or performance impact.
qwen2.5:14b,A,9571,"Fix Shell to correctly support ""fs0:file.txt"" style of file path (Bugzilla Bug 303)",shellpkg,low,medium,0.8,Similar issues in other packages with low priority due to being feature requests or minor bugs.
qwen2.5:14b,A,6801,Shell.efi shouldn't support customized commands which are not defined in Shell spec (Bugzilla Bug 302),shellpkg,low,medium,0.85,"The issue is about shell command support not aligning with spec, which likely impacts functionality but does not indicate a critical security or stability flaw like other high priority issues."
qwen2.5:14b,A,6800,PxeBcSelectBootMenu does not accept input (Bugzilla Bug 301),mdemodulepkg,medium,medium,0.8,Similar to other MDK module issues which are typically medium priority.
qwen2.5:14b,A,6798,BaseTools build warnings using gcc 4.8.4 (Bugzilla Bug 299),basetools,low,low,0.85,The issue is about build warnings with an older version of gcc and does not indicate critical runtime or security issues.
qwen2.5:14b,A,6797,Create a EfiEventEmptyFunction() function in UefiLib to remove the duplication (Bugzilla Bug 298),intelframeworkmodulepkg,low,medium,0.8,The bug involves code refactoring to remove duplication without immediate functional impact or security concerns.
qwen2.5:14b,A,9570,Escaping the dollar sign in build_rules.txt not possible (Bugzilla Bug 297),basetools,medium,high,0.85,Similar to other BaseTools issues that are medium priority.
qwen2.5:14b,A,9569,DxeCore allocates way too much memory (Bugzilla Bug 295),mdemodulepkg,high,medium,0.85,The issue involves DxeCore allocating excessive memory which can severely impact system performance and stability.
qwen2.5:14b,A,6796,Strnicmp() should use UNICODE_COLLATION.StrUpr() instead of converting char to upper case inself (Bugzilla Bug 294),shellpkg,medium,low,0.85,Similar to other shellpkg issues with medium priority.
qwen2.5:14b,A,6795,FmpTokens are optional in spec while basetool think it is necessary. (Bugzilla Bug 293),basetools,high,high,0.85,The issue involves a discrepancy between spec and tool implementation which could lead to build failures or incorrect behavior.
qwen2.5:14b,A,6794,Can not run GenDepex.py from python sources (Bugzilla Bug 292),basetools,medium,high,0.85,Similar to other issues in basetools package with medium priority.
qwen2.5:14b,A,6793,Exception during UEFI SCT 2.4 test when DEBUG_PROPERTY_CLEAR_MEMORY_ENABLED is set (Bugzilla Bug 291),fatbinpkg,medium,low,0.8,Similar to other issues in fatbinpkg with medium priority.
qwen2.5:14b,A,6792,Getting variable info is always checking input buffer against the first variable info (Bugzilla Bug 290),mdemodulepkg,low,low,0.8,The bug does not indicate severe consequences or performance issues.
qwen2.5:14b,A,6791,Can't run full test of SCT 2.4b on Purley Platform (Bugzilla Bug 289),basetools,medium,low,0.85,Similar to other build or test failure issues in basetools package.
qwen2.5:14b,A,6790,Add setup option in Tcg2ConfigDxe to configure physical presence interface version (Bugzilla Bug 288),securitypkg,medium,low,0.8,No specific severity indicators; similar to other issues in securitypkg with medium priority.
qwen2.5:14b,A,6789,Intel FSP 2.0 Packages do not have Readme.md files (Bugzilla Bug 286),intelfsppkg,low,medium,0.8,The absence of Readme.md files is likely less critical than other issues affecting functionality or compliance with standards.
qwen2.5:14b,A,6788,SignedCapsulePkg has no Readme.md file (Bugzilla Bug 285),signedcapsulepkg,low,medium,0.85,Similar to other documentation-related issues which are typically low priority.
qwen2.5:14b,A,6787,Outdated build instructions for linux (Bugzilla Bug 284),basetools,low,medium,0.85,The issue is about outdated build instructions which typically do not impact functionality or security.
qwen2.5:14b,A,6786,GUIDED tool path can't be overriden in [BuildOptions] of DSC file (Bugzilla Bug 283),basetools,medium,high,0.85,Similar to other build configuration issues in basetools package.
qwen2.5:14b,A,6785,Compiler warnings building basetools on Linux (Bugzilla Bug 282),basetools,medium,medium,0.85,Similar to other basetools issues but lacks severity indicators like build failures or high error counts.
qwen2.5:14b,A,6784,gcc-6 (using the GCC5 toolchain and the DEBUG target) seems to miscompile OvmfPkg/XenBusDxe (Bugzilla Bug 281),basetools,high,low,0.85,"The issue involves miscompilation with a specific toolchain and target, which can lead to serious runtime errors or security vulnerabilities."
qwen2.5:14b,A,6783,Incorrect local variable used in SubmitForSystem() function in MdeModulePkg\Universal\SetupBrowserDxe\Setup.c (Bugzilla Bug 280),mdemodulepkg,low,low,0.8,The bug involves incorrect use of a local variable which is likely to cause minor runtime issues rather than critical system failures.
qwen2.5:14b,A,6782,Add missing MSR_IA32_VMX_BASIC_REGISTER and IA32_VMX_MISC_REGISTER structures (Bugzilla Bug 279),ueficpupkg,low,low,0.8,The issue is about adding missing structures which does not impact functionality or performance.
qwen2.5:14b,A,6781,SMM FreePages should handle Zero Address and Zero PageNumber (Bugzilla Bug 278),mdemodulepkg,medium,medium,0.8,Similar to other mdemodulepkg issues with medium priority.
qwen2.5:14b,A,6780,Reduce use of PSD structure layout in PiSmmCpuDxeSmm module (Bugzilla Bug 277),ueficpupkg,low,low,0.8,The issue is about reducing use of PSD structure layout and does not indicate any critical performance or security impact.
qwen2.5:14b,A,6779,MinnowMax SOURCE_DEBUG_ENABLE features does not work (Bugzilla Bug 276),vlv2tbltdevicepkg,medium,low,0.8,Similar to other issues that affect specific features but do not indicate critical security or performance impacts.
qwen2.5:14b,A,6778,Remove the unused KeyBuf in IpSecDxe driver (Bugzilla Bug 275),networkpkg,low,low,0.85,The bug involves removing an unused variable which is a minor code cleanup and does not impact functionality or performance.
qwen2.5:14b,A,6775,Fix typo in Vlv2TbltDevicePkg bld_vlv.bat that is generating a file called null (Bugzilla Bug 272),vlv2tbltdevicepkg,low,low,0.85,Typo fix in build script is a minor issue with low impact.
qwen2.5:14b,A,9568,MinnowMax memory init binary must guarantee that SMRAM is aligned (Bugzilla Bug 271),vlv2tbltdevicepkg,medium,medium,0.8,No specific severity indicators; similar to other issues without high priority flags.
qwen2.5:14b,A,9567,MinnowMax Vlv2BinaryPkg DigitalThermalSensor binary SMM modules put AP in busy state (Bugzilla Bug 270),vlv2tbltdevicepkg,high,medium,0.85,"The issue involves SMM modules putting AP in a busy state, which is similar to other high-priority issues related to system stability and functionality."
qwen2.5:14b,A,9566,MinnowMax Vlv2BinaryPkg PowerManagement2 binary SMM modules generate ASSERT() (Bugzilla Bug 269),vlv2tbltdevicepkg,high,medium,0.85,The issue involves ASSERT() failures in SMM modules which are critical for system stability and security.
qwen2.5:14b,A,6774,Vlv2TbltDevicePkg binary support modules need to be updated to use 4KB alignment (Bugzilla Bug 268),vlv2tbltdevicepkg,medium,medium,0.8,Similar to other issues in Vlv2TbltDevicePkg with medium priority.
qwen2.5:14b,A,6773,Vlv2TbltDevicePkg align PE/COFF image sections to 4KB to enable page level protection (Bugzilla Bug 267),vlv2tbltdevicepkg,medium,low,0.8,No specific severity indicators; similar to other issues without high priority flags.
qwen2.5:14b,A,6772,asm_resp/app_resp.txt can not be generated successfully (Bugzilla Bug 266),basetools,low,high,0.8,The issue is related to a file generation problem in BaseTools and does not indicate severe consequences like system hangs or security vulnerabilities.
qwen2.5:14b,A,6771,PRE/POST Build fails when add quotation mark while it should be supported (Bugzilla Bug 265),basetools,low,high,0.85,Similar to other BaseTools issues that are categorized as low priority due to being related to build script improvements rather than core functionality or security.
qwen2.5:14b,A,6770,MinnowMax IA32 boot generates timeouts booting to the UEFI Shell (Bugzilla Bug 264),vlv2tbltdevicepkg,medium,low,0.8,The issue involves boot timeouts which is significant but not as critical as issues causing system instability or security vulnerabilities.
qwen2.5:14b,A,6769,MinnowMax IA32 platform builds can not compile PlatformFlashAccessLib (Bugzilla Bug 263),vlv2tbltdevicepkg,medium,low,0.8,Similar to other build failure issues with no explicit severity level.
qwen2.5:14b,A,6768,MinnowMax has AP stuck in Busy state from DigitalThermalSensor binary SMM module (Bugzilla Bug 262),vlv2tbltdevicepkg,high,low,0.85,"The issue affects a specific device and involves a critical state (AP stuck in Busy), similar to other high priority issues affecting system stability or functionality."
qwen2.5:14b,A,6767,MinnowMax generates ASSERT from PowerManagement2 binary SMM module (Bugzilla Bug 261),vlv2tbltdevicepkg,high,low,0.85,The issue is related to a critical assertion failure in a binary SMM module for a specific device package.
qwen2.5:14b,A,6766,MinnowMax memory init module does not produce aligned SMRAM HOB (Bugzilla Bug 260),vlv2tbltdevicepkg,high,low,0.85,"The issue affects a specific memory initialization module and blocks another critical bug, indicating high severity."
qwen2.5:14b,A,6765,Vlv2TbltDevicePkg platform builds do not complete (Bugzilla Bug 259),vlv2tbltdevicepkg,high,low,0.85,Build failures are typically high priority issues as they prevent development and testing.
qwen2.5:14b,A,6764,Vlv2TbltDevicePkg platform can not build running BaseTools from sources (Bugzilla Bug 258),vlv2tbltdevicepkg,medium,low,0.8,Similar to other build failure issues impacting specific packages.
qwen2.5:14b,A,6763,[BaseTools/VolInfo] The output information of VolInfo tool is incorrect on Linux (Bugzilla Bug 257),basetools,low,high,0.8,The issue is about incorrect output information on a specific platform and does not indicate critical system failure or security vulnerability.
qwen2.5:14b,A,6762,add NVMe PEI blockIo support (Bugzilla Bug 256),mdemodulepkg,medium,medium,0.85,Similar to other mdemodulepkg issues with no specific indicators of higher severity.
qwen2.5:14b,A,6761,VolInfo tool will report assert message if GuidedSectionTools.txt has no extra empty line (Bugzilla Bug 255),basetools,low,high,0.85,Similar to other low priority issues in basetools package related to minor tool behavior problems.
qwen2.5:14b,A,6760,Fail to generate Patchable Pcd info into Asbuilt inf on GCC5 Tool chain (Bugzilla Bug 254),basetools,high,high,0.85,Similar to other high priority issues in BaseTools package related to toolchain and build process failures.
qwen2.5:14b,A,6759,"The Pcd offset in the report ""FD VPD Region"" is incorrect (Bugzilla Bug 253)",basetools,medium,high,0.8,"The issue is related to incorrect Pcd offset in FD VPD Region report, which affects tool functionality but does not indicate a critical system failure or severe build issues."
qwen2.5:14b,A,6758,Missing detail error message of link.exe under Win7X64 env (Bugzilla Bug 252),basetools,medium,medium,0.8,Similar to other build environment issues in basetools package.
qwen2.5:14b,A,6756,[openbsd] Can't build BaseTools on OpenBSD 6.0-current (2016-11-07) amd64 (Bugzilla Bug 250),basetools,high,medium,0.85,Build failure issues typically have high priority due to their impact on development and testing processes.
qwen2.5:14b,A,6755,"RAW format doesn't support ""Align=32 and 64"" while it should support base on FDF Spec (Bugzilla Bug 248)",basetools,medium,high,0.85,Similar to other build configuration issues in basetools package.
qwen2.5:14b,A,6754,NetLibAsciiStrToIp6() function can't handle an invalid IPv6 address (Bugzilla Bug 247),mdemodulepkg,high,low,0.85,Similar to other high priority issues in NetworkPkg related to handling invalid inputs.
qwen2.5:14b,A,6753,"UefiCpuDriver IA32 stack guard will report #double fault, instead of #page fault on violation. It brings confusing to the developer. (Bugzilla Bug 246)",ueficpupkg,high,medium,0.85,Similar to other high priority issues in ueficpupkg related to CPU driver and stack handling.
qwen2.5:14b,A,6752,gConnectConInEvent initialize too late (Bugzilla Bug 245),mdemodulepkg,high,medium,0.85,The issue involves timing and initialization problems which can lead to system instability or failure.
qwen2.5:14b,A,6751,Handle mis-configuration of PcdTcg2HashAlgorithmBitmap in software HashLib (Bugzilla Bug 244),securitypkg,high,medium,0.85,"The issue involves misconfiguration of a security-related PCD which could lead to vulnerabilities, similar in severity to other high-priority security issues."
qwen2.5:14b,A,6750,setvar command help info does not match with code behavior and spec (Bugzilla Bug 243),shellpkg,high,medium,0.85,Similar to other high priority issues in shellpkg related to command behavior mismatches.
qwen2.5:14b,A,6749,Add more and accurate information for SMM exception debug info (Bugzilla Bug 242),ueficpupkg,high,medium,0.85,The issue involves SMM exception debug info which is critical for debugging and stability in UEFI environment.
qwen2.5:14b,A,6748,"Shell tftp app should save a file by chunks, and not try to read the whole file into memory regardless of the size (Bugzilla Bug 241)",shellpkg,high,medium,0.8,Similar to other high priority issues in shellpkg that involve memory management and performance.
qwen2.5:14b,A,6747,[ShellPkg] The 'cd' command does not work properly for certain path format (Bugzilla Bug 240),shellpkg,medium,medium,0.85,Similar to other ShellPkg issues with moderate severity.
qwen2.5:14b,A,6746,[MdePkg/BaseLib] API PathRemoveLastItem() is not handling root paths like 'fs0:\' properly (Bugzilla Bug 239),mdepkg,medium,low,0.8,Similar to other BaseLib issues but lacks high severity indicators like build failures or transaction errors.
qwen2.5:14b,A,6745,SetPeiServicesTablePointer() needs to be called before ProcessLibraryConstructorList() in PeiMain (Bugzilla Bug 238),mdemodulepkg,high,medium,0.85,The issue involves a critical function call order in core module initialization which could lead to undefined behavior or crashes if not addressed.
qwen2.5:14b,A,6744,VS2015 X64 internal error linking UefiCpuPkg/PiSmmCpuDxeSmm with BaseMemoryLib (Bugzilla Bug 237),mdepkg,high,low,0.85,"The issue involves a severe internal error linking with BaseMemoryLib in VS2015 X64, similar to other high priority issues related to build failures and toolchain problems."
qwen2.5:14b,A,6743,[BaseTools] Script file 'BuildEnv' is not supposed to modify the environment variable 'PACKAGES_PATH' (Bugzilla Bug 236),basetools,low,low,0.8,"The issue is about a script modifying an environment variable, which seems less critical than other BaseTools issues involving build failures or missing features."
qwen2.5:14b,A,6742,Need 10ms(TRSTRCY) delay after port reset before sending Set Address cmd to USB device (Bugzilla Bug 235),mdemodulepkg,medium,low,0.85,Similar to other firmware issues in mdemodulepkg with medium priority.
qwen2.5:14b,A,6741,CbSupportPei Pei permanent memory detection failure (Bugzilla Bug 234),corebootmodulepkg,low,low,0.8,The issue is related to memory detection failure in a specific module and does not indicate critical system failures or security vulnerabilities.
qwen2.5:14b,A,6740,DisplayEngine doesn't show the menu correctly (Bugzilla Bug 232),mdemodulepkg,medium,high,0.8,Similar to other display or menu-related issues in MdeModulePkg which are typically medium priority.
qwen2.5:14b,A,6739,"When FILE DATA  format use relative path under multiple workspace, build report failure (Bugzilla Bug 231)",basetools,medium,medium,0.8,Similar to other build report failure issues in basetools package.
qwen2.5:14b,A,6737,Robustness of decompression library (Bugzilla Bug 229),mdepkg,high,low,0.85,The issue involves robustness of a decompression library which could lead to critical failures or security vulnerabilities.
qwen2.5:14b,A,6735,GCC build failure when ASL code refers to the definition in C header file (Bugzilla Bug 227),basetools,medium,high,0.85,Similar to other build failure issues in basetools package.
qwen2.5:14b,A,6734,"RAW format doesn't support ""Align=Auto"" while it should support base on FDF Spec (Bugzilla Bug 226)",basetools,high,medium,0.85,The issue affects RAW format support in FDF Spec and has been open for a long time without resolution.
qwen2.5:14b,A,6733,Possible NULL dereference in PcRtc.c when scanning for table SDT (Bugzilla Bug 225),pcatchipsetpkg,medium,low,0.85,Similar to other issues involving potential NULL dereferences and memory management problems.
qwen2.5:14b,A,6732,NVMExpress Shutdown on EfiResetSystem (Bugzilla Bug 224),mdemodulepkg,high,high,0.85,"The issue involves a critical shutdown problem during system reset, similar to other high-priority issues in mdemodulepkg."
qwen2.5:14b,A,6731,StringToImage incorrectly handles background color with Proportional Fonts (Bugzilla Bug 223),mdemodulepkg,low,low,0.8,The bug does not impact critical system functionality or security.
qwen2.5:14b,A,6730,USB EHCI port status change bits erroneously cleared during initialization (Bugzilla Bug 222),mdemodulepkg,medium,low,0.8,Similar to other issues in mdemodulepkg with medium priority.
qwen2.5:14b,A,6729,[UefiCpuPkg] Sec platform information(2) PPI should be re-installed in SEC module (Bugzilla Bug 221),ueficpupkg,medium,low,0.85,Similar to other UefiCpuPkg issues with medium priority.
qwen2.5:14b,A,6728,[DuetPkg] Add 'POSTBUILD' in DuetPkg DSC files '[Defines]' field to run post-build scripts automatically (Bugzilla Bug 220),duetpkg,low,low,0.85,The issue is about adding a configuration field to run scripts automatically and does not indicate any critical failure or security risk.
qwen2.5:14b,A,6727,Need IScsiDxe to accept manual IPv6 or DHCP address for the initiator configuration (Bugzilla Bug 219),networkpkg,medium,medium,0.8,Similar to other network configuration issues without critical security implications.
qwen2.5:14b,A,6725,"When use ""Auto"" as FfsAlignment for RAW File, build tool report error (Bugzilla Bug 217)",basetools,low,medium,0.85,The issue is related to a build tool error with FfsAlignment for RAW File and does not indicate severe system impact or security concerns.
qwen2.5:14b,A,6724,BSP exits SMM and closes SMRAM on the S3 resume path before meeting with AP(s) (Bugzilla Bug 216),ueficpupkg,high,low,0.85,The issue involves SMM and SMRAM management during S3 resume path which is critical for system stability and security.
qwen2.5:14b,A,6723,Update LZMA SDK from 4.65 to the latest 16.04 version (Bugzilla Bug 215),basetools,medium,high,0.8,Similar to other BaseTools updates and maintenance tasks.
qwen2.5:14b,A,6722,Nested SendForm() usage in authentication of certificate (Bugzilla Bug 214),networkpkg,high,medium,0.85,Nested SendForm() usage in authentication of certificate is likely to cause significant security issues similar to other high priority bugs related to network and authentication.
qwen2.5:14b,A,6721,System crashes when wrong/invalid subnet is given. (Bugzilla Bug 213),mdemodulepkg,medium,low,0.8,Similar to other mdemodulepkg issues with medium priority.
qwen2.5:14b,A,6720,The Text of eMMC DevicePath Node should be eMMC(SlotNumber) (Bugzilla Bug 212),mdepkg,low,medium,0.8,The issue is about correcting text in a device path node and does not indicate critical security or performance impacts.
qwen2.5:14b,A,9565,"Shell command ""reconnect -r"" causes data abort (Bugzilla Bug 211)",shellpkg,medium,high,0.8,Similar to other shellpkg issues without a clear indication of severity beyond normal functionality problems.
qwen2.5:14b,A,6719,UefiCpuPkg/MpInitLib: Need to put APs into suitable c-state for legacy OS boot like UEFI OS boot (Bugzilla Bug 210),ueficpupkg,medium,low,0.8,Similar to other UefiCpuPkg issues but lacks high severity indicators like Coverity scan flags or critical build failures.
qwen2.5:14b,A,6718,Build should break when same Guid is defined in [Guids] and [Guids.common.Private] section (Bugzilla Bug 209),basetools,medium,high,0.85,Similar to other build-related issues in basetools package with medium priority.
qwen2.5:14b,A,6714,DxeCore should show error message on FV unalign issue (Bugzilla Bug 205),mdepkg,medium,medium,0.8,Similar to other issues in mdepkg with medium priority.
qwen2.5:14b,A,6713,UefiCpuPkg: Not necessary to send broad INIT-SIPI-SIPI to APs if PcdCpuMaxLogicalProcessorNumber is 1 (Bugzilla Bug 204),ueficpupkg,low,low,0.8,The bug is related to CPU initialization and does not involve security or critical functionality issues.
qwen2.5:14b,A,6712,Windows GCC Build Failure with too long path (Bugzilla Bug 203),basetools,medium,high,0.8,Similar to other build failure issues in basetools package.
qwen2.5:14b,A,6711,Update MdePkg\Include\IndustryStandard\SdramSpd.h to align with the latest SPD spec (Bugzilla Bug 201),mdepkg,medium,high,0.8,"The issue involves updating a header file to align with a new spec, which is likely important but not critical."
qwen2.5:14b,A,6710,mixed case in the ENV variable cause the variable value can't be found (Bugzilla Bug 200),basetools,low,medium,0.85,Similar to other low priority issues in basetools package related to environment variable handling.
qwen2.5:14b,A,6709,[MdeModulePkg] CpuExceptionHandlerLibNULL should not return EFI_SUCESS (Bugzilla Bug 199),mdemodulepkg,low,medium,0.8,The bug is related to a library function returning an incorrect status code without causing system instability or security issues.
qwen2.5:14b,A,6708,OPAL password issue (Bugzilla Bug 198),securitypkg,medium,high,0.8,No specific severity indicators; similar to other issues in securitypkg without high priority flags.
qwen2.5:14b,A,6707,BaseTools PCD override function didn't check PCD value valid or not which is not consumed by driver (Bugzilla Bug 197),basetools,medium,low,0.85,Similar to other BaseTools issues that are medium priority.
qwen2.5:14b,A,6706,tooldef class not include the newly Env when the prebuild script update the Env (Bugzilla Bug 196),basetools,medium,medium,0.85,Similar to other issues in basetools package without a specific severity indicator.
qwen2.5:14b,A,6705,UefiCpuPkg and PeiCpuExceptionHandlerLib doesn’t use nasm source file (Bugzilla Bug 195),ueficpupkg,low,high,0.8,The bug does not impact critical functionality or security and is related to source file usage.
qwen2.5:14b,A,6704,[UefiPxeBcDxe] Possible NULL pointer dereference in EfiPxeBcSetStationIP() (Bugzilla Bug 194),mdemodulepkg,high,medium,0.85,Potential NULL pointer dereference is a critical bug that can lead to system crashes or security vulnerabilities.
qwen2.5:14b,A,6703,UDK2015: Sync missing commits from master for default IPv4 config policy change (Bugzilla Bug 192),mdemodulepkg,low,low,0.85,The issue is about syncing commits and does not indicate critical system failures or security vulnerabilities.
qwen2.5:14b,A,6702,[MdePkg] GetSpinLockProperties() should use InternalGetSpinLockProperties for intel compiler (Bugzilla Bug 191),mdepkg,low,medium,0.8,The bug is related to compiler-specific behavior and does not indicate critical system failure or performance degradation.
qwen2.5:14b,A,6701,Fix IA32 VS2015x86 build break in TerminalDxe module (Bugzilla Bug 190),mdemodulepkg,low,low,0.8,The issue is related to a build break in a specific module and does not indicate critical security or functionality issues.
qwen2.5:14b,A,6700,OVMF cannot boot fallback bootloader of installed Fedora (Bugzilla Bug 189),ovmfpkg,high,low,0.85,Similar to other high-priority issues related to OVMF boot failures.
qwen2.5:14b,A,9563,[BaseTools] ECC need enhance to catch more coding style issue. (Bugzilla Bug 188),basetools,high,medium,0.85,"The issue is about enhancing ECC to catch more coding style issues, which impacts code quality and maintainability on a broad scale."
qwen2.5:14b,A,6699,Fix logic in IsDevicePathValid API (Bugzilla Bug 187),mdepkg,medium,medium,0.85,The issue involves fixing logic in an API which is important but not critical like build failures or deprecated functions.
qwen2.5:14b,A,6698,Dump message to show new stack base/size to help debugging when stack switched (Bugzilla Bug 186),mdemodulepkg,low,medium,0.8,The issue is about adding debug messages which does not impact functionality or performance critically.
qwen2.5:14b,A,6697,UefiPxeBcDxe: Add error handling logic for the case when AllocateZeroPool() returns NULL (Bugzilla Bug 184),networkpkg,medium,medium,0.8,The issue involves adding error handling logic which is important but not critical.
qwen2.5:14b,A,6696,UDK2015: Sync IntelFsp2Pkg and IntelFsp2WrapperPkg on UDK2015 branch with latest HEAD on master (Bugzilla Bug 183),intelfspwrapperpkg,low,low,0.8,The issue is about syncing packages which does not directly impact functionality or security.
qwen2.5:14b,A,6695,Fix potential race condition in TimerDriverSetTimerPeriod() function in HpetTimerDxe (Bugzilla Bug 182),pcatchipsetpkg,high,low,0.85,The issue involves a potential race condition in critical timing functions which can lead to system instability or security vulnerabilities.
qwen2.5:14b,A,6694,Add enumeration size checks to Base.h following UEFI Spec Section 2.3.1 Data Types (Bugzilla Bug 181),mdepkg,low,low,0.85,Similar to other low priority issues in mdepkg package related to code compliance and spec adherence.
qwen2.5:14b,A,6693,PciSegmentLib class PCI_SEGMENT_LIB_ADDRESS() macro is not optimal for Segment set to 0 (Bugzilla Bug 180),mdepkg,low,low,0.8,The issue is about macro optimization and does not impact functionality or performance critically.
qwen2.5:14b,A,6692,Add new API for PKCS5 PBKDF2 support (Bugzilla Bug 179),cryptopkg,medium,medium,0.7,No specific severity indicators; similar to other issues without high priority flags.
qwen2.5:14b,A,6691,Add xxxxHashAll APIs to facilitate the digest computation of blob data (Bugzilla Bug 178),cryptopkg,medium,medium,0.8,The issue is about adding APIs which seems to be a feature request rather than a critical bug or security vulnerability.
qwen2.5:14b,A,6690,Add HMAC_SHA256 Support to CryptoPkg (Bugzilla Bug 177),cryptopkg,high,low,0.85,The issue involves adding support for a cryptographic algorithm (HMAC_SHA256) which is critical and often classified as high priority due to its security implications.
qwen2.5:14b,A,6689,UefiCpuPkg: Update CpuId and MSR definitions with SDM spec released in Sep'16 (Bugzilla Bug 176),ueficpupkg,medium,low,0.85,The issue involves updating CPU definitions which is a significant change but not necessarily critical or urgent like security vulnerabilities.
qwen2.5:14b,A,6687,Nt32 build failure (Bugzilla Bug 174),basetools,high,medium,0.85,Previous issues in BaseTools package with build failures are typically high priority due to their impact on development and testing processes.
qwen2.5:14b,A,6686,Change FrameBufferBltLib module type to UEFI_DRIVER (Bugzilla Bug 173),mdemodulepkg,low,medium,0.8,The issue involves a change in module type which does not indicate critical functionality or security impact.
qwen2.5:14b,A,6685,Clean up BaseLib to remove the dependency of UEFI definition (Bugzilla Bug 172),mdepkg,low,medium,0.8,"The issue is about cleaning up BaseLib and removing UEFI definition dependency, which seems less critical than other firmware or build issues."
qwen2.5:14b,A,6684,Issue creating volatile variable using redirect method (Bugzilla Bug 171),shellpkg,medium,high,0.8,Similar to other issues in shellpkg with medium priority.
qwen2.5:14b,A,6683,[OpenSSL] Update OpenSSL to version 1.0.2j on UDK2015 branch (Bugzilla Bug 170),cryptopkg,low,low,0.8,The issue is about updating a library version and does not indicate critical functionality or security issues.
qwen2.5:14b,A,6682,Missing EFIAPI for DumpHex and CatSDumpHex (Bugzilla Bug 169),shellpkg,low,medium,0.85,The bug is related to missing EFIAPI for functions which does not seem to cause a critical system failure or security risk.
qwen2.5:14b,A,6681,Sync several BaseTools patches for GCC relative issues to UDK2015 (Bugzilla Bug 168),basetools,low,low,0.8,The issue is about syncing patches for GCC issues and does not indicate critical failure or severe impact.
qwen2.5:14b,A,6680,EfiShellParametersProtocol always return 0 for Argc (Bugzilla Bug 167),shellpkg,low,low,0.7,The issue does not indicate severe consequences or high impact on critical functionalities.
qwen2.5:14b,A,6679,"OvmfPkg: Add the build option ""/D DISABLE_NEW_DEPRECATED_INTERFACES"" in package DSC files (Bugzilla Bug 166)",ovmfpkg,medium,medium,0.85,Similar to other issues related to build options and DSC files in different packages.
qwen2.5:14b,A,6678,"ArmVirtPkg: Add the build option ""/D DISABLE_NEW_DEPRECATED_INTERFACES"" in package DSC files (Bugzilla Bug 165)",armvirtpkg,low,medium,0.85,The issue is about adding a build option in DSC files without any indication of critical impact or failure.
qwen2.5:14b,A,6677,"Add the build option ""/D DISABLE_NEW_DEPRECATED_INTERFACES"" in package DSC files (Bugzilla Bug 164)",beagleboardpkg,low,medium,0.8,The issue is about adding a build option in DSC files which seems to be a configuration or documentation task rather than a critical bug.
qwen2.5:14b,A,6676,"Add the build option ""/D DISABLE_NEW_DEPRECATED_INTERFACES"" in package DSC files (Bugzilla Bug 163)",corebootpayloadpkg,low,low,0.8,The issue is about adding a build option in DSC files which seems to be a configuration change rather than a critical bug or security vulnerability.
qwen2.5:14b,A,6675,"Add the build option ""/D DISABLE_NEW_DEPRECATED_INTERFACES"" in package DSC files (Bugzilla Bug 162)",emulatorpkg,low,medium,0.8,The issue is about adding a build option in DSC files which seems to be a configuration change rather than a critical bug or performance issue.
qwen2.5:14b,A,6674,Duplication of GCC*_ARM_PLATFORM_FLAGS in tools_def.template (Bugzilla Bug 161),basetools,low,low,0.85,The issue is about a minor configuration duplication in build flags and does not impact firmware or tool functionality critically.
qwen2.5:14b,A,6673,build tools generate section encapsulation that PEI Core marks as invalid due to FFS3 section inside FFS2 FV (Bugzilla Bug 160),mdepkg,high,medium,0.85,"The issue involves build tools generating invalid section encapsulation for PEI Core, which is likely to cause significant problems during execution."
qwen2.5:14b,A,6672,Enhance the error message for Pcd value that missing leading '0x' prefix for a hex value (Bugzilla Bug 159),basetools,low,medium,0.85,The issue is about enhancing error messages which typically does not impact system stability or functionality critically.
qwen2.5:14b,A,6671,Remove ShellPkg wrapper header files (Bugzilla Bug 158),shellpkg,medium,medium,0.85,Similar to other shellpkg issues with moderate impact and no specific indicators of high severity.
qwen2.5:14b,A,6670,Move and rename Shell protocol headers to MdePkg and update ShellPkg header file to be wrappers to newly named MdePkg header files (Bugzilla Bug 157),shellpkg,low,low,0.8,The issue involves refactoring and renaming header files which is a structural change but does not indicate critical functionality or security issues.
qwen2.5:14b,A,9561,[BootMaintenanceManagerUiLib] Some redundant file-explorer related codes can be remove in the library (Bugzilla Bug 156),mdemodulepkg,low,medium,0.85,The issue involves removing redundant code which is less critical than build failures or crashes.
qwen2.5:14b,A,6669,PXE boot fails to assign an IP whose last octet is zero (in subnet 255.255.0.0) (Bugzilla Bug 155),mdepkg,medium,medium,0.8,Similar to other network-related issues in mdepkg with medium priority.
qwen2.5:14b,A,6668,windows uefi firmware update fail error code 10 at device firmware (Bugzilla Bug 154),shellpkg,medium,medium,0.75,Similar to other issues in shellpkg with medium priority.
qwen2.5:14b,A,6667,Variable protections lost after shell setvar delete (seen on MinnowBoard) (Bugzilla Bug 153),edkshellpkg,high,low,0.85,"The issue involves variable protections being lost after shell setvar delete, which could lead to security vulnerabilities similar to other high priority issues related to data integrity and security."
qwen2.5:14b,A,6666,Including .obj in .inf for module fails if Build/ folder does not already have previous successful build (Bugzilla Bug 152),basetools,medium,medium,0.85,Similar to other BaseTools issues but lacks severity indicators like system hangs or high impact build failures.
qwen2.5:14b,A,6665,[BaseTool][Build.exe]Fail to parse the symbol in map file (Bugzilla Bug 151),basetools,high,medium,0.85,Similar to other BaseTools issues that have high priority due to build failures or incorrect symbol handling.
qwen2.5:14b,A,6664,[BaseTool][Build.exe]Fail to parse the symbol in map file (Bugzilla Bug 150),basetools,medium,low,0.8,"The issue is related to BaseTool build failure and parsing symbols in map files, similar to other medium priority issues in basetools package."
qwen2.5:14b,A,6663,[BaseTools] Update sign tool to make MonotonicCount *after* Payload (Bugzilla Bug 149),basetools,low,medium,0.8,The issue is about updating a tool in BaseTools and does not indicate critical functionality or security impact.
qwen2.5:14b,A,6662,[UefiCpuPkg] CLANG38 build failed on CpuId.c (Bugzilla Bug 148),ueficpupkg,medium,high,0.85,Similar to other build failure issues in ueficpupkg package.
qwen2.5:14b,A,6660,Support Pcd Value to use expression in the DEC file (Bugzilla Bug 146),basetools,low,high,0.8,The issue is about supporting expressions in DEC files which seems to be a feature request rather than a critical bug or performance issue.
qwen2.5:14b,A,6658,FDF produced OptionRom has issue with ordering of build arch listing (Bugzilla Bug 144),basetools,medium,high,0.8,Similar to other issues in basetools package without explicit severity indicators.
qwen2.5:14b,A,6657,[BaseTools] Enhance PatchCheck.py to detect EFI_D_* macro usage (Bugzilla Bug 143),basetools,medium,high,0.8,Similar to other BaseTools issues that do not specify critical severity.
qwen2.5:14b,A,6656,GenFds should support FDF file sections in any order (Bugzilla Bug 141),basetools,medium,high,0.85,Similar to other basetools issues without high severity indicators.
qwen2.5:14b,A,6655,BdsDxe: BdsAllocateMemoryForPerformanceData() is limited to 4 GB (Bugzilla Bug 140),mdemodulepkg,medium,medium,0.85,Similar to other MdeModulePkg issues with medium priority.
qwen2.5:14b,A,6654,Use RESET button to force recovery mode in QuarkPlatformPkg (Bugzilla Bug 139),quarkplatformpkg,low,low,0.8,The issue is about a feature request for recovery mode and does not indicate critical build or functionality issues.
qwen2.5:14b,A,6653,Add UEFI Application to QuarkPlatformPkg to force recovery mode after reset (Bugzilla Bug 138),quarkplatformpkg,medium,low,0.85,Similar to other issues in quarkplatformpkg with medium priority.
qwen2.5:14b,A,6652,Reading recovery image in PEI phase from USB generates access violation on Quark platforms (Bugzilla Bug 137),quarkplatformpkg,high,high,0.85,"The issue involves a critical access violation during PEI phase on Quark platforms, similar to other high-priority issues affecting core functionality and stability."
qwen2.5:14b,A,6651,QuarkSocPkg QncSmmDispatcher passes incorrect context to SMI handler (Bugzilla Bug 136),quarksocpkg,medium,low,0.8,No specific severity indicators; similar to other issues without high priority flags.
qwen2.5:14b,A,6650,BOpt_DestroyMenuEntry function attempts to free NULL in two places (Bugzilla Bug 135),mdemodulepkg,medium,medium,0.85,Similar to other mdemodulepkg issues with medium priority.
qwen2.5:14b,A,6649,Introduce VS prefix env for VS tool chain customization in tools_def.txt (Bugzilla Bug 134),basetools,medium,high,0.8,Similar to other tool-related issues in basetools package.
qwen2.5:14b,A,6648,"Miss type defination of ""IMAGE_FORMAT"" and ""DECODE_IMAGE"" in ""Include/Library/ImageDecoderLib.h"" (Bugzilla Bug 133)",mdemodulepkg,low,high,0.8,Similar to other low priority issues related to missing type definitions.
qwen2.5:14b,A,6647,GenFds crashes if [FmpPayload] FILE DATA points to file generated by [FV] or [FD] section (Bugzilla Bug 132),basetools,high,high,0.85,The issue involves a crash in GenFds tool which is critical and similar to other high priority issues involving crashes or severe failures in build tools.
qwen2.5:14b,A,6646,FreePool() ASSERT() when writing to disk in Shell HexEdit command (Bugzilla Bug 131),shellpkg,high,high,0.85,The issue involves a critical ASSERT() failure in a core command of UEFI Shell.
qwen2.5:14b,A,6645,‘cd \’ command fails to go back to the root directory of a file system (Bugzilla Bug 130),shellpkg,medium,high,0.85,Similar to other shellpkg issues with medium priority.
qwen2.5:14b,A,6643,"[BaseTools] Add Library inf with uni file in [Source] section in FDF,  build report Traceback  error (Bugzilla Bug 128)",basetools,high,medium,0.85,The issue involves a build error in BaseTools which is similar to other high priority issues related to build failures and tool functionality.
qwen2.5:14b,A,6642,Possibly stale DNS server data retained after switch from Dhcp to Static (Bugzilla Bug 127),networkpkg,medium,medium,0.8,Similar to other networkpkg issues with medium priority.
qwen2.5:14b,A,9560,[EmbeddedPkg] still reference edk2-devel@lists.sourceforge.net (Bugzilla Bug 126),embeddedpkg,low,medium,0.85,The issue is about updating an email reference which does not impact functionality or security.
qwen2.5:14b,A,6641,[AppPkg] still reference edk2-devel@lists.sourceforge.net (Bugzilla Bug 125),apppkg,low,medium,0.85,The issue is about updating an email reference and does not impact functionality or security.
qwen2.5:14b,A,9558,MdeModulePkg PiSmmCore: IPL legacy memory Limits should be removed (Bugzilla Bug 122),mdemodulepkg,low,low,0.8,The issue is about removing legacy memory limits which seems less critical compared to other high priority issues in the same package.
qwen2.5:14b,A,6640,[BaseTools] change 'r+b' mode to 'rb' mode to handle the readonly RAW files (Bugzilla Bug 121),basetools,low,high,0.8,Similar to other low priority issues in BaseTools package related to file handling modes.
qwen2.5:14b,A,6639,Boot option cannot be created immediately after deleting a boot option with the same name (Bugzilla Bug 120),mdemodulepkg,low,medium,0.8,Similar to other issues in mdemodulepkg with low priority.
qwen2.5:14b,A,6638,XHCI host controller reset operation requires an additional 1ms delay on some HCs (Bugzilla Bug 119),mdemodulepkg,medium,medium,0.8,Similar to other issues in mdemodulepkg with delays and timing concerns.
qwen2.5:14b,A,6637,Remove redundant check in HttpBootDxe (Bugzilla Bug 118),networkpkg,low,low,0.85,The issue involves removing a redundant check which is less severe than other issues in the networkpkg package that involve crashes or security vulnerabilities.
qwen2.5:14b,A,6636,TcpDxe to not use EFI_D_INFO for DEBUG messages (Bugzilla Bug 117),networkpkg,medium,medium,0.85,Similar to other networkpkg issues with medium priority.
qwen2.5:14b,A,6634,"In Linux, Rsa2048Sha256Sign and Pkcs7Sign are not found (Bugzilla Bug 115)",basetools,high,high,0.85,The issue involves missing critical functions in a tool package and has been open for an extended period without resolution.
qwen2.5:14b,A,6633,need fix typo in SecurityPkg (Bugzilla Bug 114),securitypkg,low,medium,0.85,Typo fix issues are generally less severe than other types of bugs.
qwen2.5:14b,A,6632,PatchCheck.py and wiki commit message line lengths are inconsistent (Bugzilla Bug 113),basetools,low,medium,0.85,"The issue is about inconsistent line lengths in commit messages and PatchCheck.py, which does not impact functionality or performance."
qwen2.5:14b,A,6631,UEFI Shell 'devtree' command causes ASSERT (Bugzilla Bug 112),shellpkg,low,high,0.8,The issue is related to a shell command causing an ASSERT but does not indicate severe consequences or widespread impact like other high priority issues.
qwen2.5:14b,A,6630,DnsDxe: Invalid Hostname returns EFI_TIMEOUT instead of EFI_NOT_FOUND (Bugzilla Bug 111),networkpkg,medium,low,0.85,Similar to other networkpkg issues with medium priority.
qwen2.5:14b,A,6629,make EDKII PEI recovery file name configurable (Bugzilla Bug 110),mdemodulepkg,low,medium,0.8,The bug is about configurability and does not indicate critical failure or security vulnerability.
qwen2.5:14b,A,9557,UEFI Firmware runs with Task Register (TR) set to NULL -- no TSS exists in GDT (Bugzilla Bug 109),ueficpupkg,high,high,0.85,Similar to other high priority issues in ueficpupkg related to critical system components like TSS and GDT.
qwen2.5:14b,A,6627,Ping/Ping6: Update to use UEFI Timers instead of gEfiCpuArchProtocolGuid (Bugzilla Bug 107),shellpkg,medium,medium,0.85,Similar to other shellpkg issues but lacks severity indicators like buffer overflow or system brick.
qwen2.5:14b,A,6626,EDKII - Network stack : UEFI PXE boot issue with Classless IP address (Bugzilla Bug 106),mdemodulepkg,medium,medium,0.8,Similar to other network-related issues in mdemodulepkg with medium priority.
qwen2.5:14b,A,9556,Shell is writing directly to EFI_SIMPLE_TEXT_OUTPUT Mode data in violation of UEFI Spec (Bugzilla Bug 105),shellpkg,high,high,0.85,The issue involves a violation of UEFI Spec which could lead to significant compatibility and stability problems.
qwen2.5:14b,A,6625,DnsDxe can not handle alias (Bugzilla Bug 104),networkpkg,medium,medium,0.85,Similar to other networkpkg issues with medium priority.
qwen2.5:14b,A,6624,"BDS generates ""Boot manager Menu"" boot option not consistent (Bugzilla Bug 103)",mdemodulepkg,medium,medium,0.8,Similar to other mdemodulepkg issues with no clear indication of severity beyond standard inconsistency bugs.
qwen2.5:14b,A,6623,IPv4 PXE boot fails with classless IP address (Bugzilla Bug 102),networkpkg,medium,medium,0.8,Similar to other network-related issues that are typically medium priority.
qwen2.5:14b,A,6622,Incorrect expectation from NetLibAsciiStrToIp4 (Bugzilla Bug 101),mdemodulepkg,medium,medium,0.85,Similar to other mdemodulepkg issues with medium priority.
qwen2.5:14b,A,6621,Most edk2.tianocore.org links in EDK II are wrong (Bugzilla Bug 100),apppkg,low,medium,0.85,The issue is about incorrect links which does not impact functionality or security.
qwen2.5:14b,A,6620,[BaseTools] Provide the PKCS7 tool (Bugzilla Bug 99),basetools,medium,medium,0.8,"The issue is about providing a new tool in BaseTools, which does not indicate critical functionality or severe bug but rather an enhancement request."
qwen2.5:14b,A,6619,[BaseTools] Enhance RSA2048 tool to support MonotonicCount  option (Bugzilla Bug 98),basetools,medium,low,0.85,Similar to other BaseTools issues without a clear indication of high severity.
qwen2.5:14b,A,6618,[FDF Spec] FMPPAYLOAD section add the definition for CERTIFICATE_GUID and  MONOTONIC_COUNT (Bugzilla Bug 97),basetools,low,high,0.8,The issue pertains to FDF Spec documentation and does not indicate critical security or performance issues.
qwen2.5:14b,A,6617,"Add the build option ""/D DISABLE_NEW_DEPRECATED_INTERFACES"" in package DSC files (Bugzilla Bug 96)",stdlib,low,medium,0.8,The issue is about adding a build option in DSC files which seems to be a configuration change rather than a critical bug or security vulnerability.
qwen2.5:14b,A,6616,Incorrect GIC Version in Acpi51.h (Bugzilla Bug 95),mdepkg,medium,high,0.8,Similar to other issues in mdepkg without a clear indication of severity beyond typical bug reporting.
qwen2.5:14b,A,6615,Incorrect MADT revision for ACPI 6.0 (Bugzilla Bug 94),mdepkg,medium,high,0.8,Similar to other issues in mdepkg with moderate severity.
qwen2.5:14b,A,6614,"Add the build option ""/D DISABLE_NEW_DEPRECATED_INTERFACES"" in package DSC files (Bugzilla Bug 93)",shellpkg,low,medium,0.8,The issue is about adding a build option in package DSC files which seems to be a configuration or documentation task rather than a critical bug affecting functionality.
qwen2.5:14b,A,6613,Please refresh the UEFI shell binaries for ARM and AARCH64 (Bugzilla Bug 92),shellbinpkg,low,medium,0.8,The issue is about refreshing binaries which seems less critical than other technical or build-breaking issues.
qwen2.5:14b,A,6612,BaseTools should check CONF_PATH env to get the configure files (Bugzilla Bug 91),basetools,low,high,0.8,The issue is about adding an environment variable check which seems less critical compared to other high priority issues in BaseTools.
qwen2.5:14b,A,6611,The SMRAM allocated in FindSmramInfo() can be freed. (Bugzilla Bug 90),ueficpupkg,high,medium,0.85,"The issue involves potential memory management problems in critical firmware code, similar to other high-priority issues in ueficpupkg."
qwen2.5:14b,A,6608,Installed Windows 10 OVMF SMP guest crashes when SMM is enabled/required (Bugzilla Bug 85),ovmfpkg,high,low,0.85,"The issue involves a crash in an OVMF SMP guest when SMM is enabled/required, similar to other high-priority issues related to stability and functionality."
qwen2.5:14b,A,6607,Csm16.bin(seabios) failed to work in OVMF. (Bugzilla Bug 84),ovmfpkg,high,low,0.85,The issue involves a failure in OVMF which is critical for virtualization testing and development environments.
qwen2.5:14b,A,6606,OVMF fails to boot with SMP enabled (Bugzilla Bug 83),ovmfpkg,high,low,0.85,Similar to other high priority issues in ovmfpkg related to boot failures.
qwen2.5:14b,A,6601,OVMF release build with GCC 5.2 runs out of space [master] (Bugzilla Bug 78),ovmfpkg,high,low,0.85,Build failures and running out of space are critical issues that can severely impact development and testing processes.
qwen2.5:14b,A,6600,ASSERT failure on QEMU (Bugzilla Bug 77),ovmfpkg,high,low,0.85,ASSERT failures typically indicate severe issues that can crash systems or prevent proper operation.
qwen2.5:14b,A,6598,kvm emulation failure (Bugzilla Bug 74),ovmfpkg,high,low,0.85,The issue involves kvm emulation failure which is critical for virtualization testing and similar to other high priority issues in ovmfpkg.
qwen2.5:14b,A,6597,OVMF can't handly large VMs with qemu/kvm and linux >= 4.2 (Bugzilla Bug 73),ovmfpkg,high,low,0.85,"The issue involves OVMF compatibility with large VMs and recent Linux versions, which could be critical for system stability and functionality."
qwen2.5:14b,A,6596,Windows 8.1 Installation crashes with latest OVMF (Bugzilla Bug 72),ovmfpkg,high,low,0.85,The issue involves a crash during Windows installation which is likely to be critical.
qwen2.5:14b,A,6595,OVMF doesn't respect -acpitable QEMU parameter (Bugzilla Bug 71),ovmfpkg,low,low,0.8,The issue is related to OVMF not respecting a QEMU parameter and does not indicate severe consequences or crashes.
qwen2.5:14b,A,6594,Build failure with latest Xcode clang (Bugzilla Bug 70),stdlib,high,medium,0.85,Build failures with major toolchain updates are typically high priority due to potential widespread impact.
qwen2.5:14b,A,9555,Possible bad data length check in EslSocketTransmit (Bugzilla Bug 69),stdlib,high,medium,0.85,The issue involves a potential data length check error which could lead to security vulnerabilities or system instability.
qwen2.5:14b,A,6593,Man pages in BaseTools UserManuals should be updated with new ML address (Bugzilla Bug 68),basetools,low,medium,0.9,The issue is about updating man pages and does not impact functionality or security.
qwen2.5:14b,A,6592,UefiCpuPkg/CpuMpPei: please consider existing memalloc HOBs in GetWakeupBuffer( (Bugzilla Bug 67),ueficpupkg,medium,medium,0.8,Similar to other issues in UefiCpuPkg with medium priority.
qwen2.5:14b,A,6589,DuetPkgX64: Windows 10 BSOD on boot (Bugzilla Bug 64),duetpkg,high,low,0.85,The issue involves a BSOD on boot which is critical and similar to other high priority issues in EDK2.
qwen2.5:14b,A,6587,rework gcc detection to look forward instead of backward (Bugzilla Bug 62),ovmfpkg,low,low,0.8,The issue is related to gcc detection and does not indicate critical performance or security issues.
qwen2.5:14b,A,6586,UefiCpuPkg: MtrrLib: unused-but-set-variable (UDK2015 branch) (Bugzilla Bug 61),ueficpupkg,low,medium,0.8,The bug is related to a warning about an unused variable and does not impact functionality or security.
qwen2.5:14b,A,6585,Intel Graphics driver in Windows not working with corebootPayloadPkg (Bugzilla Bug 60),corebootpayloadpkg,high,low,0.8,The issue involves a critical driver failure in Windows which can severely impact system functionality.
qwen2.5:14b,A,6584,Error building PcAtChipsetPkg/SerialIoLib (Bugzilla Bug 59),pcatchipsetpkg,medium,medium,0.8,Similar to other build error issues in different packages that are typically medium priority.
qwen2.5:14b,A,6583,random bsod of windows10 (Bugzilla Bug 58),ovmfpkg,medium,low,0.8,"The issue is related to OvmfPkg and involves a system crash, which is typically more severe than minor configuration issues but less critical than security vulnerabilities or build breaks."
qwen2.5:14b,A,9554,QuarkPlatformPkg output junks on the console (Bugzilla Bug 57),quarkplatformpkg,low,medium,0.8,The issue is related to console output junks which seems less critical compared to build failures or security issues.
qwen2.5:14b,A,6582,Basetools compile with VS2012 (Bugzilla Bug 56),basetools,low,medium,0.8,The issue is about compiling with an older version of VS2012 and does not indicate critical functional issues or security vulnerabilities.
qwen2.5:14b,A,6580,remove Libray references from code base (Bugzilla Bug 52),mdepkg,low,low,0.8,The issue is about removing library references which seems to be a cleanup task rather than fixing a critical bug or security vulnerability.
qwen2.5:14b,A,6579,QuarkSockg Use after free in QNCSmmCoreDispatcher (Bugzilla Bug 51),quarksocpkg,high,medium,0.85,The issue involves a use-after-free vulnerability which is typically classified as high severity.
qwen2.5:14b,A,9551,StdLib's tmpfile and mkstemp do not work (Bugzilla Bug 50),stdlib,high,medium,0.85,"The issue involves critical functionality of standard library functions that do not work, similar to other high priority issues involving core toolchain or library failures."
qwen2.5:14b,A,6578,"Missing break(s) in switch statement, EfiWrite() (Bugzilla Bug 49)",embeddedpkg,low,low,0.8,The bug involves missing breaks in a switch statement which is likely to cause logical errors but does not immediately suggest critical system failure or security vulnerability.
qwen2.5:14b,A,6577,Most edk2.tianocore.org links in EDK II are wrong (Bugzilla Bug 48),basetools,low,medium,0.85,The issue is about incorrect links which does not impact functionality or security.
qwen2.5:14b,A,6576,NULL pointer comparison to a char literal should be to NULL (Bugzilla Bug 47),edkcompatibilitypkg,low,medium,0.8,The bug involves a NULL pointer comparison to a char literal which is less severe than other issues in similar packages and does not indicate a critical runtime failure or security vulnerability.
qwen2.5:14b,A,6575,can't build UDK2015 branch (Bugzilla Bug 45),cryptopkg,high,medium,0.85,Build failure issues typically have high priority due to their impact on development and testing processes.
qwen2.5:14b,A,6574,Some packages still reference edk2-devel@lists.sourceforge.net (Bugzilla Bug 44),basetools,low,medium,0.85,The issue is about updating email references and does not impact functionality or security.
qwen2.5:14b,A,6573,Incorrect MBR primary partition numbering in PartitionInstallMbrChildHandles() (Bugzilla Bug 43),mdemodulepkg,medium,medium,0.8,Similar to other mdemodulepkg issues with medium priority.
qwen2.5:14b,A,6571,Bug in Math64.c - undefined behavior (Bugzilla Bug 41),mdepkg,high,medium,0.85,The bug involves undefined behavior in a core math function which could lead to serious runtime issues.
qwen2.5:14b,A,6570,GCC toolchain (<= 4.8) doesn't enable optimizations for X64 RELEASE builds (Bugzilla Bug 40),basetools,high,low,0.85,"The issue affects optimization for X64 RELEASE builds with older GCC toolchains, which is critical for performance."
qwen2.5:14b,A,6569,Error when changing boot order after deleting boot option (Bugzilla Bug 39),mdemodulepkg,medium,medium,0.8,Similar to other mdemodulepkg issues with medium priority.
qwen2.5:14b,A,6568,Use-after-free in StdLib ParsePath() (Bugzilla Bug 38),stdlib,high,medium,0.85,The issue involves a use-after-free vulnerability which is typically severe and critical.
qwen2.5:14b,A,6567,AhciDumpPortStatus doesn't fully populate all the fields of the parameter EFI_ATA_STATUS_BLOCK *AtaStatusBlock (Bugzilla Bug 37),mdemodulepkg,low,medium,0.8,"The bug does not impact core functionality or cause crashes, similar to other low priority issues in mdemodulepkg."
qwen2.5:14b,A,6566,RVDS 4.0 Don't support --protect_stack option (Bugzilla Bug 36),basetools,low,high,0.8,Similar to other tool compatibility issues in basetools that do not impact core functionality.
qwen2.5:14b,A,6565,EDK Shell Locking Up after a few minutes (Bugzilla Bug 34),edkshellpkg,high,low,0.8,Shell issues leading to locking up are critical and similar to other high priority shellpkg bugs.
qwen2.5:14b,A,6564,Compilation error for MdeModulePkg (Bugzilla Bug 33),mdemodulepkg,medium,low,0.8,Similar to other compilation errors in mdemodulepkg which are typically medium priority.
qwen2.5:14b,A,6563,CorebootPayloadPkg_IA32X64 cannot find USB and EFI internal shell (Bugzilla Bug 32),corebootpayloadpkg,medium,low,0.8,The issue involves a core package but does not specify critical failure or performance degradation.
